ISO-10303-21;
HEADER;
/* Generated by software containing ST-Developer
 * from STEP Tools, Inc. (www.steptools.com) 
 */

FILE_DESCRIPTION(
/* description */ (''),
/* implementation_level */ '2;1');

FILE_NAME(
/* name */ 'CaseTop.step',
/* time_stamp */ '2026-02-07T22:50:10-08:00',
/* author */ (''),
/* organization */ (''),
/* preprocessor_version */ 'ST-DEVELOPER v20.1',
/* originating_system */ 'Autodesk Translation Framework v14.24.0.0',
/* authorisation */ '');

FILE_SCHEMA (('AUTOMOTIVE_DESIGN { 1 0 10303 214 3 1 1 }'));
ENDSEC;

DATA;
#10=MECHANICAL_DESIGN_GEOMETRIC_PRESENTATION_REPRESENTATION('',(#17),#10008);
#11=ITEM_DEFINED_TRANSFORMATION($,$,#5358,#5533);
#12=(
REPRESENTATION_RELATIONSHIP($,$,#10019,#10018)
REPRESENTATION_RELATIONSHIP_WITH_TRANSFORMATION(#11)
SHAPE_REPRESENTATION_RELATIONSHIP()
);
#13=CONTEXT_DEPENDENT_SHAPE_REPRESENTATION(#12,#10017);
#14=NEXT_ASSEMBLY_USAGE_OCCURRENCE('CaseLid:1','CaseLid:1','CaseLid:1',
#10021,#10022,'CaseLid:1');
#15=SHAPE_REPRESENTATION_RELATIONSHIP('SRR','None',#10019,#16);
#16=ADVANCED_BREP_SHAPE_REPRESENTATION('',(#18),#10007);
#17=STYLED_ITEM('',(#10032),#18);
#18=MANIFOLD_SOLID_BREP('Body1',#5344);
#19=CIRCLE('',#5447,6.);
#20=CIRCLE('',#5448,6.);
#21=CIRCLE('',#5451,6.);
#22=CIRCLE('',#5452,6.);
#23=CIRCLE('',#5453,6.);
#24=CIRCLE('',#5454,2.34999999999999);
#25=CIRCLE('',#5455,2.35);
#26=CIRCLE('',#5456,2.35);
#27=CIRCLE('',#5457,2.34999999999999);
#28=CIRCLE('',#5459,6.);
#29=CIRCLE('',#5462,6.);
#30=CIRCLE('',#5464,6.);
#31=CIRCLE('',#5519,2.35);
#32=CIRCLE('',#5521,2.35);
#33=CIRCLE('',#5523,2.34999999999999);
#34=CIRCLE('',#5525,2.34999999999999);
#35=CYLINDRICAL_SURFACE('',#5446,6.);
#36=CYLINDRICAL_SURFACE('',#5458,6.);
#37=CYLINDRICAL_SURFACE('',#5461,6.);
#38=CYLINDRICAL_SURFACE('',#5463,6.);
#39=CYLINDRICAL_SURFACE('',#5526,2.34999999999999);
#40=CYLINDRICAL_SURFACE('',#5527,2.35);
#41=CYLINDRICAL_SURFACE('',#5528,2.35);
#42=CYLINDRICAL_SURFACE('',#5529,2.34999999999999);
#43=B_SPLINE_SURFACE_WITH_KNOTS('',3,1,((#7321,#7322),(#7323,#7324),(#7325,
#7326),(#7327,#7328),(#7329,#7330)),.UNSPECIFIED.,.F.,.F.,.F.,(4,1,4),(2,
2),(-0.0513527086827923,-0.0264603091297241,0.),(0.,0.07),.UNSPECIFIED.);
#44=B_SPLINE_SURFACE_WITH_KNOTS('',3,1,((#7340,#7341),(#7342,#7343),(#7344,
#7345),(#7346,#7347),(#7348,#7349)),.UNSPECIFIED.,.F.,.F.,.F.,(4,1,4),(2,
2),(-0.0443801160395415,-0.0230648470593603,0.),(0.,0.07),.UNSPECIFIED.);
#45=B_SPLINE_SURFACE_WITH_KNOTS('',3,1,((#7361,#7362),(#7363,#7364),(#7365,
#7366),(#7367,#7368),(#7369,#7370)),.UNSPECIFIED.,.F.,.F.,.F.,(4,1,4),(2,
2),(-0.0277214384180152,-0.0148119793639796,0.),(0.,0.07),.UNSPECIFIED.);
#46=B_SPLINE_SURFACE_WITH_KNOTS('',3,1,((#7378,#7379),(#7380,#7381),(#7382,
#7383),(#7384,#7385),(#7386,#7387)),.UNSPECIFIED.,.F.,.F.,.F.,(4,1,4),(2,
2),(-0.0243333561350567,-0.0120618661088283,0.),(0.,0.07),.UNSPECIFIED.);
#47=B_SPLINE_SURFACE_WITH_KNOTS('',3,1,((#7395,#7396),(#7397,#7398),(#7399,
#7400),(#7401,#7402),(#7403,#7404)),.UNSPECIFIED.,.F.,.F.,.F.,(4,1,4),(2,
2),(-0.0162174717902549,-0.00935439013917171,0.),(0.,0.07),
 .UNSPECIFIED.);
#48=B_SPLINE_SURFACE_WITH_KNOTS('',3,1,((#7412,#7413),(#7414,#7415),(#7416,
#7417),(#7418,#7419),(#7420,#7421)),.UNSPECIFIED.,.F.,.F.,.F.,(4,1,4),(2,
2),(-0.00905117832973355,-0.00495719638047074,0.),(0.,0.07),
 .UNSPECIFIED.);
#49=B_SPLINE_SURFACE_WITH_KNOTS('',3,1,((#7433,#7434),(#7435,#7436),(#7437,
#7438),(#7439,#7440),(#7441,#7442)),.UNSPECIFIED.,.F.,.F.,.F.,(4,1,4),(2,
2),(-0.00959643577137732,-0.00429316104348242,0.),(0.,0.07),
 .UNSPECIFIED.);
#50=B_SPLINE_SURFACE_WITH_KNOTS('',3,1,((#7450,#7451),(#7452,#7453),(#7454,
#7455),(#7456,#7457),(#7458,#7459)),.UNSPECIFIED.,.F.,.F.,.F.,(4,1,4),(2,
2),(-0.0211424284873773,-0.00830884042622257,0.),(0.,0.07),
 .UNSPECIFIED.);
#51=B_SPLINE_SURFACE_WITH_KNOTS('',3,1,((#7471,#7472),(#7473,#7474),(#7475,
#7476),(#7477,#7478),(#7479,#7480)),.UNSPECIFIED.,.F.,.F.,.F.,(4,1,4),(2,
2),(-0.0393127406184975,-0.0217916652144851,0.),(0.,0.07),.UNSPECIFIED.);
#52=B_SPLINE_SURFACE_WITH_KNOTS('',3,1,((#7488,#7489),(#7490,#7491),(#7492,
#7493),(#7494,#7495),(#7496,#7497)),.UNSPECIFIED.,.F.,.F.,.F.,(4,1,4),(2,
2),(-0.033208223609275,-0.0158200977759791,0.),(0.,0.07),.UNSPECIFIED.);
#53=B_SPLINE_SURFACE_WITH_KNOTS('',3,1,((#7509,#7510),(#7511,#7512),(#7513,
#7514),(#7515,#7516),(#7517,#7518)),.UNSPECIFIED.,.F.,.F.,.F.,(4,1,4),(2,
2),(-0.0342767013397611,-0.0173137074892494,0.),(0.,0.07),.UNSPECIFIED.);
#54=B_SPLINE_SURFACE_WITH_KNOTS('',3,1,((#7526,#7527),(#7528,#7529),(#7530,
#7531),(#7532,#7533),(#7534,#7535)),.UNSPECIFIED.,.F.,.F.,.F.,(4,1,4),(2,
2),(-0.0376975567901268,-0.0179109112591871,0.),(0.,0.07),.UNSPECIFIED.);
#55=B_SPLINE_SURFACE_WITH_KNOTS('',3,1,((#7543,#7544),(#7545,#7546),(#7547,
#7548),(#7549,#7550),(#7551,#7552)),.UNSPECIFIED.,.F.,.F.,.F.,(4,1,4),(2,
2),(-0.0463385464833911,-0.0220250500281896,0.),(0.,0.07),.UNSPECIFIED.);
#56=B_SPLINE_SURFACE_WITH_KNOTS('',3,1,((#7560,#7561),(#7562,#7563),(#7564,
#7565),(#7566,#7567),(#7568,#7569)),.UNSPECIFIED.,.F.,.F.,.F.,(4,1,4),(2,
2),(-0.0435016735793079,-0.0218217349637067,0.),(0.,0.07),.UNSPECIFIED.);
#57=B_SPLINE_SURFACE_WITH_KNOTS('',3,1,((#7577,#7578),(#7579,#7580),(#7581,
#7582),(#7583,#7584),(#7585,#7586)),.UNSPECIFIED.,.F.,.F.,.F.,(4,1,4),(2,
2),(-0.0400300750172803,-0.0208126326604918,0.),(0.,0.07),.UNSPECIFIED.);
#58=B_SPLINE_SURFACE_WITH_KNOTS('',3,1,((#7598,#7599),(#7600,#7601),(#7602,
#7603),(#7604,#7605),(#7606,#7607)),.UNSPECIFIED.,.F.,.F.,.F.,(4,1,4),(2,
2),(-0.0233741514486913,-0.0128930178246394,0.),(0.,0.07),.UNSPECIFIED.);
#59=B_SPLINE_SURFACE_WITH_KNOTS('',3,1,((#7615,#7616),(#7617,#7618),(#7619,
#7620),(#7621,#7622),(#7623,#7624)),.UNSPECIFIED.,.F.,.F.,.F.,(4,1,4),(2,
2),(-0.0206180910007606,-0.00979092462087362,0.),(0.,0.07),
 .UNSPECIFIED.);
#60=B_SPLINE_SURFACE_WITH_KNOTS('',3,1,((#7632,#7633),(#7634,#7635),(#7636,
#7637),(#7638,#7639),(#7640,#7641)),.UNSPECIFIED.,.F.,.F.,.F.,(4,1,4),(2,
2),(-0.0129543312369704,-0.00726731754652995,0.),(0.,0.07),
 .UNSPECIFIED.);
#61=B_SPLINE_SURFACE_WITH_KNOTS('',3,1,((#7649,#7650),(#7651,#7652),(#7653,
#7654),(#7655,#7656),(#7657,#7658)),.UNSPECIFIED.,.F.,.F.,.F.,(4,1,4),(2,
2),(-0.00861775769763899,-0.00454569566259405,0.),(0.,0.07),
 .UNSPECIFIED.);
#62=B_SPLINE_SURFACE_WITH_KNOTS('',3,1,((#7670,#7671),(#7672,#7673),(#7674,
#7675),(#7676,#7677),(#7678,#7679)),.UNSPECIFIED.,.F.,.F.,.F.,(4,1,4),(2,
2),(-0.00827405729320356,-0.00378438858961567,0.),(0.,0.07),
 .UNSPECIFIED.);
#63=B_SPLINE_SURFACE_WITH_KNOTS('',3,1,((#7687,#7688),(#7689,#7690),(#7691,
#7692),(#7693,#7694),(#7695,#7696)),.UNSPECIFIED.,.F.,.F.,.F.,(4,1,4),(2,
2),(-0.0226643598236527,-0.00824745351979118,0.),(0.,0.07),
 .UNSPECIFIED.);
#64=B_SPLINE_SURFACE_WITH_KNOTS('',3,1,((#7708,#7709),(#7710,#7711),(#7712,
#7713),(#7714,#7715),(#7716,#7717)),.UNSPECIFIED.,.F.,.F.,.F.,(4,1,4),(2,
2),(-0.0391184499812358,-0.021330332506731,0.),(0.,0.07),.UNSPECIFIED.);
#65=B_SPLINE_SURFACE_WITH_KNOTS('',3,1,((#7725,#7726),(#7727,#7728),(#7729,
#7730),(#7731,#7732),(#7733,#7734)),.UNSPECIFIED.,.F.,.F.,.F.,(4,1,4),(2,
2),(-0.0334944103530004,-0.0162247749168175,0.),(0.,0.07),.UNSPECIFIED.);
#66=B_SPLINE_SURFACE_WITH_KNOTS('',3,1,((#7746,#7747),(#7748,#7749),(#7750,
#7751),(#7752,#7753),(#7754,#7755)),.UNSPECIFIED.,.F.,.F.,.F.,(4,1,4),(2,
2),(-0.0540203955503587,-0.0271243915869889,0.),(0.,0.07),.UNSPECIFIED.);
#67=B_SPLINE_SURFACE_WITH_KNOTS('',3,1,((#7763,#7764),(#7765,#7766),(#7767,
#7768),(#7769,#7770),(#7771,#7772)),.UNSPECIFIED.,.F.,.F.,.F.,(4,1,4),(2,
2),(-0.0676474273260046,-0.0311455681220469,0.),(0.,0.07),.UNSPECIFIED.);
#68=B_SPLINE_SURFACE_WITH_KNOTS('',3,1,((#7793,#7794),(#7795,#7796),(#7797,
#7798),(#7799,#7800),(#7801,#7802)),.UNSPECIFIED.,.F.,.F.,.F.,(4,1,4),(2,
2),(-0.0631830439819754,-0.0322420616275849,0.),(0.,0.07),.UNSPECIFIED.);
#69=B_SPLINE_SURFACE_WITH_KNOTS('',3,1,((#7810,#7811),(#7812,#7813),(#7814,
#7815),(#7816,#7817),(#7818,#7819)),.UNSPECIFIED.,.F.,.F.,.F.,(4,1,4),(2,
2),(-0.0483030600104361,-0.0248215546959113,0.),(0.,0.07),.UNSPECIFIED.);
#70=B_SPLINE_SURFACE_WITH_KNOTS('',3,1,((#7827,#7828),(#7829,#7830),(#7831,
#7832),(#7833,#7834),(#7835,#7836)),.UNSPECIFIED.,.F.,.F.,.F.,(4,1,4),(2,
2),(-0.0496943737527636,-0.0236985934346165,0.),(0.,0.07),.UNSPECIFIED.);
#71=B_SPLINE_SURFACE_WITH_KNOTS('',3,1,((#7856,#7857),(#7858,#7859),(#7860,
#7861),(#7862,#7863),(#7864,#7865)),.UNSPECIFIED.,.F.,.F.,.F.,(4,1,4),(2,
2),(-0.0214609799048036,-0.0109563485743131,0.),(0.,0.07),.UNSPECIFIED.);
#72=B_SPLINE_SURFACE_WITH_KNOTS('',3,1,((#7873,#7874),(#7875,#7876),(#7877,
#7878),(#7879,#7880),(#7881,#7882)),.UNSPECIFIED.,.F.,.F.,.F.,(4,1,4),(2,
2),(-0.0228005377973728,-0.0107625407258919,0.),(0.,0.07),.UNSPECIFIED.);
#73=B_SPLINE_SURFACE_WITH_KNOTS('',3,1,((#7897,#7898),(#7899,#7900),(#7901,
#7902),(#7903,#7904),(#7905,#7906)),.UNSPECIFIED.,.F.,.F.,.F.,(4,1,4),(2,
2),(-0.0105029103306745,-0.00593077740552775,0.),(0.,0.07),
 .UNSPECIFIED.);
#74=B_SPLINE_SURFACE_WITH_KNOTS('',3,1,((#7916,#7917),(#7918,#7919),(#7920,
#7921),(#7922,#7923),(#7924,#7925)),.UNSPECIFIED.,.F.,.F.,.F.,(4,1,4),(2,
2),(-0.00955661389433103,-0.00427189040154781,0.),(0.,0.07),
 .UNSPECIFIED.);
#75=B_SPLINE_SURFACE_WITH_KNOTS('',3,1,((#7933,#7934),(#7935,#7936),(#7937,
#7938),(#7939,#7940),(#7941,#7942)),.UNSPECIFIED.,.F.,.F.,.F.,(4,1,4),(2,
2),(-0.00537240324149667,-0.00276924013670078,0.),(0.,0.07),
 .UNSPECIFIED.);
#76=B_SPLINE_SURFACE_WITH_KNOTS('',3,1,((#7954,#7955),(#7956,#7957),(#7958,
#7959),(#7960,#7961),(#7962,#7963)),.UNSPECIFIED.,.F.,.F.,.F.,(4,1,4),(2,
2),(-0.0359291318919677,-0.0174498503120697,0.),(0.,0.07),.UNSPECIFIED.);
#77=B_SPLINE_SURFACE_WITH_KNOTS('',3,1,((#7971,#7972),(#7973,#7974),(#7975,
#7976),(#7977,#7978),(#7979,#7980)),.UNSPECIFIED.,.F.,.F.,.F.,(4,1,4),(2,
2),(-0.0497211523295219,-0.0261759427273665,0.),(0.,0.07),.UNSPECIFIED.);
#78=B_SPLINE_SURFACE_WITH_KNOTS('',3,1,((#7988,#7989),(#7990,#7991),(#7992,
#7993),(#7994,#7995),(#7996,#7997)),.UNSPECIFIED.,.F.,.F.,.F.,(4,1,4),(2,
2),(-0.0499753927620182,-0.0232604820242631,0.),(0.,0.07),.UNSPECIFIED.);
#79=B_SPLINE_SURFACE_WITH_KNOTS('',3,1,((#8016,#8017),(#8018,#8019),(#8020,
#8021),(#8022,#8023),(#8024,#8025)),.UNSPECIFIED.,.F.,.F.,.F.,(4,1,4),(2,
2),(-0.0200060174934173,-0.0108490107849808,0.),(0.,0.07),.UNSPECIFIED.);
#80=B_SPLINE_SURFACE_WITH_KNOTS('',3,1,((#8042,#8043),(#8044,#8045),(#8046,
#8047),(#8048,#8049),(#8050,#8051)),.UNSPECIFIED.,.F.,.F.,.F.,(4,1,4),(2,
2),(-0.028929380022036,-0.0116486887115866,0.),(0.,0.07),.UNSPECIFIED.);
#81=B_SPLINE_SURFACE_WITH_KNOTS('',3,1,((#8071,#8072),(#8073,#8074),(#8075,
#8076),(#8077,#8078),(#8079,#8080)),.UNSPECIFIED.,.F.,.F.,.F.,(4,1,4),(2,
2),(-0.029670269894555,-0.017640217500381,0.),(0.,0.07),.UNSPECIFIED.);
#82=B_SPLINE_SURFACE_WITH_KNOTS('',3,1,((#8094,#8095),(#8096,#8097),(#8098,
#8099),(#8100,#8101),(#8102,#8103)),.UNSPECIFIED.,.F.,.F.,.F.,(4,1,4),(2,
2),(-0.0200116057176585,-0.00936524252712207,0.),(0.,0.07),
 .UNSPECIFIED.);
#83=B_SPLINE_SURFACE_WITH_KNOTS('',3,1,((#8117,#8118),(#8119,#8120),(#8121,
#8122),(#8123,#8124),(#8125,#8126)),.UNSPECIFIED.,.F.,.F.,.F.,(4,1,4),(2,
2),(-0.0209661238863332,-0.0112602854096567,0.),(0.,0.07),.UNSPECIFIED.);
#84=B_SPLINE_SURFACE_WITH_KNOTS('',3,1,((#8140,#8141),(#8142,#8143),(#8144,
#8145),(#8146,#8147),(#8148,#8149)),.UNSPECIFIED.,.F.,.F.,.F.,(4,1,4),(2,
2),(-0.029769364931556,-0.0121221437657283,0.),(0.,0.07),.UNSPECIFIED.);
#85=B_SPLINE_SURFACE_WITH_KNOTS('',3,1,((#8169,#8170),(#8171,#8172),(#8173,
#8174),(#8175,#8176),(#8177,#8178)),.UNSPECIFIED.,.F.,.F.,.F.,(4,1,4),(2,
2),(-0.0288991530580831,-0.0170687905491755,0.),(0.,0.07),.UNSPECIFIED.);
#86=B_SPLINE_SURFACE_WITH_KNOTS('',3,1,((#8192,#8193),(#8194,#8195),(#8196,
#8197),(#8198,#8199),(#8200,#8201)),.UNSPECIFIED.,.F.,.F.,.F.,(4,1,4),(2,
2),(-0.020873628213266,-0.00962140169054912,0.),(0.,0.07),.UNSPECIFIED.);
#87=B_SPLINE_SURFACE_WITH_KNOTS('',3,1,((#8212,#8213),(#8214,#8215),(#8216,
#8217),(#8218,#8219),(#8220,#8221)),.UNSPECIFIED.,.F.,.F.,.F.,(4,1,4),(2,
2),(-0.0809733032683472,-0.0437900927334184,0.),(0.,0.07),.UNSPECIFIED.);
#88=B_SPLINE_SURFACE_WITH_KNOTS('',3,1,((#8231,#8232),(#8233,#8234),(#8235,
#8236),(#8237,#8238),(#8239,#8240)),.UNSPECIFIED.,.F.,.F.,.F.,(4,1,4),(2,
2),(-0.0740583505625688,-0.0354013970147291,0.),(0.,0.07),.UNSPECIFIED.);
#89=B_SPLINE_SURFACE_WITH_KNOTS('',3,1,((#8252,#8253),(#8254,#8255),(#8256,
#8257),(#8258,#8259),(#8260,#8261)),.UNSPECIFIED.,.F.,.F.,.F.,(4,1,4),(2,
2),(-0.0740583382544081,-0.0386569535478398,0.),(0.,0.07),.UNSPECIFIED.);
#90=B_SPLINE_SURFACE_WITH_KNOTS('',3,1,((#8269,#8270),(#8271,#8272),(#8273,
#8274),(#8275,#8276),(#8277,#8278)),.UNSPECIFIED.,.F.,.F.,.F.,(4,1,4),(2,
2),(-0.0809732958079605,-0.0371832030745421,0.),(0.,0.07),.UNSPECIFIED.);
#91=B_SPLINE_SURFACE_WITH_KNOTS('',3,1,((#8286,#8287),(#8288,#8289),(#8290,
#8291),(#8292,#8293),(#8294,#8295)),.UNSPECIFIED.,.F.,.F.,.F.,(4,1,4),(2,
2),(-0.0809670688232876,-0.0443142495312606,0.),(0.,0.07),.UNSPECIFIED.);
#92=B_SPLINE_SURFACE_WITH_KNOTS('',3,1,((#8303,#8304),(#8305,#8306),(#8307,
#8308),(#8309,#8310),(#8311,#8312)),.UNSPECIFIED.,.F.,.F.,.F.,(4,1,4),(2,
2),(-0.0737493024682405,-0.0349173740705821,0.),(0.,0.07),.UNSPECIFIED.);
#93=B_SPLINE_SURFACE_WITH_KNOTS('',3,1,((#8324,#8325),(#8326,#8327),(#8328,
#8329),(#8330,#8331),(#8332,#8333)),.UNSPECIFIED.,.F.,.F.,.F.,(4,1,4),(2,
2),(-0.0737492397442449,-0.0388319185988001,0.),(0.,0.07),.UNSPECIFIED.);
#94=B_SPLINE_SURFACE_WITH_KNOTS('',3,1,((#8341,#8342),(#8343,#8344),(#8345,
#8346),(#8347,#8348),(#8349,#8350)),.UNSPECIFIED.,.F.,.F.,.F.,(4,1,4),(2,
2),(-0.0809670913649781,-0.0366528418337175,0.),(0.,0.07),.UNSPECIFIED.);
#95=B_SPLINE_SURFACE_WITH_KNOTS('',3,1,((#8358,#8359),(#8360,#8361),(#8362,
#8363),(#8364,#8365),(#8366,#8367)),.UNSPECIFIED.,.F.,.F.,.F.,(4,1,4),(2,
2),(-0.0258305132583948,-0.0153049357872921,0.),(0.,0.07),.UNSPECIFIED.);
#96=B_SPLINE_SURFACE_WITH_KNOTS('',3,1,((#8377,#8378),(#8379,#8380),(#8381,
#8382),(#8383,#8384),(#8385,#8386)),.UNSPECIFIED.,.F.,.F.,.F.,(4,1,4),(2,
2),(-0.0151473408672283,-0.00775098763125533,0.),(0.,0.07),
 .UNSPECIFIED.);
#97=B_SPLINE_SURFACE_WITH_KNOTS('',3,1,((#8410,#8411),(#8412,#8413),(#8414,
#8415),(#8416,#8417),(#8418,#8419)),.UNSPECIFIED.,.F.,.F.,.F.,(4,1,4),(2,
2),(-0.0538437714447162,-0.0288654393695836,0.),(0.,0.07),.UNSPECIFIED.);
#98=B_SPLINE_SURFACE_WITH_KNOTS('',3,1,((#8427,#8428),(#8429,#8430),(#8431,
#8432),(#8433,#8434),(#8435,#8436)),.UNSPECIFIED.,.F.,.F.,.F.,(4,1,4),(2,
2),(-0.0499475433256038,-0.0241624914776001,0.),(0.,0.07),.UNSPECIFIED.);
#99=B_SPLINE_SURFACE_WITH_KNOTS('',3,1,((#8448,#8449),(#8450,#8451),(#8452,
#8453),(#8454,#8455),(#8456,#8457)),.UNSPECIFIED.,.F.,.F.,.F.,(4,1,4),(2,
2),(-0.0254723644083796,-0.0156103975396969,0.),(0.,0.07),.UNSPECIFIED.);
#100=B_SPLINE_SURFACE_WITH_KNOTS('',3,1,((#8465,#8466),(#8467,#8468),(#8469,
#8470),(#8471,#8472),(#8473,#8474)),.UNSPECIFIED.,.F.,.F.,.F.,(4,1,4),(2,
2),(-0.0135643230649226,-0.006768034963441,0.),(0.,0.07),.UNSPECIFIED.);
#101=B_SPLINE_SURFACE_WITH_KNOTS('',3,1,((#8486,#8487),(#8488,#8489),(#8490,
#8491),(#8492,#8493),(#8494,#8495)),.UNSPECIFIED.,.F.,.F.,.F.,(4,1,4),(2,
2),(-0.0149520237734281,-0.00730861727190274,0.),(0.,0.07),
 .UNSPECIFIED.);
#102=B_SPLINE_SURFACE_WITH_KNOTS('',3,1,((#8503,#8504),(#8505,#8506),(#8507,
#8508),(#8509,#8510),(#8511,#8512)),.UNSPECIFIED.,.F.,.F.,.F.,(4,1,4),(2,
2),(-0.0202789300715834,-0.00909774251089529,0.),(0.,0.07),
 .UNSPECIFIED.);
#103=B_SPLINE_SURFACE_WITH_KNOTS('',3,1,((#8520,#8521),(#8522,#8523),(#8524,
#8525),(#8526,#8527),(#8528,#8529)),.UNSPECIFIED.,.F.,.F.,.F.,(4,1,4),(2,
2),(-0.0285607404233396,-0.0145589449184717,0.),(0.,0.07),.UNSPECIFIED.);
#104=B_SPLINE_SURFACE_WITH_KNOTS('',3,1,((#8537,#8538),(#8539,#8540),(#8541,
#8542),(#8543,#8544),(#8545,#8546)),.UNSPECIFIED.,.F.,.F.,.F.,(4,1,4),(2,
2),(-0.0303500421942395,-0.0144831486671789,0.),(0.,0.07),.UNSPECIFIED.);
#105=B_SPLINE_SURFACE_WITH_KNOTS('',3,1,((#8558,#8559),(#8560,#8561),(#8562,
#8563),(#8564,#8565),(#8566,#8567)),.UNSPECIFIED.,.F.,.F.,.F.,(4,1,4),(2,
2),(-0.0491276021649838,-0.0249270002999964,0.),(0.,0.07),.UNSPECIFIED.);
#106=B_SPLINE_SURFACE_WITH_KNOTS('',3,1,((#8575,#8576),(#8577,#8578),(#8579,
#8580),(#8581,#8582),(#8583,#8584)),.UNSPECIFIED.,.F.,.F.,.F.,(4,1,4),(2,
2),(-0.0527725347513673,-0.0250657029695111,0.),(0.,0.07),.UNSPECIFIED.);
#107=B_SPLINE_SURFACE_WITH_KNOTS('',3,1,((#8592,#8593),(#8594,#8595),(#8596,
#8597),(#8598,#8599),(#8600,#8601)),.UNSPECIFIED.,.F.,.F.,.F.,(4,1,4),(2,
2),(-0.0517047568023192,-0.0274087709600798,0.),(0.,0.07),.UNSPECIFIED.);
#108=B_SPLINE_SURFACE_WITH_KNOTS('',3,1,((#8609,#8610),(#8611,#8612),(#8613,
#8614),(#8615,#8616),(#8617,#8618)),.UNSPECIFIED.,.F.,.F.,.F.,(4,1,4),(2,
2),(-0.0409875982262142,-0.0215417075003332,0.),(0.,0.07),.UNSPECIFIED.);
#109=B_SPLINE_SURFACE_WITH_KNOTS('',3,1,((#8626,#8627),(#8628,#8629),(#8630,
#8631),(#8632,#8633),(#8634,#8635)),.UNSPECIFIED.,.F.,.F.,.F.,(4,1,4),(2,
2),(-0.0380380070205604,-0.0186872631764067,0.),(0.,0.07),.UNSPECIFIED.);
#110=B_SPLINE_SURFACE_WITH_KNOTS('',3,1,((#8647,#8648),(#8649,#8650),(#8651,
#8652),(#8653,#8654),(#8655,#8656)),.UNSPECIFIED.,.F.,.F.,.F.,(4,1,4),(2,
2),(-0.0365944902414642,-0.0189845621452466,0.),(0.,0.07),.UNSPECIFIED.);
#111=B_SPLINE_SURFACE_WITH_KNOTS('',3,1,((#8664,#8665),(#8666,#8667),(#8668,
#8669),(#8670,#8671),(#8672,#8673)),.UNSPECIFIED.,.F.,.F.,.F.,(4,1,4),(2,
2),(-0.0458623414252917,-0.0201744496685915,0.),(0.,0.07),.UNSPECIFIED.);
#112=B_SPLINE_SURFACE_WITH_KNOTS('',3,1,((#8684,#8685),(#8686,#8687),(#8688,
#8689),(#8690,#8691),(#8692,#8693)),.UNSPECIFIED.,.F.,.F.,.F.,(4,1,4),(2,
2),(-0.0258305132583948,-0.0153049357872921,0.),(0.,0.07),.UNSPECIFIED.);
#113=B_SPLINE_SURFACE_WITH_KNOTS('',3,1,((#8703,#8704),(#8705,#8706),(#8707,
#8708),(#8709,#8710),(#8711,#8712)),.UNSPECIFIED.,.F.,.F.,.F.,(4,1,4),(2,
2),(-0.0151473408672283,-0.00775098763125533,0.),(0.,0.07),
 .UNSPECIFIED.);
#114=B_SPLINE_SURFACE_WITH_KNOTS('',3,1,((#8736,#8737),(#8738,#8739),(#8740,
#8741),(#8742,#8743),(#8744,#8745)),.UNSPECIFIED.,.F.,.F.,.F.,(4,1,4),(2,
2),(-0.0538437714447162,-0.0288654393695836,0.),(0.,0.07),.UNSPECIFIED.);
#115=B_SPLINE_SURFACE_WITH_KNOTS('',3,1,((#8753,#8754),(#8755,#8756),(#8757,
#8758),(#8759,#8760),(#8761,#8762)),.UNSPECIFIED.,.F.,.F.,.F.,(4,1,4),(2,
2),(-0.0499475433256038,-0.0241624914776001,0.),(0.,0.07),.UNSPECIFIED.);
#116=B_SPLINE_SURFACE_WITH_KNOTS('',3,1,((#8774,#8775),(#8776,#8777),(#8778,
#8779),(#8780,#8781),(#8782,#8783)),.UNSPECIFIED.,.F.,.F.,.F.,(4,1,4),(2,
2),(-0.0254723727282454,-0.0156104943596445,0.),(0.,0.07),.UNSPECIFIED.);
#117=B_SPLINE_SURFACE_WITH_KNOTS('',3,1,((#8791,#8792),(#8793,#8794),(#8795,
#8796),(#8797,#8798),(#8799,#8800)),.UNSPECIFIED.,.F.,.F.,.F.,(4,1,4),(2,
2),(-0.0135644253737966,-0.00676815763110376,0.),(0.,0.07),
 .UNSPECIFIED.);
#118=B_SPLINE_SURFACE_WITH_KNOTS('',3,1,((#8812,#8813),(#8814,#8815),(#8816,
#8817),(#8818,#8819),(#8820,#8821)),.UNSPECIFIED.,.F.,.F.,.F.,(4,1,4),(2,
2),(-0.0149520521722658,-0.00730864567074038,0.),(0.,0.07),
 .UNSPECIFIED.);
#119=B_SPLINE_SURFACE_WITH_KNOTS('',3,1,((#8829,#8830),(#8831,#8832),(#8833,
#8834),(#8835,#8836),(#8837,#8838)),.UNSPECIFIED.,.F.,.F.,.F.,(4,1,4),(2,
2),(-0.0202789300715834,-0.00909774251089529,0.),(0.,0.07),
 .UNSPECIFIED.);
#120=B_SPLINE_SURFACE_WITH_KNOTS('',3,1,((#8846,#8847),(#8848,#8849),(#8850,
#8851),(#8852,#8853),(#8854,#8855)),.UNSPECIFIED.,.F.,.F.,.F.,(4,1,4),(2,
2),(-0.028560736788567,-0.0145588261184427,0.),(0.,0.07),.UNSPECIFIED.);
#121=B_SPLINE_SURFACE_WITH_KNOTS('',3,1,((#8863,#8864),(#8865,#8866),(#8867,
#8868),(#8869,#8870),(#8871,#8872)),.UNSPECIFIED.,.F.,.F.,.F.,(4,1,4),(2,
2),(-0.0303500496353133,-0.0144832570652518,0.),(0.,0.07),.UNSPECIFIED.);
#122=B_SPLINE_SURFACE_WITH_KNOTS('',3,1,((#8884,#8885),(#8886,#8887),(#8888,
#8889),(#8890,#8891),(#8892,#8893)),.UNSPECIFIED.,.F.,.F.,.F.,(4,1,4),(2,
2),(-0.0491276108876883,-0.024926900169625,0.),(0.,0.07),.UNSPECIFIED.);
#123=B_SPLINE_SURFACE_WITH_KNOTS('',3,1,((#8901,#8902),(#8903,#8904),(#8905,
#8906),(#8907,#8908),(#8909,#8910)),.UNSPECIFIED.,.F.,.F.,.F.,(4,1,4),(2,
2),(-0.0527725379347315,-0.0250655872573518,0.),(0.,0.07),.UNSPECIFIED.);
#124=B_SPLINE_SURFACE_WITH_KNOTS('',3,1,((#8918,#8919),(#8920,#8921),(#8922,
#8923),(#8924,#8925),(#8926,#8927)),.UNSPECIFIED.,.F.,.F.,.F.,(4,1,4),(2,
2),(-0.0517047608530238,-0.0274088897891006,0.),(0.,0.07),.UNSPECIFIED.);
#125=B_SPLINE_SURFACE_WITH_KNOTS('',3,1,((#8935,#8936),(#8937,#8938),(#8939,
#8940),(#8941,#8942),(#8943,#8944)),.UNSPECIFIED.,.F.,.F.,.F.,(4,1,4),(2,
2),(-0.0409875982262142,-0.0215417075003332,0.),(0.,0.07),.UNSPECIFIED.);
#126=B_SPLINE_SURFACE_WITH_KNOTS('',3,1,((#8952,#8953),(#8954,#8955),(#8956,
#8957),(#8958,#8959),(#8960,#8961)),.UNSPECIFIED.,.F.,.F.,.F.,(4,1,4),(2,
2),(-0.0380380070205604,-0.0186872631764067,0.),(0.,0.07),.UNSPECIFIED.);
#127=B_SPLINE_SURFACE_WITH_KNOTS('',3,1,((#8973,#8974),(#8975,#8976),(#8977,
#8978),(#8979,#8980),(#8981,#8982)),.UNSPECIFIED.,.F.,.F.,.F.,(4,1,4),(2,
2),(-0.0365944902414642,-0.0189845621452466,0.),(0.,0.07),.UNSPECIFIED.);
#128=B_SPLINE_SURFACE_WITH_KNOTS('',3,1,((#8990,#8991),(#8992,#8993),(#8994,
#8995),(#8996,#8997),(#8998,#8999)),.UNSPECIFIED.,.F.,.F.,.F.,(4,1,4),(2,
2),(-0.0458623414252917,-0.0201744496685915,0.),(0.,0.07),.UNSPECIFIED.);
#129=B_SPLINE_SURFACE_WITH_KNOTS('',3,1,((#9010,#9011),(#9012,#9013),(#9014,
#9015),(#9016,#9017),(#9018,#9019)),.UNSPECIFIED.,.F.,.F.,.F.,(4,1,4),(2,
2),(-0.020959433715224,-0.0122426492379651,0.),(0.,0.07),.UNSPECIFIED.);
#130=B_SPLINE_SURFACE_WITH_KNOTS('',3,1,((#9036,#9037),(#9038,#9039),(#9040,
#9041),(#9042,#9043),(#9044,#9045)),.UNSPECIFIED.,.F.,.F.,.F.,(4,1,4),(2,
2),(-0.0185874087265178,-0.00794919379223568,0.),(0.,0.07),
 .UNSPECIFIED.);
#131=B_SPLINE_SURFACE_WITH_KNOTS('',3,1,((#9059,#9060),(#9061,#9062),(#9063,
#9064),(#9065,#9066),(#9067,#9068)),.UNSPECIFIED.,.F.,.F.,.F.,(4,1,4),(2,
2),(-0.0285212865622256,-0.013728249107934,0.),(0.,0.07),.UNSPECIFIED.);
#132=B_SPLINE_SURFACE_WITH_KNOTS('',3,1,((#9088,#9089),(#9090,#9091),(#9092,
#9093),(#9094,#9095),(#9096,#9097)),.UNSPECIFIED.,.F.,.F.,.F.,(4,1,4),(2,
2),(-0.0269647018027412,-0.0160754697171624,0.),(0.,0.07),.UNSPECIFIED.);
#133=B_SPLINE_SURFACE_WITH_KNOTS('',3,1,((#9111,#9112),(#9113,#9114),(#9115,
#9116),(#9117,#9118),(#9119,#9120)),.UNSPECIFIED.,.F.,.F.,.F.,(4,1,4),(2,
2),(-0.0199143643113089,-0.00886878978502367,0.),(0.,0.07),
 .UNSPECIFIED.);
#134=B_SPLINE_SURFACE_WITH_KNOTS('',3,1,((#9134,#9135),(#9136,#9137),(#9138,
#9139),(#9140,#9141),(#9142,#9143)),.UNSPECIFIED.,.F.,.F.,.F.,(4,1,4),(2,
2),(-0.02120755617644,-0.0119577575805895,0.),(0.,0.07),.UNSPECIFIED.);
#135=B_SPLINE_SURFACE_WITH_KNOTS('',3,1,((#9157,#9158),(#9159,#9160),(#9161,
#9162),(#9163,#9164),(#9165,#9166)),.UNSPECIFIED.,.F.,.F.,.F.,(4,1,4),(2,
2),(-0.0250393999510232,-0.0103757184470472,0.),(0.,0.07),.UNSPECIFIED.);
#136=B_SPLINE_SURFACE_WITH_KNOTS('',3,1,((#9183,#9184),(#9185,#9186),(#9187,
#9188),(#9189,#9190),(#9191,#9192)),.UNSPECIFIED.,.F.,.F.,.F.,(4,1,4),(2,
2),(-0.0406928716439058,-0.0211694861987067,0.),(0.,0.07),.UNSPECIFIED.);
#137=B_SPLINE_SURFACE_WITH_KNOTS('',3,1,((#9202,#9203),(#9204,#9205),(#9206,
#9207),(#9208,#9209),(#9210,#9211)),.UNSPECIFIED.,.F.,.F.,.F.,(4,1,4),(2,
2),(-0.0372902939736651,-0.0186780488423548,0.),(0.,0.07),.UNSPECIFIED.);
#138=B_SPLINE_SURFACE_WITH_KNOTS('',3,1,((#9219,#9220),(#9221,#9222),(#9223,
#9224),(#9225,#9226),(#9227,#9228)),.UNSPECIFIED.,.F.,.F.,.F.,(4,1,4),(2,
2),(-0.040135740741002,-0.0193997219514803,0.),(0.,0.07),.UNSPECIFIED.);
#139=B_SPLINE_SURFACE_WITH_KNOTS('',3,1,((#9240,#9241),(#9242,#9243),(#9244,
#9245),(#9246,#9247),(#9248,#9249)),.UNSPECIFIED.,.F.,.F.,.F.,(4,1,4),(2,
2),(-0.0438467278106461,-0.0221270139922103,0.),(0.,0.07),.UNSPECIFIED.);
#140=B_SPLINE_SURFACE_WITH_KNOTS('',3,1,((#9257,#9258),(#9259,#9260),(#9261,
#9262),(#9263,#9264),(#9265,#9266)),.UNSPECIFIED.,.F.,.F.,.F.,(4,1,4),(2,
2),(-0.0457090270306474,-0.0220753027332592,0.),(0.,0.07),.UNSPECIFIED.);
#141=B_SPLINE_SURFACE_WITH_KNOTS('',3,1,((#9274,#9275),(#9276,#9277),(#9278,
#9279),(#9280,#9281),(#9282,#9283)),.UNSPECIFIED.,.F.,.F.,.F.,(4,1,4),(2,
2),(-0.0563198147676547,-0.0262642393432162,0.),(0.,0.07),.UNSPECIFIED.);
#142=B_SPLINE_SURFACE_WITH_KNOTS('',3,1,((#9291,#9292),(#9293,#9294),(#9295,
#9296),(#9297,#9298),(#9299,#9300)),.UNSPECIFIED.,.F.,.F.,.F.,(4,1,4),(2,
2),(-0.0830365850407219,-0.0444402307830375,0.),(0.,0.07),.UNSPECIFIED.);
#143=B_SPLINE_SURFACE_WITH_KNOTS('',3,1,((#9308,#9309),(#9310,#9311),(#9312,
#9313),(#9314,#9315),(#9316,#9317)),.UNSPECIFIED.,.F.,.F.,.F.,(4,1,4),(2,
2),(-0.0840193763350493,-0.0390161243041035,0.),(0.,0.07),.UNSPECIFIED.);
#144=B_SPLINE_SURFACE_WITH_KNOTS('',3,1,((#9329,#9330),(#9331,#9332),(#9333,
#9334),(#9335,#9336),(#9337,#9338)),.UNSPECIFIED.,.F.,.F.,.F.,(4,1,4),(2,
2),(-0.115913638792663,-0.0605880043899845,0.),(0.,0.07),.UNSPECIFIED.);
#145=B_SPLINE_SURFACE_WITH_KNOTS('',3,1,((#9346,#9347),(#9348,#9349),(#9350,
#9351),(#9352,#9353),(#9354,#9355)),.UNSPECIFIED.,.F.,.F.,.F.,(4,1,4),(2,
2),(-0.134091876997677,-0.0607951391431923,0.),(0.,0.07),.UNSPECIFIED.);
#146=B_SPLINE_SURFACE_WITH_KNOTS('',3,1,((#9367,#9368),(#9369,#9370),(#9371,
#9372),(#9373,#9374),(#9375,#9376)),.UNSPECIFIED.,.F.,.F.,.F.,(4,1,4),(2,
2),(-0.0661011036915746,-0.0367115170433384,0.),(0.,0.07),.UNSPECIFIED.);
#147=B_SPLINE_SURFACE_WITH_KNOTS('',3,1,((#9384,#9385),(#9386,#9387),(#9388,
#9389),(#9390,#9391),(#9392,#9393)),.UNSPECIFIED.,.F.,.F.,.F.,(4,1,4),(2,
2),(-0.0480996362757875,-0.024101599671467,0.),(0.,0.07),.UNSPECIFIED.);
#148=B_SPLINE_SURFACE_WITH_KNOTS('',3,1,((#9401,#9402),(#9403,#9404),(#9405,
#9406),(#9407,#9408),(#9409,#9410)),.UNSPECIFIED.,.F.,.F.,.F.,(4,1,4),(2,
2),(-0.0540436793837616,-0.0253680133968053,0.),(0.,0.07),.UNSPECIFIED.);
#149=B_SPLINE_SURFACE_WITH_KNOTS('',3,1,((#9418,#9419),(#9420,#9421),(#9422,
#9423),(#9424,#9425),(#9426,#9427)),.UNSPECIFIED.,.F.,.F.,.F.,(4,1,4),(2,
2),(-0.0508185782513434,-0.0264509425005408,0.),(0.,0.07),.UNSPECIFIED.);
#150=B_SPLINE_SURFACE_WITH_KNOTS('',3,1,((#9437,#9438),(#9439,#9440),(#9441,
#9442),(#9443,#9444),(#9445,#9446)),.UNSPECIFIED.,.F.,.F.,.F.,(4,1,4),(2,
2),(-0.0536922536747157,-0.0250525579662541,0.),(0.,0.07),.UNSPECIFIED.);
#151=B_SPLINE_SURFACE_WITH_KNOTS('',3,1,((#9466,#9467),(#9468,#9469),(#9470,
#9471),(#9472,#9473),(#9474,#9475)),.UNSPECIFIED.,.F.,.F.,.F.,(4,1,4),(2,
2),(-0.0145780870887053,-0.00796823835157168,0.),(0.,0.07),
 .UNSPECIFIED.);
#152=B_SPLINE_SURFACE_WITH_KNOTS('',3,1,((#9483,#9484),(#9485,#9486),(#9487,
#9488),(#9489,#9490),(#9491,#9492)),.UNSPECIFIED.,.F.,.F.,.F.,(4,1,4),(2,
2),(-0.0128945423941631,-0.00613445509716318,0.),(0.,0.07),
 .UNSPECIFIED.);
#153=B_SPLINE_SURFACE_WITH_KNOTS('',3,1,((#9500,#9501),(#9502,#9503),(#9504,
#9505),(#9506,#9507),(#9508,#9509)),.UNSPECIFIED.,.F.,.F.,.F.,(4,1,4),(2,
2),(-0.0224727250139438,-0.0105028004607581,0.),(0.,0.07),.UNSPECIFIED.);
#154=B_SPLINE_SURFACE_WITH_KNOTS('',3,1,((#9537,#9538),(#9539,#9540),(#9541,
#9542),(#9543,#9544),(#9545,#9546)),.UNSPECIFIED.,.F.,.F.,.F.,(4,1,4),(2,
2),(-0.0257979515051063,-0.013179555012222,0.),(0.,0.07),.UNSPECIFIED.);
#155=B_SPLINE_SURFACE_WITH_KNOTS('',3,1,((#9554,#9555),(#9556,#9557),(#9558,
#9559),(#9560,#9561),(#9562,#9563)),.UNSPECIFIED.,.F.,.F.,.F.,(4,1,4),(2,
2),(-0.0275835544064977,-0.0130796673219542,0.),(0.,0.07),.UNSPECIFIED.);
#156=B_SPLINE_SURFACE_WITH_KNOTS('',3,1,((#9570,#9571),(#9572,#9573),(#9574,
#9575),(#9576,#9577),(#9578,#9579)),.UNSPECIFIED.,.F.,.F.,.F.,(4,1,4),(2,
2),(-0.050662764948953,-0.0264068813914139,0.),(0.,0.07),.UNSPECIFIED.);
#157=B_SPLINE_SURFACE_WITH_KNOTS('',3,1,((#9589,#9590),(#9591,#9592),(#9593,
#9594),(#9595,#9596),(#9597,#9598)),.UNSPECIFIED.,.F.,.F.,.F.,(4,1,4),(2,
2),(-0.0536155772536747,-0.024982667322766,0.),(0.,0.07),.UNSPECIFIED.);
#158=B_SPLINE_SURFACE_WITH_KNOTS('',3,1,((#9618,#9619),(#9620,#9621),(#9622,
#9623),(#9624,#9625),(#9626,#9627)),.UNSPECIFIED.,.F.,.F.,.F.,(4,1,4),(2,
2),(-0.0274514379231206,-0.0149651590935487,0.),(0.,0.07),.UNSPECIFIED.);
#159=B_SPLINE_SURFACE_WITH_KNOTS('',3,1,((#9635,#9636),(#9637,#9638),(#9639,
#9640),(#9641,#9642),(#9643,#9644)),.UNSPECIFIED.,.F.,.F.,.F.,(4,1,4),(2,
2),(-0.0225956653619965,-0.0101801250283231,0.),(0.,0.07),.UNSPECIFIED.);
#160=B_SPLINE_SURFACE_WITH_KNOTS('',3,1,((#9672,#9673),(#9674,#9675),(#9676,
#9677),(#9678,#9679),(#9680,#9681)),.UNSPECIFIED.,.F.,.F.,.F.,(4,1,4),(2,
2),(-0.0301482519400299,-0.0155009160725932,0.),(0.,0.07),.UNSPECIFIED.);
#161=B_SPLINE_SURFACE_WITH_KNOTS('',3,1,((#9689,#9690),(#9691,#9692),(#9693,
#9694),(#9695,#9696),(#9697,#9698)),.UNSPECIFIED.,.F.,.F.,.F.,(4,1,4),(2,
2),(-0.0315366856238434,-0.0150054215462238,0.),(0.,0.07),.UNSPECIFIED.);
#162=B_SPLINE_CURVE_WITH_KNOTS('',3,(#6493,#6494,#6495,#6496,#6497),
 .UNSPECIFIED.,.F.,.F.,(4,1,4),(0.,0.0437900927334184,0.0809733032683472),
 .UNSPECIFIED.);
#163=B_SPLINE_CURVE_WITH_KNOTS('',3,(#6499,#6500,#6501,#6502,#6503),
 .UNSPECIFIED.,.F.,.F.,(4,1,4),(0.,0.0354013970147291,0.0740583505625688),
 .UNSPECIFIED.);
#164=B_SPLINE_CURVE_WITH_KNOTS('',3,(#6507,#6508,#6509,#6510,#6511),
 .UNSPECIFIED.,.F.,.F.,(4,1,4),(0.,0.0386569535478398,0.0740583382544081),
 .UNSPECIFIED.);
#165=B_SPLINE_CURVE_WITH_KNOTS('',3,(#6513,#6514,#6515,#6516,#6517),
 .UNSPECIFIED.,.F.,.F.,(4,1,4),(0.,0.0371832030745421,0.0809732958079605),
 .UNSPECIFIED.);
#166=B_SPLINE_CURVE_WITH_KNOTS('',3,(#6519,#6520,#6521,#6522,#6523),
 .UNSPECIFIED.,.F.,.F.,(4,1,4),(0.,0.0443142495312606,0.0809670688232876),
 .UNSPECIFIED.);
#167=B_SPLINE_CURVE_WITH_KNOTS('',3,(#6525,#6526,#6527,#6528,#6529),
 .UNSPECIFIED.,.F.,.F.,(4,1,4),(0.,0.0349173740705821,0.0737493024682405),
 .UNSPECIFIED.);
#168=B_SPLINE_CURVE_WITH_KNOTS('',3,(#6533,#6534,#6535,#6536,#6537),
 .UNSPECIFIED.,.F.,.F.,(4,1,4),(0.,0.0388319185988001,0.0737492397442449),
 .UNSPECIFIED.);
#169=B_SPLINE_CURVE_WITH_KNOTS('',3,(#6538,#6539,#6540,#6541,#6542),
 .UNSPECIFIED.,.F.,.F.,(4,1,4),(0.,0.0366528418337175,0.0809670913649781),
 .UNSPECIFIED.);
#170=B_SPLINE_CURVE_WITH_KNOTS('',3,(#6545,#6546,#6547,#6548,#6549),
 .UNSPECIFIED.,.F.,.F.,(4,1,4),(0.,0.0153049357872921,0.0258305132583948),
 .UNSPECIFIED.);
#171=B_SPLINE_CURVE_WITH_KNOTS('',3,(#6551,#6552,#6553,#6554,#6555),
 .UNSPECIFIED.,.F.,.F.,(4,1,4),(0.,0.00775098763125533,0.0151473408672283),
 .UNSPECIFIED.);
#172=B_SPLINE_CURVE_WITH_KNOTS('',3,(#6565,#6566,#6567,#6568,#6569),
 .UNSPECIFIED.,.F.,.F.,(4,1,4),(0.,0.0288654393695836,0.0538437714447162),
 .UNSPECIFIED.);
#173=B_SPLINE_CURVE_WITH_KNOTS('',3,(#6571,#6572,#6573,#6574,#6575),
 .UNSPECIFIED.,.F.,.F.,(4,1,4),(0.,0.0241624914776001,0.0499475433256038),
 .UNSPECIFIED.);
#174=B_SPLINE_CURVE_WITH_KNOTS('',3,(#6579,#6580,#6581,#6582,#6583),
 .UNSPECIFIED.,.F.,.F.,(4,1,4),(0.,0.0156103975396969,0.0254723644083796),
 .UNSPECIFIED.);
#175=B_SPLINE_CURVE_WITH_KNOTS('',3,(#6585,#6586,#6587,#6588,#6589),
 .UNSPECIFIED.,.F.,.F.,(4,1,4),(0.,0.006768034963441,0.0135643230649226),
 .UNSPECIFIED.);
#176=B_SPLINE_CURVE_WITH_KNOTS('',3,(#6593,#6594,#6595,#6596,#6597),
 .UNSPECIFIED.,.F.,.F.,(4,1,4),(0.,0.00730861727190274,0.0149520237734281),
 .UNSPECIFIED.);
#177=B_SPLINE_CURVE_WITH_KNOTS('',3,(#6599,#6600,#6601,#6602,#6603),
 .UNSPECIFIED.,.F.,.F.,(4,1,4),(0.,0.00909774251089529,0.0202789300715834),
 .UNSPECIFIED.);
#178=B_SPLINE_CURVE_WITH_KNOTS('',3,(#6605,#6606,#6607,#6608,#6609),
 .UNSPECIFIED.,.F.,.F.,(4,1,4),(0.,0.0145589449184717,0.0285607404233396),
 .UNSPECIFIED.);
#179=B_SPLINE_CURVE_WITH_KNOTS('',3,(#6611,#6612,#6613,#6614,#6615),
 .UNSPECIFIED.,.F.,.F.,(4,1,4),(0.,0.0144831486671789,0.0303500421942395),
 .UNSPECIFIED.);
#180=B_SPLINE_CURVE_WITH_KNOTS('',3,(#6619,#6620,#6621,#6622,#6623),
 .UNSPECIFIED.,.F.,.F.,(4,1,4),(0.,0.0249270002999964,0.0491276021649838),
 .UNSPECIFIED.);
#181=B_SPLINE_CURVE_WITH_KNOTS('',3,(#6625,#6626,#6627,#6628,#6629),
 .UNSPECIFIED.,.F.,.F.,(4,1,4),(0.,0.0250657029695111,0.0527725347513673),
 .UNSPECIFIED.);
#182=B_SPLINE_CURVE_WITH_KNOTS('',3,(#6631,#6632,#6633,#6634,#6635),
 .UNSPECIFIED.,.F.,.F.,(4,1,4),(0.,0.0274087709600798,0.0517047568023192),
 .UNSPECIFIED.);
#183=B_SPLINE_CURVE_WITH_KNOTS('',3,(#6637,#6638,#6639,#6640,#6641),
 .UNSPECIFIED.,.F.,.F.,(4,1,4),(0.,0.0215417075003332,0.0409875982262142),
 .UNSPECIFIED.);
#184=B_SPLINE_CURVE_WITH_KNOTS('',3,(#6643,#6644,#6645,#6646,#6647),
 .UNSPECIFIED.,.F.,.F.,(4,1,4),(0.,0.0186872631764067,0.0380380070205604),
 .UNSPECIFIED.);
#185=B_SPLINE_CURVE_WITH_KNOTS('',3,(#6651,#6652,#6653,#6654,#6655),
 .UNSPECIFIED.,.F.,.F.,(4,1,4),(0.,0.0189845621452466,0.0365944902414642),
 .UNSPECIFIED.);
#186=B_SPLINE_CURVE_WITH_KNOTS('',3,(#6657,#6658,#6659,#6660,#6661),
 .UNSPECIFIED.,.F.,.F.,(4,1,4),(0.,0.0201744496685915,0.0458623414252917),
 .UNSPECIFIED.);
#187=B_SPLINE_CURVE_WITH_KNOTS('',3,(#6665,#6666,#6667,#6668,#6669),
 .UNSPECIFIED.,.F.,.F.,(4,1,4),(0.,0.0153049357872921,0.0258305132583948),
 .UNSPECIFIED.);
#188=B_SPLINE_CURVE_WITH_KNOTS('',3,(#6671,#6672,#6673,#6674,#6675),
 .UNSPECIFIED.,.F.,.F.,(4,1,4),(0.,0.00775098763125533,0.0151473408672283),
 .UNSPECIFIED.);
#189=B_SPLINE_CURVE_WITH_KNOTS('',3,(#6685,#6686,#6687,#6688,#6689),
 .UNSPECIFIED.,.F.,.F.,(4,1,4),(0.,0.0288654393695836,0.0538437714447162),
 .UNSPECIFIED.);
#190=B_SPLINE_CURVE_WITH_KNOTS('',3,(#6691,#6692,#6693,#6694,#6695),
 .UNSPECIFIED.,.F.,.F.,(4,1,4),(0.,0.0241624914776001,0.0499475433256038),
 .UNSPECIFIED.);
#191=B_SPLINE_CURVE_WITH_KNOTS('',3,(#6699,#6700,#6701,#6702,#6703),
 .UNSPECIFIED.,.F.,.F.,(4,1,4),(0.,0.0156104943596445,0.0254723727282454),
 .UNSPECIFIED.);
#192=B_SPLINE_CURVE_WITH_KNOTS('',3,(#6705,#6706,#6707,#6708,#6709),
 .UNSPECIFIED.,.F.,.F.,(4,1,4),(0.,0.00676815763110376,0.0135644253737966),
 .UNSPECIFIED.);
#193=B_SPLINE_CURVE_WITH_KNOTS('',3,(#6713,#6714,#6715,#6716,#6717),
 .UNSPECIFIED.,.F.,.F.,(4,1,4),(0.,0.00730864567074038,0.0149520521722658),
 .UNSPECIFIED.);
#194=B_SPLINE_CURVE_WITH_KNOTS('',3,(#6719,#6720,#6721,#6722,#6723),
 .UNSPECIFIED.,.F.,.F.,(4,1,4),(0.,0.00909774251089529,0.0202789300715834),
 .UNSPECIFIED.);
#195=B_SPLINE_CURVE_WITH_KNOTS('',3,(#6725,#6726,#6727,#6728,#6729),
 .UNSPECIFIED.,.F.,.F.,(4,1,4),(0.,0.0145588261184427,0.028560736788567),
 .UNSPECIFIED.);
#196=B_SPLINE_CURVE_WITH_KNOTS('',3,(#6731,#6732,#6733,#6734,#6735),
 .UNSPECIFIED.,.F.,.F.,(4,1,4),(0.,0.0144832570652518,0.0303500496353133),
 .UNSPECIFIED.);
#197=B_SPLINE_CURVE_WITH_KNOTS('',3,(#6739,#6740,#6741,#6742,#6743),
 .UNSPECIFIED.,.F.,.F.,(4,1,4),(0.,0.024926900169625,0.0491276108876883),
 .UNSPECIFIED.);
#198=B_SPLINE_CURVE_WITH_KNOTS('',3,(#6745,#6746,#6747,#6748,#6749),
 .UNSPECIFIED.,.F.,.F.,(4,1,4),(0.,0.0250655872573518,0.0527725379347315),
 .UNSPECIFIED.);
#199=B_SPLINE_CURVE_WITH_KNOTS('',3,(#6751,#6752,#6753,#6754,#6755),
 .UNSPECIFIED.,.F.,.F.,(4,1,4),(0.,0.0274088897891006,0.0517047608530238),
 .UNSPECIFIED.);
#200=B_SPLINE_CURVE_WITH_KNOTS('',3,(#6757,#6758,#6759,#6760,#6761),
 .UNSPECIFIED.,.F.,.F.,(4,1,4),(0.,0.0215417075003332,0.0409875982262142),
 .UNSPECIFIED.);
#201=B_SPLINE_CURVE_WITH_KNOTS('',3,(#6763,#6764,#6765,#6766,#6767),
 .UNSPECIFIED.,.F.,.F.,(4,1,4),(0.,0.0186872631764067,0.0380380070205604),
 .UNSPECIFIED.);
#202=B_SPLINE_CURVE_WITH_KNOTS('',3,(#6771,#6772,#6773,#6774,#6775),
 .UNSPECIFIED.,.F.,.F.,(4,1,4),(0.,0.0189845621452466,0.0365944902414642),
 .UNSPECIFIED.);
#203=B_SPLINE_CURVE_WITH_KNOTS('',3,(#6777,#6778,#6779,#6780,#6781),
 .UNSPECIFIED.,.F.,.F.,(4,1,4),(0.,0.0201744496685915,0.0458623414252917),
 .UNSPECIFIED.);
#204=B_SPLINE_CURVE_WITH_KNOTS('',3,(#6873,#6874,#6875,#6876,#6877),
 .UNSPECIFIED.,.F.,.F.,(4,1,4),(0.,0.0264068813914139,0.050662764948953),
 .UNSPECIFIED.);
#205=B_SPLINE_CURVE_WITH_KNOTS('',3,(#6879,#6880,#6881,#6882,#6883),
 .UNSPECIFIED.,.F.,.F.,(4,1,4),(0.,0.024982667322766,0.0536155772536747),
 .UNSPECIFIED.);
#206=B_SPLINE_CURVE_WITH_KNOTS('',3,(#6891,#6892,#6893,#6894,#6895),
 .UNSPECIFIED.,.F.,.F.,(4,1,4),(0.,0.0149651590935487,0.0274514379231206),
 .UNSPECIFIED.);
#207=B_SPLINE_CURVE_WITH_KNOTS('',3,(#6897,#6898,#6899,#6900,#6901),
 .UNSPECIFIED.,.F.,.F.,(4,1,4),(0.,0.0101801250283231,0.0225956653619965),
 .UNSPECIFIED.);
#208=B_SPLINE_CURVE_WITH_KNOTS('',3,(#6913,#6914,#6915,#6916,#6917),
 .UNSPECIFIED.,.F.,.F.,(4,1,4),(0.,0.0155009160725932,0.0301482519400299),
 .UNSPECIFIED.);
#209=B_SPLINE_CURVE_WITH_KNOTS('',3,(#6918,#6919,#6920,#6921,#6922),
 .UNSPECIFIED.,.F.,.F.,(4,1,4),(0.,0.0150054215462238,0.0315366856238434),
 .UNSPECIFIED.);
#210=B_SPLINE_CURVE_WITH_KNOTS('',3,(#6925,#6926,#6927,#6928,#6929),
 .UNSPECIFIED.,.F.,.F.,(4,1,4),(0.,0.0264509425005408,0.0508185782513434),
 .UNSPECIFIED.);
#211=B_SPLINE_CURVE_WITH_KNOTS('',3,(#6931,#6932,#6933,#6934,#6935),
 .UNSPECIFIED.,.F.,.F.,(4,1,4),(0.,0.0250525579662541,0.0536922536747157),
 .UNSPECIFIED.);
#212=B_SPLINE_CURVE_WITH_KNOTS('',3,(#6943,#6944,#6945,#6946,#6947),
 .UNSPECIFIED.,.F.,.F.,(4,1,4),(0.,0.00796823835157168,0.0145780870887053),
 .UNSPECIFIED.);
#213=B_SPLINE_CURVE_WITH_KNOTS('',3,(#6949,#6950,#6951,#6952,#6953),
 .UNSPECIFIED.,.F.,.F.,(4,1,4),(0.,0.00613445509716318,0.0128945423941631),
 .UNSPECIFIED.);
#214=B_SPLINE_CURVE_WITH_KNOTS('',3,(#6955,#6956,#6957,#6958,#6959),
 .UNSPECIFIED.,.F.,.F.,(4,1,4),(0.,0.0105028004607581,0.0224727250139438),
 .UNSPECIFIED.);
#215=B_SPLINE_CURVE_WITH_KNOTS('',3,(#6971,#6972,#6973,#6974,#6975),
 .UNSPECIFIED.,.F.,.F.,(4,1,4),(0.,0.013179555012222,0.0257979515051063),
 .UNSPECIFIED.);
#216=B_SPLINE_CURVE_WITH_KNOTS('',3,(#6976,#6977,#6978,#6979,#6980),
 .UNSPECIFIED.,.F.,.F.,(4,1,4),(0.,0.0130796673219542,0.0275835544064977),
 .UNSPECIFIED.);
#217=B_SPLINE_CURVE_WITH_KNOTS('',3,(#6983,#6984,#6985,#6986,#6987),
 .UNSPECIFIED.,.F.,.F.,(4,1,4),(0.,0.0211694861987067,0.0406928716439058),
 .UNSPECIFIED.);
#218=B_SPLINE_CURVE_WITH_KNOTS('',3,(#6989,#6990,#6991,#6992,#6993),
 .UNSPECIFIED.,.F.,.F.,(4,1,4),(0.,0.0186780488423548,0.0372902939736651),
 .UNSPECIFIED.);
#219=B_SPLINE_CURVE_WITH_KNOTS('',3,(#6995,#6996,#6997,#6998,#6999),
 .UNSPECIFIED.,.F.,.F.,(4,1,4),(0.,0.0193997219514803,0.040135740741002),
 .UNSPECIFIED.);
#220=B_SPLINE_CURVE_WITH_KNOTS('',3,(#7003,#7004,#7005,#7006,#7007),
 .UNSPECIFIED.,.F.,.F.,(4,1,4),(0.,0.0221270139922103,0.0438467278106461),
 .UNSPECIFIED.);
#221=B_SPLINE_CURVE_WITH_KNOTS('',3,(#7009,#7010,#7011,#7012,#7013),
 .UNSPECIFIED.,.F.,.F.,(4,1,4),(0.,0.0220753027332592,0.0457090270306474),
 .UNSPECIFIED.);
#222=B_SPLINE_CURVE_WITH_KNOTS('',3,(#7015,#7016,#7017,#7018,#7019),
 .UNSPECIFIED.,.F.,.F.,(4,1,4),(0.,0.0262642393432162,0.0563198147676547),
 .UNSPECIFIED.);
#223=B_SPLINE_CURVE_WITH_KNOTS('',3,(#7021,#7022,#7023,#7024,#7025),
 .UNSPECIFIED.,.F.,.F.,(4,1,4),(0.,0.0444402307830375,0.0830365850407219),
 .UNSPECIFIED.);
#224=B_SPLINE_CURVE_WITH_KNOTS('',3,(#7027,#7028,#7029,#7030,#7031),
 .UNSPECIFIED.,.F.,.F.,(4,1,4),(0.,0.0390161243041035,0.0840193763350493),
 .UNSPECIFIED.);
#225=B_SPLINE_CURVE_WITH_KNOTS('',3,(#7035,#7036,#7037,#7038,#7039),
 .UNSPECIFIED.,.F.,.F.,(4,1,4),(0.,0.0605880043899845,0.115913638792663),
 .UNSPECIFIED.);
#226=B_SPLINE_CURVE_WITH_KNOTS('',3,(#7041,#7042,#7043,#7044,#7045),
 .UNSPECIFIED.,.F.,.F.,(4,1,4),(0.,0.0607951391431923,0.134091876997677),
 .UNSPECIFIED.);
#227=B_SPLINE_CURVE_WITH_KNOTS('',3,(#7049,#7050,#7051,#7052,#7053),
 .UNSPECIFIED.,.F.,.F.,(4,1,4),(0.,0.0367115170433384,0.0661011036915746),
 .UNSPECIFIED.);
#228=B_SPLINE_CURVE_WITH_KNOTS('',3,(#7055,#7056,#7057,#7058,#7059),
 .UNSPECIFIED.,.F.,.F.,(4,1,4),(0.,0.024101599671467,0.0480996362757875),
 .UNSPECIFIED.);
#229=B_SPLINE_CURVE_WITH_KNOTS('',3,(#7060,#7061,#7062,#7063,#7064),
 .UNSPECIFIED.,.F.,.F.,(4,1,4),(0.,0.0253680133968053,0.0540436793837616),
 .UNSPECIFIED.);
#230=B_SPLINE_CURVE_WITH_KNOTS('',3,(#7067,#7068,#7069,#7070,#7071),
 .UNSPECIFIED.,.F.,.F.,(4,1,4),(0.,0.00593077740552775,0.0105029103306745),
 .UNSPECIFIED.);
#231=B_SPLINE_CURVE_WITH_KNOTS('',3,(#7073,#7074,#7075,#7076,#7077),
 .UNSPECIFIED.,.F.,.F.,(4,1,4),(0.,0.00427189040154781,0.00955661389433103),
 .UNSPECIFIED.);
#232=B_SPLINE_CURVE_WITH_KNOTS('',3,(#7079,#7080,#7081,#7082,#7083),
 .UNSPECIFIED.,.F.,.F.,(4,1,4),(0.,0.00276924013670078,0.00537240324149667),
 .UNSPECIFIED.);
#233=B_SPLINE_CURVE_WITH_KNOTS('',3,(#7087,#7088,#7089,#7090,#7091),
 .UNSPECIFIED.,.F.,.F.,(4,1,4),(0.,0.0174498503120697,0.0359291318919677),
 .UNSPECIFIED.);
#234=B_SPLINE_CURVE_WITH_KNOTS('',3,(#7093,#7094,#7095,#7096,#7097),
 .UNSPECIFIED.,.F.,.F.,(4,1,4),(0.,0.0261759427273665,0.0497211523295219),
 .UNSPECIFIED.);
#235=B_SPLINE_CURVE_WITH_KNOTS('',3,(#7099,#7100,#7101,#7102,#7103),
 .UNSPECIFIED.,.F.,.F.,(4,1,4),(0.,0.0232604820242631,0.0499753927620182),
 .UNSPECIFIED.);
#236=B_SPLINE_CURVE_WITH_KNOTS('',3,(#7117,#7118,#7119,#7120,#7121),
 .UNSPECIFIED.,.F.,.F.,(4,1,4),(0.,0.0322420616275849,0.0631830439819754),
 .UNSPECIFIED.);
#237=B_SPLINE_CURVE_WITH_KNOTS('',3,(#7123,#7124,#7125,#7126,#7127),
 .UNSPECIFIED.,.F.,.F.,(4,1,4),(0.,0.0248215546959113,0.0483030600104361),
 .UNSPECIFIED.);
#238=B_SPLINE_CURVE_WITH_KNOTS('',3,(#7129,#7130,#7131,#7132,#7133),
 .UNSPECIFIED.,.F.,.F.,(4,1,4),(0.,0.0236985934346165,0.0496943737527636),
 .UNSPECIFIED.);
#239=B_SPLINE_CURVE_WITH_KNOTS('',3,(#7141,#7142,#7143,#7144,#7145),
 .UNSPECIFIED.,.F.,.F.,(4,1,4),(0.,0.0109563485743131,0.0214609799048036),
 .UNSPECIFIED.);
#240=B_SPLINE_CURVE_WITH_KNOTS('',3,(#7147,#7148,#7149,#7150,#7151),
 .UNSPECIFIED.,.F.,.F.,(4,1,4),(0.,0.0107625407258919,0.0228005377973728),
 .UNSPECIFIED.);
#241=B_SPLINE_CURVE_WITH_KNOTS('',3,(#7157,#7158,#7159,#7160,#7161),
 .UNSPECIFIED.,.F.,.F.,(4,1,4),(0.,0.0264603091297241,0.0513527086827923),
 .UNSPECIFIED.);
#242=B_SPLINE_CURVE_WITH_KNOTS('',3,(#7163,#7164,#7165,#7166,#7167),
 .UNSPECIFIED.,.F.,.F.,(4,1,4),(0.,0.0230648470593603,0.0443801160395415),
 .UNSPECIFIED.);
#243=B_SPLINE_CURVE_WITH_KNOTS('',3,(#7171,#7172,#7173,#7174,#7175),
 .UNSPECIFIED.,.F.,.F.,(4,1,4),(0.,0.0148119793639796,0.0277214384180152),
 .UNSPECIFIED.);
#244=B_SPLINE_CURVE_WITH_KNOTS('',3,(#7177,#7178,#7179,#7180,#7181),
 .UNSPECIFIED.,.F.,.F.,(4,1,4),(0.,0.0120618661088283,0.0243333561350567),
 .UNSPECIFIED.);
#245=B_SPLINE_CURVE_WITH_KNOTS('',3,(#7183,#7184,#7185,#7186,#7187),
 .UNSPECIFIED.,.F.,.F.,(4,1,4),(0.,0.00935439013917171,0.0162174717902549),
 .UNSPECIFIED.);
#246=B_SPLINE_CURVE_WITH_KNOTS('',3,(#7189,#7190,#7191,#7192,#7193),
 .UNSPECIFIED.,.F.,.F.,(4,1,4),(0.,0.00495719638047074,0.00905117832973355),
 .UNSPECIFIED.);
#247=B_SPLINE_CURVE_WITH_KNOTS('',3,(#7197,#7198,#7199,#7200,#7201),
 .UNSPECIFIED.,.F.,.F.,(4,1,4),(0.,0.00429316104348242,0.00959643577137732),
 .UNSPECIFIED.);
#248=B_SPLINE_CURVE_WITH_KNOTS('',3,(#7203,#7204,#7205,#7206,#7207),
 .UNSPECIFIED.,.F.,.F.,(4,1,4),(0.,0.00830884042622257,0.0211424284873773),
 .UNSPECIFIED.);
#249=B_SPLINE_CURVE_WITH_KNOTS('',3,(#7211,#7212,#7213,#7214,#7215),
 .UNSPECIFIED.,.F.,.F.,(4,1,4),(0.,0.0217916652144851,0.0393127406184975),
 .UNSPECIFIED.);
#250=B_SPLINE_CURVE_WITH_KNOTS('',3,(#7217,#7218,#7219,#7220,#7221),
 .UNSPECIFIED.,.F.,.F.,(4,1,4),(0.,0.0158200977759791,0.033208223609275),
 .UNSPECIFIED.);
#251=B_SPLINE_CURVE_WITH_KNOTS('',3,(#7225,#7226,#7227,#7228,#7229),
 .UNSPECIFIED.,.F.,.F.,(4,1,4),(0.,0.0173137074892494,0.0342767013397611),
 .UNSPECIFIED.);
#252=B_SPLINE_CURVE_WITH_KNOTS('',3,(#7231,#7232,#7233,#7234,#7235),
 .UNSPECIFIED.,.F.,.F.,(4,1,4),(0.,0.0179109112591871,0.0376975567901268),
 .UNSPECIFIED.);
#253=B_SPLINE_CURVE_WITH_KNOTS('',3,(#7237,#7238,#7239,#7240,#7241),
 .UNSPECIFIED.,.F.,.F.,(4,1,4),(0.,0.0220250500281896,0.0463385464833911),
 .UNSPECIFIED.);
#254=B_SPLINE_CURVE_WITH_KNOTS('',3,(#7243,#7244,#7245,#7246,#7247),
 .UNSPECIFIED.,.F.,.F.,(4,1,4),(0.,0.0218217349637067,0.0435016735793079),
 .UNSPECIFIED.);
#255=B_SPLINE_CURVE_WITH_KNOTS('',3,(#7249,#7250,#7251,#7252,#7253),
 .UNSPECIFIED.,.F.,.F.,(4,1,4),(0.,0.0208126326604918,0.0400300750172803),
 .UNSPECIFIED.);
#256=B_SPLINE_CURVE_WITH_KNOTS('',3,(#7257,#7258,#7259,#7260,#7261),
 .UNSPECIFIED.,.F.,.F.,(4,1,4),(0.,0.0128930178246394,0.0233741514486913),
 .UNSPECIFIED.);
#257=B_SPLINE_CURVE_WITH_KNOTS('',3,(#7263,#7264,#7265,#7266,#7267),
 .UNSPECIFIED.,.F.,.F.,(4,1,4),(0.,0.00979092462087362,0.0206180910007606),
 .UNSPECIFIED.);
#258=B_SPLINE_CURVE_WITH_KNOTS('',3,(#7269,#7270,#7271,#7272,#7273),
 .UNSPECIFIED.,.F.,.F.,(4,1,4),(0.,0.00726731754652995,0.0129543312369704),
 .UNSPECIFIED.);
#259=B_SPLINE_CURVE_WITH_KNOTS('',3,(#7275,#7276,#7277,#7278,#7279),
 .UNSPECIFIED.,.F.,.F.,(4,1,4),(0.,0.00454569566259405,0.00861775769763899),
 .UNSPECIFIED.);
#260=B_SPLINE_CURVE_WITH_KNOTS('',3,(#7283,#7284,#7285,#7286,#7287),
 .UNSPECIFIED.,.F.,.F.,(4,1,4),(0.,0.00378438858961567,0.00827405729320356),
 .UNSPECIFIED.);
#261=B_SPLINE_CURVE_WITH_KNOTS('',3,(#7289,#7290,#7291,#7292,#7293),
 .UNSPECIFIED.,.F.,.F.,(4,1,4),(0.,0.00824745351979118,0.0226643598236527),
 .UNSPECIFIED.);
#262=B_SPLINE_CURVE_WITH_KNOTS('',3,(#7297,#7298,#7299,#7300,#7301),
 .UNSPECIFIED.,.F.,.F.,(4,1,4),(0.,0.021330332506731,0.0391184499812358),
 .UNSPECIFIED.);
#263=B_SPLINE_CURVE_WITH_KNOTS('',3,(#7303,#7304,#7305,#7306,#7307),
 .UNSPECIFIED.,.F.,.F.,(4,1,4),(0.,0.0162247749168175,0.0334944103530004),
 .UNSPECIFIED.);
#264=B_SPLINE_CURVE_WITH_KNOTS('',3,(#7311,#7312,#7313,#7314,#7315),
 .UNSPECIFIED.,.F.,.F.,(4,1,4),(0.,0.0271243915869889,0.0540203955503587),
 .UNSPECIFIED.);
#265=B_SPLINE_CURVE_WITH_KNOTS('',3,(#7316,#7317,#7318,#7319,#7320),
 .UNSPECIFIED.,.F.,.F.,(4,1,4),(0.,0.0311455681220469,0.0676474273260046),
 .UNSPECIFIED.);
#266=B_SPLINE_CURVE_WITH_KNOTS('',3,(#7334,#7335,#7336,#7337,#7338),
 .UNSPECIFIED.,.F.,.F.,(4,1,4),(-0.0513527086827923,-0.0264603091297241,
0.),.UNSPECIFIED.);
#267=B_SPLINE_CURVE_WITH_KNOTS('',3,(#7351,#7352,#7353,#7354,#7355),
 .UNSPECIFIED.,.F.,.F.,(4,1,4),(-0.0443801160395415,-0.0230648470593603,
0.),.UNSPECIFIED.);
#268=B_SPLINE_CURVE_WITH_KNOTS('',3,(#7372,#7373,#7374,#7375,#7376),
 .UNSPECIFIED.,.F.,.F.,(4,1,4),(-0.0277214384180152,-0.0148119793639796,
0.),.UNSPECIFIED.);
#269=B_SPLINE_CURVE_WITH_KNOTS('',3,(#7389,#7390,#7391,#7392,#7393),
 .UNSPECIFIED.,.F.,.F.,(4,1,4),(-0.0243333561350567,-0.0120618661088283,
0.),.UNSPECIFIED.);
#270=B_SPLINE_CURVE_WITH_KNOTS('',3,(#7406,#7407,#7408,#7409,#7410),
 .UNSPECIFIED.,.F.,.F.,(4,1,4),(-0.0162174717902549,-0.00935439013917171,
0.),.UNSPECIFIED.);
#271=B_SPLINE_CURVE_WITH_KNOTS('',3,(#7423,#7424,#7425,#7426,#7427),
 .UNSPECIFIED.,.F.,.F.,(4,1,4),(-0.00905117832973355,-0.00495719638047074,
0.),.UNSPECIFIED.);
#272=B_SPLINE_CURVE_WITH_KNOTS('',3,(#7444,#7445,#7446,#7447,#7448),
 .UNSPECIFIED.,.F.,.F.,(4,1,4),(-0.00959643577137732,-0.00429316104348242,
0.),.UNSPECIFIED.);
#273=B_SPLINE_CURVE_WITH_KNOTS('',3,(#7461,#7462,#7463,#7464,#7465),
 .UNSPECIFIED.,.F.,.F.,(4,1,4),(-0.0211424284873773,-0.00830884042622257,
0.),.UNSPECIFIED.);
#274=B_SPLINE_CURVE_WITH_KNOTS('',3,(#7482,#7483,#7484,#7485,#7486),
 .UNSPECIFIED.,.F.,.F.,(4,1,4),(-0.0393127406184975,-0.0217916652144851,
0.),.UNSPECIFIED.);
#275=B_SPLINE_CURVE_WITH_KNOTS('',3,(#7499,#7500,#7501,#7502,#7503),
 .UNSPECIFIED.,.F.,.F.,(4,1,4),(-0.033208223609275,-0.0158200977759791,
0.),.UNSPECIFIED.);
#276=B_SPLINE_CURVE_WITH_KNOTS('',3,(#7520,#7521,#7522,#7523,#7524),
 .UNSPECIFIED.,.F.,.F.,(4,1,4),(-0.0342767013397611,-0.0173137074892494,
0.),.UNSPECIFIED.);
#277=B_SPLINE_CURVE_WITH_KNOTS('',3,(#7537,#7538,#7539,#7540,#7541),
 .UNSPECIFIED.,.F.,.F.,(4,1,4),(-0.0376975567901268,-0.0179109112591871,
0.),.UNSPECIFIED.);
#278=B_SPLINE_CURVE_WITH_KNOTS('',3,(#7554,#7555,#7556,#7557,#7558),
 .UNSPECIFIED.,.F.,.F.,(4,1,4),(-0.0463385464833911,-0.0220250500281896,
0.),.UNSPECIFIED.);
#279=B_SPLINE_CURVE_WITH_KNOTS('',3,(#7571,#7572,#7573,#7574,#7575),
 .UNSPECIFIED.,.F.,.F.,(4,1,4),(-0.0435016735793079,-0.0218217349637067,
0.),.UNSPECIFIED.);
#280=B_SPLINE_CURVE_WITH_KNOTS('',3,(#7588,#7589,#7590,#7591,#7592),
 .UNSPECIFIED.,.F.,.F.,(4,1,4),(-0.0400300750172803,-0.0208126326604918,
0.),.UNSPECIFIED.);
#281=B_SPLINE_CURVE_WITH_KNOTS('',3,(#7609,#7610,#7611,#7612,#7613),
 .UNSPECIFIED.,.F.,.F.,(4,1,4),(-0.0233741514486913,-0.0128930178246394,
0.),.UNSPECIFIED.);
#282=B_SPLINE_CURVE_WITH_KNOTS('',3,(#7626,#7627,#7628,#7629,#7630),
 .UNSPECIFIED.,.F.,.F.,(4,1,4),(-0.0206180910007606,-0.00979092462087362,
0.),.UNSPECIFIED.);
#283=B_SPLINE_CURVE_WITH_KNOTS('',3,(#7643,#7644,#7645,#7646,#7647),
 .UNSPECIFIED.,.F.,.F.,(4,1,4),(-0.0129543312369704,-0.00726731754652995,
0.),.UNSPECIFIED.);
#284=B_SPLINE_CURVE_WITH_KNOTS('',3,(#7660,#7661,#7662,#7663,#7664),
 .UNSPECIFIED.,.F.,.F.,(4,1,4),(-0.00861775769763899,-0.00454569566259405,
0.),.UNSPECIFIED.);
#285=B_SPLINE_CURVE_WITH_KNOTS('',3,(#7681,#7682,#7683,#7684,#7685),
 .UNSPECIFIED.,.F.,.F.,(4,1,4),(-0.00827405729320356,-0.00378438858961567,
0.),.UNSPECIFIED.);
#286=B_SPLINE_CURVE_WITH_KNOTS('',3,(#7698,#7699,#7700,#7701,#7702),
 .UNSPECIFIED.,.F.,.F.,(4,1,4),(-0.0226643598236527,-0.00824745351979118,
0.),.UNSPECIFIED.);
#287=B_SPLINE_CURVE_WITH_KNOTS('',3,(#7719,#7720,#7721,#7722,#7723),
 .UNSPECIFIED.,.F.,.F.,(4,1,4),(-0.0391184499812358,-0.021330332506731,
0.),.UNSPECIFIED.);
#288=B_SPLINE_CURVE_WITH_KNOTS('',3,(#7736,#7737,#7738,#7739,#7740),
 .UNSPECIFIED.,.F.,.F.,(4,1,4),(-0.0334944103530004,-0.0162247749168175,
0.),.UNSPECIFIED.);
#289=B_SPLINE_CURVE_WITH_KNOTS('',3,(#7757,#7758,#7759,#7760,#7761),
 .UNSPECIFIED.,.F.,.F.,(4,1,4),(-0.0540203955503587,-0.0271243915869889,
0.),.UNSPECIFIED.);
#290=B_SPLINE_CURVE_WITH_KNOTS('',3,(#7773,#7774,#7775,#7776,#7777),
 .UNSPECIFIED.,.F.,.F.,(4,1,4),(-0.0676474273260046,-0.0311455681220469,
0.),.UNSPECIFIED.);
#291=B_SPLINE_CURVE_WITH_KNOTS('',3,(#7804,#7805,#7806,#7807,#7808),
 .UNSPECIFIED.,.F.,.F.,(4,1,4),(-0.0631830439819754,-0.0322420616275849,
0.),.UNSPECIFIED.);
#292=B_SPLINE_CURVE_WITH_KNOTS('',3,(#7821,#7822,#7823,#7824,#7825),
 .UNSPECIFIED.,.F.,.F.,(4,1,4),(-0.0483030600104361,-0.0248215546959113,
0.),.UNSPECIFIED.);
#293=B_SPLINE_CURVE_WITH_KNOTS('',3,(#7838,#7839,#7840,#7841,#7842),
 .UNSPECIFIED.,.F.,.F.,(4,1,4),(-0.0496943737527636,-0.0236985934346165,
0.),.UNSPECIFIED.);
#294=B_SPLINE_CURVE_WITH_KNOTS('',3,(#7867,#7868,#7869,#7870,#7871),
 .UNSPECIFIED.,.F.,.F.,(4,1,4),(-0.0214609799048036,-0.0109563485743131,
0.),.UNSPECIFIED.);
#295=B_SPLINE_CURVE_WITH_KNOTS('',3,(#7884,#7885,#7886,#7887,#7888),
 .UNSPECIFIED.,.F.,.F.,(4,1,4),(-0.0228005377973728,-0.0107625407258919,
0.),.UNSPECIFIED.);
#296=B_SPLINE_CURVE_WITH_KNOTS('',3,(#7910,#7911,#7912,#7913,#7914),
 .UNSPECIFIED.,.F.,.F.,(4,1,4),(-0.0105029103306745,-0.00593077740552775,
0.),.UNSPECIFIED.);
#297=B_SPLINE_CURVE_WITH_KNOTS('',3,(#7927,#7928,#7929,#7930,#7931),
 .UNSPECIFIED.,.F.,.F.,(4,1,4),(-0.00955661389433103,-0.00427189040154781,
0.),.UNSPECIFIED.);
#298=B_SPLINE_CURVE_WITH_KNOTS('',3,(#7944,#7945,#7946,#7947,#7948),
 .UNSPECIFIED.,.F.,.F.,(4,1,4),(-0.00537240324149667,-0.00276924013670078,
0.),.UNSPECIFIED.);
#299=B_SPLINE_CURVE_WITH_KNOTS('',3,(#7965,#7966,#7967,#7968,#7969),
 .UNSPECIFIED.,.F.,.F.,(4,1,4),(-0.0359291318919677,-0.0174498503120697,
0.),.UNSPECIFIED.);
#300=B_SPLINE_CURVE_WITH_KNOTS('',3,(#7982,#7983,#7984,#7985,#7986),
 .UNSPECIFIED.,.F.,.F.,(4,1,4),(-0.0497211523295219,-0.0261759427273665,
0.),.UNSPECIFIED.);
#301=B_SPLINE_CURVE_WITH_KNOTS('',3,(#7999,#8000,#8001,#8002,#8003),
 .UNSPECIFIED.,.F.,.F.,(4,1,4),(-0.0499753927620182,-0.0232604820242631,
0.),.UNSPECIFIED.);
#302=B_SPLINE_CURVE_WITH_KNOTS('',3,(#8028,#8029,#8030,#8031,#8032),
 .UNSPECIFIED.,.F.,.F.,(4,1,4),(0.,0.0108490107849808,0.0200060174934173),
 .UNSPECIFIED.);
#303=B_SPLINE_CURVE_WITH_KNOTS('',3,(#8036,#8037,#8038,#8039,#8040),
 .UNSPECIFIED.,.F.,.F.,(4,1,4),(-0.0200060174934173,-0.0108490107849808,
0.),.UNSPECIFIED.);
#304=B_SPLINE_CURVE_WITH_KNOTS('',3,(#8053,#8054,#8055,#8056,#8057),
 .UNSPECIFIED.,.F.,.F.,(4,1,4),(0.,0.0116486887115866,0.028929380022036),
 .UNSPECIFIED.);
#305=B_SPLINE_CURVE_WITH_KNOTS('',3,(#8059,#8060,#8061,#8062,#8063),
 .UNSPECIFIED.,.F.,.F.,(4,1,4),(-0.028929380022036,-0.0116486887115866,
0.),.UNSPECIFIED.);
#306=B_SPLINE_CURVE_WITH_KNOTS('',3,(#8082,#8083,#8084,#8085,#8086),
 .UNSPECIFIED.,.F.,.F.,(4,1,4),(0.,0.017640217500381,0.029670269894555),
 .UNSPECIFIED.);
#307=B_SPLINE_CURVE_WITH_KNOTS('',3,(#8088,#8089,#8090,#8091,#8092),
 .UNSPECIFIED.,.F.,.F.,(4,1,4),(-0.029670269894555,-0.017640217500381,0.),
 .UNSPECIFIED.);
#308=B_SPLINE_CURVE_WITH_KNOTS('',3,(#8105,#8106,#8107,#8108,#8109),
 .UNSPECIFIED.,.F.,.F.,(4,1,4),(0.,0.00936524252712207,0.0200116057176585),
 .UNSPECIFIED.);
#309=B_SPLINE_CURVE_WITH_KNOTS('',3,(#8111,#8112,#8113,#8114,#8115),
 .UNSPECIFIED.,.F.,.F.,(4,1,4),(-0.0200116057176585,-0.00936524252712207,
0.),.UNSPECIFIED.);
#310=B_SPLINE_CURVE_WITH_KNOTS('',3,(#8128,#8129,#8130,#8131,#8132),
 .UNSPECIFIED.,.F.,.F.,(4,1,4),(0.,0.0112602854096567,0.0209661238863332),
 .UNSPECIFIED.);
#311=B_SPLINE_CURVE_WITH_KNOTS('',3,(#8134,#8135,#8136,#8137,#8138),
 .UNSPECIFIED.,.F.,.F.,(4,1,4),(-0.0209661238863332,-0.0112602854096567,
0.),.UNSPECIFIED.);
#312=B_SPLINE_CURVE_WITH_KNOTS('',3,(#8151,#8152,#8153,#8154,#8155),
 .UNSPECIFIED.,.F.,.F.,(4,1,4),(0.,0.0121221437657283,0.029769364931556),
 .UNSPECIFIED.);
#313=B_SPLINE_CURVE_WITH_KNOTS('',3,(#8157,#8158,#8159,#8160,#8161),
 .UNSPECIFIED.,.F.,.F.,(4,1,4),(-0.029769364931556,-0.0121221437657283,
0.),.UNSPECIFIED.);
#314=B_SPLINE_CURVE_WITH_KNOTS('',3,(#8180,#8181,#8182,#8183,#8184),
 .UNSPECIFIED.,.F.,.F.,(4,1,4),(0.,0.0170687905491755,0.0288991530580831),
 .UNSPECIFIED.);
#315=B_SPLINE_CURVE_WITH_KNOTS('',3,(#8186,#8187,#8188,#8189,#8190),
 .UNSPECIFIED.,.F.,.F.,(4,1,4),(-0.0288991530580831,-0.0170687905491755,
0.),.UNSPECIFIED.);
#316=B_SPLINE_CURVE_WITH_KNOTS('',3,(#8202,#8203,#8204,#8205,#8206),
 .UNSPECIFIED.,.F.,.F.,(4,1,4),(0.,0.00962140169054912,0.020873628213266),
 .UNSPECIFIED.);
#317=B_SPLINE_CURVE_WITH_KNOTS('',3,(#8207,#8208,#8209,#8210,#8211),
 .UNSPECIFIED.,.F.,.F.,(4,1,4),(-0.020873628213266,-0.00962140169054912,
0.),.UNSPECIFIED.);
#318=B_SPLINE_CURVE_WITH_KNOTS('',3,(#8225,#8226,#8227,#8228,#8229),
 .UNSPECIFIED.,.F.,.F.,(4,1,4),(-0.0809733032683472,-0.0437900927334184,
0.),.UNSPECIFIED.);
#319=B_SPLINE_CURVE_WITH_KNOTS('',3,(#8242,#8243,#8244,#8245,#8246),
 .UNSPECIFIED.,.F.,.F.,(4,1,4),(-0.0740583505625688,-0.0354013970147291,
0.),.UNSPECIFIED.);
#320=B_SPLINE_CURVE_WITH_KNOTS('',3,(#8263,#8264,#8265,#8266,#8267),
 .UNSPECIFIED.,.F.,.F.,(4,1,4),(-0.0740583382544081,-0.0386569535478398,
0.),.UNSPECIFIED.);
#321=B_SPLINE_CURVE_WITH_KNOTS('',3,(#8280,#8281,#8282,#8283,#8284),
 .UNSPECIFIED.,.F.,.F.,(4,1,4),(-0.0809732958079605,-0.0371832030745421,
0.),.UNSPECIFIED.);
#322=B_SPLINE_CURVE_WITH_KNOTS('',3,(#8297,#8298,#8299,#8300,#8301),
 .UNSPECIFIED.,.F.,.F.,(4,1,4),(-0.0809670688232876,-0.0443142495312606,
0.),.UNSPECIFIED.);
#323=B_SPLINE_CURVE_WITH_KNOTS('',3,(#8314,#8315,#8316,#8317,#8318),
 .UNSPECIFIED.,.F.,.F.,(4,1,4),(-0.0737493024682405,-0.0349173740705821,
0.),.UNSPECIFIED.);
#324=B_SPLINE_CURVE_WITH_KNOTS('',3,(#8335,#8336,#8337,#8338,#8339),
 .UNSPECIFIED.,.F.,.F.,(4,1,4),(-0.0737492397442449,-0.0388319185988001,
0.),.UNSPECIFIED.);
#325=B_SPLINE_CURVE_WITH_KNOTS('',3,(#8351,#8352,#8353,#8354,#8355),
 .UNSPECIFIED.,.F.,.F.,(4,1,4),(-0.0809670913649781,-0.0366528418337175,
0.),.UNSPECIFIED.);
#326=B_SPLINE_CURVE_WITH_KNOTS('',3,(#8371,#8372,#8373,#8374,#8375),
 .UNSPECIFIED.,.F.,.F.,(4,1,4),(-0.0258305132583948,-0.0153049357872921,
0.),.UNSPECIFIED.);
#327=B_SPLINE_CURVE_WITH_KNOTS('',3,(#8388,#8389,#8390,#8391,#8392),
 .UNSPECIFIED.,.F.,.F.,(4,1,4),(-0.0151473408672283,-0.00775098763125533,
0.),.UNSPECIFIED.);
#328=B_SPLINE_CURVE_WITH_KNOTS('',3,(#8421,#8422,#8423,#8424,#8425),
 .UNSPECIFIED.,.F.,.F.,(4,1,4),(-0.0538437714447162,-0.0288654393695836,
0.),.UNSPECIFIED.);
#329=B_SPLINE_CURVE_WITH_KNOTS('',3,(#8438,#8439,#8440,#8441,#8442),
 .UNSPECIFIED.,.F.,.F.,(4,1,4),(-0.0499475433256038,-0.0241624914776001,
0.),.UNSPECIFIED.);
#330=B_SPLINE_CURVE_WITH_KNOTS('',3,(#8459,#8460,#8461,#8462,#8463),
 .UNSPECIFIED.,.F.,.F.,(4,1,4),(-0.0254723644083796,-0.0156103975396969,
0.),.UNSPECIFIED.);
#331=B_SPLINE_CURVE_WITH_KNOTS('',3,(#8476,#8477,#8478,#8479,#8480),
 .UNSPECIFIED.,.F.,.F.,(4,1,4),(-0.0135643230649226,-0.006768034963441,
0.),.UNSPECIFIED.);
#332=B_SPLINE_CURVE_WITH_KNOTS('',3,(#8497,#8498,#8499,#8500,#8501),
 .UNSPECIFIED.,.F.,.F.,(4,1,4),(-0.0149520237734281,-0.00730861727190274,
0.),.UNSPECIFIED.);
#333=B_SPLINE_CURVE_WITH_KNOTS('',3,(#8514,#8515,#8516,#8517,#8518),
 .UNSPECIFIED.,.F.,.F.,(4,1,4),(-0.0202789300715834,-0.00909774251089529,
0.),.UNSPECIFIED.);
#334=B_SPLINE_CURVE_WITH_KNOTS('',3,(#8531,#8532,#8533,#8534,#8535),
 .UNSPECIFIED.,.F.,.F.,(4,1,4),(-0.0285607404233396,-0.0145589449184717,
0.),.UNSPECIFIED.);
#335=B_SPLINE_CURVE_WITH_KNOTS('',3,(#8548,#8549,#8550,#8551,#8552),
 .UNSPECIFIED.,.F.,.F.,(4,1,4),(-0.0303500421942395,-0.0144831486671789,
0.),.UNSPECIFIED.);
#336=B_SPLINE_CURVE_WITH_KNOTS('',3,(#8569,#8570,#8571,#8572,#8573),
 .UNSPECIFIED.,.F.,.F.,(4,1,4),(-0.0491276021649838,-0.0249270002999964,
0.),.UNSPECIFIED.);
#337=B_SPLINE_CURVE_WITH_KNOTS('',3,(#8586,#8587,#8588,#8589,#8590),
 .UNSPECIFIED.,.F.,.F.,(4,1,4),(-0.0527725347513673,-0.0250657029695111,
0.),.UNSPECIFIED.);
#338=B_SPLINE_CURVE_WITH_KNOTS('',3,(#8603,#8604,#8605,#8606,#8607),
 .UNSPECIFIED.,.F.,.F.,(4,1,4),(-0.0517047568023192,-0.0274087709600798,
0.),.UNSPECIFIED.);
#339=B_SPLINE_CURVE_WITH_KNOTS('',3,(#8620,#8621,#8622,#8623,#8624),
 .UNSPECIFIED.,.F.,.F.,(4,1,4),(-0.0409875982262142,-0.0215417075003332,
0.),.UNSPECIFIED.);
#340=B_SPLINE_CURVE_WITH_KNOTS('',3,(#8637,#8638,#8639,#8640,#8641),
 .UNSPECIFIED.,.F.,.F.,(4,1,4),(-0.0380380070205604,-0.0186872631764067,
0.),.UNSPECIFIED.);
#341=B_SPLINE_CURVE_WITH_KNOTS('',3,(#8658,#8659,#8660,#8661,#8662),
 .UNSPECIFIED.,.F.,.F.,(4,1,4),(-0.0365944902414642,-0.0189845621452466,
0.),.UNSPECIFIED.);
#342=B_SPLINE_CURVE_WITH_KNOTS('',3,(#8675,#8676,#8677,#8678,#8679),
 .UNSPECIFIED.,.F.,.F.,(4,1,4),(-0.0458623414252917,-0.0201744496685915,
0.),.UNSPECIFIED.);
#343=B_SPLINE_CURVE_WITH_KNOTS('',3,(#8697,#8698,#8699,#8700,#8701),
 .UNSPECIFIED.,.F.,.F.,(4,1,4),(-0.0258305132583948,-0.0153049357872921,
0.),.UNSPECIFIED.);
#344=B_SPLINE_CURVE_WITH_KNOTS('',3,(#8714,#8715,#8716,#8717,#8718),
 .UNSPECIFIED.,.F.,.F.,(4,1,4),(-0.0151473408672283,-0.00775098763125533,
0.),.UNSPECIFIED.);
#345=B_SPLINE_CURVE_WITH_KNOTS('',3,(#8747,#8748,#8749,#8750,#8751),
 .UNSPECIFIED.,.F.,.F.,(4,1,4),(-0.0538437714447162,-0.0288654393695836,
0.),.UNSPECIFIED.);
#346=B_SPLINE_CURVE_WITH_KNOTS('',3,(#8764,#8765,#8766,#8767,#8768),
 .UNSPECIFIED.,.F.,.F.,(4,1,4),(-0.0499475433256038,-0.0241624914776001,
0.),.UNSPECIFIED.);
#347=B_SPLINE_CURVE_WITH_KNOTS('',3,(#8785,#8786,#8787,#8788,#8789),
 .UNSPECIFIED.,.F.,.F.,(4,1,4),(-0.0254723727282454,-0.0156104943596445,
0.),.UNSPECIFIED.);
#348=B_SPLINE_CURVE_WITH_KNOTS('',3,(#8802,#8803,#8804,#8805,#8806),
 .UNSPECIFIED.,.F.,.F.,(4,1,4),(-0.0135644253737966,-0.00676815763110376,
0.),.UNSPECIFIED.);
#349=B_SPLINE_CURVE_WITH_KNOTS('',3,(#8823,#8824,#8825,#8826,#8827),
 .UNSPECIFIED.,.F.,.F.,(4,1,4),(-0.0149520521722658,-0.00730864567074038,
0.),.UNSPECIFIED.);
#350=B_SPLINE_CURVE_WITH_KNOTS('',3,(#8840,#8841,#8842,#8843,#8844),
 .UNSPECIFIED.,.F.,.F.,(4,1,4),(-0.0202789300715834,-0.00909774251089529,
0.),.UNSPECIFIED.);
#351=B_SPLINE_CURVE_WITH_KNOTS('',3,(#8857,#8858,#8859,#8860,#8861),
 .UNSPECIFIED.,.F.,.F.,(4,1,4),(-0.028560736788567,-0.0145588261184427,
0.),.UNSPECIFIED.);
#352=B_SPLINE_CURVE_WITH_KNOTS('',3,(#8874,#8875,#8876,#8877,#8878),
 .UNSPECIFIED.,.F.,.F.,(4,1,4),(-0.0303500496353133,-0.0144832570652518,
0.),.UNSPECIFIED.);
#353=B_SPLINE_CURVE_WITH_KNOTS('',3,(#8895,#8896,#8897,#8898,#8899),
 .UNSPECIFIED.,.F.,.F.,(4,1,4),(-0.0491276108876883,-0.024926900169625,
0.),.UNSPECIFIED.);
#354=B_SPLINE_CURVE_WITH_KNOTS('',3,(#8912,#8913,#8914,#8915,#8916),
 .UNSPECIFIED.,.F.,.F.,(4,1,4),(-0.0527725379347315,-0.0250655872573518,
0.),.UNSPECIFIED.);
#355=B_SPLINE_CURVE_WITH_KNOTS('',3,(#8929,#8930,#8931,#8932,#8933),
 .UNSPECIFIED.,.F.,.F.,(4,1,4),(-0.0517047608530238,-0.0274088897891006,
0.),.UNSPECIFIED.);
#356=B_SPLINE_CURVE_WITH_KNOTS('',3,(#8946,#8947,#8948,#8949,#8950),
 .UNSPECIFIED.,.F.,.F.,(4,1,4),(-0.0409875982262142,-0.0215417075003332,
0.),.UNSPECIFIED.);
#357=B_SPLINE_CURVE_WITH_KNOTS('',3,(#8963,#8964,#8965,#8966,#8967),
 .UNSPECIFIED.,.F.,.F.,(4,1,4),(-0.0380380070205604,-0.0186872631764067,
0.),.UNSPECIFIED.);
#358=B_SPLINE_CURVE_WITH_KNOTS('',3,(#8984,#8985,#8986,#8987,#8988),
 .UNSPECIFIED.,.F.,.F.,(4,1,4),(-0.0365944902414642,-0.0189845621452466,
0.),.UNSPECIFIED.);
#359=B_SPLINE_CURVE_WITH_KNOTS('',3,(#9001,#9002,#9003,#9004,#9005),
 .UNSPECIFIED.,.F.,.F.,(4,1,4),(-0.0458623414252917,-0.0201744496685915,
0.),.UNSPECIFIED.);
#360=B_SPLINE_CURVE_WITH_KNOTS('',3,(#9022,#9023,#9024,#9025,#9026),
 .UNSPECIFIED.,.F.,.F.,(4,1,4),(0.,0.0122426492379651,0.020959433715224),
 .UNSPECIFIED.);
#361=B_SPLINE_CURVE_WITH_KNOTS('',3,(#9030,#9031,#9032,#9033,#9034),
 .UNSPECIFIED.,.F.,.F.,(4,1,4),(-0.020959433715224,-0.0122426492379651,
0.),.UNSPECIFIED.);
#362=B_SPLINE_CURVE_WITH_KNOTS('',3,(#9047,#9048,#9049,#9050,#9051),
 .UNSPECIFIED.,.F.,.F.,(4,1,4),(0.,0.00794919379223568,0.0185874087265178),
 .UNSPECIFIED.);
#363=B_SPLINE_CURVE_WITH_KNOTS('',3,(#9053,#9054,#9055,#9056,#9057),
 .UNSPECIFIED.,.F.,.F.,(4,1,4),(-0.0185874087265178,-0.00794919379223568,
0.),.UNSPECIFIED.);
#364=B_SPLINE_CURVE_WITH_KNOTS('',3,(#9070,#9071,#9072,#9073,#9074),
 .UNSPECIFIED.,.F.,.F.,(4,1,4),(0.,0.013728249107934,0.0285212865622256),
 .UNSPECIFIED.);
#365=B_SPLINE_CURVE_WITH_KNOTS('',3,(#9076,#9077,#9078,#9079,#9080),
 .UNSPECIFIED.,.F.,.F.,(4,1,4),(-0.0285212865622256,-0.013728249107934,
0.),.UNSPECIFIED.);
#366=B_SPLINE_CURVE_WITH_KNOTS('',3,(#9099,#9100,#9101,#9102,#9103),
 .UNSPECIFIED.,.F.,.F.,(4,1,4),(0.,0.0160754697171624,0.0269647018027412),
 .UNSPECIFIED.);
#367=B_SPLINE_CURVE_WITH_KNOTS('',3,(#9105,#9106,#9107,#9108,#9109),
 .UNSPECIFIED.,.F.,.F.,(4,1,4),(-0.0269647018027412,-0.0160754697171624,
0.),.UNSPECIFIED.);
#368=B_SPLINE_CURVE_WITH_KNOTS('',3,(#9122,#9123,#9124,#9125,#9126),
 .UNSPECIFIED.,.F.,.F.,(4,1,4),(0.,0.00886878978502367,0.0199143643113089),
 .UNSPECIFIED.);
#369=B_SPLINE_CURVE_WITH_KNOTS('',3,(#9128,#9129,#9130,#9131,#9132),
 .UNSPECIFIED.,.F.,.F.,(4,1,4),(-0.0199143643113089,-0.00886878978502367,
0.),.UNSPECIFIED.);
#370=B_SPLINE_CURVE_WITH_KNOTS('',3,(#9145,#9146,#9147,#9148,#9149),
 .UNSPECIFIED.,.F.,.F.,(4,1,4),(0.,0.0119577575805895,0.02120755617644),
 .UNSPECIFIED.);
#371=B_SPLINE_CURVE_WITH_KNOTS('',3,(#9151,#9152,#9153,#9154,#9155),
 .UNSPECIFIED.,.F.,.F.,(4,1,4),(-0.02120755617644,-0.0119577575805895,0.),
 .UNSPECIFIED.);
#372=B_SPLINE_CURVE_WITH_KNOTS('',3,(#9168,#9169,#9170,#9171,#9172),
 .UNSPECIFIED.,.F.,.F.,(4,1,4),(0.,0.0103757184470472,0.0250393999510232),
 .UNSPECIFIED.);
#373=B_SPLINE_CURVE_WITH_KNOTS('',3,(#9174,#9175,#9176,#9177,#9178),
 .UNSPECIFIED.,.F.,.F.,(4,1,4),(-0.0250393999510232,-0.0103757184470472,
0.),.UNSPECIFIED.);
#374=B_SPLINE_CURVE_WITH_KNOTS('',3,(#9196,#9197,#9198,#9199,#9200),
 .UNSPECIFIED.,.F.,.F.,(4,1,4),(-0.0406928716439058,-0.0211694861987067,
0.),.UNSPECIFIED.);
#375=B_SPLINE_CURVE_WITH_KNOTS('',3,(#9213,#9214,#9215,#9216,#9217),
 .UNSPECIFIED.,.F.,.F.,(4,1,4),(-0.0372902939736651,-0.0186780488423548,
0.),.UNSPECIFIED.);
#376=B_SPLINE_CURVE_WITH_KNOTS('',3,(#9230,#9231,#9232,#9233,#9234),
 .UNSPECIFIED.,.F.,.F.,(4,1,4),(-0.040135740741002,-0.0193997219514803,
0.),.UNSPECIFIED.);
#377=B_SPLINE_CURVE_WITH_KNOTS('',3,(#9251,#9252,#9253,#9254,#9255),
 .UNSPECIFIED.,.F.,.F.,(4,1,4),(-0.0438467278106461,-0.0221270139922103,
0.),.UNSPECIFIED.);
#378=B_SPLINE_CURVE_WITH_KNOTS('',3,(#9268,#9269,#9270,#9271,#9272),
 .UNSPECIFIED.,.F.,.F.,(4,1,4),(-0.0457090270306474,-0.0220753027332592,
0.),.UNSPECIFIED.);
#379=B_SPLINE_CURVE_WITH_KNOTS('',3,(#9285,#9286,#9287,#9288,#9289),
 .UNSPECIFIED.,.F.,.F.,(4,1,4),(-0.0563198147676547,-0.0262642393432162,
0.),.UNSPECIFIED.);
#380=B_SPLINE_CURVE_WITH_KNOTS('',3,(#9302,#9303,#9304,#9305,#9306),
 .UNSPECIFIED.,.F.,.F.,(4,1,4),(-0.0830365850407219,-0.0444402307830375,
0.),.UNSPECIFIED.);
#381=B_SPLINE_CURVE_WITH_KNOTS('',3,(#9319,#9320,#9321,#9322,#9323),
 .UNSPECIFIED.,.F.,.F.,(4,1,4),(-0.0840193763350493,-0.0390161243041035,
0.),.UNSPECIFIED.);
#382=B_SPLINE_CURVE_WITH_KNOTS('',3,(#9340,#9341,#9342,#9343,#9344),
 .UNSPECIFIED.,.F.,.F.,(4,1,4),(-0.115913638792663,-0.0605880043899845,
0.),.UNSPECIFIED.);
#383=B_SPLINE_CURVE_WITH_KNOTS('',3,(#9357,#9358,#9359,#9360,#9361),
 .UNSPECIFIED.,.F.,.F.,(4,1,4),(-0.134091876997677,-0.0607951391431923,
0.),.UNSPECIFIED.);
#384=B_SPLINE_CURVE_WITH_KNOTS('',3,(#9378,#9379,#9380,#9381,#9382),
 .UNSPECIFIED.,.F.,.F.,(4,1,4),(-0.0661011036915746,-0.0367115170433384,
0.),.UNSPECIFIED.);
#385=B_SPLINE_CURVE_WITH_KNOTS('',3,(#9395,#9396,#9397,#9398,#9399),
 .UNSPECIFIED.,.F.,.F.,(4,1,4),(-0.0480996362757875,-0.024101599671467,
0.),.UNSPECIFIED.);
#386=B_SPLINE_CURVE_WITH_KNOTS('',3,(#9411,#9412,#9413,#9414,#9415),
 .UNSPECIFIED.,.F.,.F.,(4,1,4),(-0.0540436793837616,-0.0253680133968053,
0.),.UNSPECIFIED.);
#387=B_SPLINE_CURVE_WITH_KNOTS('',3,(#9431,#9432,#9433,#9434,#9435),
 .UNSPECIFIED.,.F.,.F.,(4,1,4),(-0.0508185782513434,-0.0264509425005408,
0.),.UNSPECIFIED.);
#388=B_SPLINE_CURVE_WITH_KNOTS('',3,(#9448,#9449,#9450,#9451,#9452),
 .UNSPECIFIED.,.F.,.F.,(4,1,4),(-0.0536922536747157,-0.0250525579662541,
0.),.UNSPECIFIED.);
#389=B_SPLINE_CURVE_WITH_KNOTS('',3,(#9477,#9478,#9479,#9480,#9481),
 .UNSPECIFIED.,.F.,.F.,(4,1,4),(-0.0145780870887053,-0.00796823835157168,
0.),.UNSPECIFIED.);
#390=B_SPLINE_CURVE_WITH_KNOTS('',3,(#9494,#9495,#9496,#9497,#9498),
 .UNSPECIFIED.,.F.,.F.,(4,1,4),(-0.0128945423941631,-0.00613445509716318,
0.),.UNSPECIFIED.);
#391=B_SPLINE_CURVE_WITH_KNOTS('',3,(#9511,#9512,#9513,#9514,#9515),
 .UNSPECIFIED.,.F.,.F.,(4,1,4),(-0.0224727250139438,-0.0105028004607581,
0.),.UNSPECIFIED.);
#392=B_SPLINE_CURVE_WITH_KNOTS('',3,(#9548,#9549,#9550,#9551,#9552),
 .UNSPECIFIED.,.F.,.F.,(4,1,4),(-0.0257979515051063,-0.013179555012222,
0.),.UNSPECIFIED.);
#393=B_SPLINE_CURVE_WITH_KNOTS('',3,(#9564,#9565,#9566,#9567,#9568),
 .UNSPECIFIED.,.F.,.F.,(4,1,4),(-0.0275835544064977,-0.0130796673219542,
0.),.UNSPECIFIED.);
#394=B_SPLINE_CURVE_WITH_KNOTS('',3,(#9583,#9584,#9585,#9586,#9587),
 .UNSPECIFIED.,.F.,.F.,(4,1,4),(-0.050662764948953,-0.0264068813914139,
0.),.UNSPECIFIED.);
#395=B_SPLINE_CURVE_WITH_KNOTS('',3,(#9600,#9601,#9602,#9603,#9604),
 .UNSPECIFIED.,.F.,.F.,(4,1,4),(-0.0536155772536747,-0.024982667322766,
0.),.UNSPECIFIED.);
#396=B_SPLINE_CURVE_WITH_KNOTS('',3,(#9629,#9630,#9631,#9632,#9633),
 .UNSPECIFIED.,.F.,.F.,(4,1,4),(-0.0274514379231206,-0.0149651590935487,
0.),.UNSPECIFIED.);
#397=B_SPLINE_CURVE_WITH_KNOTS('',3,(#9646,#9647,#9648,#9649,#9650),
 .UNSPECIFIED.,.F.,.F.,(4,1,4),(-0.0225956653619965,-0.0101801250283231,
0.),.UNSPECIFIED.);
#398=B_SPLINE_CURVE_WITH_KNOTS('',3,(#9683,#9684,#9685,#9686,#9687),
 .UNSPECIFIED.,.F.,.F.,(4,1,4),(-0.0301482519400299,-0.0155009160725932,
0.),.UNSPECIFIED.);
#399=B_SPLINE_CURVE_WITH_KNOTS('',3,(#9699,#9700,#9701,#9702,#9703),
 .UNSPECIFIED.,.F.,.F.,(4,1,4),(-0.0315366856238434,-0.0150054215462238,
0.),.UNSPECIFIED.);
#400=FACE_BOUND('',#729,.T.);
#401=FACE_BOUND('',#731,.T.);
#402=FACE_BOUND('',#732,.T.);
#403=FACE_BOUND('',#733,.T.);
#404=FACE_BOUND('',#734,.T.);
#405=FACE_BOUND('',#735,.T.);
#406=FACE_BOUND('',#736,.T.);
#407=FACE_BOUND('',#737,.T.);
#408=FACE_BOUND('',#738,.T.);
#409=FACE_BOUND('',#739,.T.);
#410=FACE_BOUND('',#740,.T.);
#411=FACE_BOUND('',#741,.T.);
#412=FACE_BOUND('',#742,.T.);
#413=FACE_BOUND('',#743,.T.);
#414=FACE_BOUND('',#744,.T.);
#415=FACE_BOUND('',#745,.T.);
#416=FACE_BOUND('',#746,.T.);
#417=FACE_BOUND('',#747,.T.);
#418=FACE_BOUND('',#748,.T.);
#419=FACE_BOUND('',#749,.T.);
#420=FACE_BOUND('',#750,.T.);
#421=FACE_BOUND('',#751,.T.);
#422=FACE_BOUND('',#832,.T.);
#423=FACE_BOUND('',#914,.T.);
#424=FACE_BOUND('',#950,.T.);
#425=FACE_BOUND('',#951,.T.);
#426=FACE_BOUND('',#952,.T.);
#427=FACE_BOUND('',#953,.T.);
#428=FACE_BOUND('',#954,.T.);
#429=FACE_BOUND('',#955,.T.);
#430=FACE_BOUND('',#956,.T.);
#431=FACE_BOUND('',#957,.T.);
#432=FACE_BOUND('',#958,.T.);
#433=FACE_BOUND('',#959,.T.);
#434=FACE_BOUND('',#960,.T.);
#435=FACE_BOUND('',#961,.T.);
#436=FACE_BOUND('',#962,.T.);
#437=FACE_BOUND('',#963,.T.);
#438=FACE_BOUND('',#964,.T.);
#439=FACE_BOUND('',#1033,.T.);
#440=FACE_OUTER_BOUND('',#717,.T.);
#441=FACE_OUTER_BOUND('',#718,.T.);
#442=FACE_OUTER_BOUND('',#719,.T.);
#443=FACE_OUTER_BOUND('',#720,.T.);
#444=FACE_OUTER_BOUND('',#721,.T.);
#445=FACE_OUTER_BOUND('',#722,.T.);
#446=FACE_OUTER_BOUND('',#723,.T.);
#447=FACE_OUTER_BOUND('',#724,.T.);
#448=FACE_OUTER_BOUND('',#725,.T.);
#449=FACE_OUTER_BOUND('',#726,.T.);
#450=FACE_OUTER_BOUND('',#727,.T.);
#451=FACE_OUTER_BOUND('',#728,.T.);
#452=FACE_OUTER_BOUND('',#730,.T.);
#453=FACE_OUTER_BOUND('',#752,.T.);
#454=FACE_OUTER_BOUND('',#753,.T.);
#455=FACE_OUTER_BOUND('',#754,.T.);
#456=FACE_OUTER_BOUND('',#755,.T.);
#457=FACE_OUTER_BOUND('',#756,.T.);
#458=FACE_OUTER_BOUND('',#757,.T.);
#459=FACE_OUTER_BOUND('',#758,.T.);
#460=FACE_OUTER_BOUND('',#759,.T.);
#461=FACE_OUTER_BOUND('',#760,.T.);
#462=FACE_OUTER_BOUND('',#761,.T.);
#463=FACE_OUTER_BOUND('',#762,.T.);
#464=FACE_OUTER_BOUND('',#763,.T.);
#465=FACE_OUTER_BOUND('',#764,.T.);
#466=FACE_OUTER_BOUND('',#765,.T.);
#467=FACE_OUTER_BOUND('',#766,.T.);
#468=FACE_OUTER_BOUND('',#767,.T.);
#469=FACE_OUTER_BOUND('',#768,.T.);
#470=FACE_OUTER_BOUND('',#769,.T.);
#471=FACE_OUTER_BOUND('',#770,.T.);
#472=FACE_OUTER_BOUND('',#771,.T.);
#473=FACE_OUTER_BOUND('',#772,.T.);
#474=FACE_OUTER_BOUND('',#773,.T.);
#475=FACE_OUTER_BOUND('',#774,.T.);
#476=FACE_OUTER_BOUND('',#775,.T.);
#477=FACE_OUTER_BOUND('',#776,.T.);
#478=FACE_OUTER_BOUND('',#777,.T.);
#479=FACE_OUTER_BOUND('',#778,.T.);
#480=FACE_OUTER_BOUND('',#779,.T.);
#481=FACE_OUTER_BOUND('',#780,.T.);
#482=FACE_OUTER_BOUND('',#781,.T.);
#483=FACE_OUTER_BOUND('',#782,.T.);
#484=FACE_OUTER_BOUND('',#783,.T.);
#485=FACE_OUTER_BOUND('',#784,.T.);
#486=FACE_OUTER_BOUND('',#785,.T.);
#487=FACE_OUTER_BOUND('',#786,.T.);
#488=FACE_OUTER_BOUND('',#787,.T.);
#489=FACE_OUTER_BOUND('',#788,.T.);
#490=FACE_OUTER_BOUND('',#789,.T.);
#491=FACE_OUTER_BOUND('',#790,.T.);
#492=FACE_OUTER_BOUND('',#791,.T.);
#493=FACE_OUTER_BOUND('',#792,.T.);
#494=FACE_OUTER_BOUND('',#793,.T.);
#495=FACE_OUTER_BOUND('',#794,.T.);
#496=FACE_OUTER_BOUND('',#795,.T.);
#497=FACE_OUTER_BOUND('',#796,.T.);
#498=FACE_OUTER_BOUND('',#797,.T.);
#499=FACE_OUTER_BOUND('',#798,.T.);
#500=FACE_OUTER_BOUND('',#799,.T.);
#501=FACE_OUTER_BOUND('',#800,.T.);
#502=FACE_OUTER_BOUND('',#801,.T.);
#503=FACE_OUTER_BOUND('',#802,.T.);
#504=FACE_OUTER_BOUND('',#803,.T.);
#505=FACE_OUTER_BOUND('',#804,.T.);
#506=FACE_OUTER_BOUND('',#805,.T.);
#507=FACE_OUTER_BOUND('',#806,.T.);
#508=FACE_OUTER_BOUND('',#807,.T.);
#509=FACE_OUTER_BOUND('',#808,.T.);
#510=FACE_OUTER_BOUND('',#809,.T.);
#511=FACE_OUTER_BOUND('',#810,.T.);
#512=FACE_OUTER_BOUND('',#811,.T.);
#513=FACE_OUTER_BOUND('',#812,.T.);
#514=FACE_OUTER_BOUND('',#813,.T.);
#515=FACE_OUTER_BOUND('',#814,.T.);
#516=FACE_OUTER_BOUND('',#815,.T.);
#517=FACE_OUTER_BOUND('',#816,.T.);
#518=FACE_OUTER_BOUND('',#817,.T.);
#519=FACE_OUTER_BOUND('',#818,.T.);
#520=FACE_OUTER_BOUND('',#819,.T.);
#521=FACE_OUTER_BOUND('',#820,.T.);
#522=FACE_OUTER_BOUND('',#821,.T.);
#523=FACE_OUTER_BOUND('',#822,.T.);
#524=FACE_OUTER_BOUND('',#823,.T.);
#525=FACE_OUTER_BOUND('',#824,.T.);
#526=FACE_OUTER_BOUND('',#825,.T.);
#527=FACE_OUTER_BOUND('',#826,.T.);
#528=FACE_OUTER_BOUND('',#827,.T.);
#529=FACE_OUTER_BOUND('',#828,.T.);
#530=FACE_OUTER_BOUND('',#829,.T.);
#531=FACE_OUTER_BOUND('',#830,.T.);
#532=FACE_OUTER_BOUND('',#831,.T.);
#533=FACE_OUTER_BOUND('',#833,.T.);
#534=FACE_OUTER_BOUND('',#834,.T.);
#535=FACE_OUTER_BOUND('',#835,.T.);
#536=FACE_OUTER_BOUND('',#836,.T.);
#537=FACE_OUTER_BOUND('',#837,.T.);
#538=FACE_OUTER_BOUND('',#838,.T.);
#539=FACE_OUTER_BOUND('',#839,.T.);
#540=FACE_OUTER_BOUND('',#840,.T.);
#541=FACE_OUTER_BOUND('',#841,.T.);
#542=FACE_OUTER_BOUND('',#842,.T.);
#543=FACE_OUTER_BOUND('',#843,.T.);
#544=FACE_OUTER_BOUND('',#844,.T.);
#545=FACE_OUTER_BOUND('',#845,.T.);
#546=FACE_OUTER_BOUND('',#846,.T.);
#547=FACE_OUTER_BOUND('',#847,.T.);
#548=FACE_OUTER_BOUND('',#848,.T.);
#549=FACE_OUTER_BOUND('',#849,.T.);
#550=FACE_OUTER_BOUND('',#850,.T.);
#551=FACE_OUTER_BOUND('',#851,.T.);
#552=FACE_OUTER_BOUND('',#852,.T.);
#553=FACE_OUTER_BOUND('',#853,.T.);
#554=FACE_OUTER_BOUND('',#854,.T.);
#555=FACE_OUTER_BOUND('',#855,.T.);
#556=FACE_OUTER_BOUND('',#856,.T.);
#557=FACE_OUTER_BOUND('',#857,.T.);
#558=FACE_OUTER_BOUND('',#858,.T.);
#559=FACE_OUTER_BOUND('',#859,.T.);
#560=FACE_OUTER_BOUND('',#860,.T.);
#561=FACE_OUTER_BOUND('',#861,.T.);
#562=FACE_OUTER_BOUND('',#862,.T.);
#563=FACE_OUTER_BOUND('',#863,.T.);
#564=FACE_OUTER_BOUND('',#864,.T.);
#565=FACE_OUTER_BOUND('',#865,.T.);
#566=FACE_OUTER_BOUND('',#866,.T.);
#567=FACE_OUTER_BOUND('',#867,.T.);
#568=FACE_OUTER_BOUND('',#868,.T.);
#569=FACE_OUTER_BOUND('',#869,.T.);
#570=FACE_OUTER_BOUND('',#870,.T.);
#571=FACE_OUTER_BOUND('',#871,.T.);
#572=FACE_OUTER_BOUND('',#872,.T.);
#573=FACE_OUTER_BOUND('',#873,.T.);
#574=FACE_OUTER_BOUND('',#874,.T.);
#575=FACE_OUTER_BOUND('',#875,.T.);
#576=FACE_OUTER_BOUND('',#876,.T.);
#577=FACE_OUTER_BOUND('',#877,.T.);
#578=FACE_OUTER_BOUND('',#878,.T.);
#579=FACE_OUTER_BOUND('',#879,.T.);
#580=FACE_OUTER_BOUND('',#880,.T.);
#581=FACE_OUTER_BOUND('',#881,.T.);
#582=FACE_OUTER_BOUND('',#882,.T.);
#583=FACE_OUTER_BOUND('',#883,.T.);
#584=FACE_OUTER_BOUND('',#884,.T.);
#585=FACE_OUTER_BOUND('',#885,.T.);
#586=FACE_OUTER_BOUND('',#886,.T.);
#587=FACE_OUTER_BOUND('',#887,.T.);
#588=FACE_OUTER_BOUND('',#888,.T.);
#589=FACE_OUTER_BOUND('',#889,.T.);
#590=FACE_OUTER_BOUND('',#890,.T.);
#591=FACE_OUTER_BOUND('',#891,.T.);
#592=FACE_OUTER_BOUND('',#892,.T.);
#593=FACE_OUTER_BOUND('',#893,.T.);
#594=FACE_OUTER_BOUND('',#894,.T.);
#595=FACE_OUTER_BOUND('',#895,.T.);
#596=FACE_OUTER_BOUND('',#896,.T.);
#597=FACE_OUTER_BOUND('',#897,.T.);
#598=FACE_OUTER_BOUND('',#898,.T.);
#599=FACE_OUTER_BOUND('',#899,.T.);
#600=FACE_OUTER_BOUND('',#900,.T.);
#601=FACE_OUTER_BOUND('',#901,.T.);
#602=FACE_OUTER_BOUND('',#902,.T.);
#603=FACE_OUTER_BOUND('',#903,.T.);
#604=FACE_OUTER_BOUND('',#904,.T.);
#605=FACE_OUTER_BOUND('',#905,.T.);
#606=FACE_OUTER_BOUND('',#906,.T.);
#607=FACE_OUTER_BOUND('',#907,.T.);
#608=FACE_OUTER_BOUND('',#908,.T.);
#609=FACE_OUTER_BOUND('',#909,.T.);
#610=FACE_OUTER_BOUND('',#910,.T.);
#611=FACE_OUTER_BOUND('',#911,.T.);
#612=FACE_OUTER_BOUND('',#912,.T.);
#613=FACE_OUTER_BOUND('',#913,.T.);
#614=FACE_OUTER_BOUND('',#915,.T.);
#615=FACE_OUTER_BOUND('',#916,.T.);
#616=FACE_OUTER_BOUND('',#917,.T.);
#617=FACE_OUTER_BOUND('',#918,.T.);
#618=FACE_OUTER_BOUND('',#919,.T.);
#619=FACE_OUTER_BOUND('',#920,.T.);
#620=FACE_OUTER_BOUND('',#921,.T.);
#621=FACE_OUTER_BOUND('',#922,.T.);
#622=FACE_OUTER_BOUND('',#923,.T.);
#623=FACE_OUTER_BOUND('',#924,.T.);
#624=FACE_OUTER_BOUND('',#925,.T.);
#625=FACE_OUTER_BOUND('',#926,.T.);
#626=FACE_OUTER_BOUND('',#927,.T.);
#627=FACE_OUTER_BOUND('',#928,.T.);
#628=FACE_OUTER_BOUND('',#929,.T.);
#629=FACE_OUTER_BOUND('',#930,.T.);
#630=FACE_OUTER_BOUND('',#931,.T.);
#631=FACE_OUTER_BOUND('',#932,.T.);
#632=FACE_OUTER_BOUND('',#933,.T.);
#633=FACE_OUTER_BOUND('',#934,.T.);
#634=FACE_OUTER_BOUND('',#935,.T.);
#635=FACE_OUTER_BOUND('',#936,.T.);
#636=FACE_OUTER_BOUND('',#937,.T.);
#637=FACE_OUTER_BOUND('',#938,.T.);
#638=FACE_OUTER_BOUND('',#939,.T.);
#639=FACE_OUTER_BOUND('',#940,.T.);
#640=FACE_OUTER_BOUND('',#941,.T.);
#641=FACE_OUTER_BOUND('',#942,.T.);
#642=FACE_OUTER_BOUND('',#943,.T.);
#643=FACE_OUTER_BOUND('',#944,.T.);
#644=FACE_OUTER_BOUND('',#945,.T.);
#645=FACE_OUTER_BOUND('',#946,.T.);
#646=FACE_OUTER_BOUND('',#947,.T.);
#647=FACE_OUTER_BOUND('',#948,.T.);
#648=FACE_OUTER_BOUND('',#949,.T.);
#649=FACE_OUTER_BOUND('',#965,.T.);
#650=FACE_OUTER_BOUND('',#966,.T.);
#651=FACE_OUTER_BOUND('',#967,.T.);
#652=FACE_OUTER_BOUND('',#968,.T.);
#653=FACE_OUTER_BOUND('',#969,.T.);
#654=FACE_OUTER_BOUND('',#970,.T.);
#655=FACE_OUTER_BOUND('',#971,.T.);
#656=FACE_OUTER_BOUND('',#972,.T.);
#657=FACE_OUTER_BOUND('',#973,.T.);
#658=FACE_OUTER_BOUND('',#974,.T.);
#659=FACE_OUTER_BOUND('',#975,.T.);
#660=FACE_OUTER_BOUND('',#976,.T.);
#661=FACE_OUTER_BOUND('',#977,.T.);
#662=FACE_OUTER_BOUND('',#978,.T.);
#663=FACE_OUTER_BOUND('',#979,.T.);
#664=FACE_OUTER_BOUND('',#980,.T.);
#665=FACE_OUTER_BOUND('',#981,.T.);
#666=FACE_OUTER_BOUND('',#982,.T.);
#667=FACE_OUTER_BOUND('',#983,.T.);
#668=FACE_OUTER_BOUND('',#984,.T.);
#669=FACE_OUTER_BOUND('',#985,.T.);
#670=FACE_OUTER_BOUND('',#986,.T.);
#671=FACE_OUTER_BOUND('',#987,.T.);
#672=FACE_OUTER_BOUND('',#988,.T.);
#673=FACE_OUTER_BOUND('',#989,.T.);
#674=FACE_OUTER_BOUND('',#990,.T.);
#675=FACE_OUTER_BOUND('',#991,.T.);
#676=FACE_OUTER_BOUND('',#992,.T.);
#677=FACE_OUTER_BOUND('',#993,.T.);
#678=FACE_OUTER_BOUND('',#994,.T.);
#679=FACE_OUTER_BOUND('',#995,.T.);
#680=FACE_OUTER_BOUND('',#996,.T.);
#681=FACE_OUTER_BOUND('',#997,.T.);
#682=FACE_OUTER_BOUND('',#998,.T.);
#683=FACE_OUTER_BOUND('',#999,.T.);
#684=FACE_OUTER_BOUND('',#1000,.T.);
#685=FACE_OUTER_BOUND('',#1001,.T.);
#686=FACE_OUTER_BOUND('',#1002,.T.);
#687=FACE_OUTER_BOUND('',#1003,.T.);
#688=FACE_OUTER_BOUND('',#1004,.T.);
#689=FACE_OUTER_BOUND('',#1005,.T.);
#690=FACE_OUTER_BOUND('',#1006,.T.);
#691=FACE_OUTER_BOUND('',#1007,.T.);
#692=FACE_OUTER_BOUND('',#1008,.T.);
#693=FACE_OUTER_BOUND('',#1009,.T.);
#694=FACE_OUTER_BOUND('',#1010,.T.);
#695=FACE_OUTER_BOUND('',#1011,.T.);
#696=FACE_OUTER_BOUND('',#1012,.T.);
#697=FACE_OUTER_BOUND('',#1013,.T.);
#698=FACE_OUTER_BOUND('',#1014,.T.);
#699=FACE_OUTER_BOUND('',#1015,.T.);
#700=FACE_OUTER_BOUND('',#1016,.T.);
#701=FACE_OUTER_BOUND('',#1017,.T.);
#702=FACE_OUTER_BOUND('',#1018,.T.);
#703=FACE_OUTER_BOUND('',#1019,.T.);
#704=FACE_OUTER_BOUND('',#1020,.T.);
#705=FACE_OUTER_BOUND('',#1021,.T.);
#706=FACE_OUTER_BOUND('',#1022,.T.);
#707=FACE_OUTER_BOUND('',#1023,.T.);
#708=FACE_OUTER_BOUND('',#1024,.T.);
#709=FACE_OUTER_BOUND('',#1025,.T.);
#710=FACE_OUTER_BOUND('',#1026,.T.);
#711=FACE_OUTER_BOUND('',#1027,.T.);
#712=FACE_OUTER_BOUND('',#1028,.T.);
#713=FACE_OUTER_BOUND('',#1029,.T.);
#714=FACE_OUTER_BOUND('',#1030,.T.);
#715=FACE_OUTER_BOUND('',#1031,.T.);
#716=FACE_OUTER_BOUND('',#1032,.T.);
#717=EDGE_LOOP('',(#3367,#3368,#3369,#3370));
#718=EDGE_LOOP('',(#3371,#3372,#3373,#3374));
#719=EDGE_LOOP('',(#3375,#3376,#3377,#3378));
#720=EDGE_LOOP('',(#3379,#3380,#3381,#3382));
#721=EDGE_LOOP('',(#3383,#3384,#3385,#3386));
#722=EDGE_LOOP('',(#3387,#3388,#3389,#3390));
#723=EDGE_LOOP('',(#3391,#3392,#3393,#3394));
#724=EDGE_LOOP('',(#3395,#3396,#3397,#3398));
#725=EDGE_LOOP('',(#3399,#3400,#3401,#3402));
#726=EDGE_LOOP('',(#3403,#3404,#3405,#3406));
#727=EDGE_LOOP('',(#3407,#3408,#3409,#3410));
#728=EDGE_LOOP('',(#3411,#3412,#3413,#3414,#3415,#3416,#3417,#3418));
#729=EDGE_LOOP('',(#3419,#3420,#3421));
#730=EDGE_LOOP('',(#3422,#3423,#3424,#3425,#3426,#3427));
#731=EDGE_LOOP('',(#3428,#3429,#3430,#3431,#3432,#3433,#3434,#3435,#3436,
#3437));
#732=EDGE_LOOP('',(#3438,#3439,#3440,#3441,#3442,#3443,#3444,#3445,#3446,
#3447,#3448,#3449,#3450,#3451,#3452,#3453,#3454,#3455,#3456,#3457,#3458,
#3459,#3460,#3461,#3462,#3463));
#733=EDGE_LOOP('',(#3464,#3465,#3466,#3467,#3468,#3469,#3470,#3471,#3472,
#3473,#3474,#3475,#3476,#3477,#3478,#3479,#3480,#3481,#3482,#3483,#3484,
#3485,#3486,#3487,#3488,#3489));
#734=EDGE_LOOP('',(#3490,#3491,#3492,#3493));
#735=EDGE_LOOP('',(#3494,#3495,#3496,#3497));
#736=EDGE_LOOP('',(#3498,#3499,#3500,#3501));
#737=EDGE_LOOP('',(#3502,#3503,#3504,#3505));
#738=EDGE_LOOP('',(#3506,#3507,#3508,#3509));
#739=EDGE_LOOP('',(#3510,#3511,#3512,#3513));
#740=EDGE_LOOP('',(#3514,#3515,#3516,#3517));
#741=EDGE_LOOP('',(#3518,#3519,#3520,#3521));
#742=EDGE_LOOP('',(#3522,#3523,#3524,#3525));
#743=EDGE_LOOP('',(#3526,#3527,#3528,#3529));
#744=EDGE_LOOP('',(#3530,#3531,#3532,#3533));
#745=EDGE_LOOP('',(#3534,#3535,#3536,#3537,#3538,#3539,#3540,#3541,#3542,
#3543,#3544,#3545,#3546,#3547));
#746=EDGE_LOOP('',(#3548,#3549,#3550,#3551,#3552,#3553,#3554,#3555,#3556,
#3557,#3558,#3559,#3560,#3561,#3562));
#747=EDGE_LOOP('',(#3563,#3564,#3565,#3566,#3567,#3568,#3569,#3570,#3571,
#3572,#3573,#3574,#3575,#3576,#3577,#3578));
#748=EDGE_LOOP('',(#3579,#3580,#3581,#3582,#3583,#3584,#3585,#3586,#3587,
#3588));
#749=EDGE_LOOP('',(#3589,#3590,#3591,#3592,#3593,#3594,#3595,#3596,#3597,
#3598,#3599,#3600,#3601));
#750=EDGE_LOOP('',(#3602,#3603,#3604,#3605,#3606,#3607,#3608,#3609,#3610,
#3611,#3612,#3613,#3614,#3615,#3616,#3617,#3618,#3619,#3620,#3621,#3622,
#3623,#3624,#3625,#3626,#3627,#3628,#3629,#3630,#3631,#3632,#3633,#3634));
#751=EDGE_LOOP('',(#3635,#3636,#3637,#3638,#3639,#3640,#3641,#3642));
#752=EDGE_LOOP('',(#3643,#3644,#3645,#3646));
#753=EDGE_LOOP('',(#3647,#3648,#3649,#3650));
#754=EDGE_LOOP('',(#3651,#3652,#3653,#3654));
#755=EDGE_LOOP('',(#3655,#3656,#3657,#3658));
#756=EDGE_LOOP('',(#3659,#3660,#3661,#3662));
#757=EDGE_LOOP('',(#3663,#3664,#3665,#3666));
#758=EDGE_LOOP('',(#3667,#3668,#3669,#3670));
#759=EDGE_LOOP('',(#3671,#3672,#3673,#3674));
#760=EDGE_LOOP('',(#3675,#3676,#3677,#3678));
#761=EDGE_LOOP('',(#3679,#3680,#3681,#3682));
#762=EDGE_LOOP('',(#3683,#3684,#3685,#3686));
#763=EDGE_LOOP('',(#3687,#3688,#3689,#3690));
#764=EDGE_LOOP('',(#3691,#3692,#3693,#3694));
#765=EDGE_LOOP('',(#3695,#3696,#3697,#3698));
#766=EDGE_LOOP('',(#3699,#3700,#3701,#3702));
#767=EDGE_LOOP('',(#3703,#3704,#3705,#3706));
#768=EDGE_LOOP('',(#3707,#3708,#3709,#3710));
#769=EDGE_LOOP('',(#3711,#3712,#3713,#3714));
#770=EDGE_LOOP('',(#3715,#3716,#3717,#3718));
#771=EDGE_LOOP('',(#3719,#3720,#3721,#3722));
#772=EDGE_LOOP('',(#3723,#3724,#3725,#3726));
#773=EDGE_LOOP('',(#3727,#3728,#3729,#3730));
#774=EDGE_LOOP('',(#3731,#3732,#3733,#3734));
#775=EDGE_LOOP('',(#3735,#3736,#3737,#3738));
#776=EDGE_LOOP('',(#3739,#3740,#3741,#3742));
#777=EDGE_LOOP('',(#3743,#3744,#3745,#3746));
#778=EDGE_LOOP('',(#3747,#3748,#3749,#3750));
#779=EDGE_LOOP('',(#3751,#3752,#3753,#3754));
#780=EDGE_LOOP('',(#3755,#3756,#3757,#3758));
#781=EDGE_LOOP('',(#3759,#3760,#3761,#3762));
#782=EDGE_LOOP('',(#3763,#3764,#3765,#3766));
#783=EDGE_LOOP('',(#3767,#3768,#3769,#3770));
#784=EDGE_LOOP('',(#3771,#3772,#3773,#3774));
#785=EDGE_LOOP('',(#3775,#3776,#3777,#3778,#3779,#3780,#3781,#3782,#3783,
#3784,#3785,#3786,#3787,#3788,#3789,#3790,#3791,#3792,#3793,#3794,#3795,
#3796,#3797,#3798,#3799,#3800,#3801,#3802,#3803,#3804,#3805,#3806,#3807));
#786=EDGE_LOOP('',(#3808,#3809,#3810,#3811));
#787=EDGE_LOOP('',(#3812,#3813,#3814,#3815));
#788=EDGE_LOOP('',(#3816,#3817,#3818,#3819));
#789=EDGE_LOOP('',(#3820,#3821,#3822,#3823));
#790=EDGE_LOOP('',(#3824,#3825,#3826,#3827));
#791=EDGE_LOOP('',(#3828,#3829,#3830,#3831));
#792=EDGE_LOOP('',(#3832,#3833,#3834,#3835));
#793=EDGE_LOOP('',(#3836,#3837,#3838,#3839));
#794=EDGE_LOOP('',(#3840,#3841,#3842,#3843));
#795=EDGE_LOOP('',(#3844,#3845,#3846,#3847));
#796=EDGE_LOOP('',(#3848,#3849,#3850,#3851));
#797=EDGE_LOOP('',(#3852,#3853,#3854,#3855));
#798=EDGE_LOOP('',(#3856,#3857,#3858,#3859));
#799=EDGE_LOOP('',(#3860,#3861,#3862,#3863,#3864,#3865,#3866,#3867,#3868,
#3869,#3870,#3871,#3872));
#800=EDGE_LOOP('',(#3873,#3874,#3875,#3876));
#801=EDGE_LOOP('',(#3877,#3878,#3879,#3880));
#802=EDGE_LOOP('',(#3881,#3882,#3883,#3884));
#803=EDGE_LOOP('',(#3885,#3886,#3887,#3888));
#804=EDGE_LOOP('',(#3889,#3890,#3891,#3892));
#805=EDGE_LOOP('',(#3893,#3894,#3895,#3896));
#806=EDGE_LOOP('',(#3897,#3898,#3899,#3900));
#807=EDGE_LOOP('',(#3901,#3902,#3903,#3904));
#808=EDGE_LOOP('',(#3905,#3906,#3907,#3908));
#809=EDGE_LOOP('',(#3909,#3910,#3911,#3912));
#810=EDGE_LOOP('',(#3913,#3914,#3915,#3916,#3917,#3918,#3919,#3920,#3921,
#3922));
#811=EDGE_LOOP('',(#3923,#3924,#3925,#3926));
#812=EDGE_LOOP('',(#3927,#3928,#3929,#3930));
#813=EDGE_LOOP('',(#3931,#3932,#3933,#3934));
#814=EDGE_LOOP('',(#3935,#3936,#3937,#3938));
#815=EDGE_LOOP('',(#3939,#3940,#3941,#3942));
#816=EDGE_LOOP('',(#3943,#3944,#3945,#3946));
#817=EDGE_LOOP('',(#3947,#3948,#3949,#3950));
#818=EDGE_LOOP('',(#3951,#3952,#3953,#3954));
#819=EDGE_LOOP('',(#3955,#3956,#3957,#3958));
#820=EDGE_LOOP('',(#3959,#3960,#3961,#3962));
#821=EDGE_LOOP('',(#3963,#3964,#3965,#3966));
#822=EDGE_LOOP('',(#3967,#3968,#3969,#3970));
#823=EDGE_LOOP('',(#3971,#3972,#3973,#3974));
#824=EDGE_LOOP('',(#3975,#3976,#3977,#3978));
#825=EDGE_LOOP('',(#3979,#3980,#3981,#3982));
#826=EDGE_LOOP('',(#3983,#3984,#3985,#3986));
#827=EDGE_LOOP('',(#3987,#3988,#3989,#3990));
#828=EDGE_LOOP('',(#3991,#3992,#3993,#3994));
#829=EDGE_LOOP('',(#3995,#3996,#3997,#3998));
#830=EDGE_LOOP('',(#3999,#4000,#4001,#4002));
#831=EDGE_LOOP('',(#4003,#4004,#4005,#4006,#4007,#4008,#4009,#4010,#4011,
#4012));
#832=EDGE_LOOP('',(#4013,#4014,#4015,#4016,#4017,#4018,#4019,#4020,#4021,
#4022));
#833=EDGE_LOOP('',(#4023,#4024,#4025));
#834=EDGE_LOOP('',(#4026,#4027,#4028,#4029));
#835=EDGE_LOOP('',(#4030,#4031,#4032,#4033));
#836=EDGE_LOOP('',(#4034,#4035,#4036,#4037));
#837=EDGE_LOOP('',(#4038,#4039,#4040,#4041));
#838=EDGE_LOOP('',(#4042,#4043,#4044,#4045));
#839=EDGE_LOOP('',(#4046,#4047,#4048,#4049));
#840=EDGE_LOOP('',(#4050,#4051,#4052,#4053));
#841=EDGE_LOOP('',(#4054,#4055,#4056,#4057));
#842=EDGE_LOOP('',(#4058,#4059,#4060,#4061));
#843=EDGE_LOOP('',(#4062,#4063,#4064,#4065));
#844=EDGE_LOOP('',(#4066,#4067,#4068,#4069));
#845=EDGE_LOOP('',(#4070,#4071,#4072,#4073));
#846=EDGE_LOOP('',(#4074,#4075,#4076,#4077));
#847=EDGE_LOOP('',(#4078,#4079,#4080,#4081));
#848=EDGE_LOOP('',(#4082,#4083,#4084,#4085));
#849=EDGE_LOOP('',(#4086,#4087,#4088,#4089));
#850=EDGE_LOOP('',(#4090,#4091,#4092,#4093));
#851=EDGE_LOOP('',(#4094,#4095,#4096,#4097));
#852=EDGE_LOOP('',(#4098,#4099,#4100,#4101));
#853=EDGE_LOOP('',(#4102,#4103,#4104,#4105));
#854=EDGE_LOOP('',(#4106,#4107,#4108,#4109));
#855=EDGE_LOOP('',(#4110,#4111,#4112,#4113));
#856=EDGE_LOOP('',(#4114,#4115,#4116,#4117));
#857=EDGE_LOOP('',(#4118,#4119,#4120,#4121));
#858=EDGE_LOOP('',(#4122,#4123,#4124,#4125));
#859=EDGE_LOOP('',(#4126,#4127,#4128,#4129));
#860=EDGE_LOOP('',(#4130,#4131,#4132,#4133,#4134,#4135,#4136,#4137,#4138,
#4139,#4140,#4141,#4142,#4143,#4144,#4145,#4146,#4147,#4148,#4149,#4150,
#4151,#4152,#4153,#4154,#4155));
#861=EDGE_LOOP('',(#4156,#4157,#4158,#4159));
#862=EDGE_LOOP('',(#4160,#4161,#4162,#4163));
#863=EDGE_LOOP('',(#4164,#4165,#4166,#4167));
#864=EDGE_LOOP('',(#4168,#4169,#4170,#4171));
#865=EDGE_LOOP('',(#4172,#4173,#4174,#4175));
#866=EDGE_LOOP('',(#4176,#4177,#4178,#4179));
#867=EDGE_LOOP('',(#4180,#4181,#4182,#4183));
#868=EDGE_LOOP('',(#4184,#4185,#4186,#4187));
#869=EDGE_LOOP('',(#4188,#4189,#4190,#4191));
#870=EDGE_LOOP('',(#4192,#4193,#4194,#4195));
#871=EDGE_LOOP('',(#4196,#4197,#4198,#4199));
#872=EDGE_LOOP('',(#4200,#4201,#4202,#4203));
#873=EDGE_LOOP('',(#4204,#4205,#4206,#4207));
#874=EDGE_LOOP('',(#4208,#4209,#4210,#4211));
#875=EDGE_LOOP('',(#4212,#4213,#4214,#4215));
#876=EDGE_LOOP('',(#4216,#4217,#4218,#4219));
#877=EDGE_LOOP('',(#4220,#4221,#4222,#4223));
#878=EDGE_LOOP('',(#4224,#4225,#4226,#4227));
#879=EDGE_LOOP('',(#4228,#4229,#4230,#4231));
#880=EDGE_LOOP('',(#4232,#4233,#4234,#4235));
#881=EDGE_LOOP('',(#4236,#4237,#4238,#4239));
#882=EDGE_LOOP('',(#4240,#4241,#4242,#4243));
#883=EDGE_LOOP('',(#4244,#4245,#4246,#4247));
#884=EDGE_LOOP('',(#4248,#4249,#4250,#4251));
#885=EDGE_LOOP('',(#4252,#4253,#4254,#4255));
#886=EDGE_LOOP('',(#4256,#4257,#4258,#4259));
#887=EDGE_LOOP('',(#4260,#4261,#4262,#4263,#4264,#4265,#4266,#4267,#4268,
#4269,#4270,#4271,#4272,#4273,#4274,#4275,#4276,#4277,#4278,#4279,#4280,
#4281,#4282,#4283,#4284,#4285));
#888=EDGE_LOOP('',(#4286,#4287,#4288,#4289));
#889=EDGE_LOOP('',(#4290,#4291,#4292,#4293));
#890=EDGE_LOOP('',(#4294,#4295,#4296,#4297));
#891=EDGE_LOOP('',(#4298,#4299,#4300,#4301));
#892=EDGE_LOOP('',(#4302,#4303,#4304,#4305));
#893=EDGE_LOOP('',(#4306,#4307,#4308,#4309));
#894=EDGE_LOOP('',(#4310,#4311,#4312,#4313));
#895=EDGE_LOOP('',(#4314,#4315,#4316,#4317));
#896=EDGE_LOOP('',(#4318,#4319,#4320,#4321));
#897=EDGE_LOOP('',(#4322,#4323,#4324,#4325));
#898=EDGE_LOOP('',(#4326,#4327,#4328,#4329));
#899=EDGE_LOOP('',(#4330,#4331,#4332,#4333));
#900=EDGE_LOOP('',(#4334,#4335,#4336,#4337));
#901=EDGE_LOOP('',(#4338,#4339,#4340,#4341));
#902=EDGE_LOOP('',(#4342,#4343,#4344,#4345));
#903=EDGE_LOOP('',(#4346,#4347,#4348,#4349));
#904=EDGE_LOOP('',(#4350,#4351,#4352,#4353));
#905=EDGE_LOOP('',(#4354,#4355,#4356,#4357));
#906=EDGE_LOOP('',(#4358,#4359,#4360,#4361));
#907=EDGE_LOOP('',(#4362,#4363,#4364,#4365));
#908=EDGE_LOOP('',(#4366,#4367,#4368,#4369));
#909=EDGE_LOOP('',(#4370,#4371,#4372,#4373));
#910=EDGE_LOOP('',(#4374,#4375,#4376,#4377));
#911=EDGE_LOOP('',(#4378,#4379,#4380,#4381));
#912=EDGE_LOOP('',(#4382,#4383,#4384,#4385));
#913=EDGE_LOOP('',(#4386,#4387,#4388,#4389,#4390,#4391,#4392,#4393,#4394,
#4395,#4396,#4397,#4398,#4399,#4400,#4401));
#914=EDGE_LOOP('',(#4402,#4403,#4404,#4405,#4406,#4407,#4408,#4409,#4410));
#915=EDGE_LOOP('',(#4411,#4412,#4413,#4414,#4415,#4416,#4417,#4418,#4419,
#4420));
#916=EDGE_LOOP('',(#4421,#4422,#4423,#4424));
#917=EDGE_LOOP('',(#4425,#4426,#4427,#4428));
#918=EDGE_LOOP('',(#4429,#4430,#4431,#4432));
#919=EDGE_LOOP('',(#4433,#4434,#4435,#4436));
#920=EDGE_LOOP('',(#4437,#4438,#4439,#4440));
#921=EDGE_LOOP('',(#4441,#4442,#4443,#4444));
#922=EDGE_LOOP('',(#4445,#4446,#4447,#4448));
#923=EDGE_LOOP('',(#4449,#4450,#4451,#4452));
#924=EDGE_LOOP('',(#4453,#4454,#4455,#4456));
#925=EDGE_LOOP('',(#4457,#4458,#4459,#4460));
#926=EDGE_LOOP('',(#4461,#4462,#4463,#4464));
#927=EDGE_LOOP('',(#4465,#4466,#4467,#4468));
#928=EDGE_LOOP('',(#4469,#4470,#4471,#4472));
#929=EDGE_LOOP('',(#4473,#4474,#4475,#4476));
#930=EDGE_LOOP('',(#4477,#4478,#4479,#4480));
#931=EDGE_LOOP('',(#4481,#4482,#4483,#4484,#4485,#4486,#4487,#4488,#4489,
#4490,#4491,#4492,#4493,#4494,#4495));
#932=EDGE_LOOP('',(#4496,#4497,#4498,#4499));
#933=EDGE_LOOP('',(#4500,#4501,#4502,#4503));
#934=EDGE_LOOP('',(#4504,#4505,#4506,#4507));
#935=EDGE_LOOP('',(#4508,#4509,#4510,#4511));
#936=EDGE_LOOP('',(#4512,#4513,#4514,#4515));
#937=EDGE_LOOP('',(#4516,#4517,#4518,#4519));
#938=EDGE_LOOP('',(#4520,#4521,#4522,#4523));
#939=EDGE_LOOP('',(#4524,#4525,#4526,#4527));
#940=EDGE_LOOP('',(#4528,#4529,#4530,#4531));
#941=EDGE_LOOP('',(#4532,#4533,#4534,#4535));
#942=EDGE_LOOP('',(#4536,#4537,#4538,#4539));
#943=EDGE_LOOP('',(#4540,#4541,#4542,#4543));
#944=EDGE_LOOP('',(#4544,#4545,#4546,#4547));
#945=EDGE_LOOP('',(#4548,#4549,#4550,#4551));
#946=EDGE_LOOP('',(#4552,#4553,#4554,#4555,#4556,#4557,#4558,#4559,#4560,
#4561,#4562,#4563,#4564,#4565));
#947=EDGE_LOOP('',(#4566,#4567,#4568,#4569));
#948=EDGE_LOOP('',(#4570,#4571,#4572,#4573));
#949=EDGE_LOOP('',(#4574,#4575,#4576,#4577,#4578,#4579,#4580,#4581,#4582,
#4583,#4584,#4585));
#950=EDGE_LOOP('',(#4586,#4587,#4588,#4589));
#951=EDGE_LOOP('',(#4590,#4591,#4592,#4593));
#952=EDGE_LOOP('',(#4594,#4595,#4596,#4597));
#953=EDGE_LOOP('',(#4598,#4599,#4600,#4601));
#954=EDGE_LOOP('',(#4602,#4603,#4604,#4605));
#955=EDGE_LOOP('',(#4606,#4607,#4608,#4609));
#956=EDGE_LOOP('',(#4610,#4611,#4612,#4613));
#957=EDGE_LOOP('',(#4614,#4615,#4616,#4617));
#958=EDGE_LOOP('',(#4618,#4619,#4620,#4621));
#959=EDGE_LOOP('',(#4622,#4623,#4624,#4625));
#960=EDGE_LOOP('',(#4626,#4627,#4628,#4629));
#961=EDGE_LOOP('',(#4630));
#962=EDGE_LOOP('',(#4631));
#963=EDGE_LOOP('',(#4632));
#964=EDGE_LOOP('',(#4633));
#965=EDGE_LOOP('',(#4634,#4635,#4636,#4637));
#966=EDGE_LOOP('',(#4638,#4639,#4640,#4641,#4642,#4643,#4644,#4645));
#967=EDGE_LOOP('',(#4646,#4647,#4648,#4649));
#968=EDGE_LOOP('',(#4650,#4651,#4652,#4653));
#969=EDGE_LOOP('',(#4654,#4655,#4656,#4657,#4658));
#970=EDGE_LOOP('',(#4659,#4660,#4661,#4662,#4663));
#971=EDGE_LOOP('',(#4664,#4665,#4666,#4667));
#972=EDGE_LOOP('',(#4668,#4669,#4670,#4671));
#973=EDGE_LOOP('',(#4672,#4673,#4674,#4675,#4676,#4677,#4678,#4679));
#974=EDGE_LOOP('',(#4680,#4681,#4682,#4683));
#975=EDGE_LOOP('',(#4684,#4685,#4686,#4687));
#976=EDGE_LOOP('',(#4688,#4689,#4690,#4691));
#977=EDGE_LOOP('',(#4692,#4693,#4694,#4695));
#978=EDGE_LOOP('',(#4696,#4697,#4698,#4699));
#979=EDGE_LOOP('',(#4700,#4701,#4702,#4703));
#980=EDGE_LOOP('',(#4704,#4705,#4706,#4707));
#981=EDGE_LOOP('',(#4708,#4709,#4710,#4711));
#982=EDGE_LOOP('',(#4712,#4713,#4714,#4715));
#983=EDGE_LOOP('',(#4716,#4717,#4718,#4719));
#984=EDGE_LOOP('',(#4720,#4721,#4722,#4723));
#985=EDGE_LOOP('',(#4724,#4725,#4726,#4727));
#986=EDGE_LOOP('',(#4728,#4729,#4730,#4731));
#987=EDGE_LOOP('',(#4732,#4733,#4734,#4735));
#988=EDGE_LOOP('',(#4736,#4737,#4738,#4739));
#989=EDGE_LOOP('',(#4740,#4741,#4742,#4743));
#990=EDGE_LOOP('',(#4744,#4745,#4746,#4747));
#991=EDGE_LOOP('',(#4748,#4749,#4750,#4751));
#992=EDGE_LOOP('',(#4752,#4753,#4754,#4755));
#993=EDGE_LOOP('',(#4756,#4757,#4758,#4759));
#994=EDGE_LOOP('',(#4760,#4761,#4762,#4763));
#995=EDGE_LOOP('',(#4764,#4765,#4766,#4767));
#996=EDGE_LOOP('',(#4768,#4769,#4770,#4771));
#997=EDGE_LOOP('',(#4772,#4773,#4774,#4775));
#998=EDGE_LOOP('',(#4776,#4777,#4778,#4779));
#999=EDGE_LOOP('',(#4780,#4781,#4782,#4783));
#1000=EDGE_LOOP('',(#4784,#4785,#4786,#4787));
#1001=EDGE_LOOP('',(#4788,#4789,#4790,#4791));
#1002=EDGE_LOOP('',(#4792,#4793,#4794,#4795));
#1003=EDGE_LOOP('',(#4796,#4797,#4798,#4799));
#1004=EDGE_LOOP('',(#4800,#4801,#4802,#4803));
#1005=EDGE_LOOP('',(#4804,#4805,#4806,#4807));
#1006=EDGE_LOOP('',(#4808,#4809,#4810,#4811));
#1007=EDGE_LOOP('',(#4812,#4813,#4814,#4815));
#1008=EDGE_LOOP('',(#4816,#4817,#4818,#4819));
#1009=EDGE_LOOP('',(#4820,#4821,#4822,#4823,#4824,#4825,#4826,#4827,#4828));
#1010=EDGE_LOOP('',(#4829,#4830,#4831,#4832));
#1011=EDGE_LOOP('',(#4833,#4834,#4835,#4836));
#1012=EDGE_LOOP('',(#4837,#4838,#4839,#4840));
#1013=EDGE_LOOP('',(#4841,#4842,#4843,#4844));
#1014=EDGE_LOOP('',(#4845,#4846,#4847,#4848));
#1015=EDGE_LOOP('',(#4849,#4850,#4851,#4852));
#1016=EDGE_LOOP('',(#4853,#4854,#4855,#4856));
#1017=EDGE_LOOP('',(#4857,#4858,#4859,#4860));
#1018=EDGE_LOOP('',(#4861,#4862,#4863,#4864));
#1019=EDGE_LOOP('',(#4865,#4866,#4867,#4868));
#1020=EDGE_LOOP('',(#4869,#4870,#4871,#4872));
#1021=EDGE_LOOP('',(#4873,#4874,#4875,#4876));
#1022=EDGE_LOOP('',(#4877));
#1023=EDGE_LOOP('',(#4878));
#1024=EDGE_LOOP('',(#4879));
#1025=EDGE_LOOP('',(#4880));
#1026=EDGE_LOOP('',(#4881,#4882,#4883,#4884));
#1027=EDGE_LOOP('',(#4885,#4886,#4887,#4888));
#1028=EDGE_LOOP('',(#4889,#4890,#4891,#4892));
#1029=EDGE_LOOP('',(#4893,#4894,#4895,#4896));
#1030=EDGE_LOOP('',(#4897,#4898,#4899,#4900));
#1031=EDGE_LOOP('',(#4901,#4902,#4903,#4904));
#1032=EDGE_LOOP('',(#4905,#4906,#4907,#4908,#4909,#4910,#4911,#4912));
#1033=EDGE_LOOP('',(#4913,#4914,#4915,#4916));
#1034=LINE('',#6414,#1555);
#1035=LINE('',#6416,#1556);
#1036=LINE('',#6418,#1557);
#1037=LINE('',#6419,#1558);
#1038=LINE('',#6422,#1559);
#1039=LINE('',#6424,#1560);
#1040=LINE('',#6425,#1561);
#1041=LINE('',#6427,#1562);
#1042=LINE('',#6428,#1563);
#1043=LINE('',#6432,#1564);
#1044=LINE('',#6434,#1565);
#1045=LINE('',#6436,#1566);
#1046=LINE('',#6437,#1567);
#1047=LINE('',#6440,#1568);
#1048=LINE('',#6442,#1569);
#1049=LINE('',#6443,#1570);
#1050=LINE('',#6446,#1571);
#1051=LINE('',#6448,#1572);
#1052=LINE('',#6449,#1573);
#1053=LINE('',#6452,#1574);
#1054=LINE('',#6454,#1575);
#1055=LINE('',#6455,#1576);
#1056=LINE('',#6458,#1577);
#1057=LINE('',#6460,#1578);
#1058=LINE('',#6461,#1579);
#1059=LINE('',#6464,#1580);
#1060=LINE('',#6466,#1581);
#1061=LINE('',#6467,#1582);
#1062=LINE('',#6470,#1583);
#1063=LINE('',#6472,#1584);
#1064=LINE('',#6473,#1585);
#1065=LINE('',#6475,#1586);
#1066=LINE('',#6476,#1587);
#1067=LINE('',#6481,#1588);
#1068=LINE('',#6483,#1589);
#1069=LINE('',#6485,#1590);
#1070=LINE('',#6487,#1591);
#1071=LINE('',#6489,#1592);
#1072=LINE('',#6490,#1593);
#1073=LINE('',#6505,#1594);
#1074=LINE('',#6531,#1595);
#1075=LINE('',#6557,#1596);
#1076=LINE('',#6559,#1597);
#1077=LINE('',#6561,#1598);
#1078=LINE('',#6563,#1599);
#1079=LINE('',#6577,#1600);
#1080=LINE('',#6591,#1601);
#1081=LINE('',#6617,#1602);
#1082=LINE('',#6649,#1603);
#1083=LINE('',#6662,#1604);
#1084=LINE('',#6677,#1605);
#1085=LINE('',#6679,#1606);
#1086=LINE('',#6681,#1607);
#1087=LINE('',#6683,#1608);
#1088=LINE('',#6697,#1609);
#1089=LINE('',#6711,#1610);
#1090=LINE('',#6737,#1611);
#1091=LINE('',#6769,#1612);
#1092=LINE('',#6782,#1613);
#1093=LINE('',#6785,#1614);
#1094=LINE('',#6787,#1615);
#1095=LINE('',#6789,#1616);
#1096=LINE('',#6790,#1617);
#1097=LINE('',#6793,#1618);
#1098=LINE('',#6795,#1619);
#1099=LINE('',#6797,#1620);
#1100=LINE('',#6798,#1621);
#1101=LINE('',#6801,#1622);
#1102=LINE('',#6803,#1623);
#1103=LINE('',#6805,#1624);
#1104=LINE('',#6806,#1625);
#1105=LINE('',#6809,#1626);
#1106=LINE('',#6811,#1627);
#1107=LINE('',#6813,#1628);
#1108=LINE('',#6814,#1629);
#1109=LINE('',#6817,#1630);
#1110=LINE('',#6819,#1631);
#1111=LINE('',#6821,#1632);
#1112=LINE('',#6822,#1633);
#1113=LINE('',#6825,#1634);
#1114=LINE('',#6827,#1635);
#1115=LINE('',#6829,#1636);
#1116=LINE('',#6830,#1637);
#1117=LINE('',#6833,#1638);
#1118=LINE('',#6835,#1639);
#1119=LINE('',#6837,#1640);
#1120=LINE('',#6838,#1641);
#1121=LINE('',#6841,#1642);
#1122=LINE('',#6843,#1643);
#1123=LINE('',#6845,#1644);
#1124=LINE('',#6846,#1645);
#1125=LINE('',#6849,#1646);
#1126=LINE('',#6851,#1647);
#1127=LINE('',#6853,#1648);
#1128=LINE('',#6854,#1649);
#1129=LINE('',#6857,#1650);
#1130=LINE('',#6859,#1651);
#1131=LINE('',#6861,#1652);
#1132=LINE('',#6862,#1653);
#1133=LINE('',#6865,#1654);
#1134=LINE('',#6867,#1655);
#1135=LINE('',#6869,#1656);
#1136=LINE('',#6870,#1657);
#1137=LINE('',#6885,#1658);
#1138=LINE('',#6887,#1659);
#1139=LINE('',#6889,#1660);
#1140=LINE('',#6903,#1661);
#1141=LINE('',#6905,#1662);
#1142=LINE('',#6907,#1663);
#1143=LINE('',#6909,#1664);
#1144=LINE('',#6911,#1665);
#1145=LINE('',#6937,#1666);
#1146=LINE('',#6939,#1667);
#1147=LINE('',#6941,#1668);
#1148=LINE('',#6961,#1669);
#1149=LINE('',#6963,#1670);
#1150=LINE('',#6965,#1671);
#1151=LINE('',#6967,#1672);
#1152=LINE('',#6969,#1673);
#1153=LINE('',#7001,#1674);
#1154=LINE('',#7033,#1675);
#1155=LINE('',#7047,#1676);
#1156=LINE('',#7085,#1677);
#1157=LINE('',#7105,#1678);
#1158=LINE('',#7107,#1679);
#1159=LINE('',#7108,#1680);
#1160=LINE('',#7111,#1681);
#1161=LINE('',#7113,#1682);
#1162=LINE('',#7115,#1683);
#1163=LINE('',#7135,#1684);
#1164=LINE('',#7137,#1685);
#1165=LINE('',#7139,#1686);
#1166=LINE('',#7153,#1687);
#1167=LINE('',#7154,#1688);
#1168=LINE('',#7169,#1689);
#1169=LINE('',#7195,#1690);
#1170=LINE('',#7209,#1691);
#1171=LINE('',#7223,#1692);
#1172=LINE('',#7255,#1693);
#1173=LINE('',#7281,#1694);
#1174=LINE('',#7295,#1695);
#1175=LINE('',#7309,#1696);
#1176=LINE('',#7332,#1697);
#1177=LINE('',#7339,#1698);
#1178=LINE('',#7356,#1699);
#1179=LINE('',#7359,#1700);
#1180=LINE('',#7360,#1701);
#1181=LINE('',#7377,#1702);
#1182=LINE('',#7394,#1703);
#1183=LINE('',#7411,#1704);
#1184=LINE('',#7428,#1705);
#1185=LINE('',#7431,#1706);
#1186=LINE('',#7432,#1707);
#1187=LINE('',#7449,#1708);
#1188=LINE('',#7466,#1709);
#1189=LINE('',#7469,#1710);
#1190=LINE('',#7470,#1711);
#1191=LINE('',#7487,#1712);
#1192=LINE('',#7504,#1713);
#1193=LINE('',#7507,#1714);
#1194=LINE('',#7508,#1715);
#1195=LINE('',#7525,#1716);
#1196=LINE('',#7542,#1717);
#1197=LINE('',#7559,#1718);
#1198=LINE('',#7576,#1719);
#1199=LINE('',#7593,#1720);
#1200=LINE('',#7596,#1721);
#1201=LINE('',#7597,#1722);
#1202=LINE('',#7614,#1723);
#1203=LINE('',#7631,#1724);
#1204=LINE('',#7648,#1725);
#1205=LINE('',#7665,#1726);
#1206=LINE('',#7668,#1727);
#1207=LINE('',#7669,#1728);
#1208=LINE('',#7686,#1729);
#1209=LINE('',#7703,#1730);
#1210=LINE('',#7706,#1731);
#1211=LINE('',#7707,#1732);
#1212=LINE('',#7724,#1733);
#1213=LINE('',#7741,#1734);
#1214=LINE('',#7744,#1735);
#1215=LINE('',#7745,#1736);
#1216=LINE('',#7762,#1737);
#1217=LINE('',#7781,#1738);
#1218=LINE('',#7783,#1739);
#1219=LINE('',#7784,#1740);
#1220=LINE('',#7787,#1741);
#1221=LINE('',#7788,#1742);
#1222=LINE('',#7791,#1743);
#1223=LINE('',#7792,#1744);
#1224=LINE('',#7809,#1745);
#1225=LINE('',#7826,#1746);
#1226=LINE('',#7843,#1747);
#1227=LINE('',#7846,#1748);
#1228=LINE('',#7847,#1749);
#1229=LINE('',#7850,#1750);
#1230=LINE('',#7851,#1751);
#1231=LINE('',#7854,#1752);
#1232=LINE('',#7855,#1753);
#1233=LINE('',#7872,#1754);
#1234=LINE('',#7889,#1755);
#1235=LINE('',#7892,#1756);
#1236=LINE('',#7893,#1757);
#1237=LINE('',#7895,#1758);
#1238=LINE('',#7908,#1759);
#1239=LINE('',#7915,#1760);
#1240=LINE('',#7932,#1761);
#1241=LINE('',#7949,#1762);
#1242=LINE('',#7952,#1763);
#1243=LINE('',#7953,#1764);
#1244=LINE('',#7970,#1765);
#1245=LINE('',#7987,#1766);
#1246=LINE('',#8004,#1767);
#1247=LINE('',#8007,#1768);
#1248=LINE('',#8008,#1769);
#1249=LINE('',#8011,#1770);
#1250=LINE('',#8012,#1771);
#1251=LINE('',#8014,#1772);
#1252=LINE('',#8034,#1773);
#1253=LINE('',#8041,#1774);
#1254=LINE('',#8064,#1775);
#1255=LINE('',#8067,#1776);
#1256=LINE('',#8069,#1777);
#1257=LINE('',#8070,#1778);
#1258=LINE('',#8093,#1779);
#1259=LINE('',#8116,#1780);
#1260=LINE('',#8139,#1781);
#1261=LINE('',#8162,#1782);
#1262=LINE('',#8165,#1783);
#1263=LINE('',#8167,#1784);
#1264=LINE('',#8168,#1785);
#1265=LINE('',#8191,#1786);
#1266=LINE('',#8223,#1787);
#1267=LINE('',#8230,#1788);
#1268=LINE('',#8247,#1789);
#1269=LINE('',#8250,#1790);
#1270=LINE('',#8251,#1791);
#1271=LINE('',#8268,#1792);
#1272=LINE('',#8285,#1793);
#1273=LINE('',#8302,#1794);
#1274=LINE('',#8319,#1795);
#1275=LINE('',#8322,#1796);
#1276=LINE('',#8323,#1797);
#1277=LINE('',#8340,#1798);
#1278=LINE('',#8369,#1799);
#1279=LINE('',#8376,#1800);
#1280=LINE('',#8393,#1801);
#1281=LINE('',#8396,#1802);
#1282=LINE('',#8397,#1803);
#1283=LINE('',#8400,#1804);
#1284=LINE('',#8401,#1805);
#1285=LINE('',#8404,#1806);
#1286=LINE('',#8405,#1807);
#1287=LINE('',#8408,#1808);
#1288=LINE('',#8409,#1809);
#1289=LINE('',#8426,#1810);
#1290=LINE('',#8443,#1811);
#1291=LINE('',#8446,#1812);
#1292=LINE('',#8447,#1813);
#1293=LINE('',#8464,#1814);
#1294=LINE('',#8481,#1815);
#1295=LINE('',#8484,#1816);
#1296=LINE('',#8485,#1817);
#1297=LINE('',#8502,#1818);
#1298=LINE('',#8519,#1819);
#1299=LINE('',#8536,#1820);
#1300=LINE('',#8553,#1821);
#1301=LINE('',#8556,#1822);
#1302=LINE('',#8557,#1823);
#1303=LINE('',#8574,#1824);
#1304=LINE('',#8591,#1825);
#1305=LINE('',#8608,#1826);
#1306=LINE('',#8625,#1827);
#1307=LINE('',#8642,#1828);
#1308=LINE('',#8645,#1829);
#1309=LINE('',#8646,#1830);
#1310=LINE('',#8663,#1831);
#1311=LINE('',#8680,#1832);
#1312=LINE('',#8682,#1833);
#1313=LINE('',#8695,#1834);
#1314=LINE('',#8702,#1835);
#1315=LINE('',#8719,#1836);
#1316=LINE('',#8722,#1837);
#1317=LINE('',#8723,#1838);
#1318=LINE('',#8726,#1839);
#1319=LINE('',#8727,#1840);
#1320=LINE('',#8730,#1841);
#1321=LINE('',#8731,#1842);
#1322=LINE('',#8734,#1843);
#1323=LINE('',#8735,#1844);
#1324=LINE('',#8752,#1845);
#1325=LINE('',#8769,#1846);
#1326=LINE('',#8772,#1847);
#1327=LINE('',#8773,#1848);
#1328=LINE('',#8790,#1849);
#1329=LINE('',#8807,#1850);
#1330=LINE('',#8810,#1851);
#1331=LINE('',#8811,#1852);
#1332=LINE('',#8828,#1853);
#1333=LINE('',#8845,#1854);
#1334=LINE('',#8862,#1855);
#1335=LINE('',#8879,#1856);
#1336=LINE('',#8882,#1857);
#1337=LINE('',#8883,#1858);
#1338=LINE('',#8900,#1859);
#1339=LINE('',#8917,#1860);
#1340=LINE('',#8934,#1861);
#1341=LINE('',#8951,#1862);
#1342=LINE('',#8968,#1863);
#1343=LINE('',#8971,#1864);
#1344=LINE('',#8972,#1865);
#1345=LINE('',#8989,#1866);
#1346=LINE('',#9006,#1867);
#1347=LINE('',#9008,#1868);
#1348=LINE('',#9028,#1869);
#1349=LINE('',#9035,#1870);
#1350=LINE('',#9058,#1871);
#1351=LINE('',#9081,#1872);
#1352=LINE('',#9084,#1873);
#1353=LINE('',#9086,#1874);
#1354=LINE('',#9087,#1875);
#1355=LINE('',#9110,#1876);
#1356=LINE('',#9133,#1877);
#1357=LINE('',#9156,#1878);
#1358=LINE('',#9179,#1879);
#1359=LINE('',#9181,#1880);
#1360=LINE('',#9182,#1881);
#1361=LINE('',#9194,#1882);
#1362=LINE('',#9201,#1883);
#1363=LINE('',#9218,#1884);
#1364=LINE('',#9235,#1885);
#1365=LINE('',#9238,#1886);
#1366=LINE('',#9239,#1887);
#1367=LINE('',#9256,#1888);
#1368=LINE('',#9273,#1889);
#1369=LINE('',#9290,#1890);
#1370=LINE('',#9307,#1891);
#1371=LINE('',#9324,#1892);
#1372=LINE('',#9327,#1893);
#1373=LINE('',#9328,#1894);
#1374=LINE('',#9345,#1895);
#1375=LINE('',#9362,#1896);
#1376=LINE('',#9365,#1897);
#1377=LINE('',#9366,#1898);
#1378=LINE('',#9383,#1899);
#1379=LINE('',#9400,#1900);
#1380=LINE('',#9429,#1901);
#1381=LINE('',#9436,#1902);
#1382=LINE('',#9453,#1903);
#1383=LINE('',#9456,#1904);
#1384=LINE('',#9457,#1905);
#1385=LINE('',#9460,#1906);
#1386=LINE('',#9461,#1907);
#1387=LINE('',#9464,#1908);
#1388=LINE('',#9465,#1909);
#1389=LINE('',#9482,#1910);
#1390=LINE('',#9499,#1911);
#1391=LINE('',#9516,#1912);
#1392=LINE('',#9519,#1913);
#1393=LINE('',#9520,#1914);
#1394=LINE('',#9523,#1915);
#1395=LINE('',#9524,#1916);
#1396=LINE('',#9527,#1917);
#1397=LINE('',#9528,#1918);
#1398=LINE('',#9531,#1919);
#1399=LINE('',#9532,#1920);
#1400=LINE('',#9535,#1921);
#1401=LINE('',#9536,#1922);
#1402=LINE('',#9553,#1923);
#1403=LINE('',#9581,#1924);
#1404=LINE('',#9588,#1925);
#1405=LINE('',#9605,#1926);
#1406=LINE('',#9608,#1927);
#1407=LINE('',#9609,#1928);
#1408=LINE('',#9612,#1929);
#1409=LINE('',#9613,#1930);
#1410=LINE('',#9616,#1931);
#1411=LINE('',#9617,#1932);
#1412=LINE('',#9634,#1933);
#1413=LINE('',#9651,#1934);
#1414=LINE('',#9654,#1935);
#1415=LINE('',#9655,#1936);
#1416=LINE('',#9658,#1937);
#1417=LINE('',#9659,#1938);
#1418=LINE('',#9662,#1939);
#1419=LINE('',#9663,#1940);
#1420=LINE('',#9666,#1941);
#1421=LINE('',#9667,#1942);
#1422=LINE('',#9670,#1943);
#1423=LINE('',#9671,#1944);
#1424=LINE('',#9688,#1945);
#1425=LINE('',#9710,#1946);
#1426=LINE('',#9713,#1947);
#1427=LINE('',#9716,#1948);
#1428=LINE('',#9718,#1949);
#1429=LINE('',#9719,#1950);
#1430=LINE('',#9722,#1951);
#1431=LINE('',#9726,#1952);
#1432=LINE('',#9728,#1953);
#1433=LINE('',#9730,#1954);
#1434=LINE('',#9732,#1955);
#1435=LINE('',#9734,#1956);
#1436=LINE('',#9738,#1957);
#1437=LINE('',#9742,#1958);
#1438=LINE('',#9744,#1959);
#1439=LINE('',#9746,#1960);
#1440=LINE('',#9747,#1961);
#1441=LINE('',#9750,#1962);
#1442=LINE('',#9752,#1963);
#1443=LINE('',#9754,#1964);
#1444=LINE('',#9755,#1965);
#1445=LINE('',#9758,#1966);
#1446=LINE('',#9760,#1967);
#1447=LINE('',#9762,#1968);
#1448=LINE('',#9763,#1969);
#1449=LINE('',#9766,#1970);
#1450=LINE('',#9768,#1971);
#1451=LINE('',#9770,#1972);
#1452=LINE('',#9771,#1973);
#1453=LINE('',#9774,#1974);
#1454=LINE('',#9776,#1975);
#1455=LINE('',#9778,#1976);
#1456=LINE('',#9779,#1977);
#1457=LINE('',#9782,#1978);
#1458=LINE('',#9784,#1979);
#1459=LINE('',#9786,#1980);
#1460=LINE('',#9787,#1981);
#1461=LINE('',#9790,#1982);
#1462=LINE('',#9792,#1983);
#1463=LINE('',#9794,#1984);
#1464=LINE('',#9795,#1985);
#1465=LINE('',#9798,#1986);
#1466=LINE('',#9800,#1987);
#1467=LINE('',#9802,#1988);
#1468=LINE('',#9803,#1989);
#1469=LINE('',#9806,#1990);
#1470=LINE('',#9808,#1991);
#1471=LINE('',#9810,#1992);
#1472=LINE('',#9811,#1993);
#1473=LINE('',#9814,#1994);
#1474=LINE('',#9816,#1995);
#1475=LINE('',#9818,#1996);
#1476=LINE('',#9819,#1997);
#1477=LINE('',#9822,#1998);
#1478=LINE('',#9824,#1999);
#1479=LINE('',#9826,#2000);
#1480=LINE('',#9827,#2001);
#1481=LINE('',#9840,#2002);
#1482=LINE('',#9841,#2003);
#1483=LINE('',#9844,#2004);
#1484=LINE('',#9845,#2005);
#1485=LINE('',#9847,#2006);
#1486=LINE('',#9849,#2007);
#1487=LINE('',#9850,#2008);
#1488=LINE('',#9854,#2009);
#1489=LINE('',#9858,#2010);
#1490=LINE('',#9861,#2011);
#1491=LINE('',#9862,#2012);
#1492=LINE('',#9863,#2013);
#1493=LINE('',#9865,#2014);
#1494=LINE('',#9867,#2015);
#1495=LINE('',#9868,#2016);
#1496=LINE('',#9871,#2017);
#1497=LINE('',#9874,#2018);
#1498=LINE('',#9876,#2019);
#1499=LINE('',#9877,#2020);
#1500=LINE('',#9879,#2021);
#1501=LINE('',#9880,#2022);
#1502=LINE('',#9882,#2023);
#1503=LINE('',#9884,#2024);
#1504=LINE('',#9887,#2025);
#1505=LINE('',#9888,#2026);
#1506=LINE('',#9890,#2027);
#1507=LINE('',#9892,#2028);
#1508=LINE('',#9895,#2029);
#1509=LINE('',#9896,#2030);
#1510=LINE('',#9898,#2031);
#1511=LINE('',#9900,#2032);
#1512=LINE('',#9903,#2033);
#1513=LINE('',#9904,#2034);
#1514=LINE('',#9906,#2035);
#1515=LINE('',#9908,#2036);
#1516=LINE('',#9911,#2037);
#1517=LINE('',#9912,#2038);
#1518=LINE('',#9914,#2039);
#1519=LINE('',#9916,#2040);
#1520=LINE('',#9919,#2041);
#1521=LINE('',#9920,#2042);
#1522=LINE('',#9922,#2043);
#1523=LINE('',#9924,#2044);
#1524=LINE('',#9927,#2045);
#1525=LINE('',#9928,#2046);
#1526=LINE('',#9930,#2047);
#1527=LINE('',#9932,#2048);
#1528=LINE('',#9935,#2049);
#1529=LINE('',#9936,#2050);
#1530=LINE('',#9938,#2051);
#1531=LINE('',#9940,#2052);
#1532=LINE('',#9944,#2053);
#1533=LINE('',#9945,#2054);
#1534=LINE('',#9948,#2055);
#1535=LINE('',#9949,#2056);
#1536=LINE('',#9951,#2057);
#1537=LINE('',#9954,#2058);
#1538=LINE('',#9955,#2059);
#1539=LINE('',#9957,#2060);
#1540=LINE('',#9959,#2061);
#1541=LINE('',#9960,#2062);
#1542=LINE('',#9962,#2063);
#1543=LINE('',#9964,#2064);
#1544=LINE('',#9965,#2065);
#1545=LINE('',#9967,#2066);
#1546=LINE('',#9969,#2067);
#1547=LINE('',#9972,#2068);
#1548=LINE('',#9975,#2069);
#1549=LINE('',#9990,#2070);
#1550=LINE('',#9992,#2071);
#1551=LINE('',#9994,#2072);
#1552=LINE('',#9996,#2073);
#1553=LINE('',#9998,#2074);
#1554=LINE('',#10000,#2075);
#1555=VECTOR('',#5540,10.);
#1556=VECTOR('',#5541,10.);
#1557=VECTOR('',#5542,10.);
#1558=VECTOR('',#5543,10.);
#1559=VECTOR('',#5546,10.);
#1560=VECTOR('',#5547,10.);
#1561=VECTOR('',#5548,10.);
#1562=VECTOR('',#5551,10.);
#1563=VECTOR('',#5552,10.);
#1564=VECTOR('',#5555,10.);
#1565=VECTOR('',#5556,10.);
#1566=VECTOR('',#5557,10.);
#1567=VECTOR('',#5558,10.);
#1568=VECTOR('',#5561,10.);
#1569=VECTOR('',#5562,10.);
#1570=VECTOR('',#5563,10.);
#1571=VECTOR('',#5566,10.);
#1572=VECTOR('',#5567,10.);
#1573=VECTOR('',#5568,10.);
#1574=VECTOR('',#5571,10.);
#1575=VECTOR('',#5572,10.);
#1576=VECTOR('',#5573,10.);
#1577=VECTOR('',#5576,10.);
#1578=VECTOR('',#5577,10.);
#1579=VECTOR('',#5578,10.);
#1580=VECTOR('',#5581,10.);
#1581=VECTOR('',#5582,10.);
#1582=VECTOR('',#5583,10.);
#1583=VECTOR('',#5586,10.);
#1584=VECTOR('',#5587,10.);
#1585=VECTOR('',#5588,10.);
#1586=VECTOR('',#5591,10.);
#1587=VECTOR('',#5592,10.);
#1588=VECTOR('',#5597,10.);
#1589=VECTOR('',#5598,10.);
#1590=VECTOR('',#5599,10.);
#1591=VECTOR('',#5600,10.);
#1592=VECTOR('',#5601,10.);
#1593=VECTOR('',#5602,10.);
#1594=VECTOR('',#5603,10.);
#1595=VECTOR('',#5604,10.);
#1596=VECTOR('',#5605,10.);
#1597=VECTOR('',#5606,10.);
#1598=VECTOR('',#5607,10.);
#1599=VECTOR('',#5608,10.);
#1600=VECTOR('',#5609,10.);
#1601=VECTOR('',#5610,10.);
#1602=VECTOR('',#5611,10.);
#1603=VECTOR('',#5612,10.);
#1604=VECTOR('',#5613,10.);
#1605=VECTOR('',#5614,10.);
#1606=VECTOR('',#5615,10.);
#1607=VECTOR('',#5616,10.);
#1608=VECTOR('',#5617,10.);
#1609=VECTOR('',#5618,10.);
#1610=VECTOR('',#5619,10.);
#1611=VECTOR('',#5620,10.);
#1612=VECTOR('',#5621,10.);
#1613=VECTOR('',#5622,10.);
#1614=VECTOR('',#5623,10.);
#1615=VECTOR('',#5624,10.);
#1616=VECTOR('',#5625,10.);
#1617=VECTOR('',#5626,10.);
#1618=VECTOR('',#5627,10.);
#1619=VECTOR('',#5628,10.);
#1620=VECTOR('',#5629,10.);
#1621=VECTOR('',#5630,10.);
#1622=VECTOR('',#5631,10.);
#1623=VECTOR('',#5632,10.);
#1624=VECTOR('',#5633,10.);
#1625=VECTOR('',#5634,10.);
#1626=VECTOR('',#5635,10.);
#1627=VECTOR('',#5636,10.);
#1628=VECTOR('',#5637,10.);
#1629=VECTOR('',#5638,10.);
#1630=VECTOR('',#5639,10.);
#1631=VECTOR('',#5640,10.);
#1632=VECTOR('',#5641,10.);
#1633=VECTOR('',#5642,10.);
#1634=VECTOR('',#5643,10.);
#1635=VECTOR('',#5644,10.);
#1636=VECTOR('',#5645,10.);
#1637=VECTOR('',#5646,10.);
#1638=VECTOR('',#5647,10.);
#1639=VECTOR('',#5648,10.);
#1640=VECTOR('',#5649,10.);
#1641=VECTOR('',#5650,10.);
#1642=VECTOR('',#5651,10.);
#1643=VECTOR('',#5652,10.);
#1644=VECTOR('',#5653,10.);
#1645=VECTOR('',#5654,10.);
#1646=VECTOR('',#5655,10.);
#1647=VECTOR('',#5656,10.);
#1648=VECTOR('',#5657,10.);
#1649=VECTOR('',#5658,10.);
#1650=VECTOR('',#5659,10.);
#1651=VECTOR('',#5660,10.);
#1652=VECTOR('',#5661,10.);
#1653=VECTOR('',#5662,10.);
#1654=VECTOR('',#5663,10.);
#1655=VECTOR('',#5664,10.);
#1656=VECTOR('',#5665,10.);
#1657=VECTOR('',#5666,10.);
#1658=VECTOR('',#5667,10.);
#1659=VECTOR('',#5668,10.);
#1660=VECTOR('',#5669,10.);
#1661=VECTOR('',#5670,10.);
#1662=VECTOR('',#5671,10.);
#1663=VECTOR('',#5672,10.);
#1664=VECTOR('',#5673,10.);
#1665=VECTOR('',#5674,10.);
#1666=VECTOR('',#5675,10.);
#1667=VECTOR('',#5676,10.);
#1668=VECTOR('',#5677,10.);
#1669=VECTOR('',#5678,10.);
#1670=VECTOR('',#5679,10.);
#1671=VECTOR('',#5680,10.);
#1672=VECTOR('',#5681,10.);
#1673=VECTOR('',#5682,10.);
#1674=VECTOR('',#5683,10.);
#1675=VECTOR('',#5684,10.);
#1676=VECTOR('',#5685,10.);
#1677=VECTOR('',#5686,10.);
#1678=VECTOR('',#5687,10.);
#1679=VECTOR('',#5688,10.);
#1680=VECTOR('',#5689,10.);
#1681=VECTOR('',#5690,10.);
#1682=VECTOR('',#5691,10.);
#1683=VECTOR('',#5692,10.);
#1684=VECTOR('',#5693,10.);
#1685=VECTOR('',#5694,10.);
#1686=VECTOR('',#5695,10.);
#1687=VECTOR('',#5696,10.);
#1688=VECTOR('',#5697,10.);
#1689=VECTOR('',#5698,10.);
#1690=VECTOR('',#5699,10.);
#1691=VECTOR('',#5700,10.);
#1692=VECTOR('',#5701,10.);
#1693=VECTOR('',#5702,10.);
#1694=VECTOR('',#5703,10.);
#1695=VECTOR('',#5704,10.);
#1696=VECTOR('',#5705,10.);
#1697=VECTOR('',#5706,10.);
#1698=VECTOR('',#5707,10.);
#1699=VECTOR('',#5708,10.);
#1700=VECTOR('',#5711,10.);
#1701=VECTOR('',#5712,10.);
#1702=VECTOR('',#5713,10.);
#1703=VECTOR('',#5714,10.);
#1704=VECTOR('',#5715,10.);
#1705=VECTOR('',#5716,10.);
#1706=VECTOR('',#5719,10.);
#1707=VECTOR('',#5720,10.);
#1708=VECTOR('',#5721,10.);
#1709=VECTOR('',#5722,10.);
#1710=VECTOR('',#5725,10.);
#1711=VECTOR('',#5726,10.);
#1712=VECTOR('',#5727,10.);
#1713=VECTOR('',#5728,10.);
#1714=VECTOR('',#5731,10.);
#1715=VECTOR('',#5732,10.);
#1716=VECTOR('',#5733,10.);
#1717=VECTOR('',#5734,10.);
#1718=VECTOR('',#5735,10.);
#1719=VECTOR('',#5736,10.);
#1720=VECTOR('',#5737,10.);
#1721=VECTOR('',#5740,10.);
#1722=VECTOR('',#5741,10.);
#1723=VECTOR('',#5742,10.);
#1724=VECTOR('',#5743,10.);
#1725=VECTOR('',#5744,10.);
#1726=VECTOR('',#5745,10.);
#1727=VECTOR('',#5748,10.);
#1728=VECTOR('',#5749,10.);
#1729=VECTOR('',#5750,10.);
#1730=VECTOR('',#5751,10.);
#1731=VECTOR('',#5754,10.);
#1732=VECTOR('',#5755,10.);
#1733=VECTOR('',#5756,10.);
#1734=VECTOR('',#5757,10.);
#1735=VECTOR('',#5760,10.);
#1736=VECTOR('',#5761,10.);
#1737=VECTOR('',#5762,10.);
#1738=VECTOR('',#5767,10.);
#1739=VECTOR('',#5768,10.);
#1740=VECTOR('',#5769,10.);
#1741=VECTOR('',#5772,10.);
#1742=VECTOR('',#5773,10.);
#1743=VECTOR('',#5776,10.);
#1744=VECTOR('',#5777,10.);
#1745=VECTOR('',#5778,10.);
#1746=VECTOR('',#5779,10.);
#1747=VECTOR('',#5780,10.);
#1748=VECTOR('',#5783,10.);
#1749=VECTOR('',#5784,10.);
#1750=VECTOR('',#5787,10.);
#1751=VECTOR('',#5788,10.);
#1752=VECTOR('',#5791,10.);
#1753=VECTOR('',#5792,10.);
#1754=VECTOR('',#5793,10.);
#1755=VECTOR('',#5794,10.);
#1756=VECTOR('',#5797,10.);
#1757=VECTOR('',#5798,10.);
#1758=VECTOR('',#5801,10.);
#1759=VECTOR('',#5804,10.);
#1760=VECTOR('',#5805,10.);
#1761=VECTOR('',#5806,10.);
#1762=VECTOR('',#5807,10.);
#1763=VECTOR('',#5810,10.);
#1764=VECTOR('',#5811,10.);
#1765=VECTOR('',#5812,10.);
#1766=VECTOR('',#5813,10.);
#1767=VECTOR('',#5814,10.);
#1768=VECTOR('',#5817,10.);
#1769=VECTOR('',#5818,10.);
#1770=VECTOR('',#5821,10.);
#1771=VECTOR('',#5822,10.);
#1772=VECTOR('',#5825,10.);
#1773=VECTOR('',#5828,10.);
#1774=VECTOR('',#5829,10.);
#1775=VECTOR('',#5830,10.);
#1776=VECTOR('',#5833,10.);
#1777=VECTOR('',#5834,10.);
#1778=VECTOR('',#5835,10.);
#1779=VECTOR('',#5836,10.);
#1780=VECTOR('',#5837,10.);
#1781=VECTOR('',#5838,10.);
#1782=VECTOR('',#5839,10.);
#1783=VECTOR('',#5842,10.);
#1784=VECTOR('',#5843,10.);
#1785=VECTOR('',#5844,10.);
#1786=VECTOR('',#5845,10.);
#1787=VECTOR('',#5846,10.);
#1788=VECTOR('',#5847,10.);
#1789=VECTOR('',#5848,10.);
#1790=VECTOR('',#5851,10.);
#1791=VECTOR('',#5852,10.);
#1792=VECTOR('',#5853,10.);
#1793=VECTOR('',#5854,10.);
#1794=VECTOR('',#5855,10.);
#1795=VECTOR('',#5856,10.);
#1796=VECTOR('',#5859,10.);
#1797=VECTOR('',#5860,10.);
#1798=VECTOR('',#5861,10.);
#1799=VECTOR('',#5866,10.);
#1800=VECTOR('',#5867,10.);
#1801=VECTOR('',#5868,10.);
#1802=VECTOR('',#5871,10.);
#1803=VECTOR('',#5872,10.);
#1804=VECTOR('',#5875,10.);
#1805=VECTOR('',#5876,10.);
#1806=VECTOR('',#5879,10.);
#1807=VECTOR('',#5880,10.);
#1808=VECTOR('',#5883,10.);
#1809=VECTOR('',#5884,10.);
#1810=VECTOR('',#5885,10.);
#1811=VECTOR('',#5886,10.);
#1812=VECTOR('',#5889,10.);
#1813=VECTOR('',#5890,10.);
#1814=VECTOR('',#5891,10.);
#1815=VECTOR('',#5892,10.);
#1816=VECTOR('',#5895,10.);
#1817=VECTOR('',#5896,10.);
#1818=VECTOR('',#5897,10.);
#1819=VECTOR('',#5898,10.);
#1820=VECTOR('',#5899,10.);
#1821=VECTOR('',#5900,10.);
#1822=VECTOR('',#5903,10.);
#1823=VECTOR('',#5904,10.);
#1824=VECTOR('',#5905,10.);
#1825=VECTOR('',#5906,10.);
#1826=VECTOR('',#5907,10.);
#1827=VECTOR('',#5908,10.);
#1828=VECTOR('',#5909,10.);
#1829=VECTOR('',#5912,10.);
#1830=VECTOR('',#5913,10.);
#1831=VECTOR('',#5914,10.);
#1832=VECTOR('',#5915,10.);
#1833=VECTOR('',#5918,10.);
#1834=VECTOR('',#5921,10.);
#1835=VECTOR('',#5922,10.);
#1836=VECTOR('',#5923,10.);
#1837=VECTOR('',#5926,10.);
#1838=VECTOR('',#5927,10.);
#1839=VECTOR('',#5930,10.);
#1840=VECTOR('',#5931,10.);
#1841=VECTOR('',#5934,10.);
#1842=VECTOR('',#5935,10.);
#1843=VECTOR('',#5938,10.);
#1844=VECTOR('',#5939,10.);
#1845=VECTOR('',#5940,10.);
#1846=VECTOR('',#5941,10.);
#1847=VECTOR('',#5944,10.);
#1848=VECTOR('',#5945,10.);
#1849=VECTOR('',#5946,10.);
#1850=VECTOR('',#5947,10.);
#1851=VECTOR('',#5950,10.);
#1852=VECTOR('',#5951,10.);
#1853=VECTOR('',#5952,10.);
#1854=VECTOR('',#5953,10.);
#1855=VECTOR('',#5954,10.);
#1856=VECTOR('',#5955,10.);
#1857=VECTOR('',#5958,10.);
#1858=VECTOR('',#5959,10.);
#1859=VECTOR('',#5960,10.);
#1860=VECTOR('',#5961,10.);
#1861=VECTOR('',#5962,10.);
#1862=VECTOR('',#5963,10.);
#1863=VECTOR('',#5964,10.);
#1864=VECTOR('',#5967,10.);
#1865=VECTOR('',#5968,10.);
#1866=VECTOR('',#5969,10.);
#1867=VECTOR('',#5970,10.);
#1868=VECTOR('',#5973,10.);
#1869=VECTOR('',#5976,10.);
#1870=VECTOR('',#5977,10.);
#1871=VECTOR('',#5978,10.);
#1872=VECTOR('',#5979,10.);
#1873=VECTOR('',#5982,10.);
#1874=VECTOR('',#5983,10.);
#1875=VECTOR('',#5984,10.);
#1876=VECTOR('',#5985,10.);
#1877=VECTOR('',#5986,10.);
#1878=VECTOR('',#5987,10.);
#1879=VECTOR('',#5988,10.);
#1880=VECTOR('',#5991,10.);
#1881=VECTOR('',#5992,10.);
#1882=VECTOR('',#5993,10.);
#1883=VECTOR('',#5994,10.);
#1884=VECTOR('',#5995,10.);
#1885=VECTOR('',#5996,10.);
#1886=VECTOR('',#5999,10.);
#1887=VECTOR('',#6000,10.);
#1888=VECTOR('',#6001,10.);
#1889=VECTOR('',#6002,10.);
#1890=VECTOR('',#6003,10.);
#1891=VECTOR('',#6004,10.);
#1892=VECTOR('',#6005,10.);
#1893=VECTOR('',#6008,10.);
#1894=VECTOR('',#6009,10.);
#1895=VECTOR('',#6010,10.);
#1896=VECTOR('',#6011,10.);
#1897=VECTOR('',#6014,10.);
#1898=VECTOR('',#6015,10.);
#1899=VECTOR('',#6016,10.);
#1900=VECTOR('',#6017,10.);
#1901=VECTOR('',#6022,10.);
#1902=VECTOR('',#6023,10.);
#1903=VECTOR('',#6024,10.);
#1904=VECTOR('',#6027,10.);
#1905=VECTOR('',#6028,10.);
#1906=VECTOR('',#6031,10.);
#1907=VECTOR('',#6032,10.);
#1908=VECTOR('',#6035,10.);
#1909=VECTOR('',#6036,10.);
#1910=VECTOR('',#6037,10.);
#1911=VECTOR('',#6038,10.);
#1912=VECTOR('',#6039,10.);
#1913=VECTOR('',#6042,10.);
#1914=VECTOR('',#6043,10.);
#1915=VECTOR('',#6046,10.);
#1916=VECTOR('',#6047,10.);
#1917=VECTOR('',#6050,10.);
#1918=VECTOR('',#6051,10.);
#1919=VECTOR('',#6054,10.);
#1920=VECTOR('',#6055,10.);
#1921=VECTOR('',#6058,10.);
#1922=VECTOR('',#6059,10.);
#1923=VECTOR('',#6060,10.);
#1924=VECTOR('',#6063,10.);
#1925=VECTOR('',#6064,10.);
#1926=VECTOR('',#6065,10.);
#1927=VECTOR('',#6068,10.);
#1928=VECTOR('',#6069,10.);
#1929=VECTOR('',#6072,10.);
#1930=VECTOR('',#6073,10.);
#1931=VECTOR('',#6076,10.);
#1932=VECTOR('',#6077,10.);
#1933=VECTOR('',#6078,10.);
#1934=VECTOR('',#6079,10.);
#1935=VECTOR('',#6082,10.);
#1936=VECTOR('',#6083,10.);
#1937=VECTOR('',#6086,10.);
#1938=VECTOR('',#6087,10.);
#1939=VECTOR('',#6090,10.);
#1940=VECTOR('',#6091,10.);
#1941=VECTOR('',#6094,10.);
#1942=VECTOR('',#6095,10.);
#1943=VECTOR('',#6098,10.);
#1944=VECTOR('',#6099,10.);
#1945=VECTOR('',#6100,10.);
#1946=VECTOR('',#6107,10.);
#1947=VECTOR('',#6110,10.);
#1948=VECTOR('',#6113,10.);
#1949=VECTOR('',#6114,10.);
#1950=VECTOR('',#6115,10.);
#1951=VECTOR('',#6118,10.);
#1952=VECTOR('',#6121,10.);
#1953=VECTOR('',#6122,10.);
#1954=VECTOR('',#6123,10.);
#1955=VECTOR('',#6124,10.);
#1956=VECTOR('',#6125,10.);
#1957=VECTOR('',#6128,10.);
#1958=VECTOR('',#6131,10.);
#1959=VECTOR('',#6132,10.);
#1960=VECTOR('',#6133,10.);
#1961=VECTOR('',#6134,10.);
#1962=VECTOR('',#6135,10.);
#1963=VECTOR('',#6136,10.);
#1964=VECTOR('',#6137,10.);
#1965=VECTOR('',#6138,10.);
#1966=VECTOR('',#6139,10.);
#1967=VECTOR('',#6140,10.);
#1968=VECTOR('',#6141,10.);
#1969=VECTOR('',#6142,10.);
#1970=VECTOR('',#6143,10.);
#1971=VECTOR('',#6144,10.);
#1972=VECTOR('',#6145,10.);
#1973=VECTOR('',#6146,10.);
#1974=VECTOR('',#6147,10.);
#1975=VECTOR('',#6148,10.);
#1976=VECTOR('',#6149,10.);
#1977=VECTOR('',#6150,10.);
#1978=VECTOR('',#6151,10.);
#1979=VECTOR('',#6152,10.);
#1980=VECTOR('',#6153,10.);
#1981=VECTOR('',#6154,10.);
#1982=VECTOR('',#6155,10.);
#1983=VECTOR('',#6156,10.);
#1984=VECTOR('',#6157,10.);
#1985=VECTOR('',#6158,10.);
#1986=VECTOR('',#6159,10.);
#1987=VECTOR('',#6160,10.);
#1988=VECTOR('',#6161,10.);
#1989=VECTOR('',#6162,10.);
#1990=VECTOR('',#6163,10.);
#1991=VECTOR('',#6164,10.);
#1992=VECTOR('',#6165,10.);
#1993=VECTOR('',#6166,10.);
#1994=VECTOR('',#6167,10.);
#1995=VECTOR('',#6168,10.);
#1996=VECTOR('',#6169,10.);
#1997=VECTOR('',#6170,10.);
#1998=VECTOR('',#6171,10.);
#1999=VECTOR('',#6172,10.);
#2000=VECTOR('',#6173,10.);
#2001=VECTOR('',#6174,10.);
#2002=VECTOR('',#6187,10.);
#2003=VECTOR('',#6188,10.);
#2004=VECTOR('',#6191,10.);
#2005=VECTOR('',#6192,10.);
#2006=VECTOR('',#6193,10.);
#2007=VECTOR('',#6194,10.);
#2008=VECTOR('',#6195,10.);
#2009=VECTOR('',#6200,10.);
#2010=VECTOR('',#6205,10.);
#2011=VECTOR('',#6208,10.);
#2012=VECTOR('',#6209,10.);
#2013=VECTOR('',#6210,10.);
#2014=VECTOR('',#6213,10.);
#2015=VECTOR('',#6214,10.);
#2016=VECTOR('',#6215,10.);
#2017=VECTOR('',#6220,10.);
#2018=VECTOR('',#6223,10.);
#2019=VECTOR('',#6224,10.);
#2020=VECTOR('',#6225,10.);
#2021=VECTOR('',#6228,10.);
#2022=VECTOR('',#6229,10.);
#2023=VECTOR('',#6232,10.);
#2024=VECTOR('',#6235,10.);
#2025=VECTOR('',#6240,10.);
#2026=VECTOR('',#6241,10.);
#2027=VECTOR('',#6244,10.);
#2028=VECTOR('',#6247,10.);
#2029=VECTOR('',#6252,10.);
#2030=VECTOR('',#6253,10.);
#2031=VECTOR('',#6256,10.);
#2032=VECTOR('',#6259,10.);
#2033=VECTOR('',#6264,10.);
#2034=VECTOR('',#6265,10.);
#2035=VECTOR('',#6268,10.);
#2036=VECTOR('',#6271,10.);
#2037=VECTOR('',#6276,10.);
#2038=VECTOR('',#6277,10.);
#2039=VECTOR('',#6280,10.);
#2040=VECTOR('',#6283,10.);
#2041=VECTOR('',#6288,10.);
#2042=VECTOR('',#6289,10.);
#2043=VECTOR('',#6292,10.);
#2044=VECTOR('',#6295,10.);
#2045=VECTOR('',#6300,10.);
#2046=VECTOR('',#6301,10.);
#2047=VECTOR('',#6304,10.);
#2048=VECTOR('',#6307,10.);
#2049=VECTOR('',#6312,10.);
#2050=VECTOR('',#6313,10.);
#2051=VECTOR('',#6316,10.);
#2052=VECTOR('',#6319,10.);
#2053=VECTOR('',#6324,10.);
#2054=VECTOR('',#6325,10.);
#2055=VECTOR('',#6328,10.);
#2056=VECTOR('',#6329,10.);
#2057=VECTOR('',#6332,10.);
#2058=VECTOR('',#6337,10.);
#2059=VECTOR('',#6338,10.);
#2060=VECTOR('',#6341,10.);
#2061=VECTOR('',#6344,10.);
#2062=VECTOR('',#6345,10.);
#2063=VECTOR('',#6348,10.);
#2064=VECTOR('',#6351,10.);
#2065=VECTOR('',#6352,10.);
#2066=VECTOR('',#6355,10.);
#2067=VECTOR('',#6358,10.);
#2068=VECTOR('',#6363,10.);
#2069=VECTOR('',#6368,10.);
#2070=VECTOR('',#6389,2.34999999999999);
#2071=VECTOR('',#6392,2.35);
#2072=VECTOR('',#6395,2.35);
#2073=VECTOR('',#6398,2.34999999999999);
#2074=VECTOR('',#6401,10.);
#2075=VECTOR('',#6404,10.);
#2076=VERTEX_POINT('',#6412);
#2077=VERTEX_POINT('',#6413);
#2078=VERTEX_POINT('',#6415);
#2079=VERTEX_POINT('',#6417);
#2080=VERTEX_POINT('',#6421);
#2081=VERTEX_POINT('',#6423);
#2082=VERTEX_POINT('',#6430);
#2083=VERTEX_POINT('',#6431);
#2084=VERTEX_POINT('',#6433);
#2085=VERTEX_POINT('',#6435);
#2086=VERTEX_POINT('',#6439);
#2087=VERTEX_POINT('',#6441);
#2088=VERTEX_POINT('',#6445);
#2089=VERTEX_POINT('',#6447);
#2090=VERTEX_POINT('',#6451);
#2091=VERTEX_POINT('',#6453);
#2092=VERTEX_POINT('',#6457);
#2093=VERTEX_POINT('',#6459);
#2094=VERTEX_POINT('',#6463);
#2095=VERTEX_POINT('',#6465);
#2096=VERTEX_POINT('',#6469);
#2097=VERTEX_POINT('',#6471);
#2098=VERTEX_POINT('',#6479);
#2099=VERTEX_POINT('',#6480);
#2100=VERTEX_POINT('',#6482);
#2101=VERTEX_POINT('',#6484);
#2102=VERTEX_POINT('',#6486);
#2103=VERTEX_POINT('',#6488);
#2104=VERTEX_POINT('',#6491);
#2105=VERTEX_POINT('',#6492);
#2106=VERTEX_POINT('',#6498);
#2107=VERTEX_POINT('',#6504);
#2108=VERTEX_POINT('',#6506);
#2109=VERTEX_POINT('',#6512);
#2110=VERTEX_POINT('',#6518);
#2111=VERTEX_POINT('',#6524);
#2112=VERTEX_POINT('',#6530);
#2113=VERTEX_POINT('',#6532);
#2114=VERTEX_POINT('',#6543);
#2115=VERTEX_POINT('',#6544);
#2116=VERTEX_POINT('',#6550);
#2117=VERTEX_POINT('',#6556);
#2118=VERTEX_POINT('',#6558);
#2119=VERTEX_POINT('',#6560);
#2120=VERTEX_POINT('',#6562);
#2121=VERTEX_POINT('',#6564);
#2122=VERTEX_POINT('',#6570);
#2123=VERTEX_POINT('',#6576);
#2124=VERTEX_POINT('',#6578);
#2125=VERTEX_POINT('',#6584);
#2126=VERTEX_POINT('',#6590);
#2127=VERTEX_POINT('',#6592);
#2128=VERTEX_POINT('',#6598);
#2129=VERTEX_POINT('',#6604);
#2130=VERTEX_POINT('',#6610);
#2131=VERTEX_POINT('',#6616);
#2132=VERTEX_POINT('',#6618);
#2133=VERTEX_POINT('',#6624);
#2134=VERTEX_POINT('',#6630);
#2135=VERTEX_POINT('',#6636);
#2136=VERTEX_POINT('',#6642);
#2137=VERTEX_POINT('',#6648);
#2138=VERTEX_POINT('',#6650);
#2139=VERTEX_POINT('',#6656);
#2140=VERTEX_POINT('',#6663);
#2141=VERTEX_POINT('',#6664);
#2142=VERTEX_POINT('',#6670);
#2143=VERTEX_POINT('',#6676);
#2144=VERTEX_POINT('',#6678);
#2145=VERTEX_POINT('',#6680);
#2146=VERTEX_POINT('',#6682);
#2147=VERTEX_POINT('',#6684);
#2148=VERTEX_POINT('',#6690);
#2149=VERTEX_POINT('',#6696);
#2150=VERTEX_POINT('',#6698);
#2151=VERTEX_POINT('',#6704);
#2152=VERTEX_POINT('',#6710);
#2153=VERTEX_POINT('',#6712);
#2154=VERTEX_POINT('',#6718);
#2155=VERTEX_POINT('',#6724);
#2156=VERTEX_POINT('',#6730);
#2157=VERTEX_POINT('',#6736);
#2158=VERTEX_POINT('',#6738);
#2159=VERTEX_POINT('',#6744);
#2160=VERTEX_POINT('',#6750);
#2161=VERTEX_POINT('',#6756);
#2162=VERTEX_POINT('',#6762);
#2163=VERTEX_POINT('',#6768);
#2164=VERTEX_POINT('',#6770);
#2165=VERTEX_POINT('',#6776);
#2166=VERTEX_POINT('',#6783);
#2167=VERTEX_POINT('',#6784);
#2168=VERTEX_POINT('',#6786);
#2169=VERTEX_POINT('',#6788);
#2170=VERTEX_POINT('',#6791);
#2171=VERTEX_POINT('',#6792);
#2172=VERTEX_POINT('',#6794);
#2173=VERTEX_POINT('',#6796);
#2174=VERTEX_POINT('',#6799);
#2175=VERTEX_POINT('',#6800);
#2176=VERTEX_POINT('',#6802);
#2177=VERTEX_POINT('',#6804);
#2178=VERTEX_POINT('',#6807);
#2179=VERTEX_POINT('',#6808);
#2180=VERTEX_POINT('',#6810);
#2181=VERTEX_POINT('',#6812);
#2182=VERTEX_POINT('',#6815);
#2183=VERTEX_POINT('',#6816);
#2184=VERTEX_POINT('',#6818);
#2185=VERTEX_POINT('',#6820);
#2186=VERTEX_POINT('',#6823);
#2187=VERTEX_POINT('',#6824);
#2188=VERTEX_POINT('',#6826);
#2189=VERTEX_POINT('',#6828);
#2190=VERTEX_POINT('',#6831);
#2191=VERTEX_POINT('',#6832);
#2192=VERTEX_POINT('',#6834);
#2193=VERTEX_POINT('',#6836);
#2194=VERTEX_POINT('',#6839);
#2195=VERTEX_POINT('',#6840);
#2196=VERTEX_POINT('',#6842);
#2197=VERTEX_POINT('',#6844);
#2198=VERTEX_POINT('',#6847);
#2199=VERTEX_POINT('',#6848);
#2200=VERTEX_POINT('',#6850);
#2201=VERTEX_POINT('',#6852);
#2202=VERTEX_POINT('',#6855);
#2203=VERTEX_POINT('',#6856);
#2204=VERTEX_POINT('',#6858);
#2205=VERTEX_POINT('',#6860);
#2206=VERTEX_POINT('',#6863);
#2207=VERTEX_POINT('',#6864);
#2208=VERTEX_POINT('',#6866);
#2209=VERTEX_POINT('',#6868);
#2210=VERTEX_POINT('',#6871);
#2211=VERTEX_POINT('',#6872);
#2212=VERTEX_POINT('',#6878);
#2213=VERTEX_POINT('',#6884);
#2214=VERTEX_POINT('',#6886);
#2215=VERTEX_POINT('',#6888);
#2216=VERTEX_POINT('',#6890);
#2217=VERTEX_POINT('',#6896);
#2218=VERTEX_POINT('',#6902);
#2219=VERTEX_POINT('',#6904);
#2220=VERTEX_POINT('',#6906);
#2221=VERTEX_POINT('',#6908);
#2222=VERTEX_POINT('',#6910);
#2223=VERTEX_POINT('',#6912);
#2224=VERTEX_POINT('',#6923);
#2225=VERTEX_POINT('',#6924);
#2226=VERTEX_POINT('',#6930);
#2227=VERTEX_POINT('',#6936);
#2228=VERTEX_POINT('',#6938);
#2229=VERTEX_POINT('',#6940);
#2230=VERTEX_POINT('',#6942);
#2231=VERTEX_POINT('',#6948);
#2232=VERTEX_POINT('',#6954);
#2233=VERTEX_POINT('',#6960);
#2234=VERTEX_POINT('',#6962);
#2235=VERTEX_POINT('',#6964);
#2236=VERTEX_POINT('',#6966);
#2237=VERTEX_POINT('',#6968);
#2238=VERTEX_POINT('',#6970);
#2239=VERTEX_POINT('',#6981);
#2240=VERTEX_POINT('',#6982);
#2241=VERTEX_POINT('',#6988);
#2242=VERTEX_POINT('',#6994);
#2243=VERTEX_POINT('',#7000);
#2244=VERTEX_POINT('',#7002);
#2245=VERTEX_POINT('',#7008);
#2246=VERTEX_POINT('',#7014);
#2247=VERTEX_POINT('',#7020);
#2248=VERTEX_POINT('',#7026);
#2249=VERTEX_POINT('',#7032);
#2250=VERTEX_POINT('',#7034);
#2251=VERTEX_POINT('',#7040);
#2252=VERTEX_POINT('',#7046);
#2253=VERTEX_POINT('',#7048);
#2254=VERTEX_POINT('',#7054);
#2255=VERTEX_POINT('',#7065);
#2256=VERTEX_POINT('',#7066);
#2257=VERTEX_POINT('',#7072);
#2258=VERTEX_POINT('',#7078);
#2259=VERTEX_POINT('',#7084);
#2260=VERTEX_POINT('',#7086);
#2261=VERTEX_POINT('',#7092);
#2262=VERTEX_POINT('',#7098);
#2263=VERTEX_POINT('',#7104);
#2264=VERTEX_POINT('',#7106);
#2265=VERTEX_POINT('',#7109);
#2266=VERTEX_POINT('',#7110);
#2267=VERTEX_POINT('',#7112);
#2268=VERTEX_POINT('',#7114);
#2269=VERTEX_POINT('',#7116);
#2270=VERTEX_POINT('',#7122);
#2271=VERTEX_POINT('',#7128);
#2272=VERTEX_POINT('',#7134);
#2273=VERTEX_POINT('',#7136);
#2274=VERTEX_POINT('',#7138);
#2275=VERTEX_POINT('',#7140);
#2276=VERTEX_POINT('',#7146);
#2277=VERTEX_POINT('',#7152);
#2278=VERTEX_POINT('',#7155);
#2279=VERTEX_POINT('',#7156);
#2280=VERTEX_POINT('',#7162);
#2281=VERTEX_POINT('',#7168);
#2282=VERTEX_POINT('',#7170);
#2283=VERTEX_POINT('',#7176);
#2284=VERTEX_POINT('',#7182);
#2285=VERTEX_POINT('',#7188);
#2286=VERTEX_POINT('',#7194);
#2287=VERTEX_POINT('',#7196);
#2288=VERTEX_POINT('',#7202);
#2289=VERTEX_POINT('',#7208);
#2290=VERTEX_POINT('',#7210);
#2291=VERTEX_POINT('',#7216);
#2292=VERTEX_POINT('',#7222);
#2293=VERTEX_POINT('',#7224);
#2294=VERTEX_POINT('',#7230);
#2295=VERTEX_POINT('',#7236);
#2296=VERTEX_POINT('',#7242);
#2297=VERTEX_POINT('',#7248);
#2298=VERTEX_POINT('',#7254);
#2299=VERTEX_POINT('',#7256);
#2300=VERTEX_POINT('',#7262);
#2301=VERTEX_POINT('',#7268);
#2302=VERTEX_POINT('',#7274);
#2303=VERTEX_POINT('',#7280);
#2304=VERTEX_POINT('',#7282);
#2305=VERTEX_POINT('',#7288);
#2306=VERTEX_POINT('',#7294);
#2307=VERTEX_POINT('',#7296);
#2308=VERTEX_POINT('',#7302);
#2309=VERTEX_POINT('',#7308);
#2310=VERTEX_POINT('',#7310);
#2311=VERTEX_POINT('',#7331);
#2312=VERTEX_POINT('',#7333);
#2313=VERTEX_POINT('',#7350);
#2314=VERTEX_POINT('',#7358);
#2315=VERTEX_POINT('',#7371);
#2316=VERTEX_POINT('',#7388);
#2317=VERTEX_POINT('',#7405);
#2318=VERTEX_POINT('',#7422);
#2319=VERTEX_POINT('',#7430);
#2320=VERTEX_POINT('',#7443);
#2321=VERTEX_POINT('',#7460);
#2322=VERTEX_POINT('',#7468);
#2323=VERTEX_POINT('',#7481);
#2324=VERTEX_POINT('',#7498);
#2325=VERTEX_POINT('',#7506);
#2326=VERTEX_POINT('',#7519);
#2327=VERTEX_POINT('',#7536);
#2328=VERTEX_POINT('',#7553);
#2329=VERTEX_POINT('',#7570);
#2330=VERTEX_POINT('',#7587);
#2331=VERTEX_POINT('',#7595);
#2332=VERTEX_POINT('',#7608);
#2333=VERTEX_POINT('',#7625);
#2334=VERTEX_POINT('',#7642);
#2335=VERTEX_POINT('',#7659);
#2336=VERTEX_POINT('',#7667);
#2337=VERTEX_POINT('',#7680);
#2338=VERTEX_POINT('',#7697);
#2339=VERTEX_POINT('',#7705);
#2340=VERTEX_POINT('',#7718);
#2341=VERTEX_POINT('',#7735);
#2342=VERTEX_POINT('',#7743);
#2343=VERTEX_POINT('',#7756);
#2344=VERTEX_POINT('',#7780);
#2345=VERTEX_POINT('',#7782);
#2346=VERTEX_POINT('',#7786);
#2347=VERTEX_POINT('',#7790);
#2348=VERTEX_POINT('',#7803);
#2349=VERTEX_POINT('',#7820);
#2350=VERTEX_POINT('',#7837);
#2351=VERTEX_POINT('',#7845);
#2352=VERTEX_POINT('',#7849);
#2353=VERTEX_POINT('',#7853);
#2354=VERTEX_POINT('',#7866);
#2355=VERTEX_POINT('',#7883);
#2356=VERTEX_POINT('',#7891);
#2357=VERTEX_POINT('',#7907);
#2358=VERTEX_POINT('',#7909);
#2359=VERTEX_POINT('',#7926);
#2360=VERTEX_POINT('',#7943);
#2361=VERTEX_POINT('',#7951);
#2362=VERTEX_POINT('',#7964);
#2363=VERTEX_POINT('',#7981);
#2364=VERTEX_POINT('',#7998);
#2365=VERTEX_POINT('',#8006);
#2366=VERTEX_POINT('',#8010);
#2367=VERTEX_POINT('',#8026);
#2368=VERTEX_POINT('',#8027);
#2369=VERTEX_POINT('',#8033);
#2370=VERTEX_POINT('',#8035);
#2371=VERTEX_POINT('',#8052);
#2372=VERTEX_POINT('',#8058);
#2373=VERTEX_POINT('',#8066);
#2374=VERTEX_POINT('',#8068);
#2375=VERTEX_POINT('',#8081);
#2376=VERTEX_POINT('',#8087);
#2377=VERTEX_POINT('',#8104);
#2378=VERTEX_POINT('',#8110);
#2379=VERTEX_POINT('',#8127);
#2380=VERTEX_POINT('',#8133);
#2381=VERTEX_POINT('',#8150);
#2382=VERTEX_POINT('',#8156);
#2383=VERTEX_POINT('',#8164);
#2384=VERTEX_POINT('',#8166);
#2385=VERTEX_POINT('',#8179);
#2386=VERTEX_POINT('',#8185);
#2387=VERTEX_POINT('',#8222);
#2388=VERTEX_POINT('',#8224);
#2389=VERTEX_POINT('',#8241);
#2390=VERTEX_POINT('',#8249);
#2391=VERTEX_POINT('',#8262);
#2392=VERTEX_POINT('',#8279);
#2393=VERTEX_POINT('',#8296);
#2394=VERTEX_POINT('',#8313);
#2395=VERTEX_POINT('',#8321);
#2396=VERTEX_POINT('',#8334);
#2397=VERTEX_POINT('',#8368);
#2398=VERTEX_POINT('',#8370);
#2399=VERTEX_POINT('',#8387);
#2400=VERTEX_POINT('',#8395);
#2401=VERTEX_POINT('',#8399);
#2402=VERTEX_POINT('',#8403);
#2403=VERTEX_POINT('',#8407);
#2404=VERTEX_POINT('',#8420);
#2405=VERTEX_POINT('',#8437);
#2406=VERTEX_POINT('',#8445);
#2407=VERTEX_POINT('',#8458);
#2408=VERTEX_POINT('',#8475);
#2409=VERTEX_POINT('',#8483);
#2410=VERTEX_POINT('',#8496);
#2411=VERTEX_POINT('',#8513);
#2412=VERTEX_POINT('',#8530);
#2413=VERTEX_POINT('',#8547);
#2414=VERTEX_POINT('',#8555);
#2415=VERTEX_POINT('',#8568);
#2416=VERTEX_POINT('',#8585);
#2417=VERTEX_POINT('',#8602);
#2418=VERTEX_POINT('',#8619);
#2419=VERTEX_POINT('',#8636);
#2420=VERTEX_POINT('',#8644);
#2421=VERTEX_POINT('',#8657);
#2422=VERTEX_POINT('',#8674);
#2423=VERTEX_POINT('',#8694);
#2424=VERTEX_POINT('',#8696);
#2425=VERTEX_POINT('',#8713);
#2426=VERTEX_POINT('',#8721);
#2427=VERTEX_POINT('',#8725);
#2428=VERTEX_POINT('',#8729);
#2429=VERTEX_POINT('',#8733);
#2430=VERTEX_POINT('',#8746);
#2431=VERTEX_POINT('',#8763);
#2432=VERTEX_POINT('',#8771);
#2433=VERTEX_POINT('',#8784);
#2434=VERTEX_POINT('',#8801);
#2435=VERTEX_POINT('',#8809);
#2436=VERTEX_POINT('',#8822);
#2437=VERTEX_POINT('',#8839);
#2438=VERTEX_POINT('',#8856);
#2439=VERTEX_POINT('',#8873);
#2440=VERTEX_POINT('',#8881);
#2441=VERTEX_POINT('',#8894);
#2442=VERTEX_POINT('',#8911);
#2443=VERTEX_POINT('',#8928);
#2444=VERTEX_POINT('',#8945);
#2445=VERTEX_POINT('',#8962);
#2446=VERTEX_POINT('',#8970);
#2447=VERTEX_POINT('',#8983);
#2448=VERTEX_POINT('',#9000);
#2449=VERTEX_POINT('',#9020);
#2450=VERTEX_POINT('',#9021);
#2451=VERTEX_POINT('',#9027);
#2452=VERTEX_POINT('',#9029);
#2453=VERTEX_POINT('',#9046);
#2454=VERTEX_POINT('',#9052);
#2455=VERTEX_POINT('',#9069);
#2456=VERTEX_POINT('',#9075);
#2457=VERTEX_POINT('',#9083);
#2458=VERTEX_POINT('',#9085);
#2459=VERTEX_POINT('',#9098);
#2460=VERTEX_POINT('',#9104);
#2461=VERTEX_POINT('',#9121);
#2462=VERTEX_POINT('',#9127);
#2463=VERTEX_POINT('',#9144);
#2464=VERTEX_POINT('',#9150);
#2465=VERTEX_POINT('',#9167);
#2466=VERTEX_POINT('',#9173);
#2467=VERTEX_POINT('',#9193);
#2468=VERTEX_POINT('',#9195);
#2469=VERTEX_POINT('',#9212);
#2470=VERTEX_POINT('',#9229);
#2471=VERTEX_POINT('',#9237);
#2472=VERTEX_POINT('',#9250);
#2473=VERTEX_POINT('',#9267);
#2474=VERTEX_POINT('',#9284);
#2475=VERTEX_POINT('',#9301);
#2476=VERTEX_POINT('',#9318);
#2477=VERTEX_POINT('',#9326);
#2478=VERTEX_POINT('',#9339);
#2479=VERTEX_POINT('',#9356);
#2480=VERTEX_POINT('',#9364);
#2481=VERTEX_POINT('',#9377);
#2482=VERTEX_POINT('',#9394);
#2483=VERTEX_POINT('',#9428);
#2484=VERTEX_POINT('',#9430);
#2485=VERTEX_POINT('',#9447);
#2486=VERTEX_POINT('',#9455);
#2487=VERTEX_POINT('',#9459);
#2488=VERTEX_POINT('',#9463);
#2489=VERTEX_POINT('',#9476);
#2490=VERTEX_POINT('',#9493);
#2491=VERTEX_POINT('',#9510);
#2492=VERTEX_POINT('',#9518);
#2493=VERTEX_POINT('',#9522);
#2494=VERTEX_POINT('',#9526);
#2495=VERTEX_POINT('',#9530);
#2496=VERTEX_POINT('',#9534);
#2497=VERTEX_POINT('',#9547);
#2498=VERTEX_POINT('',#9580);
#2499=VERTEX_POINT('',#9582);
#2500=VERTEX_POINT('',#9599);
#2501=VERTEX_POINT('',#9607);
#2502=VERTEX_POINT('',#9611);
#2503=VERTEX_POINT('',#9615);
#2504=VERTEX_POINT('',#9628);
#2505=VERTEX_POINT('',#9645);
#2506=VERTEX_POINT('',#9653);
#2507=VERTEX_POINT('',#9657);
#2508=VERTEX_POINT('',#9661);
#2509=VERTEX_POINT('',#9665);
#2510=VERTEX_POINT('',#9669);
#2511=VERTEX_POINT('',#9682);
#2512=VERTEX_POINT('',#9706);
#2513=VERTEX_POINT('',#9707);
#2514=VERTEX_POINT('',#9709);
#2515=VERTEX_POINT('',#9711);
#2516=VERTEX_POINT('',#9715);
#2517=VERTEX_POINT('',#9717);
#2518=VERTEX_POINT('',#9721);
#2519=VERTEX_POINT('',#9723);
#2520=VERTEX_POINT('',#9725);
#2521=VERTEX_POINT('',#9727);
#2522=VERTEX_POINT('',#9729);
#2523=VERTEX_POINT('',#9731);
#2524=VERTEX_POINT('',#9733);
#2525=VERTEX_POINT('',#9735);
#2526=VERTEX_POINT('',#9737);
#2527=VERTEX_POINT('',#9740);
#2528=VERTEX_POINT('',#9741);
#2529=VERTEX_POINT('',#9743);
#2530=VERTEX_POINT('',#9745);
#2531=VERTEX_POINT('',#9748);
#2532=VERTEX_POINT('',#9749);
#2533=VERTEX_POINT('',#9751);
#2534=VERTEX_POINT('',#9753);
#2535=VERTEX_POINT('',#9756);
#2536=VERTEX_POINT('',#9757);
#2537=VERTEX_POINT('',#9759);
#2538=VERTEX_POINT('',#9761);
#2539=VERTEX_POINT('',#9764);
#2540=VERTEX_POINT('',#9765);
#2541=VERTEX_POINT('',#9767);
#2542=VERTEX_POINT('',#9769);
#2543=VERTEX_POINT('',#9772);
#2544=VERTEX_POINT('',#9773);
#2545=VERTEX_POINT('',#9775);
#2546=VERTEX_POINT('',#9777);
#2547=VERTEX_POINT('',#9780);
#2548=VERTEX_POINT('',#9781);
#2549=VERTEX_POINT('',#9783);
#2550=VERTEX_POINT('',#9785);
#2551=VERTEX_POINT('',#9788);
#2552=VERTEX_POINT('',#9789);
#2553=VERTEX_POINT('',#9791);
#2554=VERTEX_POINT('',#9793);
#2555=VERTEX_POINT('',#9796);
#2556=VERTEX_POINT('',#9797);
#2557=VERTEX_POINT('',#9799);
#2558=VERTEX_POINT('',#9801);
#2559=VERTEX_POINT('',#9804);
#2560=VERTEX_POINT('',#9805);
#2561=VERTEX_POINT('',#9807);
#2562=VERTEX_POINT('',#9809);
#2563=VERTEX_POINT('',#9812);
#2564=VERTEX_POINT('',#9813);
#2565=VERTEX_POINT('',#9815);
#2566=VERTEX_POINT('',#9817);
#2567=VERTEX_POINT('',#9820);
#2568=VERTEX_POINT('',#9821);
#2569=VERTEX_POINT('',#9823);
#2570=VERTEX_POINT('',#9825);
#2571=VERTEX_POINT('',#9828);
#2572=VERTEX_POINT('',#9830);
#2573=VERTEX_POINT('',#9832);
#2574=VERTEX_POINT('',#9834);
#2575=VERTEX_POINT('',#9837);
#2576=VERTEX_POINT('',#9838);
#2577=VERTEX_POINT('',#9843);
#2578=VERTEX_POINT('',#9846);
#2579=VERTEX_POINT('',#9848);
#2580=VERTEX_POINT('',#9852);
#2581=VERTEX_POINT('',#9856);
#2582=VERTEX_POINT('',#9860);
#2583=VERTEX_POINT('',#9866);
#2584=VERTEX_POINT('',#9873);
#2585=VERTEX_POINT('',#9875);
#2586=VERTEX_POINT('',#9943);
#2587=VERTEX_POINT('',#9947);
#2588=VERTEX_POINT('',#9978);
#2589=VERTEX_POINT('',#9981);
#2590=VERTEX_POINT('',#9984);
#2591=VERTEX_POINT('',#9987);
#2592=EDGE_CURVE('',#2076,#2077,#1034,.T.);
#2593=EDGE_CURVE('',#2076,#2078,#1035,.T.);
#2594=EDGE_CURVE('',#2079,#2078,#1036,.T.);
#2595=EDGE_CURVE('',#2077,#2079,#1037,.T.);
#2596=EDGE_CURVE('',#2077,#2080,#1038,.T.);
#2597=EDGE_CURVE('',#2081,#2079,#1039,.T.);
#2598=EDGE_CURVE('',#2080,#2081,#1040,.T.);
#2599=EDGE_CURVE('',#2080,#2076,#1041,.T.);
#2600=EDGE_CURVE('',#2078,#2081,#1042,.T.);
#2601=EDGE_CURVE('',#2082,#2083,#1043,.T.);
#2602=EDGE_CURVE('',#2082,#2084,#1044,.T.);
#2603=EDGE_CURVE('',#2085,#2084,#1045,.T.);
#2604=EDGE_CURVE('',#2083,#2085,#1046,.T.);
#2605=EDGE_CURVE('',#2083,#2086,#1047,.T.);
#2606=EDGE_CURVE('',#2087,#2085,#1048,.T.);
#2607=EDGE_CURVE('',#2086,#2087,#1049,.T.);
#2608=EDGE_CURVE('',#2086,#2088,#1050,.T.);
#2609=EDGE_CURVE('',#2089,#2087,#1051,.T.);
#2610=EDGE_CURVE('',#2088,#2089,#1052,.T.);
#2611=EDGE_CURVE('',#2088,#2090,#1053,.T.);
#2612=EDGE_CURVE('',#2091,#2089,#1054,.T.);
#2613=EDGE_CURVE('',#2090,#2091,#1055,.T.);
#2614=EDGE_CURVE('',#2090,#2092,#1056,.T.);
#2615=EDGE_CURVE('',#2093,#2091,#1057,.T.);
#2616=EDGE_CURVE('',#2092,#2093,#1058,.T.);
#2617=EDGE_CURVE('',#2092,#2094,#1059,.T.);
#2618=EDGE_CURVE('',#2095,#2093,#1060,.T.);
#2619=EDGE_CURVE('',#2094,#2095,#1061,.T.);
#2620=EDGE_CURVE('',#2094,#2096,#1062,.T.);
#2621=EDGE_CURVE('',#2097,#2095,#1063,.T.);
#2622=EDGE_CURVE('',#2096,#2097,#1064,.T.);
#2623=EDGE_CURVE('',#2096,#2082,#1065,.T.);
#2624=EDGE_CURVE('',#2084,#2097,#1066,.T.);
#2625=EDGE_CURVE('',#2098,#2099,#1067,.T.);
#2626=EDGE_CURVE('',#2100,#2098,#1068,.T.);
#2627=EDGE_CURVE('',#2101,#2100,#1069,.T.);
#2628=EDGE_CURVE('',#2102,#2101,#1070,.T.);
#2629=EDGE_CURVE('',#2103,#2102,#1071,.T.);
#2630=EDGE_CURVE('',#2099,#2103,#1072,.T.);
#2631=EDGE_CURVE('',#2104,#2105,#162,.T.);
#2632=EDGE_CURVE('',#2105,#2106,#163,.T.);
#2633=EDGE_CURVE('',#2106,#2107,#1073,.T.);
#2634=EDGE_CURVE('',#2107,#2108,#164,.T.);
#2635=EDGE_CURVE('',#2108,#2109,#165,.T.);
#2636=EDGE_CURVE('',#2109,#2110,#166,.T.);
#2637=EDGE_CURVE('',#2110,#2111,#167,.T.);
#2638=EDGE_CURVE('',#2111,#2112,#1074,.T.);
#2639=EDGE_CURVE('',#2112,#2113,#168,.T.);
#2640=EDGE_CURVE('',#2113,#2104,#169,.T.);
#2641=EDGE_CURVE('',#2114,#2115,#170,.T.);
#2642=EDGE_CURVE('',#2115,#2116,#171,.T.);
#2643=EDGE_CURVE('',#2116,#2117,#1075,.T.);
#2644=EDGE_CURVE('',#2117,#2118,#1076,.T.);
#2645=EDGE_CURVE('',#2118,#2119,#1077,.T.);
#2646=EDGE_CURVE('',#2119,#2120,#1078,.T.);
#2647=EDGE_CURVE('',#2120,#2121,#172,.T.);
#2648=EDGE_CURVE('',#2121,#2122,#173,.T.);
#2649=EDGE_CURVE('',#2122,#2123,#1079,.T.);
#2650=EDGE_CURVE('',#2123,#2124,#174,.T.);
#2651=EDGE_CURVE('',#2124,#2125,#175,.T.);
#2652=EDGE_CURVE('',#2125,#2126,#1080,.T.);
#2653=EDGE_CURVE('',#2126,#2127,#176,.T.);
#2654=EDGE_CURVE('',#2127,#2128,#177,.T.);
#2655=EDGE_CURVE('',#2128,#2129,#178,.T.);
#2656=EDGE_CURVE('',#2129,#2130,#179,.T.);
#2657=EDGE_CURVE('',#2130,#2131,#1081,.T.);
#2658=EDGE_CURVE('',#2131,#2132,#180,.T.);
#2659=EDGE_CURVE('',#2132,#2133,#181,.T.);
#2660=EDGE_CURVE('',#2133,#2134,#182,.T.);
#2661=EDGE_CURVE('',#2134,#2135,#183,.T.);
#2662=EDGE_CURVE('',#2135,#2136,#184,.T.);
#2663=EDGE_CURVE('',#2136,#2137,#1082,.T.);
#2664=EDGE_CURVE('',#2137,#2138,#185,.T.);
#2665=EDGE_CURVE('',#2138,#2139,#186,.T.);
#2666=EDGE_CURVE('',#2139,#2114,#1083,.T.);
#2667=EDGE_CURVE('',#2140,#2141,#187,.T.);
#2668=EDGE_CURVE('',#2141,#2142,#188,.T.);
#2669=EDGE_CURVE('',#2142,#2143,#1084,.T.);
#2670=EDGE_CURVE('',#2143,#2144,#1085,.T.);
#2671=EDGE_CURVE('',#2144,#2145,#1086,.T.);
#2672=EDGE_CURVE('',#2145,#2146,#1087,.T.);
#2673=EDGE_CURVE('',#2146,#2147,#189,.T.);
#2674=EDGE_CURVE('',#2147,#2148,#190,.T.);
#2675=EDGE_CURVE('',#2148,#2149,#1088,.T.);
#2676=EDGE_CURVE('',#2149,#2150,#191,.T.);
#2677=EDGE_CURVE('',#2150,#2151,#192,.T.);
#2678=EDGE_CURVE('',#2151,#2152,#1089,.T.);
#2679=EDGE_CURVE('',#2152,#2153,#193,.T.);
#2680=EDGE_CURVE('',#2153,#2154,#194,.T.);
#2681=EDGE_CURVE('',#2154,#2155,#195,.T.);
#2682=EDGE_CURVE('',#2155,#2156,#196,.T.);
#2683=EDGE_CURVE('',#2156,#2157,#1090,.T.);
#2684=EDGE_CURVE('',#2157,#2158,#197,.T.);
#2685=EDGE_CURVE('',#2158,#2159,#198,.T.);
#2686=EDGE_CURVE('',#2159,#2160,#199,.T.);
#2687=EDGE_CURVE('',#2160,#2161,#200,.T.);
#2688=EDGE_CURVE('',#2161,#2162,#201,.T.);
#2689=EDGE_CURVE('',#2162,#2163,#1091,.T.);
#2690=EDGE_CURVE('',#2163,#2164,#202,.T.);
#2691=EDGE_CURVE('',#2164,#2165,#203,.T.);
#2692=EDGE_CURVE('',#2165,#2140,#1092,.T.);
#2693=EDGE_CURVE('',#2166,#2167,#1093,.T.);
#2694=EDGE_CURVE('',#2168,#2166,#1094,.T.);
#2695=EDGE_CURVE('',#2169,#2168,#1095,.T.);
#2696=EDGE_CURVE('',#2167,#2169,#1096,.T.);
#2697=EDGE_CURVE('',#2170,#2171,#1097,.T.);
#2698=EDGE_CURVE('',#2172,#2170,#1098,.T.);
#2699=EDGE_CURVE('',#2173,#2172,#1099,.T.);
#2700=EDGE_CURVE('',#2171,#2173,#1100,.T.);
#2701=EDGE_CURVE('',#2174,#2175,#1101,.T.);
#2702=EDGE_CURVE('',#2176,#2174,#1102,.T.);
#2703=EDGE_CURVE('',#2177,#2176,#1103,.T.);
#2704=EDGE_CURVE('',#2175,#2177,#1104,.T.);
#2705=EDGE_CURVE('',#2178,#2179,#1105,.T.);
#2706=EDGE_CURVE('',#2179,#2180,#1106,.T.);
#2707=EDGE_CURVE('',#2180,#2181,#1107,.T.);
#2708=EDGE_CURVE('',#2181,#2178,#1108,.T.);
#2709=EDGE_CURVE('',#2182,#2183,#1109,.T.);
#2710=EDGE_CURVE('',#2183,#2184,#1110,.T.);
#2711=EDGE_CURVE('',#2184,#2185,#1111,.T.);
#2712=EDGE_CURVE('',#2185,#2182,#1112,.T.);
#2713=EDGE_CURVE('',#2186,#2187,#1113,.T.);
#2714=EDGE_CURVE('',#2187,#2188,#1114,.T.);
#2715=EDGE_CURVE('',#2188,#2189,#1115,.T.);
#2716=EDGE_CURVE('',#2189,#2186,#1116,.T.);
#2717=EDGE_CURVE('',#2190,#2191,#1117,.T.);
#2718=EDGE_CURVE('',#2191,#2192,#1118,.T.);
#2719=EDGE_CURVE('',#2192,#2193,#1119,.T.);
#2720=EDGE_CURVE('',#2193,#2190,#1120,.T.);
#2721=EDGE_CURVE('',#2194,#2195,#1121,.T.);
#2722=EDGE_CURVE('',#2195,#2196,#1122,.T.);
#2723=EDGE_CURVE('',#2196,#2197,#1123,.T.);
#2724=EDGE_CURVE('',#2197,#2194,#1124,.T.);
#2725=EDGE_CURVE('',#2198,#2199,#1125,.T.);
#2726=EDGE_CURVE('',#2199,#2200,#1126,.T.);
#2727=EDGE_CURVE('',#2200,#2201,#1127,.T.);
#2728=EDGE_CURVE('',#2201,#2198,#1128,.T.);
#2729=EDGE_CURVE('',#2202,#2203,#1129,.T.);
#2730=EDGE_CURVE('',#2203,#2204,#1130,.T.);
#2731=EDGE_CURVE('',#2204,#2205,#1131,.T.);
#2732=EDGE_CURVE('',#2205,#2202,#1132,.T.);
#2733=EDGE_CURVE('',#2206,#2207,#1133,.T.);
#2734=EDGE_CURVE('',#2207,#2208,#1134,.T.);
#2735=EDGE_CURVE('',#2208,#2209,#1135,.T.);
#2736=EDGE_CURVE('',#2209,#2206,#1136,.T.);
#2737=EDGE_CURVE('',#2210,#2211,#204,.T.);
#2738=EDGE_CURVE('',#2211,#2212,#205,.T.);
#2739=EDGE_CURVE('',#2212,#2213,#1137,.T.);
#2740=EDGE_CURVE('',#2213,#2214,#1138,.T.);
#2741=EDGE_CURVE('',#2214,#2215,#1139,.T.);
#2742=EDGE_CURVE('',#2215,#2216,#206,.T.);
#2743=EDGE_CURVE('',#2216,#2217,#207,.T.);
#2744=EDGE_CURVE('',#2217,#2218,#1140,.T.);
#2745=EDGE_CURVE('',#2218,#2219,#1141,.T.);
#2746=EDGE_CURVE('',#2219,#2220,#1142,.T.);
#2747=EDGE_CURVE('',#2220,#2221,#1143,.T.);
#2748=EDGE_CURVE('',#2221,#2222,#1144,.T.);
#2749=EDGE_CURVE('',#2222,#2223,#208,.T.);
#2750=EDGE_CURVE('',#2223,#2210,#209,.T.);
#2751=EDGE_CURVE('',#2224,#2225,#210,.T.);
#2752=EDGE_CURVE('',#2225,#2226,#211,.T.);
#2753=EDGE_CURVE('',#2226,#2227,#1145,.T.);
#2754=EDGE_CURVE('',#2227,#2228,#1146,.T.);
#2755=EDGE_CURVE('',#2228,#2229,#1147,.T.);
#2756=EDGE_CURVE('',#2229,#2230,#212,.T.);
#2757=EDGE_CURVE('',#2230,#2231,#213,.T.);
#2758=EDGE_CURVE('',#2231,#2232,#214,.T.);
#2759=EDGE_CURVE('',#2232,#2233,#1148,.T.);
#2760=EDGE_CURVE('',#2233,#2234,#1149,.T.);
#2761=EDGE_CURVE('',#2234,#2235,#1150,.T.);
#2762=EDGE_CURVE('',#2235,#2236,#1151,.T.);
#2763=EDGE_CURVE('',#2236,#2237,#1152,.T.);
#2764=EDGE_CURVE('',#2237,#2238,#215,.T.);
#2765=EDGE_CURVE('',#2238,#2224,#216,.T.);
#2766=EDGE_CURVE('',#2239,#2240,#217,.T.);
#2767=EDGE_CURVE('',#2240,#2241,#218,.T.);
#2768=EDGE_CURVE('',#2241,#2242,#219,.T.);
#2769=EDGE_CURVE('',#2242,#2243,#1153,.T.);
#2770=EDGE_CURVE('',#2243,#2244,#220,.T.);
#2771=EDGE_CURVE('',#2244,#2245,#221,.T.);
#2772=EDGE_CURVE('',#2245,#2246,#222,.T.);
#2773=EDGE_CURVE('',#2246,#2247,#223,.T.);
#2774=EDGE_CURVE('',#2247,#2248,#224,.T.);
#2775=EDGE_CURVE('',#2248,#2249,#1154,.T.);
#2776=EDGE_CURVE('',#2249,#2250,#225,.T.);
#2777=EDGE_CURVE('',#2250,#2251,#226,.T.);
#2778=EDGE_CURVE('',#2251,#2252,#1155,.T.);
#2779=EDGE_CURVE('',#2252,#2253,#227,.T.);
#2780=EDGE_CURVE('',#2253,#2254,#228,.T.);
#2781=EDGE_CURVE('',#2254,#2239,#229,.T.);
#2782=EDGE_CURVE('',#2255,#2256,#230,.T.);
#2783=EDGE_CURVE('',#2256,#2257,#231,.T.);
#2784=EDGE_CURVE('',#2257,#2258,#232,.T.);
#2785=EDGE_CURVE('',#2258,#2259,#1156,.T.);
#2786=EDGE_CURVE('',#2259,#2260,#233,.T.);
#2787=EDGE_CURVE('',#2260,#2261,#234,.T.);
#2788=EDGE_CURVE('',#2261,#2262,#235,.T.);
#2789=EDGE_CURVE('',#2262,#2263,#1157,.T.);
#2790=EDGE_CURVE('',#2263,#2264,#1158,.T.);
#2791=EDGE_CURVE('',#2264,#2255,#1159,.T.);
#2792=EDGE_CURVE('',#2265,#2266,#1160,.T.);
#2793=EDGE_CURVE('',#2266,#2267,#1161,.T.);
#2794=EDGE_CURVE('',#2267,#2268,#1162,.T.);
#2795=EDGE_CURVE('',#2268,#2269,#236,.T.);
#2796=EDGE_CURVE('',#2269,#2270,#237,.T.);
#2797=EDGE_CURVE('',#2270,#2271,#238,.T.);
#2798=EDGE_CURVE('',#2271,#2272,#1163,.T.);
#2799=EDGE_CURVE('',#2272,#2273,#1164,.T.);
#2800=EDGE_CURVE('',#2273,#2274,#1165,.T.);
#2801=EDGE_CURVE('',#2274,#2275,#239,.T.);
#2802=EDGE_CURVE('',#2275,#2276,#240,.T.);
#2803=EDGE_CURVE('',#2276,#2277,#1166,.T.);
#2804=EDGE_CURVE('',#2277,#2265,#1167,.T.);
#2805=EDGE_CURVE('',#2278,#2279,#241,.T.);
#2806=EDGE_CURVE('',#2279,#2280,#242,.T.);
#2807=EDGE_CURVE('',#2280,#2281,#1168,.T.);
#2808=EDGE_CURVE('',#2281,#2282,#243,.T.);
#2809=EDGE_CURVE('',#2282,#2283,#244,.T.);
#2810=EDGE_CURVE('',#2283,#2284,#245,.T.);
#2811=EDGE_CURVE('',#2284,#2285,#246,.T.);
#2812=EDGE_CURVE('',#2285,#2286,#1169,.T.);
#2813=EDGE_CURVE('',#2286,#2287,#247,.T.);
#2814=EDGE_CURVE('',#2287,#2288,#248,.T.);
#2815=EDGE_CURVE('',#2288,#2289,#1170,.T.);
#2816=EDGE_CURVE('',#2289,#2290,#249,.T.);
#2817=EDGE_CURVE('',#2290,#2291,#250,.T.);
#2818=EDGE_CURVE('',#2291,#2292,#1171,.T.);
#2819=EDGE_CURVE('',#2292,#2293,#251,.T.);
#2820=EDGE_CURVE('',#2293,#2294,#252,.T.);
#2821=EDGE_CURVE('',#2294,#2295,#253,.T.);
#2822=EDGE_CURVE('',#2295,#2296,#254,.T.);
#2823=EDGE_CURVE('',#2296,#2297,#255,.T.);
#2824=EDGE_CURVE('',#2297,#2298,#1172,.T.);
#2825=EDGE_CURVE('',#2298,#2299,#256,.T.);
#2826=EDGE_CURVE('',#2299,#2300,#257,.T.);
#2827=EDGE_CURVE('',#2300,#2301,#258,.T.);
#2828=EDGE_CURVE('',#2301,#2302,#259,.T.);
#2829=EDGE_CURVE('',#2302,#2303,#1173,.T.);
#2830=EDGE_CURVE('',#2303,#2304,#260,.T.);
#2831=EDGE_CURVE('',#2304,#2305,#261,.T.);
#2832=EDGE_CURVE('',#2305,#2306,#1174,.T.);
#2833=EDGE_CURVE('',#2306,#2307,#262,.T.);
#2834=EDGE_CURVE('',#2307,#2308,#263,.T.);
#2835=EDGE_CURVE('',#2308,#2309,#1175,.T.);
#2836=EDGE_CURVE('',#2309,#2310,#264,.T.);
#2837=EDGE_CURVE('',#2310,#2278,#265,.T.);
#2838=EDGE_CURVE('',#2278,#2311,#1176,.T.);
#2839=EDGE_CURVE('',#2312,#2311,#266,.T.);
#2840=EDGE_CURVE('',#2279,#2312,#1177,.T.);
#2841=EDGE_CURVE('',#2313,#2312,#267,.T.);
#2842=EDGE_CURVE('',#2280,#2313,#1178,.T.);
#2843=EDGE_CURVE('',#2314,#2313,#1179,.T.);
#2844=EDGE_CURVE('',#2281,#2314,#1180,.T.);
#2845=EDGE_CURVE('',#2315,#2314,#268,.T.);
#2846=EDGE_CURVE('',#2282,#2315,#1181,.T.);
#2847=EDGE_CURVE('',#2316,#2315,#269,.T.);
#2848=EDGE_CURVE('',#2283,#2316,#1182,.T.);
#2849=EDGE_CURVE('',#2317,#2316,#270,.T.);
#2850=EDGE_CURVE('',#2284,#2317,#1183,.T.);
#2851=EDGE_CURVE('',#2318,#2317,#271,.T.);
#2852=EDGE_CURVE('',#2285,#2318,#1184,.T.);
#2853=EDGE_CURVE('',#2319,#2318,#1185,.T.);
#2854=EDGE_CURVE('',#2286,#2319,#1186,.T.);
#2855=EDGE_CURVE('',#2320,#2319,#272,.T.);
#2856=EDGE_CURVE('',#2287,#2320,#1187,.T.);
#2857=EDGE_CURVE('',#2321,#2320,#273,.T.);
#2858=EDGE_CURVE('',#2288,#2321,#1188,.T.);
#2859=EDGE_CURVE('',#2322,#2321,#1189,.T.);
#2860=EDGE_CURVE('',#2289,#2322,#1190,.T.);
#2861=EDGE_CURVE('',#2323,#2322,#274,.T.);
#2862=EDGE_CURVE('',#2290,#2323,#1191,.T.);
#2863=EDGE_CURVE('',#2324,#2323,#275,.T.);
#2864=EDGE_CURVE('',#2291,#2324,#1192,.T.);
#2865=EDGE_CURVE('',#2325,#2324,#1193,.T.);
#2866=EDGE_CURVE('',#2292,#2325,#1194,.T.);
#2867=EDGE_CURVE('',#2326,#2325,#276,.T.);
#2868=EDGE_CURVE('',#2293,#2326,#1195,.T.);
#2869=EDGE_CURVE('',#2327,#2326,#277,.T.);
#2870=EDGE_CURVE('',#2294,#2327,#1196,.T.);
#2871=EDGE_CURVE('',#2328,#2327,#278,.T.);
#2872=EDGE_CURVE('',#2295,#2328,#1197,.T.);
#2873=EDGE_CURVE('',#2329,#2328,#279,.T.);
#2874=EDGE_CURVE('',#2296,#2329,#1198,.T.);
#2875=EDGE_CURVE('',#2330,#2329,#280,.T.);
#2876=EDGE_CURVE('',#2297,#2330,#1199,.T.);
#2877=EDGE_CURVE('',#2331,#2330,#1200,.T.);
#2878=EDGE_CURVE('',#2298,#2331,#1201,.T.);
#2879=EDGE_CURVE('',#2332,#2331,#281,.T.);
#2880=EDGE_CURVE('',#2299,#2332,#1202,.T.);
#2881=EDGE_CURVE('',#2333,#2332,#282,.T.);
#2882=EDGE_CURVE('',#2300,#2333,#1203,.T.);
#2883=EDGE_CURVE('',#2334,#2333,#283,.T.);
#2884=EDGE_CURVE('',#2301,#2334,#1204,.T.);
#2885=EDGE_CURVE('',#2335,#2334,#284,.T.);
#2886=EDGE_CURVE('',#2302,#2335,#1205,.T.);
#2887=EDGE_CURVE('',#2336,#2335,#1206,.T.);
#2888=EDGE_CURVE('',#2303,#2336,#1207,.T.);
#2889=EDGE_CURVE('',#2337,#2336,#285,.T.);
#2890=EDGE_CURVE('',#2304,#2337,#1208,.T.);
#2891=EDGE_CURVE('',#2338,#2337,#286,.T.);
#2892=EDGE_CURVE('',#2305,#2338,#1209,.T.);
#2893=EDGE_CURVE('',#2339,#2338,#1210,.T.);
#2894=EDGE_CURVE('',#2306,#2339,#1211,.T.);
#2895=EDGE_CURVE('',#2340,#2339,#287,.T.);
#2896=EDGE_CURVE('',#2307,#2340,#1212,.T.);
#2897=EDGE_CURVE('',#2341,#2340,#288,.T.);
#2898=EDGE_CURVE('',#2308,#2341,#1213,.T.);
#2899=EDGE_CURVE('',#2342,#2341,#1214,.T.);
#2900=EDGE_CURVE('',#2309,#2342,#1215,.T.);
#2901=EDGE_CURVE('',#2343,#2342,#289,.T.);
#2902=EDGE_CURVE('',#2310,#2343,#1216,.T.);
#2903=EDGE_CURVE('',#2311,#2343,#290,.T.);
#2904=EDGE_CURVE('',#2265,#2344,#1217,.T.);
#2905=EDGE_CURVE('',#2345,#2344,#1218,.T.);
#2906=EDGE_CURVE('',#2266,#2345,#1219,.T.);
#2907=EDGE_CURVE('',#2346,#2345,#1220,.T.);
#2908=EDGE_CURVE('',#2267,#2346,#1221,.T.);
#2909=EDGE_CURVE('',#2347,#2346,#1222,.T.);
#2910=EDGE_CURVE('',#2268,#2347,#1223,.T.);
#2911=EDGE_CURVE('',#2348,#2347,#291,.T.);
#2912=EDGE_CURVE('',#2269,#2348,#1224,.T.);
#2913=EDGE_CURVE('',#2349,#2348,#292,.T.);
#2914=EDGE_CURVE('',#2270,#2349,#1225,.T.);
#2915=EDGE_CURVE('',#2350,#2349,#293,.T.);
#2916=EDGE_CURVE('',#2271,#2350,#1226,.T.);
#2917=EDGE_CURVE('',#2351,#2350,#1227,.T.);
#2918=EDGE_CURVE('',#2272,#2351,#1228,.T.);
#2919=EDGE_CURVE('',#2352,#2351,#1229,.T.);
#2920=EDGE_CURVE('',#2273,#2352,#1230,.T.);
#2921=EDGE_CURVE('',#2353,#2352,#1231,.T.);
#2922=EDGE_CURVE('',#2274,#2353,#1232,.T.);
#2923=EDGE_CURVE('',#2354,#2353,#294,.T.);
#2924=EDGE_CURVE('',#2275,#2354,#1233,.T.);
#2925=EDGE_CURVE('',#2355,#2354,#295,.T.);
#2926=EDGE_CURVE('',#2276,#2355,#1234,.T.);
#2927=EDGE_CURVE('',#2356,#2355,#1235,.T.);
#2928=EDGE_CURVE('',#2277,#2356,#1236,.T.);
#2929=EDGE_CURVE('',#2344,#2356,#1237,.T.);
#2930=EDGE_CURVE('',#2255,#2357,#1238,.T.);
#2931=EDGE_CURVE('',#2358,#2357,#296,.T.);
#2932=EDGE_CURVE('',#2256,#2358,#1239,.T.);
#2933=EDGE_CURVE('',#2359,#2358,#297,.T.);
#2934=EDGE_CURVE('',#2257,#2359,#1240,.T.);
#2935=EDGE_CURVE('',#2360,#2359,#298,.T.);
#2936=EDGE_CURVE('',#2258,#2360,#1241,.T.);
#2937=EDGE_CURVE('',#2361,#2360,#1242,.T.);
#2938=EDGE_CURVE('',#2259,#2361,#1243,.T.);
#2939=EDGE_CURVE('',#2362,#2361,#299,.T.);
#2940=EDGE_CURVE('',#2260,#2362,#1244,.T.);
#2941=EDGE_CURVE('',#2363,#2362,#300,.T.);
#2942=EDGE_CURVE('',#2261,#2363,#1245,.T.);
#2943=EDGE_CURVE('',#2364,#2363,#301,.T.);
#2944=EDGE_CURVE('',#2262,#2364,#1246,.T.);
#2945=EDGE_CURVE('',#2365,#2364,#1247,.T.);
#2946=EDGE_CURVE('',#2263,#2365,#1248,.T.);
#2947=EDGE_CURVE('',#2366,#2365,#1249,.T.);
#2948=EDGE_CURVE('',#2264,#2366,#1250,.T.);
#2949=EDGE_CURVE('',#2357,#2366,#1251,.T.);
#2950=EDGE_CURVE('',#2367,#2368,#302,.T.);
#2951=EDGE_CURVE('',#2367,#2369,#1252,.T.);
#2952=EDGE_CURVE('',#2370,#2369,#303,.T.);
#2953=EDGE_CURVE('',#2368,#2370,#1253,.T.);
#2954=EDGE_CURVE('',#2368,#2371,#304,.T.);
#2955=EDGE_CURVE('',#2372,#2370,#305,.T.);
#2956=EDGE_CURVE('',#2371,#2372,#1254,.T.);
#2957=EDGE_CURVE('',#2371,#2373,#1255,.T.);
#2958=EDGE_CURVE('',#2374,#2372,#1256,.T.);
#2959=EDGE_CURVE('',#2373,#2374,#1257,.T.);
#2960=EDGE_CURVE('',#2373,#2375,#306,.T.);
#2961=EDGE_CURVE('',#2376,#2374,#307,.T.);
#2962=EDGE_CURVE('',#2375,#2376,#1258,.T.);
#2963=EDGE_CURVE('',#2375,#2377,#308,.T.);
#2964=EDGE_CURVE('',#2378,#2376,#309,.T.);
#2965=EDGE_CURVE('',#2377,#2378,#1259,.T.);
#2966=EDGE_CURVE('',#2377,#2379,#310,.T.);
#2967=EDGE_CURVE('',#2380,#2378,#311,.T.);
#2968=EDGE_CURVE('',#2379,#2380,#1260,.T.);
#2969=EDGE_CURVE('',#2379,#2381,#312,.T.);
#2970=EDGE_CURVE('',#2382,#2380,#313,.T.);
#2971=EDGE_CURVE('',#2381,#2382,#1261,.T.);
#2972=EDGE_CURVE('',#2381,#2383,#1262,.T.);
#2973=EDGE_CURVE('',#2384,#2382,#1263,.T.);
#2974=EDGE_CURVE('',#2383,#2384,#1264,.T.);
#2975=EDGE_CURVE('',#2383,#2385,#314,.T.);
#2976=EDGE_CURVE('',#2386,#2384,#315,.T.);
#2977=EDGE_CURVE('',#2385,#2386,#1265,.T.);
#2978=EDGE_CURVE('',#2385,#2367,#316,.T.);
#2979=EDGE_CURVE('',#2369,#2386,#317,.T.);
#2980=EDGE_CURVE('',#2104,#2387,#1266,.T.);
#2981=EDGE_CURVE('',#2388,#2387,#318,.T.);
#2982=EDGE_CURVE('',#2105,#2388,#1267,.T.);
#2983=EDGE_CURVE('',#2389,#2388,#319,.T.);
#2984=EDGE_CURVE('',#2106,#2389,#1268,.T.);
#2985=EDGE_CURVE('',#2390,#2389,#1269,.T.);
#2986=EDGE_CURVE('',#2107,#2390,#1270,.T.);
#2987=EDGE_CURVE('',#2391,#2390,#320,.T.);
#2988=EDGE_CURVE('',#2108,#2391,#1271,.T.);
#2989=EDGE_CURVE('',#2392,#2391,#321,.T.);
#2990=EDGE_CURVE('',#2109,#2392,#1272,.T.);
#2991=EDGE_CURVE('',#2393,#2392,#322,.T.);
#2992=EDGE_CURVE('',#2110,#2393,#1273,.T.);
#2993=EDGE_CURVE('',#2394,#2393,#323,.T.);
#2994=EDGE_CURVE('',#2111,#2394,#1274,.T.);
#2995=EDGE_CURVE('',#2395,#2394,#1275,.T.);
#2996=EDGE_CURVE('',#2112,#2395,#1276,.T.);
#2997=EDGE_CURVE('',#2396,#2395,#324,.T.);
#2998=EDGE_CURVE('',#2113,#2396,#1277,.T.);
#2999=EDGE_CURVE('',#2387,#2396,#325,.T.);
#3000=EDGE_CURVE('',#2114,#2397,#1278,.T.);
#3001=EDGE_CURVE('',#2398,#2397,#326,.T.);
#3002=EDGE_CURVE('',#2115,#2398,#1279,.T.);
#3003=EDGE_CURVE('',#2399,#2398,#327,.T.);
#3004=EDGE_CURVE('',#2116,#2399,#1280,.T.);
#3005=EDGE_CURVE('',#2400,#2399,#1281,.T.);
#3006=EDGE_CURVE('',#2117,#2400,#1282,.T.);
#3007=EDGE_CURVE('',#2401,#2400,#1283,.T.);
#3008=EDGE_CURVE('',#2118,#2401,#1284,.T.);
#3009=EDGE_CURVE('',#2402,#2401,#1285,.T.);
#3010=EDGE_CURVE('',#2119,#2402,#1286,.T.);
#3011=EDGE_CURVE('',#2403,#2402,#1287,.T.);
#3012=EDGE_CURVE('',#2120,#2403,#1288,.T.);
#3013=EDGE_CURVE('',#2404,#2403,#328,.T.);
#3014=EDGE_CURVE('',#2121,#2404,#1289,.T.);
#3015=EDGE_CURVE('',#2405,#2404,#329,.T.);
#3016=EDGE_CURVE('',#2122,#2405,#1290,.T.);
#3017=EDGE_CURVE('',#2406,#2405,#1291,.T.);
#3018=EDGE_CURVE('',#2123,#2406,#1292,.T.);
#3019=EDGE_CURVE('',#2407,#2406,#330,.T.);
#3020=EDGE_CURVE('',#2124,#2407,#1293,.T.);
#3021=EDGE_CURVE('',#2408,#2407,#331,.T.);
#3022=EDGE_CURVE('',#2125,#2408,#1294,.T.);
#3023=EDGE_CURVE('',#2409,#2408,#1295,.T.);
#3024=EDGE_CURVE('',#2126,#2409,#1296,.T.);
#3025=EDGE_CURVE('',#2410,#2409,#332,.T.);
#3026=EDGE_CURVE('',#2127,#2410,#1297,.T.);
#3027=EDGE_CURVE('',#2411,#2410,#333,.T.);
#3028=EDGE_CURVE('',#2128,#2411,#1298,.T.);
#3029=EDGE_CURVE('',#2412,#2411,#334,.T.);
#3030=EDGE_CURVE('',#2129,#2412,#1299,.T.);
#3031=EDGE_CURVE('',#2413,#2412,#335,.T.);
#3032=EDGE_CURVE('',#2130,#2413,#1300,.T.);
#3033=EDGE_CURVE('',#2414,#2413,#1301,.T.);
#3034=EDGE_CURVE('',#2131,#2414,#1302,.T.);
#3035=EDGE_CURVE('',#2415,#2414,#336,.T.);
#3036=EDGE_CURVE('',#2132,#2415,#1303,.T.);
#3037=EDGE_CURVE('',#2416,#2415,#337,.T.);
#3038=EDGE_CURVE('',#2133,#2416,#1304,.T.);
#3039=EDGE_CURVE('',#2417,#2416,#338,.T.);
#3040=EDGE_CURVE('',#2134,#2417,#1305,.T.);
#3041=EDGE_CURVE('',#2418,#2417,#339,.T.);
#3042=EDGE_CURVE('',#2135,#2418,#1306,.T.);
#3043=EDGE_CURVE('',#2419,#2418,#340,.T.);
#3044=EDGE_CURVE('',#2136,#2419,#1307,.T.);
#3045=EDGE_CURVE('',#2420,#2419,#1308,.T.);
#3046=EDGE_CURVE('',#2137,#2420,#1309,.T.);
#3047=EDGE_CURVE('',#2421,#2420,#341,.T.);
#3048=EDGE_CURVE('',#2138,#2421,#1310,.T.);
#3049=EDGE_CURVE('',#2422,#2421,#342,.T.);
#3050=EDGE_CURVE('',#2139,#2422,#1311,.T.);
#3051=EDGE_CURVE('',#2397,#2422,#1312,.T.);
#3052=EDGE_CURVE('',#2140,#2423,#1313,.T.);
#3053=EDGE_CURVE('',#2424,#2423,#343,.T.);
#3054=EDGE_CURVE('',#2141,#2424,#1314,.T.);
#3055=EDGE_CURVE('',#2425,#2424,#344,.T.);
#3056=EDGE_CURVE('',#2142,#2425,#1315,.T.);
#3057=EDGE_CURVE('',#2426,#2425,#1316,.T.);
#3058=EDGE_CURVE('',#2143,#2426,#1317,.T.);
#3059=EDGE_CURVE('',#2427,#2426,#1318,.T.);
#3060=EDGE_CURVE('',#2144,#2427,#1319,.T.);
#3061=EDGE_CURVE('',#2428,#2427,#1320,.T.);
#3062=EDGE_CURVE('',#2145,#2428,#1321,.T.);
#3063=EDGE_CURVE('',#2429,#2428,#1322,.T.);
#3064=EDGE_CURVE('',#2146,#2429,#1323,.T.);
#3065=EDGE_CURVE('',#2430,#2429,#345,.T.);
#3066=EDGE_CURVE('',#2147,#2430,#1324,.T.);
#3067=EDGE_CURVE('',#2431,#2430,#346,.T.);
#3068=EDGE_CURVE('',#2148,#2431,#1325,.T.);
#3069=EDGE_CURVE('',#2432,#2431,#1326,.T.);
#3070=EDGE_CURVE('',#2149,#2432,#1327,.T.);
#3071=EDGE_CURVE('',#2433,#2432,#347,.T.);
#3072=EDGE_CURVE('',#2150,#2433,#1328,.T.);
#3073=EDGE_CURVE('',#2434,#2433,#348,.T.);
#3074=EDGE_CURVE('',#2151,#2434,#1329,.T.);
#3075=EDGE_CURVE('',#2435,#2434,#1330,.T.);
#3076=EDGE_CURVE('',#2152,#2435,#1331,.T.);
#3077=EDGE_CURVE('',#2436,#2435,#349,.T.);
#3078=EDGE_CURVE('',#2153,#2436,#1332,.T.);
#3079=EDGE_CURVE('',#2437,#2436,#350,.T.);
#3080=EDGE_CURVE('',#2154,#2437,#1333,.T.);
#3081=EDGE_CURVE('',#2438,#2437,#351,.T.);
#3082=EDGE_CURVE('',#2155,#2438,#1334,.T.);
#3083=EDGE_CURVE('',#2439,#2438,#352,.T.);
#3084=EDGE_CURVE('',#2156,#2439,#1335,.T.);
#3085=EDGE_CURVE('',#2440,#2439,#1336,.T.);
#3086=EDGE_CURVE('',#2157,#2440,#1337,.T.);
#3087=EDGE_CURVE('',#2441,#2440,#353,.T.);
#3088=EDGE_CURVE('',#2158,#2441,#1338,.T.);
#3089=EDGE_CURVE('',#2442,#2441,#354,.T.);
#3090=EDGE_CURVE('',#2159,#2442,#1339,.T.);
#3091=EDGE_CURVE('',#2443,#2442,#355,.T.);
#3092=EDGE_CURVE('',#2160,#2443,#1340,.T.);
#3093=EDGE_CURVE('',#2444,#2443,#356,.T.);
#3094=EDGE_CURVE('',#2161,#2444,#1341,.T.);
#3095=EDGE_CURVE('',#2445,#2444,#357,.T.);
#3096=EDGE_CURVE('',#2162,#2445,#1342,.T.);
#3097=EDGE_CURVE('',#2446,#2445,#1343,.T.);
#3098=EDGE_CURVE('',#2163,#2446,#1344,.T.);
#3099=EDGE_CURVE('',#2447,#2446,#358,.T.);
#3100=EDGE_CURVE('',#2164,#2447,#1345,.T.);
#3101=EDGE_CURVE('',#2448,#2447,#359,.T.);
#3102=EDGE_CURVE('',#2165,#2448,#1346,.T.);
#3103=EDGE_CURVE('',#2423,#2448,#1347,.T.);
#3104=EDGE_CURVE('',#2449,#2450,#360,.T.);
#3105=EDGE_CURVE('',#2449,#2451,#1348,.T.);
#3106=EDGE_CURVE('',#2452,#2451,#361,.T.);
#3107=EDGE_CURVE('',#2450,#2452,#1349,.T.);
#3108=EDGE_CURVE('',#2450,#2453,#362,.T.);
#3109=EDGE_CURVE('',#2454,#2452,#363,.T.);
#3110=EDGE_CURVE('',#2453,#2454,#1350,.T.);
#3111=EDGE_CURVE('',#2453,#2455,#364,.T.);
#3112=EDGE_CURVE('',#2456,#2454,#365,.T.);
#3113=EDGE_CURVE('',#2455,#2456,#1351,.T.);
#3114=EDGE_CURVE('',#2455,#2457,#1352,.T.);
#3115=EDGE_CURVE('',#2458,#2456,#1353,.T.);
#3116=EDGE_CURVE('',#2457,#2458,#1354,.T.);
#3117=EDGE_CURVE('',#2457,#2459,#366,.T.);
#3118=EDGE_CURVE('',#2460,#2458,#367,.T.);
#3119=EDGE_CURVE('',#2459,#2460,#1355,.T.);
#3120=EDGE_CURVE('',#2459,#2461,#368,.T.);
#3121=EDGE_CURVE('',#2462,#2460,#369,.T.);
#3122=EDGE_CURVE('',#2461,#2462,#1356,.T.);
#3123=EDGE_CURVE('',#2461,#2463,#370,.T.);
#3124=EDGE_CURVE('',#2464,#2462,#371,.T.);
#3125=EDGE_CURVE('',#2463,#2464,#1357,.T.);
#3126=EDGE_CURVE('',#2463,#2465,#372,.T.);
#3127=EDGE_CURVE('',#2466,#2464,#373,.T.);
#3128=EDGE_CURVE('',#2465,#2466,#1358,.T.);
#3129=EDGE_CURVE('',#2465,#2449,#1359,.T.);
#3130=EDGE_CURVE('',#2451,#2466,#1360,.T.);
#3131=EDGE_CURVE('',#2239,#2467,#1361,.T.);
#3132=EDGE_CURVE('',#2468,#2467,#374,.T.);
#3133=EDGE_CURVE('',#2240,#2468,#1362,.T.);
#3134=EDGE_CURVE('',#2469,#2468,#375,.T.);
#3135=EDGE_CURVE('',#2241,#2469,#1363,.T.);
#3136=EDGE_CURVE('',#2470,#2469,#376,.T.);
#3137=EDGE_CURVE('',#2242,#2470,#1364,.T.);
#3138=EDGE_CURVE('',#2471,#2470,#1365,.T.);
#3139=EDGE_CURVE('',#2243,#2471,#1366,.T.);
#3140=EDGE_CURVE('',#2472,#2471,#377,.T.);
#3141=EDGE_CURVE('',#2244,#2472,#1367,.T.);
#3142=EDGE_CURVE('',#2473,#2472,#378,.T.);
#3143=EDGE_CURVE('',#2245,#2473,#1368,.T.);
#3144=EDGE_CURVE('',#2474,#2473,#379,.T.);
#3145=EDGE_CURVE('',#2246,#2474,#1369,.T.);
#3146=EDGE_CURVE('',#2475,#2474,#380,.T.);
#3147=EDGE_CURVE('',#2247,#2475,#1370,.T.);
#3148=EDGE_CURVE('',#2476,#2475,#381,.T.);
#3149=EDGE_CURVE('',#2248,#2476,#1371,.T.);
#3150=EDGE_CURVE('',#2477,#2476,#1372,.T.);
#3151=EDGE_CURVE('',#2249,#2477,#1373,.T.);
#3152=EDGE_CURVE('',#2478,#2477,#382,.T.);
#3153=EDGE_CURVE('',#2250,#2478,#1374,.T.);
#3154=EDGE_CURVE('',#2479,#2478,#383,.T.);
#3155=EDGE_CURVE('',#2251,#2479,#1375,.T.);
#3156=EDGE_CURVE('',#2480,#2479,#1376,.T.);
#3157=EDGE_CURVE('',#2252,#2480,#1377,.T.);
#3158=EDGE_CURVE('',#2481,#2480,#384,.T.);
#3159=EDGE_CURVE('',#2253,#2481,#1378,.T.);
#3160=EDGE_CURVE('',#2482,#2481,#385,.T.);
#3161=EDGE_CURVE('',#2254,#2482,#1379,.T.);
#3162=EDGE_CURVE('',#2467,#2482,#386,.T.);
#3163=EDGE_CURVE('',#2224,#2483,#1380,.T.);
#3164=EDGE_CURVE('',#2484,#2483,#387,.T.);
#3165=EDGE_CURVE('',#2225,#2484,#1381,.T.);
#3166=EDGE_CURVE('',#2485,#2484,#388,.T.);
#3167=EDGE_CURVE('',#2226,#2485,#1382,.T.);
#3168=EDGE_CURVE('',#2486,#2485,#1383,.T.);
#3169=EDGE_CURVE('',#2227,#2486,#1384,.T.);
#3170=EDGE_CURVE('',#2487,#2486,#1385,.T.);
#3171=EDGE_CURVE('',#2228,#2487,#1386,.T.);
#3172=EDGE_CURVE('',#2488,#2487,#1387,.T.);
#3173=EDGE_CURVE('',#2229,#2488,#1388,.T.);
#3174=EDGE_CURVE('',#2489,#2488,#389,.T.);
#3175=EDGE_CURVE('',#2230,#2489,#1389,.T.);
#3176=EDGE_CURVE('',#2490,#2489,#390,.T.);
#3177=EDGE_CURVE('',#2231,#2490,#1390,.T.);
#3178=EDGE_CURVE('',#2491,#2490,#391,.T.);
#3179=EDGE_CURVE('',#2232,#2491,#1391,.T.);
#3180=EDGE_CURVE('',#2492,#2491,#1392,.T.);
#3181=EDGE_CURVE('',#2233,#2492,#1393,.T.);
#3182=EDGE_CURVE('',#2493,#2492,#1394,.T.);
#3183=EDGE_CURVE('',#2234,#2493,#1395,.T.);
#3184=EDGE_CURVE('',#2494,#2493,#1396,.T.);
#3185=EDGE_CURVE('',#2235,#2494,#1397,.T.);
#3186=EDGE_CURVE('',#2495,#2494,#1398,.T.);
#3187=EDGE_CURVE('',#2236,#2495,#1399,.T.);
#3188=EDGE_CURVE('',#2496,#2495,#1400,.T.);
#3189=EDGE_CURVE('',#2237,#2496,#1401,.T.);
#3190=EDGE_CURVE('',#2497,#2496,#392,.T.);
#3191=EDGE_CURVE('',#2238,#2497,#1402,.T.);
#3192=EDGE_CURVE('',#2483,#2497,#393,.T.);
#3193=EDGE_CURVE('',#2210,#2498,#1403,.T.);
#3194=EDGE_CURVE('',#2499,#2498,#394,.T.);
#3195=EDGE_CURVE('',#2211,#2499,#1404,.T.);
#3196=EDGE_CURVE('',#2500,#2499,#395,.T.);
#3197=EDGE_CURVE('',#2212,#2500,#1405,.T.);
#3198=EDGE_CURVE('',#2501,#2500,#1406,.T.);
#3199=EDGE_CURVE('',#2213,#2501,#1407,.T.);
#3200=EDGE_CURVE('',#2502,#2501,#1408,.T.);
#3201=EDGE_CURVE('',#2214,#2502,#1409,.T.);
#3202=EDGE_CURVE('',#2503,#2502,#1410,.T.);
#3203=EDGE_CURVE('',#2215,#2503,#1411,.T.);
#3204=EDGE_CURVE('',#2504,#2503,#396,.T.);
#3205=EDGE_CURVE('',#2216,#2504,#1412,.T.);
#3206=EDGE_CURVE('',#2505,#2504,#397,.T.);
#3207=EDGE_CURVE('',#2217,#2505,#1413,.T.);
#3208=EDGE_CURVE('',#2506,#2505,#1414,.T.);
#3209=EDGE_CURVE('',#2218,#2506,#1415,.T.);
#3210=EDGE_CURVE('',#2507,#2506,#1416,.T.);
#3211=EDGE_CURVE('',#2219,#2507,#1417,.T.);
#3212=EDGE_CURVE('',#2508,#2507,#1418,.T.);
#3213=EDGE_CURVE('',#2220,#2508,#1419,.T.);
#3214=EDGE_CURVE('',#2509,#2508,#1420,.T.);
#3215=EDGE_CURVE('',#2221,#2509,#1421,.T.);
#3216=EDGE_CURVE('',#2510,#2509,#1422,.T.);
#3217=EDGE_CURVE('',#2222,#2510,#1423,.T.);
#3218=EDGE_CURVE('',#2511,#2510,#398,.T.);
#3219=EDGE_CURVE('',#2223,#2511,#1424,.T.);
#3220=EDGE_CURVE('',#2498,#2511,#399,.T.);
#3221=EDGE_CURVE('',#2512,#2513,#19,.T.);
#3222=EDGE_CURVE('',#2513,#2514,#1425,.T.);
#3223=EDGE_CURVE('',#2514,#2515,#20,.T.);
#3224=EDGE_CURVE('',#2515,#2512,#1426,.T.);
#3225=EDGE_CURVE('',#2516,#2515,#1427,.T.);
#3226=EDGE_CURVE('',#2517,#2516,#1428,.T.);
#3227=EDGE_CURVE('',#2512,#2517,#1429,.T.);
#3228=EDGE_CURVE('',#2514,#2518,#1430,.T.);
#3229=EDGE_CURVE('',#2519,#2518,#21,.T.);
#3230=EDGE_CURVE('',#2519,#2520,#1431,.T.);
#3231=EDGE_CURVE('',#2520,#2521,#1432,.T.);
#3232=EDGE_CURVE('',#2521,#2522,#1433,.T.);
#3233=EDGE_CURVE('',#2522,#2523,#1434,.T.);
#3234=EDGE_CURVE('',#2523,#2524,#1435,.T.);
#3235=EDGE_CURVE('',#2525,#2524,#22,.T.);
#3236=EDGE_CURVE('',#2525,#2526,#1436,.T.);
#3237=EDGE_CURVE('',#2516,#2526,#23,.T.);
#3238=EDGE_CURVE('',#2527,#2528,#1437,.T.);
#3239=EDGE_CURVE('',#2528,#2529,#1438,.T.);
#3240=EDGE_CURVE('',#2529,#2530,#1439,.T.);
#3241=EDGE_CURVE('',#2530,#2527,#1440,.T.);
#3242=EDGE_CURVE('',#2531,#2532,#1441,.T.);
#3243=EDGE_CURVE('',#2532,#2533,#1442,.T.);
#3244=EDGE_CURVE('',#2533,#2534,#1443,.T.);
#3245=EDGE_CURVE('',#2534,#2531,#1444,.T.);
#3246=EDGE_CURVE('',#2535,#2536,#1445,.T.);
#3247=EDGE_CURVE('',#2536,#2537,#1446,.T.);
#3248=EDGE_CURVE('',#2537,#2538,#1447,.T.);
#3249=EDGE_CURVE('',#2538,#2535,#1448,.T.);
#3250=EDGE_CURVE('',#2539,#2540,#1449,.T.);
#3251=EDGE_CURVE('',#2540,#2541,#1450,.T.);
#3252=EDGE_CURVE('',#2541,#2542,#1451,.T.);
#3253=EDGE_CURVE('',#2542,#2539,#1452,.T.);
#3254=EDGE_CURVE('',#2543,#2544,#1453,.T.);
#3255=EDGE_CURVE('',#2544,#2545,#1454,.T.);
#3256=EDGE_CURVE('',#2545,#2546,#1455,.T.);
#3257=EDGE_CURVE('',#2546,#2543,#1456,.T.);
#3258=EDGE_CURVE('',#2547,#2548,#1457,.T.);
#3259=EDGE_CURVE('',#2548,#2549,#1458,.T.);
#3260=EDGE_CURVE('',#2549,#2550,#1459,.T.);
#3261=EDGE_CURVE('',#2550,#2547,#1460,.T.);
#3262=EDGE_CURVE('',#2551,#2552,#1461,.T.);
#3263=EDGE_CURVE('',#2552,#2553,#1462,.T.);
#3264=EDGE_CURVE('',#2553,#2554,#1463,.T.);
#3265=EDGE_CURVE('',#2554,#2551,#1464,.T.);
#3266=EDGE_CURVE('',#2555,#2556,#1465,.T.);
#3267=EDGE_CURVE('',#2556,#2557,#1466,.T.);
#3268=EDGE_CURVE('',#2557,#2558,#1467,.T.);
#3269=EDGE_CURVE('',#2558,#2555,#1468,.T.);
#3270=EDGE_CURVE('',#2559,#2560,#1469,.T.);
#3271=EDGE_CURVE('',#2560,#2561,#1470,.T.);
#3272=EDGE_CURVE('',#2561,#2562,#1471,.T.);
#3273=EDGE_CURVE('',#2562,#2559,#1472,.T.);
#3274=EDGE_CURVE('',#2563,#2564,#1473,.T.);
#3275=EDGE_CURVE('',#2564,#2565,#1474,.T.);
#3276=EDGE_CURVE('',#2565,#2566,#1475,.T.);
#3277=EDGE_CURVE('',#2566,#2563,#1476,.T.);
#3278=EDGE_CURVE('',#2567,#2568,#1477,.T.);
#3279=EDGE_CURVE('',#2568,#2569,#1478,.T.);
#3280=EDGE_CURVE('',#2569,#2570,#1479,.T.);
#3281=EDGE_CURVE('',#2570,#2567,#1480,.T.);
#3282=EDGE_CURVE('',#2571,#2571,#24,.T.);
#3283=EDGE_CURVE('',#2572,#2572,#25,.T.);
#3284=EDGE_CURVE('',#2573,#2573,#26,.T.);
#3285=EDGE_CURVE('',#2574,#2574,#27,.T.);
#3286=EDGE_CURVE('',#2575,#2576,#28,.T.);
#3287=EDGE_CURVE('',#2576,#2519,#1481,.T.);
#3288=EDGE_CURVE('',#2518,#2575,#1482,.T.);
#3289=EDGE_CURVE('',#2577,#2576,#1483,.T.);
#3290=EDGE_CURVE('',#2524,#2577,#1484,.T.);
#3291=EDGE_CURVE('',#2523,#2578,#1485,.T.);
#3292=EDGE_CURVE('',#2578,#2579,#1486,.T.);
#3293=EDGE_CURVE('',#2579,#2520,#1487,.T.);
#3294=EDGE_CURVE('',#2577,#2580,#29,.T.);
#3295=EDGE_CURVE('',#2580,#2525,#1488,.T.);
#3296=EDGE_CURVE('',#2581,#2517,#30,.T.);
#3297=EDGE_CURVE('',#2526,#2581,#1489,.T.);
#3298=EDGE_CURVE('',#2579,#2582,#1490,.T.);
#3299=EDGE_CURVE('',#2102,#2582,#1491,.T.);
#3300=EDGE_CURVE('',#2521,#2102,#1492,.T.);
#3301=EDGE_CURVE('',#2522,#2101,#1493,.T.);
#3302=EDGE_CURVE('',#2583,#2101,#1494,.T.);
#3303=EDGE_CURVE('',#2583,#2578,#1495,.T.);
#3304=EDGE_CURVE('',#2582,#2583,#1496,.T.);
#3305=EDGE_CURVE('',#2584,#2100,#1497,.T.);
#3306=EDGE_CURVE('',#2585,#2584,#1498,.T.);
#3307=EDGE_CURVE('',#2585,#2103,#1499,.T.);
#3308=EDGE_CURVE('',#2208,#2530,#1500,.T.);
#3309=EDGE_CURVE('',#2209,#2529,#1501,.T.);
#3310=EDGE_CURVE('',#2206,#2528,#1502,.T.);
#3311=EDGE_CURVE('',#2207,#2527,#1503,.T.);
#3312=EDGE_CURVE('',#2204,#2534,#1504,.T.);
#3313=EDGE_CURVE('',#2205,#2533,#1505,.T.);
#3314=EDGE_CURVE('',#2202,#2532,#1506,.T.);
#3315=EDGE_CURVE('',#2203,#2531,#1507,.T.);
#3316=EDGE_CURVE('',#2200,#2538,#1508,.T.);
#3317=EDGE_CURVE('',#2201,#2537,#1509,.T.);
#3318=EDGE_CURVE('',#2198,#2536,#1510,.T.);
#3319=EDGE_CURVE('',#2199,#2535,#1511,.T.);
#3320=EDGE_CURVE('',#2196,#2542,#1512,.T.);
#3321=EDGE_CURVE('',#2197,#2541,#1513,.T.);
#3322=EDGE_CURVE('',#2194,#2540,#1514,.T.);
#3323=EDGE_CURVE('',#2195,#2539,#1515,.T.);
#3324=EDGE_CURVE('',#2192,#2546,#1516,.T.);
#3325=EDGE_CURVE('',#2193,#2545,#1517,.T.);
#3326=EDGE_CURVE('',#2190,#2544,#1518,.T.);
#3327=EDGE_CURVE('',#2191,#2543,#1519,.T.);
#3328=EDGE_CURVE('',#2188,#2550,#1520,.T.);
#3329=EDGE_CURVE('',#2189,#2549,#1521,.T.);
#3330=EDGE_CURVE('',#2186,#2548,#1522,.T.);
#3331=EDGE_CURVE('',#2187,#2547,#1523,.T.);
#3332=EDGE_CURVE('',#2184,#2554,#1524,.T.);
#3333=EDGE_CURVE('',#2185,#2553,#1525,.T.);
#3334=EDGE_CURVE('',#2182,#2552,#1526,.T.);
#3335=EDGE_CURVE('',#2183,#2551,#1527,.T.);
#3336=EDGE_CURVE('',#2180,#2558,#1528,.T.);
#3337=EDGE_CURVE('',#2181,#2557,#1529,.T.);
#3338=EDGE_CURVE('',#2178,#2556,#1530,.T.);
#3339=EDGE_CURVE('',#2179,#2555,#1531,.T.);
#3340=EDGE_CURVE('',#2584,#2586,#1532,.T.);
#3341=EDGE_CURVE('',#2586,#2098,#1533,.T.);
#3342=EDGE_CURVE('',#2587,#2585,#1534,.T.);
#3343=EDGE_CURVE('',#2587,#2099,#1535,.T.);
#3344=EDGE_CURVE('',#2586,#2587,#1536,.T.);
#3345=EDGE_CURVE('',#2176,#2562,#1537,.T.);
#3346=EDGE_CURVE('',#2177,#2561,#1538,.T.);
#3347=EDGE_CURVE('',#2174,#2559,#1539,.T.);
#3348=EDGE_CURVE('',#2172,#2566,#1540,.T.);
#3349=EDGE_CURVE('',#2173,#2565,#1541,.T.);
#3350=EDGE_CURVE('',#2170,#2563,#1542,.T.);
#3351=EDGE_CURVE('',#2168,#2570,#1543,.T.);
#3352=EDGE_CURVE('',#2169,#2569,#1544,.T.);
#3353=EDGE_CURVE('',#2166,#2567,#1545,.T.);
#3354=EDGE_CURVE('',#2175,#2560,#1546,.T.);
#3355=EDGE_CURVE('',#2171,#2564,#1547,.T.);
#3356=EDGE_CURVE('',#2167,#2568,#1548,.T.);
#3357=EDGE_CURVE('',#2588,#2588,#31,.T.);
#3358=EDGE_CURVE('',#2589,#2589,#32,.T.);
#3359=EDGE_CURVE('',#2590,#2590,#33,.T.);
#3360=EDGE_CURVE('',#2591,#2591,#34,.T.);
#3361=EDGE_CURVE('',#2591,#2574,#1549,.T.);
#3362=EDGE_CURVE('',#2589,#2573,#1550,.T.);
#3363=EDGE_CURVE('',#2588,#2572,#1551,.T.);
#3364=EDGE_CURVE('',#2590,#2571,#1552,.T.);
#3365=EDGE_CURVE('',#2575,#2513,#1553,.T.);
#3366=EDGE_CURVE('',#2581,#2580,#1554,.T.);
#3367=ORIENTED_EDGE('',*,*,#2592,.F.);
#3368=ORIENTED_EDGE('',*,*,#2593,.T.);
#3369=ORIENTED_EDGE('',*,*,#2594,.F.);
#3370=ORIENTED_EDGE('',*,*,#2595,.F.);
#3371=ORIENTED_EDGE('',*,*,#2596,.F.);
#3372=ORIENTED_EDGE('',*,*,#2595,.T.);
#3373=ORIENTED_EDGE('',*,*,#2597,.F.);
#3374=ORIENTED_EDGE('',*,*,#2598,.F.);
#3375=ORIENTED_EDGE('',*,*,#2599,.F.);
#3376=ORIENTED_EDGE('',*,*,#2598,.T.);
#3377=ORIENTED_EDGE('',*,*,#2600,.F.);
#3378=ORIENTED_EDGE('',*,*,#2593,.F.);
#3379=ORIENTED_EDGE('',*,*,#2601,.F.);
#3380=ORIENTED_EDGE('',*,*,#2602,.T.);
#3381=ORIENTED_EDGE('',*,*,#2603,.F.);
#3382=ORIENTED_EDGE('',*,*,#2604,.F.);
#3383=ORIENTED_EDGE('',*,*,#2605,.F.);
#3384=ORIENTED_EDGE('',*,*,#2604,.T.);
#3385=ORIENTED_EDGE('',*,*,#2606,.F.);
#3386=ORIENTED_EDGE('',*,*,#2607,.F.);
#3387=ORIENTED_EDGE('',*,*,#2608,.F.);
#3388=ORIENTED_EDGE('',*,*,#2607,.T.);
#3389=ORIENTED_EDGE('',*,*,#2609,.F.);
#3390=ORIENTED_EDGE('',*,*,#2610,.F.);
#3391=ORIENTED_EDGE('',*,*,#2611,.F.);
#3392=ORIENTED_EDGE('',*,*,#2610,.T.);
#3393=ORIENTED_EDGE('',*,*,#2612,.F.);
#3394=ORIENTED_EDGE('',*,*,#2613,.F.);
#3395=ORIENTED_EDGE('',*,*,#2614,.F.);
#3396=ORIENTED_EDGE('',*,*,#2613,.T.);
#3397=ORIENTED_EDGE('',*,*,#2615,.F.);
#3398=ORIENTED_EDGE('',*,*,#2616,.F.);
#3399=ORIENTED_EDGE('',*,*,#2617,.F.);
#3400=ORIENTED_EDGE('',*,*,#2616,.T.);
#3401=ORIENTED_EDGE('',*,*,#2618,.F.);
#3402=ORIENTED_EDGE('',*,*,#2619,.F.);
#3403=ORIENTED_EDGE('',*,*,#2620,.F.);
#3404=ORIENTED_EDGE('',*,*,#2619,.T.);
#3405=ORIENTED_EDGE('',*,*,#2621,.F.);
#3406=ORIENTED_EDGE('',*,*,#2622,.F.);
#3407=ORIENTED_EDGE('',*,*,#2623,.F.);
#3408=ORIENTED_EDGE('',*,*,#2622,.T.);
#3409=ORIENTED_EDGE('',*,*,#2624,.F.);
#3410=ORIENTED_EDGE('',*,*,#2602,.F.);
#3411=ORIENTED_EDGE('',*,*,#2624,.T.);
#3412=ORIENTED_EDGE('',*,*,#2621,.T.);
#3413=ORIENTED_EDGE('',*,*,#2618,.T.);
#3414=ORIENTED_EDGE('',*,*,#2615,.T.);
#3415=ORIENTED_EDGE('',*,*,#2612,.T.);
#3416=ORIENTED_EDGE('',*,*,#2609,.T.);
#3417=ORIENTED_EDGE('',*,*,#2606,.T.);
#3418=ORIENTED_EDGE('',*,*,#2603,.T.);
#3419=ORIENTED_EDGE('',*,*,#2600,.T.);
#3420=ORIENTED_EDGE('',*,*,#2597,.T.);
#3421=ORIENTED_EDGE('',*,*,#2594,.T.);
#3422=ORIENTED_EDGE('',*,*,#2625,.F.);
#3423=ORIENTED_EDGE('',*,*,#2626,.F.);
#3424=ORIENTED_EDGE('',*,*,#2627,.F.);
#3425=ORIENTED_EDGE('',*,*,#2628,.F.);
#3426=ORIENTED_EDGE('',*,*,#2629,.F.);
#3427=ORIENTED_EDGE('',*,*,#2630,.F.);
#3428=ORIENTED_EDGE('',*,*,#2631,.T.);
#3429=ORIENTED_EDGE('',*,*,#2632,.T.);
#3430=ORIENTED_EDGE('',*,*,#2633,.T.);
#3431=ORIENTED_EDGE('',*,*,#2634,.T.);
#3432=ORIENTED_EDGE('',*,*,#2635,.T.);
#3433=ORIENTED_EDGE('',*,*,#2636,.T.);
#3434=ORIENTED_EDGE('',*,*,#2637,.T.);
#3435=ORIENTED_EDGE('',*,*,#2638,.T.);
#3436=ORIENTED_EDGE('',*,*,#2639,.T.);
#3437=ORIENTED_EDGE('',*,*,#2640,.T.);
#3438=ORIENTED_EDGE('',*,*,#2641,.T.);
#3439=ORIENTED_EDGE('',*,*,#2642,.T.);
#3440=ORIENTED_EDGE('',*,*,#2643,.T.);
#3441=ORIENTED_EDGE('',*,*,#2644,.T.);
#3442=ORIENTED_EDGE('',*,*,#2645,.T.);
#3443=ORIENTED_EDGE('',*,*,#2646,.T.);
#3444=ORIENTED_EDGE('',*,*,#2647,.T.);
#3445=ORIENTED_EDGE('',*,*,#2648,.T.);
#3446=ORIENTED_EDGE('',*,*,#2649,.T.);
#3447=ORIENTED_EDGE('',*,*,#2650,.T.);
#3448=ORIENTED_EDGE('',*,*,#2651,.T.);
#3449=ORIENTED_EDGE('',*,*,#2652,.T.);
#3450=ORIENTED_EDGE('',*,*,#2653,.T.);
#3451=ORIENTED_EDGE('',*,*,#2654,.T.);
#3452=ORIENTED_EDGE('',*,*,#2655,.T.);
#3453=ORIENTED_EDGE('',*,*,#2656,.T.);
#3454=ORIENTED_EDGE('',*,*,#2657,.T.);
#3455=ORIENTED_EDGE('',*,*,#2658,.T.);
#3456=ORIENTED_EDGE('',*,*,#2659,.T.);
#3457=ORIENTED_EDGE('',*,*,#2660,.T.);
#3458=ORIENTED_EDGE('',*,*,#2661,.T.);
#3459=ORIENTED_EDGE('',*,*,#2662,.T.);
#3460=ORIENTED_EDGE('',*,*,#2663,.T.);
#3461=ORIENTED_EDGE('',*,*,#2664,.T.);
#3462=ORIENTED_EDGE('',*,*,#2665,.T.);
#3463=ORIENTED_EDGE('',*,*,#2666,.T.);
#3464=ORIENTED_EDGE('',*,*,#2667,.T.);
#3465=ORIENTED_EDGE('',*,*,#2668,.T.);
#3466=ORIENTED_EDGE('',*,*,#2669,.T.);
#3467=ORIENTED_EDGE('',*,*,#2670,.T.);
#3468=ORIENTED_EDGE('',*,*,#2671,.T.);
#3469=ORIENTED_EDGE('',*,*,#2672,.T.);
#3470=ORIENTED_EDGE('',*,*,#2673,.T.);
#3471=ORIENTED_EDGE('',*,*,#2674,.T.);
#3472=ORIENTED_EDGE('',*,*,#2675,.T.);
#3473=ORIENTED_EDGE('',*,*,#2676,.T.);
#3474=ORIENTED_EDGE('',*,*,#2677,.T.);
#3475=ORIENTED_EDGE('',*,*,#2678,.T.);
#3476=ORIENTED_EDGE('',*,*,#2679,.T.);
#3477=ORIENTED_EDGE('',*,*,#2680,.T.);
#3478=ORIENTED_EDGE('',*,*,#2681,.T.);
#3479=ORIENTED_EDGE('',*,*,#2682,.T.);
#3480=ORIENTED_EDGE('',*,*,#2683,.T.);
#3481=ORIENTED_EDGE('',*,*,#2684,.T.);
#3482=ORIENTED_EDGE('',*,*,#2685,.T.);
#3483=ORIENTED_EDGE('',*,*,#2686,.T.);
#3484=ORIENTED_EDGE('',*,*,#2687,.T.);
#3485=ORIENTED_EDGE('',*,*,#2688,.T.);
#3486=ORIENTED_EDGE('',*,*,#2689,.T.);
#3487=ORIENTED_EDGE('',*,*,#2690,.T.);
#3488=ORIENTED_EDGE('',*,*,#2691,.T.);
#3489=ORIENTED_EDGE('',*,*,#2692,.T.);
#3490=ORIENTED_EDGE('',*,*,#2693,.F.);
#3491=ORIENTED_EDGE('',*,*,#2694,.F.);
#3492=ORIENTED_EDGE('',*,*,#2695,.F.);
#3493=ORIENTED_EDGE('',*,*,#2696,.F.);
#3494=ORIENTED_EDGE('',*,*,#2697,.F.);
#3495=ORIENTED_EDGE('',*,*,#2698,.F.);
#3496=ORIENTED_EDGE('',*,*,#2699,.F.);
#3497=ORIENTED_EDGE('',*,*,#2700,.F.);
#3498=ORIENTED_EDGE('',*,*,#2701,.F.);
#3499=ORIENTED_EDGE('',*,*,#2702,.F.);
#3500=ORIENTED_EDGE('',*,*,#2703,.F.);
#3501=ORIENTED_EDGE('',*,*,#2704,.F.);
#3502=ORIENTED_EDGE('',*,*,#2705,.T.);
#3503=ORIENTED_EDGE('',*,*,#2706,.T.);
#3504=ORIENTED_EDGE('',*,*,#2707,.T.);
#3505=ORIENTED_EDGE('',*,*,#2708,.T.);
#3506=ORIENTED_EDGE('',*,*,#2709,.T.);
#3507=ORIENTED_EDGE('',*,*,#2710,.T.);
#3508=ORIENTED_EDGE('',*,*,#2711,.T.);
#3509=ORIENTED_EDGE('',*,*,#2712,.T.);
#3510=ORIENTED_EDGE('',*,*,#2713,.T.);
#3511=ORIENTED_EDGE('',*,*,#2714,.T.);
#3512=ORIENTED_EDGE('',*,*,#2715,.T.);
#3513=ORIENTED_EDGE('',*,*,#2716,.T.);
#3514=ORIENTED_EDGE('',*,*,#2717,.T.);
#3515=ORIENTED_EDGE('',*,*,#2718,.T.);
#3516=ORIENTED_EDGE('',*,*,#2719,.T.);
#3517=ORIENTED_EDGE('',*,*,#2720,.T.);
#3518=ORIENTED_EDGE('',*,*,#2721,.T.);
#3519=ORIENTED_EDGE('',*,*,#2722,.T.);
#3520=ORIENTED_EDGE('',*,*,#2723,.T.);
#3521=ORIENTED_EDGE('',*,*,#2724,.T.);
#3522=ORIENTED_EDGE('',*,*,#2725,.T.);
#3523=ORIENTED_EDGE('',*,*,#2726,.T.);
#3524=ORIENTED_EDGE('',*,*,#2727,.T.);
#3525=ORIENTED_EDGE('',*,*,#2728,.T.);
#3526=ORIENTED_EDGE('',*,*,#2729,.T.);
#3527=ORIENTED_EDGE('',*,*,#2730,.T.);
#3528=ORIENTED_EDGE('',*,*,#2731,.T.);
#3529=ORIENTED_EDGE('',*,*,#2732,.T.);
#3530=ORIENTED_EDGE('',*,*,#2733,.T.);
#3531=ORIENTED_EDGE('',*,*,#2734,.T.);
#3532=ORIENTED_EDGE('',*,*,#2735,.T.);
#3533=ORIENTED_EDGE('',*,*,#2736,.T.);
#3534=ORIENTED_EDGE('',*,*,#2737,.T.);
#3535=ORIENTED_EDGE('',*,*,#2738,.T.);
#3536=ORIENTED_EDGE('',*,*,#2739,.T.);
#3537=ORIENTED_EDGE('',*,*,#2740,.T.);
#3538=ORIENTED_EDGE('',*,*,#2741,.T.);
#3539=ORIENTED_EDGE('',*,*,#2742,.T.);
#3540=ORIENTED_EDGE('',*,*,#2743,.T.);
#3541=ORIENTED_EDGE('',*,*,#2744,.T.);
#3542=ORIENTED_EDGE('',*,*,#2745,.T.);
#3543=ORIENTED_EDGE('',*,*,#2746,.T.);
#3544=ORIENTED_EDGE('',*,*,#2747,.T.);
#3545=ORIENTED_EDGE('',*,*,#2748,.T.);
#3546=ORIENTED_EDGE('',*,*,#2749,.T.);
#3547=ORIENTED_EDGE('',*,*,#2750,.T.);
#3548=ORIENTED_EDGE('',*,*,#2751,.T.);
#3549=ORIENTED_EDGE('',*,*,#2752,.T.);
#3550=ORIENTED_EDGE('',*,*,#2753,.T.);
#3551=ORIENTED_EDGE('',*,*,#2754,.T.);
#3552=ORIENTED_EDGE('',*,*,#2755,.T.);
#3553=ORIENTED_EDGE('',*,*,#2756,.T.);
#3554=ORIENTED_EDGE('',*,*,#2757,.T.);
#3555=ORIENTED_EDGE('',*,*,#2758,.T.);
#3556=ORIENTED_EDGE('',*,*,#2759,.T.);
#3557=ORIENTED_EDGE('',*,*,#2760,.T.);
#3558=ORIENTED_EDGE('',*,*,#2761,.T.);
#3559=ORIENTED_EDGE('',*,*,#2762,.T.);
#3560=ORIENTED_EDGE('',*,*,#2763,.T.);
#3561=ORIENTED_EDGE('',*,*,#2764,.T.);
#3562=ORIENTED_EDGE('',*,*,#2765,.T.);
#3563=ORIENTED_EDGE('',*,*,#2766,.T.);
#3564=ORIENTED_EDGE('',*,*,#2767,.T.);
#3565=ORIENTED_EDGE('',*,*,#2768,.T.);
#3566=ORIENTED_EDGE('',*,*,#2769,.T.);
#3567=ORIENTED_EDGE('',*,*,#2770,.T.);
#3568=ORIENTED_EDGE('',*,*,#2771,.T.);
#3569=ORIENTED_EDGE('',*,*,#2772,.T.);
#3570=ORIENTED_EDGE('',*,*,#2773,.T.);
#3571=ORIENTED_EDGE('',*,*,#2774,.T.);
#3572=ORIENTED_EDGE('',*,*,#2775,.T.);
#3573=ORIENTED_EDGE('',*,*,#2776,.T.);
#3574=ORIENTED_EDGE('',*,*,#2777,.T.);
#3575=ORIENTED_EDGE('',*,*,#2778,.T.);
#3576=ORIENTED_EDGE('',*,*,#2779,.T.);
#3577=ORIENTED_EDGE('',*,*,#2780,.T.);
#3578=ORIENTED_EDGE('',*,*,#2781,.T.);
#3579=ORIENTED_EDGE('',*,*,#2782,.T.);
#3580=ORIENTED_EDGE('',*,*,#2783,.T.);
#3581=ORIENTED_EDGE('',*,*,#2784,.T.);
#3582=ORIENTED_EDGE('',*,*,#2785,.T.);
#3583=ORIENTED_EDGE('',*,*,#2786,.T.);
#3584=ORIENTED_EDGE('',*,*,#2787,.T.);
#3585=ORIENTED_EDGE('',*,*,#2788,.T.);
#3586=ORIENTED_EDGE('',*,*,#2789,.T.);
#3587=ORIENTED_EDGE('',*,*,#2790,.T.);
#3588=ORIENTED_EDGE('',*,*,#2791,.T.);
#3589=ORIENTED_EDGE('',*,*,#2792,.T.);
#3590=ORIENTED_EDGE('',*,*,#2793,.T.);
#3591=ORIENTED_EDGE('',*,*,#2794,.T.);
#3592=ORIENTED_EDGE('',*,*,#2795,.T.);
#3593=ORIENTED_EDGE('',*,*,#2796,.T.);
#3594=ORIENTED_EDGE('',*,*,#2797,.T.);
#3595=ORIENTED_EDGE('',*,*,#2798,.T.);
#3596=ORIENTED_EDGE('',*,*,#2799,.T.);
#3597=ORIENTED_EDGE('',*,*,#2800,.T.);
#3598=ORIENTED_EDGE('',*,*,#2801,.T.);
#3599=ORIENTED_EDGE('',*,*,#2802,.T.);
#3600=ORIENTED_EDGE('',*,*,#2803,.T.);
#3601=ORIENTED_EDGE('',*,*,#2804,.T.);
#3602=ORIENTED_EDGE('',*,*,#2805,.T.);
#3603=ORIENTED_EDGE('',*,*,#2806,.T.);
#3604=ORIENTED_EDGE('',*,*,#2807,.T.);
#3605=ORIENTED_EDGE('',*,*,#2808,.T.);
#3606=ORIENTED_EDGE('',*,*,#2809,.T.);
#3607=ORIENTED_EDGE('',*,*,#2810,.T.);
#3608=ORIENTED_EDGE('',*,*,#2811,.T.);
#3609=ORIENTED_EDGE('',*,*,#2812,.T.);
#3610=ORIENTED_EDGE('',*,*,#2813,.T.);
#3611=ORIENTED_EDGE('',*,*,#2814,.T.);
#3612=ORIENTED_EDGE('',*,*,#2815,.T.);
#3613=ORIENTED_EDGE('',*,*,#2816,.T.);
#3614=ORIENTED_EDGE('',*,*,#2817,.T.);
#3615=ORIENTED_EDGE('',*,*,#2818,.T.);
#3616=ORIENTED_EDGE('',*,*,#2819,.T.);
#3617=ORIENTED_EDGE('',*,*,#2820,.T.);
#3618=ORIENTED_EDGE('',*,*,#2821,.T.);
#3619=ORIENTED_EDGE('',*,*,#2822,.T.);
#3620=ORIENTED_EDGE('',*,*,#2823,.T.);
#3621=ORIENTED_EDGE('',*,*,#2824,.T.);
#3622=ORIENTED_EDGE('',*,*,#2825,.T.);
#3623=ORIENTED_EDGE('',*,*,#2826,.T.);
#3624=ORIENTED_EDGE('',*,*,#2827,.T.);
#3625=ORIENTED_EDGE('',*,*,#2828,.T.);
#3626=ORIENTED_EDGE('',*,*,#2829,.T.);
#3627=ORIENTED_EDGE('',*,*,#2830,.T.);
#3628=ORIENTED_EDGE('',*,*,#2831,.T.);
#3629=ORIENTED_EDGE('',*,*,#2832,.T.);
#3630=ORIENTED_EDGE('',*,*,#2833,.T.);
#3631=ORIENTED_EDGE('',*,*,#2834,.T.);
#3632=ORIENTED_EDGE('',*,*,#2835,.T.);
#3633=ORIENTED_EDGE('',*,*,#2836,.T.);
#3634=ORIENTED_EDGE('',*,*,#2837,.T.);
#3635=ORIENTED_EDGE('',*,*,#2601,.T.);
#3636=ORIENTED_EDGE('',*,*,#2605,.T.);
#3637=ORIENTED_EDGE('',*,*,#2608,.T.);
#3638=ORIENTED_EDGE('',*,*,#2611,.T.);
#3639=ORIENTED_EDGE('',*,*,#2614,.T.);
#3640=ORIENTED_EDGE('',*,*,#2617,.T.);
#3641=ORIENTED_EDGE('',*,*,#2620,.T.);
#3642=ORIENTED_EDGE('',*,*,#2623,.T.);
#3643=ORIENTED_EDGE('',*,*,#2805,.F.);
#3644=ORIENTED_EDGE('',*,*,#2838,.T.);
#3645=ORIENTED_EDGE('',*,*,#2839,.F.);
#3646=ORIENTED_EDGE('',*,*,#2840,.F.);
#3647=ORIENTED_EDGE('',*,*,#2806,.F.);
#3648=ORIENTED_EDGE('',*,*,#2840,.T.);
#3649=ORIENTED_EDGE('',*,*,#2841,.F.);
#3650=ORIENTED_EDGE('',*,*,#2842,.F.);
#3651=ORIENTED_EDGE('',*,*,#2807,.F.);
#3652=ORIENTED_EDGE('',*,*,#2842,.T.);
#3653=ORIENTED_EDGE('',*,*,#2843,.F.);
#3654=ORIENTED_EDGE('',*,*,#2844,.F.);
#3655=ORIENTED_EDGE('',*,*,#2808,.F.);
#3656=ORIENTED_EDGE('',*,*,#2844,.T.);
#3657=ORIENTED_EDGE('',*,*,#2845,.F.);
#3658=ORIENTED_EDGE('',*,*,#2846,.F.);
#3659=ORIENTED_EDGE('',*,*,#2809,.F.);
#3660=ORIENTED_EDGE('',*,*,#2846,.T.);
#3661=ORIENTED_EDGE('',*,*,#2847,.F.);
#3662=ORIENTED_EDGE('',*,*,#2848,.F.);
#3663=ORIENTED_EDGE('',*,*,#2810,.F.);
#3664=ORIENTED_EDGE('',*,*,#2848,.T.);
#3665=ORIENTED_EDGE('',*,*,#2849,.F.);
#3666=ORIENTED_EDGE('',*,*,#2850,.F.);
#3667=ORIENTED_EDGE('',*,*,#2811,.F.);
#3668=ORIENTED_EDGE('',*,*,#2850,.T.);
#3669=ORIENTED_EDGE('',*,*,#2851,.F.);
#3670=ORIENTED_EDGE('',*,*,#2852,.F.);
#3671=ORIENTED_EDGE('',*,*,#2812,.F.);
#3672=ORIENTED_EDGE('',*,*,#2852,.T.);
#3673=ORIENTED_EDGE('',*,*,#2853,.F.);
#3674=ORIENTED_EDGE('',*,*,#2854,.F.);
#3675=ORIENTED_EDGE('',*,*,#2813,.F.);
#3676=ORIENTED_EDGE('',*,*,#2854,.T.);
#3677=ORIENTED_EDGE('',*,*,#2855,.F.);
#3678=ORIENTED_EDGE('',*,*,#2856,.F.);
#3679=ORIENTED_EDGE('',*,*,#2814,.F.);
#3680=ORIENTED_EDGE('',*,*,#2856,.T.);
#3681=ORIENTED_EDGE('',*,*,#2857,.F.);
#3682=ORIENTED_EDGE('',*,*,#2858,.F.);
#3683=ORIENTED_EDGE('',*,*,#2815,.F.);
#3684=ORIENTED_EDGE('',*,*,#2858,.T.);
#3685=ORIENTED_EDGE('',*,*,#2859,.F.);
#3686=ORIENTED_EDGE('',*,*,#2860,.F.);
#3687=ORIENTED_EDGE('',*,*,#2816,.F.);
#3688=ORIENTED_EDGE('',*,*,#2860,.T.);
#3689=ORIENTED_EDGE('',*,*,#2861,.F.);
#3690=ORIENTED_EDGE('',*,*,#2862,.F.);
#3691=ORIENTED_EDGE('',*,*,#2817,.F.);
#3692=ORIENTED_EDGE('',*,*,#2862,.T.);
#3693=ORIENTED_EDGE('',*,*,#2863,.F.);
#3694=ORIENTED_EDGE('',*,*,#2864,.F.);
#3695=ORIENTED_EDGE('',*,*,#2818,.F.);
#3696=ORIENTED_EDGE('',*,*,#2864,.T.);
#3697=ORIENTED_EDGE('',*,*,#2865,.F.);
#3698=ORIENTED_EDGE('',*,*,#2866,.F.);
#3699=ORIENTED_EDGE('',*,*,#2819,.F.);
#3700=ORIENTED_EDGE('',*,*,#2866,.T.);
#3701=ORIENTED_EDGE('',*,*,#2867,.F.);
#3702=ORIENTED_EDGE('',*,*,#2868,.F.);
#3703=ORIENTED_EDGE('',*,*,#2820,.F.);
#3704=ORIENTED_EDGE('',*,*,#2868,.T.);
#3705=ORIENTED_EDGE('',*,*,#2869,.F.);
#3706=ORIENTED_EDGE('',*,*,#2870,.F.);
#3707=ORIENTED_EDGE('',*,*,#2821,.F.);
#3708=ORIENTED_EDGE('',*,*,#2870,.T.);
#3709=ORIENTED_EDGE('',*,*,#2871,.F.);
#3710=ORIENTED_EDGE('',*,*,#2872,.F.);
#3711=ORIENTED_EDGE('',*,*,#2822,.F.);
#3712=ORIENTED_EDGE('',*,*,#2872,.T.);
#3713=ORIENTED_EDGE('',*,*,#2873,.F.);
#3714=ORIENTED_EDGE('',*,*,#2874,.F.);
#3715=ORIENTED_EDGE('',*,*,#2823,.F.);
#3716=ORIENTED_EDGE('',*,*,#2874,.T.);
#3717=ORIENTED_EDGE('',*,*,#2875,.F.);
#3718=ORIENTED_EDGE('',*,*,#2876,.F.);
#3719=ORIENTED_EDGE('',*,*,#2824,.F.);
#3720=ORIENTED_EDGE('',*,*,#2876,.T.);
#3721=ORIENTED_EDGE('',*,*,#2877,.F.);
#3722=ORIENTED_EDGE('',*,*,#2878,.F.);
#3723=ORIENTED_EDGE('',*,*,#2825,.F.);
#3724=ORIENTED_EDGE('',*,*,#2878,.T.);
#3725=ORIENTED_EDGE('',*,*,#2879,.F.);
#3726=ORIENTED_EDGE('',*,*,#2880,.F.);
#3727=ORIENTED_EDGE('',*,*,#2826,.F.);
#3728=ORIENTED_EDGE('',*,*,#2880,.T.);
#3729=ORIENTED_EDGE('',*,*,#2881,.F.);
#3730=ORIENTED_EDGE('',*,*,#2882,.F.);
#3731=ORIENTED_EDGE('',*,*,#2827,.F.);
#3732=ORIENTED_EDGE('',*,*,#2882,.T.);
#3733=ORIENTED_EDGE('',*,*,#2883,.F.);
#3734=ORIENTED_EDGE('',*,*,#2884,.F.);
#3735=ORIENTED_EDGE('',*,*,#2828,.F.);
#3736=ORIENTED_EDGE('',*,*,#2884,.T.);
#3737=ORIENTED_EDGE('',*,*,#2885,.F.);
#3738=ORIENTED_EDGE('',*,*,#2886,.F.);
#3739=ORIENTED_EDGE('',*,*,#2829,.F.);
#3740=ORIENTED_EDGE('',*,*,#2886,.T.);
#3741=ORIENTED_EDGE('',*,*,#2887,.F.);
#3742=ORIENTED_EDGE('',*,*,#2888,.F.);
#3743=ORIENTED_EDGE('',*,*,#2830,.F.);
#3744=ORIENTED_EDGE('',*,*,#2888,.T.);
#3745=ORIENTED_EDGE('',*,*,#2889,.F.);
#3746=ORIENTED_EDGE('',*,*,#2890,.F.);
#3747=ORIENTED_EDGE('',*,*,#2831,.F.);
#3748=ORIENTED_EDGE('',*,*,#2890,.T.);
#3749=ORIENTED_EDGE('',*,*,#2891,.F.);
#3750=ORIENTED_EDGE('',*,*,#2892,.F.);
#3751=ORIENTED_EDGE('',*,*,#2832,.F.);
#3752=ORIENTED_EDGE('',*,*,#2892,.T.);
#3753=ORIENTED_EDGE('',*,*,#2893,.F.);
#3754=ORIENTED_EDGE('',*,*,#2894,.F.);
#3755=ORIENTED_EDGE('',*,*,#2833,.F.);
#3756=ORIENTED_EDGE('',*,*,#2894,.T.);
#3757=ORIENTED_EDGE('',*,*,#2895,.F.);
#3758=ORIENTED_EDGE('',*,*,#2896,.F.);
#3759=ORIENTED_EDGE('',*,*,#2834,.F.);
#3760=ORIENTED_EDGE('',*,*,#2896,.T.);
#3761=ORIENTED_EDGE('',*,*,#2897,.F.);
#3762=ORIENTED_EDGE('',*,*,#2898,.F.);
#3763=ORIENTED_EDGE('',*,*,#2835,.F.);
#3764=ORIENTED_EDGE('',*,*,#2898,.T.);
#3765=ORIENTED_EDGE('',*,*,#2899,.F.);
#3766=ORIENTED_EDGE('',*,*,#2900,.F.);
#3767=ORIENTED_EDGE('',*,*,#2836,.F.);
#3768=ORIENTED_EDGE('',*,*,#2900,.T.);
#3769=ORIENTED_EDGE('',*,*,#2901,.F.);
#3770=ORIENTED_EDGE('',*,*,#2902,.F.);
#3771=ORIENTED_EDGE('',*,*,#2837,.F.);
#3772=ORIENTED_EDGE('',*,*,#2902,.T.);
#3773=ORIENTED_EDGE('',*,*,#2903,.F.);
#3774=ORIENTED_EDGE('',*,*,#2838,.F.);
#3775=ORIENTED_EDGE('',*,*,#2903,.T.);
#3776=ORIENTED_EDGE('',*,*,#2901,.T.);
#3777=ORIENTED_EDGE('',*,*,#2899,.T.);
#3778=ORIENTED_EDGE('',*,*,#2897,.T.);
#3779=ORIENTED_EDGE('',*,*,#2895,.T.);
#3780=ORIENTED_EDGE('',*,*,#2893,.T.);
#3781=ORIENTED_EDGE('',*,*,#2891,.T.);
#3782=ORIENTED_EDGE('',*,*,#2889,.T.);
#3783=ORIENTED_EDGE('',*,*,#2887,.T.);
#3784=ORIENTED_EDGE('',*,*,#2885,.T.);
#3785=ORIENTED_EDGE('',*,*,#2883,.T.);
#3786=ORIENTED_EDGE('',*,*,#2881,.T.);
#3787=ORIENTED_EDGE('',*,*,#2879,.T.);
#3788=ORIENTED_EDGE('',*,*,#2877,.T.);
#3789=ORIENTED_EDGE('',*,*,#2875,.T.);
#3790=ORIENTED_EDGE('',*,*,#2873,.T.);
#3791=ORIENTED_EDGE('',*,*,#2871,.T.);
#3792=ORIENTED_EDGE('',*,*,#2869,.T.);
#3793=ORIENTED_EDGE('',*,*,#2867,.T.);
#3794=ORIENTED_EDGE('',*,*,#2865,.T.);
#3795=ORIENTED_EDGE('',*,*,#2863,.T.);
#3796=ORIENTED_EDGE('',*,*,#2861,.T.);
#3797=ORIENTED_EDGE('',*,*,#2859,.T.);
#3798=ORIENTED_EDGE('',*,*,#2857,.T.);
#3799=ORIENTED_EDGE('',*,*,#2855,.T.);
#3800=ORIENTED_EDGE('',*,*,#2853,.T.);
#3801=ORIENTED_EDGE('',*,*,#2851,.T.);
#3802=ORIENTED_EDGE('',*,*,#2849,.T.);
#3803=ORIENTED_EDGE('',*,*,#2847,.T.);
#3804=ORIENTED_EDGE('',*,*,#2845,.T.);
#3805=ORIENTED_EDGE('',*,*,#2843,.T.);
#3806=ORIENTED_EDGE('',*,*,#2841,.T.);
#3807=ORIENTED_EDGE('',*,*,#2839,.T.);
#3808=ORIENTED_EDGE('',*,*,#2792,.F.);
#3809=ORIENTED_EDGE('',*,*,#2904,.T.);
#3810=ORIENTED_EDGE('',*,*,#2905,.F.);
#3811=ORIENTED_EDGE('',*,*,#2906,.F.);
#3812=ORIENTED_EDGE('',*,*,#2793,.F.);
#3813=ORIENTED_EDGE('',*,*,#2906,.T.);
#3814=ORIENTED_EDGE('',*,*,#2907,.F.);
#3815=ORIENTED_EDGE('',*,*,#2908,.F.);
#3816=ORIENTED_EDGE('',*,*,#2794,.F.);
#3817=ORIENTED_EDGE('',*,*,#2908,.T.);
#3818=ORIENTED_EDGE('',*,*,#2909,.F.);
#3819=ORIENTED_EDGE('',*,*,#2910,.F.);
#3820=ORIENTED_EDGE('',*,*,#2795,.F.);
#3821=ORIENTED_EDGE('',*,*,#2910,.T.);
#3822=ORIENTED_EDGE('',*,*,#2911,.F.);
#3823=ORIENTED_EDGE('',*,*,#2912,.F.);
#3824=ORIENTED_EDGE('',*,*,#2796,.F.);
#3825=ORIENTED_EDGE('',*,*,#2912,.T.);
#3826=ORIENTED_EDGE('',*,*,#2913,.F.);
#3827=ORIENTED_EDGE('',*,*,#2914,.F.);
#3828=ORIENTED_EDGE('',*,*,#2797,.F.);
#3829=ORIENTED_EDGE('',*,*,#2914,.T.);
#3830=ORIENTED_EDGE('',*,*,#2915,.F.);
#3831=ORIENTED_EDGE('',*,*,#2916,.F.);
#3832=ORIENTED_EDGE('',*,*,#2798,.F.);
#3833=ORIENTED_EDGE('',*,*,#2916,.T.);
#3834=ORIENTED_EDGE('',*,*,#2917,.F.);
#3835=ORIENTED_EDGE('',*,*,#2918,.F.);
#3836=ORIENTED_EDGE('',*,*,#2799,.F.);
#3837=ORIENTED_EDGE('',*,*,#2918,.T.);
#3838=ORIENTED_EDGE('',*,*,#2919,.F.);
#3839=ORIENTED_EDGE('',*,*,#2920,.F.);
#3840=ORIENTED_EDGE('',*,*,#2800,.F.);
#3841=ORIENTED_EDGE('',*,*,#2920,.T.);
#3842=ORIENTED_EDGE('',*,*,#2921,.F.);
#3843=ORIENTED_EDGE('',*,*,#2922,.F.);
#3844=ORIENTED_EDGE('',*,*,#2801,.F.);
#3845=ORIENTED_EDGE('',*,*,#2922,.T.);
#3846=ORIENTED_EDGE('',*,*,#2923,.F.);
#3847=ORIENTED_EDGE('',*,*,#2924,.F.);
#3848=ORIENTED_EDGE('',*,*,#2802,.F.);
#3849=ORIENTED_EDGE('',*,*,#2924,.T.);
#3850=ORIENTED_EDGE('',*,*,#2925,.F.);
#3851=ORIENTED_EDGE('',*,*,#2926,.F.);
#3852=ORIENTED_EDGE('',*,*,#2803,.F.);
#3853=ORIENTED_EDGE('',*,*,#2926,.T.);
#3854=ORIENTED_EDGE('',*,*,#2927,.F.);
#3855=ORIENTED_EDGE('',*,*,#2928,.F.);
#3856=ORIENTED_EDGE('',*,*,#2804,.F.);
#3857=ORIENTED_EDGE('',*,*,#2928,.T.);
#3858=ORIENTED_EDGE('',*,*,#2929,.F.);
#3859=ORIENTED_EDGE('',*,*,#2904,.F.);
#3860=ORIENTED_EDGE('',*,*,#2929,.T.);
#3861=ORIENTED_EDGE('',*,*,#2927,.T.);
#3862=ORIENTED_EDGE('',*,*,#2925,.T.);
#3863=ORIENTED_EDGE('',*,*,#2923,.T.);
#3864=ORIENTED_EDGE('',*,*,#2921,.T.);
#3865=ORIENTED_EDGE('',*,*,#2919,.T.);
#3866=ORIENTED_EDGE('',*,*,#2917,.T.);
#3867=ORIENTED_EDGE('',*,*,#2915,.T.);
#3868=ORIENTED_EDGE('',*,*,#2913,.T.);
#3869=ORIENTED_EDGE('',*,*,#2911,.T.);
#3870=ORIENTED_EDGE('',*,*,#2909,.T.);
#3871=ORIENTED_EDGE('',*,*,#2907,.T.);
#3872=ORIENTED_EDGE('',*,*,#2905,.T.);
#3873=ORIENTED_EDGE('',*,*,#2782,.F.);
#3874=ORIENTED_EDGE('',*,*,#2930,.T.);
#3875=ORIENTED_EDGE('',*,*,#2931,.F.);
#3876=ORIENTED_EDGE('',*,*,#2932,.F.);
#3877=ORIENTED_EDGE('',*,*,#2783,.F.);
#3878=ORIENTED_EDGE('',*,*,#2932,.T.);
#3879=ORIENTED_EDGE('',*,*,#2933,.F.);
#3880=ORIENTED_EDGE('',*,*,#2934,.F.);
#3881=ORIENTED_EDGE('',*,*,#2784,.F.);
#3882=ORIENTED_EDGE('',*,*,#2934,.T.);
#3883=ORIENTED_EDGE('',*,*,#2935,.F.);
#3884=ORIENTED_EDGE('',*,*,#2936,.F.);
#3885=ORIENTED_EDGE('',*,*,#2785,.F.);
#3886=ORIENTED_EDGE('',*,*,#2936,.T.);
#3887=ORIENTED_EDGE('',*,*,#2937,.F.);
#3888=ORIENTED_EDGE('',*,*,#2938,.F.);
#3889=ORIENTED_EDGE('',*,*,#2786,.F.);
#3890=ORIENTED_EDGE('',*,*,#2938,.T.);
#3891=ORIENTED_EDGE('',*,*,#2939,.F.);
#3892=ORIENTED_EDGE('',*,*,#2940,.F.);
#3893=ORIENTED_EDGE('',*,*,#2787,.F.);
#3894=ORIENTED_EDGE('',*,*,#2940,.T.);
#3895=ORIENTED_EDGE('',*,*,#2941,.F.);
#3896=ORIENTED_EDGE('',*,*,#2942,.F.);
#3897=ORIENTED_EDGE('',*,*,#2788,.F.);
#3898=ORIENTED_EDGE('',*,*,#2942,.T.);
#3899=ORIENTED_EDGE('',*,*,#2943,.F.);
#3900=ORIENTED_EDGE('',*,*,#2944,.F.);
#3901=ORIENTED_EDGE('',*,*,#2789,.F.);
#3902=ORIENTED_EDGE('',*,*,#2944,.T.);
#3903=ORIENTED_EDGE('',*,*,#2945,.F.);
#3904=ORIENTED_EDGE('',*,*,#2946,.F.);
#3905=ORIENTED_EDGE('',*,*,#2790,.F.);
#3906=ORIENTED_EDGE('',*,*,#2946,.T.);
#3907=ORIENTED_EDGE('',*,*,#2947,.F.);
#3908=ORIENTED_EDGE('',*,*,#2948,.F.);
#3909=ORIENTED_EDGE('',*,*,#2791,.F.);
#3910=ORIENTED_EDGE('',*,*,#2948,.T.);
#3911=ORIENTED_EDGE('',*,*,#2949,.F.);
#3912=ORIENTED_EDGE('',*,*,#2930,.F.);
#3913=ORIENTED_EDGE('',*,*,#2949,.T.);
#3914=ORIENTED_EDGE('',*,*,#2947,.T.);
#3915=ORIENTED_EDGE('',*,*,#2945,.T.);
#3916=ORIENTED_EDGE('',*,*,#2943,.T.);
#3917=ORIENTED_EDGE('',*,*,#2941,.T.);
#3918=ORIENTED_EDGE('',*,*,#2939,.T.);
#3919=ORIENTED_EDGE('',*,*,#2937,.T.);
#3920=ORIENTED_EDGE('',*,*,#2935,.T.);
#3921=ORIENTED_EDGE('',*,*,#2933,.T.);
#3922=ORIENTED_EDGE('',*,*,#2931,.T.);
#3923=ORIENTED_EDGE('',*,*,#2950,.F.);
#3924=ORIENTED_EDGE('',*,*,#2951,.T.);
#3925=ORIENTED_EDGE('',*,*,#2952,.F.);
#3926=ORIENTED_EDGE('',*,*,#2953,.F.);
#3927=ORIENTED_EDGE('',*,*,#2954,.F.);
#3928=ORIENTED_EDGE('',*,*,#2953,.T.);
#3929=ORIENTED_EDGE('',*,*,#2955,.F.);
#3930=ORIENTED_EDGE('',*,*,#2956,.F.);
#3931=ORIENTED_EDGE('',*,*,#2957,.F.);
#3932=ORIENTED_EDGE('',*,*,#2956,.T.);
#3933=ORIENTED_EDGE('',*,*,#2958,.F.);
#3934=ORIENTED_EDGE('',*,*,#2959,.F.);
#3935=ORIENTED_EDGE('',*,*,#2960,.F.);
#3936=ORIENTED_EDGE('',*,*,#2959,.T.);
#3937=ORIENTED_EDGE('',*,*,#2961,.F.);
#3938=ORIENTED_EDGE('',*,*,#2962,.F.);
#3939=ORIENTED_EDGE('',*,*,#2963,.F.);
#3940=ORIENTED_EDGE('',*,*,#2962,.T.);
#3941=ORIENTED_EDGE('',*,*,#2964,.F.);
#3942=ORIENTED_EDGE('',*,*,#2965,.F.);
#3943=ORIENTED_EDGE('',*,*,#2966,.F.);
#3944=ORIENTED_EDGE('',*,*,#2965,.T.);
#3945=ORIENTED_EDGE('',*,*,#2967,.F.);
#3946=ORIENTED_EDGE('',*,*,#2968,.F.);
#3947=ORIENTED_EDGE('',*,*,#2969,.F.);
#3948=ORIENTED_EDGE('',*,*,#2968,.T.);
#3949=ORIENTED_EDGE('',*,*,#2970,.F.);
#3950=ORIENTED_EDGE('',*,*,#2971,.F.);
#3951=ORIENTED_EDGE('',*,*,#2972,.F.);
#3952=ORIENTED_EDGE('',*,*,#2971,.T.);
#3953=ORIENTED_EDGE('',*,*,#2973,.F.);
#3954=ORIENTED_EDGE('',*,*,#2974,.F.);
#3955=ORIENTED_EDGE('',*,*,#2975,.F.);
#3956=ORIENTED_EDGE('',*,*,#2974,.T.);
#3957=ORIENTED_EDGE('',*,*,#2976,.F.);
#3958=ORIENTED_EDGE('',*,*,#2977,.F.);
#3959=ORIENTED_EDGE('',*,*,#2978,.F.);
#3960=ORIENTED_EDGE('',*,*,#2977,.T.);
#3961=ORIENTED_EDGE('',*,*,#2979,.F.);
#3962=ORIENTED_EDGE('',*,*,#2951,.F.);
#3963=ORIENTED_EDGE('',*,*,#2631,.F.);
#3964=ORIENTED_EDGE('',*,*,#2980,.T.);
#3965=ORIENTED_EDGE('',*,*,#2981,.F.);
#3966=ORIENTED_EDGE('',*,*,#2982,.F.);
#3967=ORIENTED_EDGE('',*,*,#2632,.F.);
#3968=ORIENTED_EDGE('',*,*,#2982,.T.);
#3969=ORIENTED_EDGE('',*,*,#2983,.F.);
#3970=ORIENTED_EDGE('',*,*,#2984,.F.);
#3971=ORIENTED_EDGE('',*,*,#2633,.F.);
#3972=ORIENTED_EDGE('',*,*,#2984,.T.);
#3973=ORIENTED_EDGE('',*,*,#2985,.F.);
#3974=ORIENTED_EDGE('',*,*,#2986,.F.);
#3975=ORIENTED_EDGE('',*,*,#2634,.F.);
#3976=ORIENTED_EDGE('',*,*,#2986,.T.);
#3977=ORIENTED_EDGE('',*,*,#2987,.F.);
#3978=ORIENTED_EDGE('',*,*,#2988,.F.);
#3979=ORIENTED_EDGE('',*,*,#2635,.F.);
#3980=ORIENTED_EDGE('',*,*,#2988,.T.);
#3981=ORIENTED_EDGE('',*,*,#2989,.F.);
#3982=ORIENTED_EDGE('',*,*,#2990,.F.);
#3983=ORIENTED_EDGE('',*,*,#2636,.F.);
#3984=ORIENTED_EDGE('',*,*,#2990,.T.);
#3985=ORIENTED_EDGE('',*,*,#2991,.F.);
#3986=ORIENTED_EDGE('',*,*,#2992,.F.);
#3987=ORIENTED_EDGE('',*,*,#2637,.F.);
#3988=ORIENTED_EDGE('',*,*,#2992,.T.);
#3989=ORIENTED_EDGE('',*,*,#2993,.F.);
#3990=ORIENTED_EDGE('',*,*,#2994,.F.);
#3991=ORIENTED_EDGE('',*,*,#2638,.F.);
#3992=ORIENTED_EDGE('',*,*,#2994,.T.);
#3993=ORIENTED_EDGE('',*,*,#2995,.F.);
#3994=ORIENTED_EDGE('',*,*,#2996,.F.);
#3995=ORIENTED_EDGE('',*,*,#2639,.F.);
#3996=ORIENTED_EDGE('',*,*,#2996,.T.);
#3997=ORIENTED_EDGE('',*,*,#2997,.F.);
#3998=ORIENTED_EDGE('',*,*,#2998,.F.);
#3999=ORIENTED_EDGE('',*,*,#2640,.F.);
#4000=ORIENTED_EDGE('',*,*,#2998,.T.);
#4001=ORIENTED_EDGE('',*,*,#2999,.F.);
#4002=ORIENTED_EDGE('',*,*,#2980,.F.);
#4003=ORIENTED_EDGE('',*,*,#2999,.T.);
#4004=ORIENTED_EDGE('',*,*,#2997,.T.);
#4005=ORIENTED_EDGE('',*,*,#2995,.T.);
#4006=ORIENTED_EDGE('',*,*,#2993,.T.);
#4007=ORIENTED_EDGE('',*,*,#2991,.T.);
#4008=ORIENTED_EDGE('',*,*,#2989,.T.);
#4009=ORIENTED_EDGE('',*,*,#2987,.T.);
#4010=ORIENTED_EDGE('',*,*,#2985,.T.);
#4011=ORIENTED_EDGE('',*,*,#2983,.T.);
#4012=ORIENTED_EDGE('',*,*,#2981,.T.);
#4013=ORIENTED_EDGE('',*,*,#2979,.T.);
#4014=ORIENTED_EDGE('',*,*,#2976,.T.);
#4015=ORIENTED_EDGE('',*,*,#2973,.T.);
#4016=ORIENTED_EDGE('',*,*,#2970,.T.);
#4017=ORIENTED_EDGE('',*,*,#2967,.T.);
#4018=ORIENTED_EDGE('',*,*,#2964,.T.);
#4019=ORIENTED_EDGE('',*,*,#2961,.T.);
#4020=ORIENTED_EDGE('',*,*,#2958,.T.);
#4021=ORIENTED_EDGE('',*,*,#2955,.T.);
#4022=ORIENTED_EDGE('',*,*,#2952,.T.);
#4023=ORIENTED_EDGE('',*,*,#2592,.T.);
#4024=ORIENTED_EDGE('',*,*,#2596,.T.);
#4025=ORIENTED_EDGE('',*,*,#2599,.T.);
#4026=ORIENTED_EDGE('',*,*,#2641,.F.);
#4027=ORIENTED_EDGE('',*,*,#3000,.T.);
#4028=ORIENTED_EDGE('',*,*,#3001,.F.);
#4029=ORIENTED_EDGE('',*,*,#3002,.F.);
#4030=ORIENTED_EDGE('',*,*,#2642,.F.);
#4031=ORIENTED_EDGE('',*,*,#3002,.T.);
#4032=ORIENTED_EDGE('',*,*,#3003,.F.);
#4033=ORIENTED_EDGE('',*,*,#3004,.F.);
#4034=ORIENTED_EDGE('',*,*,#2643,.F.);
#4035=ORIENTED_EDGE('',*,*,#3004,.T.);
#4036=ORIENTED_EDGE('',*,*,#3005,.F.);
#4037=ORIENTED_EDGE('',*,*,#3006,.F.);
#4038=ORIENTED_EDGE('',*,*,#2644,.F.);
#4039=ORIENTED_EDGE('',*,*,#3006,.T.);
#4040=ORIENTED_EDGE('',*,*,#3007,.F.);
#4041=ORIENTED_EDGE('',*,*,#3008,.F.);
#4042=ORIENTED_EDGE('',*,*,#2645,.F.);
#4043=ORIENTED_EDGE('',*,*,#3008,.T.);
#4044=ORIENTED_EDGE('',*,*,#3009,.F.);
#4045=ORIENTED_EDGE('',*,*,#3010,.F.);
#4046=ORIENTED_EDGE('',*,*,#2646,.F.);
#4047=ORIENTED_EDGE('',*,*,#3010,.T.);
#4048=ORIENTED_EDGE('',*,*,#3011,.F.);
#4049=ORIENTED_EDGE('',*,*,#3012,.F.);
#4050=ORIENTED_EDGE('',*,*,#2647,.F.);
#4051=ORIENTED_EDGE('',*,*,#3012,.T.);
#4052=ORIENTED_EDGE('',*,*,#3013,.F.);
#4053=ORIENTED_EDGE('',*,*,#3014,.F.);
#4054=ORIENTED_EDGE('',*,*,#2648,.F.);
#4055=ORIENTED_EDGE('',*,*,#3014,.T.);
#4056=ORIENTED_EDGE('',*,*,#3015,.F.);
#4057=ORIENTED_EDGE('',*,*,#3016,.F.);
#4058=ORIENTED_EDGE('',*,*,#2649,.F.);
#4059=ORIENTED_EDGE('',*,*,#3016,.T.);
#4060=ORIENTED_EDGE('',*,*,#3017,.F.);
#4061=ORIENTED_EDGE('',*,*,#3018,.F.);
#4062=ORIENTED_EDGE('',*,*,#2650,.F.);
#4063=ORIENTED_EDGE('',*,*,#3018,.T.);
#4064=ORIENTED_EDGE('',*,*,#3019,.F.);
#4065=ORIENTED_EDGE('',*,*,#3020,.F.);
#4066=ORIENTED_EDGE('',*,*,#2651,.F.);
#4067=ORIENTED_EDGE('',*,*,#3020,.T.);
#4068=ORIENTED_EDGE('',*,*,#3021,.F.);
#4069=ORIENTED_EDGE('',*,*,#3022,.F.);
#4070=ORIENTED_EDGE('',*,*,#2652,.F.);
#4071=ORIENTED_EDGE('',*,*,#3022,.T.);
#4072=ORIENTED_EDGE('',*,*,#3023,.F.);
#4073=ORIENTED_EDGE('',*,*,#3024,.F.);
#4074=ORIENTED_EDGE('',*,*,#2653,.F.);
#4075=ORIENTED_EDGE('',*,*,#3024,.T.);
#4076=ORIENTED_EDGE('',*,*,#3025,.F.);
#4077=ORIENTED_EDGE('',*,*,#3026,.F.);
#4078=ORIENTED_EDGE('',*,*,#2654,.F.);
#4079=ORIENTED_EDGE('',*,*,#3026,.T.);
#4080=ORIENTED_EDGE('',*,*,#3027,.F.);
#4081=ORIENTED_EDGE('',*,*,#3028,.F.);
#4082=ORIENTED_EDGE('',*,*,#2655,.F.);
#4083=ORIENTED_EDGE('',*,*,#3028,.T.);
#4084=ORIENTED_EDGE('',*,*,#3029,.F.);
#4085=ORIENTED_EDGE('',*,*,#3030,.F.);
#4086=ORIENTED_EDGE('',*,*,#2656,.F.);
#4087=ORIENTED_EDGE('',*,*,#3030,.T.);
#4088=ORIENTED_EDGE('',*,*,#3031,.F.);
#4089=ORIENTED_EDGE('',*,*,#3032,.F.);
#4090=ORIENTED_EDGE('',*,*,#2657,.F.);
#4091=ORIENTED_EDGE('',*,*,#3032,.T.);
#4092=ORIENTED_EDGE('',*,*,#3033,.F.);
#4093=ORIENTED_EDGE('',*,*,#3034,.F.);
#4094=ORIENTED_EDGE('',*,*,#2658,.F.);
#4095=ORIENTED_EDGE('',*,*,#3034,.T.);
#4096=ORIENTED_EDGE('',*,*,#3035,.F.);
#4097=ORIENTED_EDGE('',*,*,#3036,.F.);
#4098=ORIENTED_EDGE('',*,*,#2659,.F.);
#4099=ORIENTED_EDGE('',*,*,#3036,.T.);
#4100=ORIENTED_EDGE('',*,*,#3037,.F.);
#4101=ORIENTED_EDGE('',*,*,#3038,.F.);
#4102=ORIENTED_EDGE('',*,*,#2660,.F.);
#4103=ORIENTED_EDGE('',*,*,#3038,.T.);
#4104=ORIENTED_EDGE('',*,*,#3039,.F.);
#4105=ORIENTED_EDGE('',*,*,#3040,.F.);
#4106=ORIENTED_EDGE('',*,*,#2661,.F.);
#4107=ORIENTED_EDGE('',*,*,#3040,.T.);
#4108=ORIENTED_EDGE('',*,*,#3041,.F.);
#4109=ORIENTED_EDGE('',*,*,#3042,.F.);
#4110=ORIENTED_EDGE('',*,*,#2662,.F.);
#4111=ORIENTED_EDGE('',*,*,#3042,.T.);
#4112=ORIENTED_EDGE('',*,*,#3043,.F.);
#4113=ORIENTED_EDGE('',*,*,#3044,.F.);
#4114=ORIENTED_EDGE('',*,*,#2663,.F.);
#4115=ORIENTED_EDGE('',*,*,#3044,.T.);
#4116=ORIENTED_EDGE('',*,*,#3045,.F.);
#4117=ORIENTED_EDGE('',*,*,#3046,.F.);
#4118=ORIENTED_EDGE('',*,*,#2664,.F.);
#4119=ORIENTED_EDGE('',*,*,#3046,.T.);
#4120=ORIENTED_EDGE('',*,*,#3047,.F.);
#4121=ORIENTED_EDGE('',*,*,#3048,.F.);
#4122=ORIENTED_EDGE('',*,*,#2665,.F.);
#4123=ORIENTED_EDGE('',*,*,#3048,.T.);
#4124=ORIENTED_EDGE('',*,*,#3049,.F.);
#4125=ORIENTED_EDGE('',*,*,#3050,.F.);
#4126=ORIENTED_EDGE('',*,*,#2666,.F.);
#4127=ORIENTED_EDGE('',*,*,#3050,.T.);
#4128=ORIENTED_EDGE('',*,*,#3051,.F.);
#4129=ORIENTED_EDGE('',*,*,#3000,.F.);
#4130=ORIENTED_EDGE('',*,*,#3051,.T.);
#4131=ORIENTED_EDGE('',*,*,#3049,.T.);
#4132=ORIENTED_EDGE('',*,*,#3047,.T.);
#4133=ORIENTED_EDGE('',*,*,#3045,.T.);
#4134=ORIENTED_EDGE('',*,*,#3043,.T.);
#4135=ORIENTED_EDGE('',*,*,#3041,.T.);
#4136=ORIENTED_EDGE('',*,*,#3039,.T.);
#4137=ORIENTED_EDGE('',*,*,#3037,.T.);
#4138=ORIENTED_EDGE('',*,*,#3035,.T.);
#4139=ORIENTED_EDGE('',*,*,#3033,.T.);
#4140=ORIENTED_EDGE('',*,*,#3031,.T.);
#4141=ORIENTED_EDGE('',*,*,#3029,.T.);
#4142=ORIENTED_EDGE('',*,*,#3027,.T.);
#4143=ORIENTED_EDGE('',*,*,#3025,.T.);
#4144=ORIENTED_EDGE('',*,*,#3023,.T.);
#4145=ORIENTED_EDGE('',*,*,#3021,.T.);
#4146=ORIENTED_EDGE('',*,*,#3019,.T.);
#4147=ORIENTED_EDGE('',*,*,#3017,.T.);
#4148=ORIENTED_EDGE('',*,*,#3015,.T.);
#4149=ORIENTED_EDGE('',*,*,#3013,.T.);
#4150=ORIENTED_EDGE('',*,*,#3011,.T.);
#4151=ORIENTED_EDGE('',*,*,#3009,.T.);
#4152=ORIENTED_EDGE('',*,*,#3007,.T.);
#4153=ORIENTED_EDGE('',*,*,#3005,.T.);
#4154=ORIENTED_EDGE('',*,*,#3003,.T.);
#4155=ORIENTED_EDGE('',*,*,#3001,.T.);
#4156=ORIENTED_EDGE('',*,*,#2667,.F.);
#4157=ORIENTED_EDGE('',*,*,#3052,.T.);
#4158=ORIENTED_EDGE('',*,*,#3053,.F.);
#4159=ORIENTED_EDGE('',*,*,#3054,.F.);
#4160=ORIENTED_EDGE('',*,*,#2668,.F.);
#4161=ORIENTED_EDGE('',*,*,#3054,.T.);
#4162=ORIENTED_EDGE('',*,*,#3055,.F.);
#4163=ORIENTED_EDGE('',*,*,#3056,.F.);
#4164=ORIENTED_EDGE('',*,*,#2669,.F.);
#4165=ORIENTED_EDGE('',*,*,#3056,.T.);
#4166=ORIENTED_EDGE('',*,*,#3057,.F.);
#4167=ORIENTED_EDGE('',*,*,#3058,.F.);
#4168=ORIENTED_EDGE('',*,*,#2670,.F.);
#4169=ORIENTED_EDGE('',*,*,#3058,.T.);
#4170=ORIENTED_EDGE('',*,*,#3059,.F.);
#4171=ORIENTED_EDGE('',*,*,#3060,.F.);
#4172=ORIENTED_EDGE('',*,*,#2671,.F.);
#4173=ORIENTED_EDGE('',*,*,#3060,.T.);
#4174=ORIENTED_EDGE('',*,*,#3061,.F.);
#4175=ORIENTED_EDGE('',*,*,#3062,.F.);
#4176=ORIENTED_EDGE('',*,*,#2672,.F.);
#4177=ORIENTED_EDGE('',*,*,#3062,.T.);
#4178=ORIENTED_EDGE('',*,*,#3063,.F.);
#4179=ORIENTED_EDGE('',*,*,#3064,.F.);
#4180=ORIENTED_EDGE('',*,*,#2673,.F.);
#4181=ORIENTED_EDGE('',*,*,#3064,.T.);
#4182=ORIENTED_EDGE('',*,*,#3065,.F.);
#4183=ORIENTED_EDGE('',*,*,#3066,.F.);
#4184=ORIENTED_EDGE('',*,*,#2674,.F.);
#4185=ORIENTED_EDGE('',*,*,#3066,.T.);
#4186=ORIENTED_EDGE('',*,*,#3067,.F.);
#4187=ORIENTED_EDGE('',*,*,#3068,.F.);
#4188=ORIENTED_EDGE('',*,*,#2675,.F.);
#4189=ORIENTED_EDGE('',*,*,#3068,.T.);
#4190=ORIENTED_EDGE('',*,*,#3069,.F.);
#4191=ORIENTED_EDGE('',*,*,#3070,.F.);
#4192=ORIENTED_EDGE('',*,*,#2676,.F.);
#4193=ORIENTED_EDGE('',*,*,#3070,.T.);
#4194=ORIENTED_EDGE('',*,*,#3071,.F.);
#4195=ORIENTED_EDGE('',*,*,#3072,.F.);
#4196=ORIENTED_EDGE('',*,*,#2677,.F.);
#4197=ORIENTED_EDGE('',*,*,#3072,.T.);
#4198=ORIENTED_EDGE('',*,*,#3073,.F.);
#4199=ORIENTED_EDGE('',*,*,#3074,.F.);
#4200=ORIENTED_EDGE('',*,*,#2678,.F.);
#4201=ORIENTED_EDGE('',*,*,#3074,.T.);
#4202=ORIENTED_EDGE('',*,*,#3075,.F.);
#4203=ORIENTED_EDGE('',*,*,#3076,.F.);
#4204=ORIENTED_EDGE('',*,*,#2679,.F.);
#4205=ORIENTED_EDGE('',*,*,#3076,.T.);
#4206=ORIENTED_EDGE('',*,*,#3077,.F.);
#4207=ORIENTED_EDGE('',*,*,#3078,.F.);
#4208=ORIENTED_EDGE('',*,*,#2680,.F.);
#4209=ORIENTED_EDGE('',*,*,#3078,.T.);
#4210=ORIENTED_EDGE('',*,*,#3079,.F.);
#4211=ORIENTED_EDGE('',*,*,#3080,.F.);
#4212=ORIENTED_EDGE('',*,*,#2681,.F.);
#4213=ORIENTED_EDGE('',*,*,#3080,.T.);
#4214=ORIENTED_EDGE('',*,*,#3081,.F.);
#4215=ORIENTED_EDGE('',*,*,#3082,.F.);
#4216=ORIENTED_EDGE('',*,*,#2682,.F.);
#4217=ORIENTED_EDGE('',*,*,#3082,.T.);
#4218=ORIENTED_EDGE('',*,*,#3083,.F.);
#4219=ORIENTED_EDGE('',*,*,#3084,.F.);
#4220=ORIENTED_EDGE('',*,*,#2683,.F.);
#4221=ORIENTED_EDGE('',*,*,#3084,.T.);
#4222=ORIENTED_EDGE('',*,*,#3085,.F.);
#4223=ORIENTED_EDGE('',*,*,#3086,.F.);
#4224=ORIENTED_EDGE('',*,*,#2684,.F.);
#4225=ORIENTED_EDGE('',*,*,#3086,.T.);
#4226=ORIENTED_EDGE('',*,*,#3087,.F.);
#4227=ORIENTED_EDGE('',*,*,#3088,.F.);
#4228=ORIENTED_EDGE('',*,*,#2685,.F.);
#4229=ORIENTED_EDGE('',*,*,#3088,.T.);
#4230=ORIENTED_EDGE('',*,*,#3089,.F.);
#4231=ORIENTED_EDGE('',*,*,#3090,.F.);
#4232=ORIENTED_EDGE('',*,*,#2686,.F.);
#4233=ORIENTED_EDGE('',*,*,#3090,.T.);
#4234=ORIENTED_EDGE('',*,*,#3091,.F.);
#4235=ORIENTED_EDGE('',*,*,#3092,.F.);
#4236=ORIENTED_EDGE('',*,*,#2687,.F.);
#4237=ORIENTED_EDGE('',*,*,#3092,.T.);
#4238=ORIENTED_EDGE('',*,*,#3093,.F.);
#4239=ORIENTED_EDGE('',*,*,#3094,.F.);
#4240=ORIENTED_EDGE('',*,*,#2688,.F.);
#4241=ORIENTED_EDGE('',*,*,#3094,.T.);
#4242=ORIENTED_EDGE('',*,*,#3095,.F.);
#4243=ORIENTED_EDGE('',*,*,#3096,.F.);
#4244=ORIENTED_EDGE('',*,*,#2689,.F.);
#4245=ORIENTED_EDGE('',*,*,#3096,.T.);
#4246=ORIENTED_EDGE('',*,*,#3097,.F.);
#4247=ORIENTED_EDGE('',*,*,#3098,.F.);
#4248=ORIENTED_EDGE('',*,*,#2690,.F.);
#4249=ORIENTED_EDGE('',*,*,#3098,.T.);
#4250=ORIENTED_EDGE('',*,*,#3099,.F.);
#4251=ORIENTED_EDGE('',*,*,#3100,.F.);
#4252=ORIENTED_EDGE('',*,*,#2691,.F.);
#4253=ORIENTED_EDGE('',*,*,#3100,.T.);
#4254=ORIENTED_EDGE('',*,*,#3101,.F.);
#4255=ORIENTED_EDGE('',*,*,#3102,.F.);
#4256=ORIENTED_EDGE('',*,*,#2692,.F.);
#4257=ORIENTED_EDGE('',*,*,#3102,.T.);
#4258=ORIENTED_EDGE('',*,*,#3103,.F.);
#4259=ORIENTED_EDGE('',*,*,#3052,.F.);
#4260=ORIENTED_EDGE('',*,*,#3103,.T.);
#4261=ORIENTED_EDGE('',*,*,#3101,.T.);
#4262=ORIENTED_EDGE('',*,*,#3099,.T.);
#4263=ORIENTED_EDGE('',*,*,#3097,.T.);
#4264=ORIENTED_EDGE('',*,*,#3095,.T.);
#4265=ORIENTED_EDGE('',*,*,#3093,.T.);
#4266=ORIENTED_EDGE('',*,*,#3091,.T.);
#4267=ORIENTED_EDGE('',*,*,#3089,.T.);
#4268=ORIENTED_EDGE('',*,*,#3087,.T.);
#4269=ORIENTED_EDGE('',*,*,#3085,.T.);
#4270=ORIENTED_EDGE('',*,*,#3083,.T.);
#4271=ORIENTED_EDGE('',*,*,#3081,.T.);
#4272=ORIENTED_EDGE('',*,*,#3079,.T.);
#4273=ORIENTED_EDGE('',*,*,#3077,.T.);
#4274=ORIENTED_EDGE('',*,*,#3075,.T.);
#4275=ORIENTED_EDGE('',*,*,#3073,.T.);
#4276=ORIENTED_EDGE('',*,*,#3071,.T.);
#4277=ORIENTED_EDGE('',*,*,#3069,.T.);
#4278=ORIENTED_EDGE('',*,*,#3067,.T.);
#4279=ORIENTED_EDGE('',*,*,#3065,.T.);
#4280=ORIENTED_EDGE('',*,*,#3063,.T.);
#4281=ORIENTED_EDGE('',*,*,#3061,.T.);
#4282=ORIENTED_EDGE('',*,*,#3059,.T.);
#4283=ORIENTED_EDGE('',*,*,#3057,.T.);
#4284=ORIENTED_EDGE('',*,*,#3055,.T.);
#4285=ORIENTED_EDGE('',*,*,#3053,.T.);
#4286=ORIENTED_EDGE('',*,*,#3104,.F.);
#4287=ORIENTED_EDGE('',*,*,#3105,.T.);
#4288=ORIENTED_EDGE('',*,*,#3106,.F.);
#4289=ORIENTED_EDGE('',*,*,#3107,.F.);
#4290=ORIENTED_EDGE('',*,*,#3108,.F.);
#4291=ORIENTED_EDGE('',*,*,#3107,.T.);
#4292=ORIENTED_EDGE('',*,*,#3109,.F.);
#4293=ORIENTED_EDGE('',*,*,#3110,.F.);
#4294=ORIENTED_EDGE('',*,*,#3111,.F.);
#4295=ORIENTED_EDGE('',*,*,#3110,.T.);
#4296=ORIENTED_EDGE('',*,*,#3112,.F.);
#4297=ORIENTED_EDGE('',*,*,#3113,.F.);
#4298=ORIENTED_EDGE('',*,*,#3114,.F.);
#4299=ORIENTED_EDGE('',*,*,#3113,.T.);
#4300=ORIENTED_EDGE('',*,*,#3115,.F.);
#4301=ORIENTED_EDGE('',*,*,#3116,.F.);
#4302=ORIENTED_EDGE('',*,*,#3117,.F.);
#4303=ORIENTED_EDGE('',*,*,#3116,.T.);
#4304=ORIENTED_EDGE('',*,*,#3118,.F.);
#4305=ORIENTED_EDGE('',*,*,#3119,.F.);
#4306=ORIENTED_EDGE('',*,*,#3120,.F.);
#4307=ORIENTED_EDGE('',*,*,#3119,.T.);
#4308=ORIENTED_EDGE('',*,*,#3121,.F.);
#4309=ORIENTED_EDGE('',*,*,#3122,.F.);
#4310=ORIENTED_EDGE('',*,*,#3123,.F.);
#4311=ORIENTED_EDGE('',*,*,#3122,.T.);
#4312=ORIENTED_EDGE('',*,*,#3124,.F.);
#4313=ORIENTED_EDGE('',*,*,#3125,.F.);
#4314=ORIENTED_EDGE('',*,*,#3126,.F.);
#4315=ORIENTED_EDGE('',*,*,#3125,.T.);
#4316=ORIENTED_EDGE('',*,*,#3127,.F.);
#4317=ORIENTED_EDGE('',*,*,#3128,.F.);
#4318=ORIENTED_EDGE('',*,*,#3129,.F.);
#4319=ORIENTED_EDGE('',*,*,#3128,.T.);
#4320=ORIENTED_EDGE('',*,*,#3130,.F.);
#4321=ORIENTED_EDGE('',*,*,#3105,.F.);
#4322=ORIENTED_EDGE('',*,*,#2766,.F.);
#4323=ORIENTED_EDGE('',*,*,#3131,.T.);
#4324=ORIENTED_EDGE('',*,*,#3132,.F.);
#4325=ORIENTED_EDGE('',*,*,#3133,.F.);
#4326=ORIENTED_EDGE('',*,*,#2767,.F.);
#4327=ORIENTED_EDGE('',*,*,#3133,.T.);
#4328=ORIENTED_EDGE('',*,*,#3134,.F.);
#4329=ORIENTED_EDGE('',*,*,#3135,.F.);
#4330=ORIENTED_EDGE('',*,*,#2768,.F.);
#4331=ORIENTED_EDGE('',*,*,#3135,.T.);
#4332=ORIENTED_EDGE('',*,*,#3136,.F.);
#4333=ORIENTED_EDGE('',*,*,#3137,.F.);
#4334=ORIENTED_EDGE('',*,*,#2769,.F.);
#4335=ORIENTED_EDGE('',*,*,#3137,.T.);
#4336=ORIENTED_EDGE('',*,*,#3138,.F.);
#4337=ORIENTED_EDGE('',*,*,#3139,.F.);
#4338=ORIENTED_EDGE('',*,*,#2770,.F.);
#4339=ORIENTED_EDGE('',*,*,#3139,.T.);
#4340=ORIENTED_EDGE('',*,*,#3140,.F.);
#4341=ORIENTED_EDGE('',*,*,#3141,.F.);
#4342=ORIENTED_EDGE('',*,*,#2771,.F.);
#4343=ORIENTED_EDGE('',*,*,#3141,.T.);
#4344=ORIENTED_EDGE('',*,*,#3142,.F.);
#4345=ORIENTED_EDGE('',*,*,#3143,.F.);
#4346=ORIENTED_EDGE('',*,*,#2772,.F.);
#4347=ORIENTED_EDGE('',*,*,#3143,.T.);
#4348=ORIENTED_EDGE('',*,*,#3144,.F.);
#4349=ORIENTED_EDGE('',*,*,#3145,.F.);
#4350=ORIENTED_EDGE('',*,*,#2773,.F.);
#4351=ORIENTED_EDGE('',*,*,#3145,.T.);
#4352=ORIENTED_EDGE('',*,*,#3146,.F.);
#4353=ORIENTED_EDGE('',*,*,#3147,.F.);
#4354=ORIENTED_EDGE('',*,*,#2774,.F.);
#4355=ORIENTED_EDGE('',*,*,#3147,.T.);
#4356=ORIENTED_EDGE('',*,*,#3148,.F.);
#4357=ORIENTED_EDGE('',*,*,#3149,.F.);
#4358=ORIENTED_EDGE('',*,*,#2775,.F.);
#4359=ORIENTED_EDGE('',*,*,#3149,.T.);
#4360=ORIENTED_EDGE('',*,*,#3150,.F.);
#4361=ORIENTED_EDGE('',*,*,#3151,.F.);
#4362=ORIENTED_EDGE('',*,*,#2776,.F.);
#4363=ORIENTED_EDGE('',*,*,#3151,.T.);
#4364=ORIENTED_EDGE('',*,*,#3152,.F.);
#4365=ORIENTED_EDGE('',*,*,#3153,.F.);
#4366=ORIENTED_EDGE('',*,*,#2777,.F.);
#4367=ORIENTED_EDGE('',*,*,#3153,.T.);
#4368=ORIENTED_EDGE('',*,*,#3154,.F.);
#4369=ORIENTED_EDGE('',*,*,#3155,.F.);
#4370=ORIENTED_EDGE('',*,*,#2778,.F.);
#4371=ORIENTED_EDGE('',*,*,#3155,.T.);
#4372=ORIENTED_EDGE('',*,*,#3156,.F.);
#4373=ORIENTED_EDGE('',*,*,#3157,.F.);
#4374=ORIENTED_EDGE('',*,*,#2779,.F.);
#4375=ORIENTED_EDGE('',*,*,#3157,.T.);
#4376=ORIENTED_EDGE('',*,*,#3158,.F.);
#4377=ORIENTED_EDGE('',*,*,#3159,.F.);
#4378=ORIENTED_EDGE('',*,*,#2780,.F.);
#4379=ORIENTED_EDGE('',*,*,#3159,.T.);
#4380=ORIENTED_EDGE('',*,*,#3160,.F.);
#4381=ORIENTED_EDGE('',*,*,#3161,.F.);
#4382=ORIENTED_EDGE('',*,*,#2781,.F.);
#4383=ORIENTED_EDGE('',*,*,#3161,.T.);
#4384=ORIENTED_EDGE('',*,*,#3162,.F.);
#4385=ORIENTED_EDGE('',*,*,#3131,.F.);
#4386=ORIENTED_EDGE('',*,*,#3162,.T.);
#4387=ORIENTED_EDGE('',*,*,#3160,.T.);
#4388=ORIENTED_EDGE('',*,*,#3158,.T.);
#4389=ORIENTED_EDGE('',*,*,#3156,.T.);
#4390=ORIENTED_EDGE('',*,*,#3154,.T.);
#4391=ORIENTED_EDGE('',*,*,#3152,.T.);
#4392=ORIENTED_EDGE('',*,*,#3150,.T.);
#4393=ORIENTED_EDGE('',*,*,#3148,.T.);
#4394=ORIENTED_EDGE('',*,*,#3146,.T.);
#4395=ORIENTED_EDGE('',*,*,#3144,.T.);
#4396=ORIENTED_EDGE('',*,*,#3142,.T.);
#4397=ORIENTED_EDGE('',*,*,#3140,.T.);
#4398=ORIENTED_EDGE('',*,*,#3138,.T.);
#4399=ORIENTED_EDGE('',*,*,#3136,.T.);
#4400=ORIENTED_EDGE('',*,*,#3134,.T.);
#4401=ORIENTED_EDGE('',*,*,#3132,.T.);
#4402=ORIENTED_EDGE('',*,*,#3130,.T.);
#4403=ORIENTED_EDGE('',*,*,#3127,.T.);
#4404=ORIENTED_EDGE('',*,*,#3124,.T.);
#4405=ORIENTED_EDGE('',*,*,#3121,.T.);
#4406=ORIENTED_EDGE('',*,*,#3118,.T.);
#4407=ORIENTED_EDGE('',*,*,#3115,.T.);
#4408=ORIENTED_EDGE('',*,*,#3112,.T.);
#4409=ORIENTED_EDGE('',*,*,#3109,.T.);
#4410=ORIENTED_EDGE('',*,*,#3106,.T.);
#4411=ORIENTED_EDGE('',*,*,#2950,.T.);
#4412=ORIENTED_EDGE('',*,*,#2954,.T.);
#4413=ORIENTED_EDGE('',*,*,#2957,.T.);
#4414=ORIENTED_EDGE('',*,*,#2960,.T.);
#4415=ORIENTED_EDGE('',*,*,#2963,.T.);
#4416=ORIENTED_EDGE('',*,*,#2966,.T.);
#4417=ORIENTED_EDGE('',*,*,#2969,.T.);
#4418=ORIENTED_EDGE('',*,*,#2972,.T.);
#4419=ORIENTED_EDGE('',*,*,#2975,.T.);
#4420=ORIENTED_EDGE('',*,*,#2978,.T.);
#4421=ORIENTED_EDGE('',*,*,#2751,.F.);
#4422=ORIENTED_EDGE('',*,*,#3163,.T.);
#4423=ORIENTED_EDGE('',*,*,#3164,.F.);
#4424=ORIENTED_EDGE('',*,*,#3165,.F.);
#4425=ORIENTED_EDGE('',*,*,#2752,.F.);
#4426=ORIENTED_EDGE('',*,*,#3165,.T.);
#4427=ORIENTED_EDGE('',*,*,#3166,.F.);
#4428=ORIENTED_EDGE('',*,*,#3167,.F.);
#4429=ORIENTED_EDGE('',*,*,#2753,.F.);
#4430=ORIENTED_EDGE('',*,*,#3167,.T.);
#4431=ORIENTED_EDGE('',*,*,#3168,.F.);
#4432=ORIENTED_EDGE('',*,*,#3169,.F.);
#4433=ORIENTED_EDGE('',*,*,#2754,.F.);
#4434=ORIENTED_EDGE('',*,*,#3169,.T.);
#4435=ORIENTED_EDGE('',*,*,#3170,.F.);
#4436=ORIENTED_EDGE('',*,*,#3171,.F.);
#4437=ORIENTED_EDGE('',*,*,#2755,.F.);
#4438=ORIENTED_EDGE('',*,*,#3171,.T.);
#4439=ORIENTED_EDGE('',*,*,#3172,.F.);
#4440=ORIENTED_EDGE('',*,*,#3173,.F.);
#4441=ORIENTED_EDGE('',*,*,#2756,.F.);
#4442=ORIENTED_EDGE('',*,*,#3173,.T.);
#4443=ORIENTED_EDGE('',*,*,#3174,.F.);
#4444=ORIENTED_EDGE('',*,*,#3175,.F.);
#4445=ORIENTED_EDGE('',*,*,#2757,.F.);
#4446=ORIENTED_EDGE('',*,*,#3175,.T.);
#4447=ORIENTED_EDGE('',*,*,#3176,.F.);
#4448=ORIENTED_EDGE('',*,*,#3177,.F.);
#4449=ORIENTED_EDGE('',*,*,#2758,.F.);
#4450=ORIENTED_EDGE('',*,*,#3177,.T.);
#4451=ORIENTED_EDGE('',*,*,#3178,.F.);
#4452=ORIENTED_EDGE('',*,*,#3179,.F.);
#4453=ORIENTED_EDGE('',*,*,#2759,.F.);
#4454=ORIENTED_EDGE('',*,*,#3179,.T.);
#4455=ORIENTED_EDGE('',*,*,#3180,.F.);
#4456=ORIENTED_EDGE('',*,*,#3181,.F.);
#4457=ORIENTED_EDGE('',*,*,#2760,.F.);
#4458=ORIENTED_EDGE('',*,*,#3181,.T.);
#4459=ORIENTED_EDGE('',*,*,#3182,.F.);
#4460=ORIENTED_EDGE('',*,*,#3183,.F.);
#4461=ORIENTED_EDGE('',*,*,#2761,.F.);
#4462=ORIENTED_EDGE('',*,*,#3183,.T.);
#4463=ORIENTED_EDGE('',*,*,#3184,.F.);
#4464=ORIENTED_EDGE('',*,*,#3185,.F.);
#4465=ORIENTED_EDGE('',*,*,#2762,.F.);
#4466=ORIENTED_EDGE('',*,*,#3185,.T.);
#4467=ORIENTED_EDGE('',*,*,#3186,.F.);
#4468=ORIENTED_EDGE('',*,*,#3187,.F.);
#4469=ORIENTED_EDGE('',*,*,#2763,.F.);
#4470=ORIENTED_EDGE('',*,*,#3187,.T.);
#4471=ORIENTED_EDGE('',*,*,#3188,.F.);
#4472=ORIENTED_EDGE('',*,*,#3189,.F.);
#4473=ORIENTED_EDGE('',*,*,#2764,.F.);
#4474=ORIENTED_EDGE('',*,*,#3189,.T.);
#4475=ORIENTED_EDGE('',*,*,#3190,.F.);
#4476=ORIENTED_EDGE('',*,*,#3191,.F.);
#4477=ORIENTED_EDGE('',*,*,#2765,.F.);
#4478=ORIENTED_EDGE('',*,*,#3191,.T.);
#4479=ORIENTED_EDGE('',*,*,#3192,.F.);
#4480=ORIENTED_EDGE('',*,*,#3163,.F.);
#4481=ORIENTED_EDGE('',*,*,#3192,.T.);
#4482=ORIENTED_EDGE('',*,*,#3190,.T.);
#4483=ORIENTED_EDGE('',*,*,#3188,.T.);
#4484=ORIENTED_EDGE('',*,*,#3186,.T.);
#4485=ORIENTED_EDGE('',*,*,#3184,.T.);
#4486=ORIENTED_EDGE('',*,*,#3182,.T.);
#4487=ORIENTED_EDGE('',*,*,#3180,.T.);
#4488=ORIENTED_EDGE('',*,*,#3178,.T.);
#4489=ORIENTED_EDGE('',*,*,#3176,.T.);
#4490=ORIENTED_EDGE('',*,*,#3174,.T.);
#4491=ORIENTED_EDGE('',*,*,#3172,.T.);
#4492=ORIENTED_EDGE('',*,*,#3170,.T.);
#4493=ORIENTED_EDGE('',*,*,#3168,.T.);
#4494=ORIENTED_EDGE('',*,*,#3166,.T.);
#4495=ORIENTED_EDGE('',*,*,#3164,.T.);
#4496=ORIENTED_EDGE('',*,*,#2737,.F.);
#4497=ORIENTED_EDGE('',*,*,#3193,.T.);
#4498=ORIENTED_EDGE('',*,*,#3194,.F.);
#4499=ORIENTED_EDGE('',*,*,#3195,.F.);
#4500=ORIENTED_EDGE('',*,*,#2738,.F.);
#4501=ORIENTED_EDGE('',*,*,#3195,.T.);
#4502=ORIENTED_EDGE('',*,*,#3196,.F.);
#4503=ORIENTED_EDGE('',*,*,#3197,.F.);
#4504=ORIENTED_EDGE('',*,*,#2739,.F.);
#4505=ORIENTED_EDGE('',*,*,#3197,.T.);
#4506=ORIENTED_EDGE('',*,*,#3198,.F.);
#4507=ORIENTED_EDGE('',*,*,#3199,.F.);
#4508=ORIENTED_EDGE('',*,*,#2740,.F.);
#4509=ORIENTED_EDGE('',*,*,#3199,.T.);
#4510=ORIENTED_EDGE('',*,*,#3200,.F.);
#4511=ORIENTED_EDGE('',*,*,#3201,.F.);
#4512=ORIENTED_EDGE('',*,*,#2741,.F.);
#4513=ORIENTED_EDGE('',*,*,#3201,.T.);
#4514=ORIENTED_EDGE('',*,*,#3202,.F.);
#4515=ORIENTED_EDGE('',*,*,#3203,.F.);
#4516=ORIENTED_EDGE('',*,*,#2742,.F.);
#4517=ORIENTED_EDGE('',*,*,#3203,.T.);
#4518=ORIENTED_EDGE('',*,*,#3204,.F.);
#4519=ORIENTED_EDGE('',*,*,#3205,.F.);
#4520=ORIENTED_EDGE('',*,*,#2743,.F.);
#4521=ORIENTED_EDGE('',*,*,#3205,.T.);
#4522=ORIENTED_EDGE('',*,*,#3206,.F.);
#4523=ORIENTED_EDGE('',*,*,#3207,.F.);
#4524=ORIENTED_EDGE('',*,*,#2744,.F.);
#4525=ORIENTED_EDGE('',*,*,#3207,.T.);
#4526=ORIENTED_EDGE('',*,*,#3208,.F.);
#4527=ORIENTED_EDGE('',*,*,#3209,.F.);
#4528=ORIENTED_EDGE('',*,*,#2745,.F.);
#4529=ORIENTED_EDGE('',*,*,#3209,.T.);
#4530=ORIENTED_EDGE('',*,*,#3210,.F.);
#4531=ORIENTED_EDGE('',*,*,#3211,.F.);
#4532=ORIENTED_EDGE('',*,*,#2746,.F.);
#4533=ORIENTED_EDGE('',*,*,#3211,.T.);
#4534=ORIENTED_EDGE('',*,*,#3212,.F.);
#4535=ORIENTED_EDGE('',*,*,#3213,.F.);
#4536=ORIENTED_EDGE('',*,*,#2747,.F.);
#4537=ORIENTED_EDGE('',*,*,#3213,.T.);
#4538=ORIENTED_EDGE('',*,*,#3214,.F.);
#4539=ORIENTED_EDGE('',*,*,#3215,.F.);
#4540=ORIENTED_EDGE('',*,*,#2748,.F.);
#4541=ORIENTED_EDGE('',*,*,#3215,.T.);
#4542=ORIENTED_EDGE('',*,*,#3216,.F.);
#4543=ORIENTED_EDGE('',*,*,#3217,.F.);
#4544=ORIENTED_EDGE('',*,*,#2749,.F.);
#4545=ORIENTED_EDGE('',*,*,#3217,.T.);
#4546=ORIENTED_EDGE('',*,*,#3218,.F.);
#4547=ORIENTED_EDGE('',*,*,#3219,.F.);
#4548=ORIENTED_EDGE('',*,*,#2750,.F.);
#4549=ORIENTED_EDGE('',*,*,#3219,.T.);
#4550=ORIENTED_EDGE('',*,*,#3220,.F.);
#4551=ORIENTED_EDGE('',*,*,#3193,.F.);
#4552=ORIENTED_EDGE('',*,*,#3220,.T.);
#4553=ORIENTED_EDGE('',*,*,#3218,.T.);
#4554=ORIENTED_EDGE('',*,*,#3216,.T.);
#4555=ORIENTED_EDGE('',*,*,#3214,.T.);
#4556=ORIENTED_EDGE('',*,*,#3212,.T.);
#4557=ORIENTED_EDGE('',*,*,#3210,.T.);
#4558=ORIENTED_EDGE('',*,*,#3208,.T.);
#4559=ORIENTED_EDGE('',*,*,#3206,.T.);
#4560=ORIENTED_EDGE('',*,*,#3204,.T.);
#4561=ORIENTED_EDGE('',*,*,#3202,.T.);
#4562=ORIENTED_EDGE('',*,*,#3200,.T.);
#4563=ORIENTED_EDGE('',*,*,#3198,.T.);
#4564=ORIENTED_EDGE('',*,*,#3196,.T.);
#4565=ORIENTED_EDGE('',*,*,#3194,.T.);
#4566=ORIENTED_EDGE('',*,*,#3221,.T.);
#4567=ORIENTED_EDGE('',*,*,#3222,.T.);
#4568=ORIENTED_EDGE('',*,*,#3223,.T.);
#4569=ORIENTED_EDGE('',*,*,#3224,.T.);
#4570=ORIENTED_EDGE('',*,*,#3224,.F.);
#4571=ORIENTED_EDGE('',*,*,#3225,.F.);
#4572=ORIENTED_EDGE('',*,*,#3226,.F.);
#4573=ORIENTED_EDGE('',*,*,#3227,.F.);
#4574=ORIENTED_EDGE('',*,*,#3223,.F.);
#4575=ORIENTED_EDGE('',*,*,#3228,.T.);
#4576=ORIENTED_EDGE('',*,*,#3229,.F.);
#4577=ORIENTED_EDGE('',*,*,#3230,.T.);
#4578=ORIENTED_EDGE('',*,*,#3231,.T.);
#4579=ORIENTED_EDGE('',*,*,#3232,.T.);
#4580=ORIENTED_EDGE('',*,*,#3233,.T.);
#4581=ORIENTED_EDGE('',*,*,#3234,.T.);
#4582=ORIENTED_EDGE('',*,*,#3235,.F.);
#4583=ORIENTED_EDGE('',*,*,#3236,.T.);
#4584=ORIENTED_EDGE('',*,*,#3237,.F.);
#4585=ORIENTED_EDGE('',*,*,#3225,.T.);
#4586=ORIENTED_EDGE('',*,*,#3238,.T.);
#4587=ORIENTED_EDGE('',*,*,#3239,.T.);
#4588=ORIENTED_EDGE('',*,*,#3240,.T.);
#4589=ORIENTED_EDGE('',*,*,#3241,.T.);
#4590=ORIENTED_EDGE('',*,*,#3242,.T.);
#4591=ORIENTED_EDGE('',*,*,#3243,.T.);
#4592=ORIENTED_EDGE('',*,*,#3244,.T.);
#4593=ORIENTED_EDGE('',*,*,#3245,.T.);
#4594=ORIENTED_EDGE('',*,*,#3246,.T.);
#4595=ORIENTED_EDGE('',*,*,#3247,.T.);
#4596=ORIENTED_EDGE('',*,*,#3248,.T.);
#4597=ORIENTED_EDGE('',*,*,#3249,.T.);
#4598=ORIENTED_EDGE('',*,*,#3250,.T.);
#4599=ORIENTED_EDGE('',*,*,#3251,.T.);
#4600=ORIENTED_EDGE('',*,*,#3252,.T.);
#4601=ORIENTED_EDGE('',*,*,#3253,.T.);
#4602=ORIENTED_EDGE('',*,*,#3254,.T.);
#4603=ORIENTED_EDGE('',*,*,#3255,.T.);
#4604=ORIENTED_EDGE('',*,*,#3256,.T.);
#4605=ORIENTED_EDGE('',*,*,#3257,.T.);
#4606=ORIENTED_EDGE('',*,*,#3258,.T.);
#4607=ORIENTED_EDGE('',*,*,#3259,.T.);
#4608=ORIENTED_EDGE('',*,*,#3260,.T.);
#4609=ORIENTED_EDGE('',*,*,#3261,.T.);
#4610=ORIENTED_EDGE('',*,*,#3262,.T.);
#4611=ORIENTED_EDGE('',*,*,#3263,.T.);
#4612=ORIENTED_EDGE('',*,*,#3264,.T.);
#4613=ORIENTED_EDGE('',*,*,#3265,.T.);
#4614=ORIENTED_EDGE('',*,*,#3266,.T.);
#4615=ORIENTED_EDGE('',*,*,#3267,.T.);
#4616=ORIENTED_EDGE('',*,*,#3268,.T.);
#4617=ORIENTED_EDGE('',*,*,#3269,.T.);
#4618=ORIENTED_EDGE('',*,*,#3270,.T.);
#4619=ORIENTED_EDGE('',*,*,#3271,.T.);
#4620=ORIENTED_EDGE('',*,*,#3272,.T.);
#4621=ORIENTED_EDGE('',*,*,#3273,.T.);
#4622=ORIENTED_EDGE('',*,*,#3274,.T.);
#4623=ORIENTED_EDGE('',*,*,#3275,.T.);
#4624=ORIENTED_EDGE('',*,*,#3276,.T.);
#4625=ORIENTED_EDGE('',*,*,#3277,.T.);
#4626=ORIENTED_EDGE('',*,*,#3278,.T.);
#4627=ORIENTED_EDGE('',*,*,#3279,.T.);
#4628=ORIENTED_EDGE('',*,*,#3280,.T.);
#4629=ORIENTED_EDGE('',*,*,#3281,.T.);
#4630=ORIENTED_EDGE('',*,*,#3282,.F.);
#4631=ORIENTED_EDGE('',*,*,#3283,.F.);
#4632=ORIENTED_EDGE('',*,*,#3284,.F.);
#4633=ORIENTED_EDGE('',*,*,#3285,.F.);
#4634=ORIENTED_EDGE('',*,*,#3286,.T.);
#4635=ORIENTED_EDGE('',*,*,#3287,.T.);
#4636=ORIENTED_EDGE('',*,*,#3229,.T.);
#4637=ORIENTED_EDGE('',*,*,#3288,.T.);
#4638=ORIENTED_EDGE('',*,*,#3287,.F.);
#4639=ORIENTED_EDGE('',*,*,#3289,.F.);
#4640=ORIENTED_EDGE('',*,*,#3290,.F.);
#4641=ORIENTED_EDGE('',*,*,#3234,.F.);
#4642=ORIENTED_EDGE('',*,*,#3291,.T.);
#4643=ORIENTED_EDGE('',*,*,#3292,.T.);
#4644=ORIENTED_EDGE('',*,*,#3293,.T.);
#4645=ORIENTED_EDGE('',*,*,#3230,.F.);
#4646=ORIENTED_EDGE('',*,*,#3294,.T.);
#4647=ORIENTED_EDGE('',*,*,#3295,.T.);
#4648=ORIENTED_EDGE('',*,*,#3235,.T.);
#4649=ORIENTED_EDGE('',*,*,#3290,.T.);
#4650=ORIENTED_EDGE('',*,*,#3296,.T.);
#4651=ORIENTED_EDGE('',*,*,#3226,.T.);
#4652=ORIENTED_EDGE('',*,*,#3237,.T.);
#4653=ORIENTED_EDGE('',*,*,#3297,.T.);
#4654=ORIENTED_EDGE('',*,*,#3231,.F.);
#4655=ORIENTED_EDGE('',*,*,#3293,.F.);
#4656=ORIENTED_EDGE('',*,*,#3298,.T.);
#4657=ORIENTED_EDGE('',*,*,#3299,.F.);
#4658=ORIENTED_EDGE('',*,*,#3300,.F.);
#4659=ORIENTED_EDGE('',*,*,#3233,.F.);
#4660=ORIENTED_EDGE('',*,*,#3301,.T.);
#4661=ORIENTED_EDGE('',*,*,#3302,.F.);
#4662=ORIENTED_EDGE('',*,*,#3303,.T.);
#4663=ORIENTED_EDGE('',*,*,#3291,.F.);
#4664=ORIENTED_EDGE('',*,*,#2628,.T.);
#4665=ORIENTED_EDGE('',*,*,#3301,.F.);
#4666=ORIENTED_EDGE('',*,*,#3232,.F.);
#4667=ORIENTED_EDGE('',*,*,#3300,.T.);
#4668=ORIENTED_EDGE('',*,*,#3304,.F.);
#4669=ORIENTED_EDGE('',*,*,#3298,.F.);
#4670=ORIENTED_EDGE('',*,*,#3292,.F.);
#4671=ORIENTED_EDGE('',*,*,#3303,.F.);
#4672=ORIENTED_EDGE('',*,*,#3299,.T.);
#4673=ORIENTED_EDGE('',*,*,#3304,.T.);
#4674=ORIENTED_EDGE('',*,*,#3302,.T.);
#4675=ORIENTED_EDGE('',*,*,#2627,.T.);
#4676=ORIENTED_EDGE('',*,*,#3305,.F.);
#4677=ORIENTED_EDGE('',*,*,#3306,.F.);
#4678=ORIENTED_EDGE('',*,*,#3307,.T.);
#4679=ORIENTED_EDGE('',*,*,#2629,.T.);
#4680=ORIENTED_EDGE('',*,*,#2735,.F.);
#4681=ORIENTED_EDGE('',*,*,#3308,.T.);
#4682=ORIENTED_EDGE('',*,*,#3240,.F.);
#4683=ORIENTED_EDGE('',*,*,#3309,.F.);
#4684=ORIENTED_EDGE('',*,*,#2736,.F.);
#4685=ORIENTED_EDGE('',*,*,#3309,.T.);
#4686=ORIENTED_EDGE('',*,*,#3239,.F.);
#4687=ORIENTED_EDGE('',*,*,#3310,.F.);
#4688=ORIENTED_EDGE('',*,*,#2733,.F.);
#4689=ORIENTED_EDGE('',*,*,#3310,.T.);
#4690=ORIENTED_EDGE('',*,*,#3238,.F.);
#4691=ORIENTED_EDGE('',*,*,#3311,.F.);
#4692=ORIENTED_EDGE('',*,*,#2734,.F.);
#4693=ORIENTED_EDGE('',*,*,#3311,.T.);
#4694=ORIENTED_EDGE('',*,*,#3241,.F.);
#4695=ORIENTED_EDGE('',*,*,#3308,.F.);
#4696=ORIENTED_EDGE('',*,*,#2731,.F.);
#4697=ORIENTED_EDGE('',*,*,#3312,.T.);
#4698=ORIENTED_EDGE('',*,*,#3244,.F.);
#4699=ORIENTED_EDGE('',*,*,#3313,.F.);
#4700=ORIENTED_EDGE('',*,*,#2732,.F.);
#4701=ORIENTED_EDGE('',*,*,#3313,.T.);
#4702=ORIENTED_EDGE('',*,*,#3243,.F.);
#4703=ORIENTED_EDGE('',*,*,#3314,.F.);
#4704=ORIENTED_EDGE('',*,*,#2729,.F.);
#4705=ORIENTED_EDGE('',*,*,#3314,.T.);
#4706=ORIENTED_EDGE('',*,*,#3242,.F.);
#4707=ORIENTED_EDGE('',*,*,#3315,.F.);
#4708=ORIENTED_EDGE('',*,*,#2730,.F.);
#4709=ORIENTED_EDGE('',*,*,#3315,.T.);
#4710=ORIENTED_EDGE('',*,*,#3245,.F.);
#4711=ORIENTED_EDGE('',*,*,#3312,.F.);
#4712=ORIENTED_EDGE('',*,*,#2727,.F.);
#4713=ORIENTED_EDGE('',*,*,#3316,.T.);
#4714=ORIENTED_EDGE('',*,*,#3248,.F.);
#4715=ORIENTED_EDGE('',*,*,#3317,.F.);
#4716=ORIENTED_EDGE('',*,*,#2728,.F.);
#4717=ORIENTED_EDGE('',*,*,#3317,.T.);
#4718=ORIENTED_EDGE('',*,*,#3247,.F.);
#4719=ORIENTED_EDGE('',*,*,#3318,.F.);
#4720=ORIENTED_EDGE('',*,*,#2725,.F.);
#4721=ORIENTED_EDGE('',*,*,#3318,.T.);
#4722=ORIENTED_EDGE('',*,*,#3246,.F.);
#4723=ORIENTED_EDGE('',*,*,#3319,.F.);
#4724=ORIENTED_EDGE('',*,*,#2726,.F.);
#4725=ORIENTED_EDGE('',*,*,#3319,.T.);
#4726=ORIENTED_EDGE('',*,*,#3249,.F.);
#4727=ORIENTED_EDGE('',*,*,#3316,.F.);
#4728=ORIENTED_EDGE('',*,*,#2723,.F.);
#4729=ORIENTED_EDGE('',*,*,#3320,.T.);
#4730=ORIENTED_EDGE('',*,*,#3252,.F.);
#4731=ORIENTED_EDGE('',*,*,#3321,.F.);
#4732=ORIENTED_EDGE('',*,*,#2724,.F.);
#4733=ORIENTED_EDGE('',*,*,#3321,.T.);
#4734=ORIENTED_EDGE('',*,*,#3251,.F.);
#4735=ORIENTED_EDGE('',*,*,#3322,.F.);
#4736=ORIENTED_EDGE('',*,*,#2721,.F.);
#4737=ORIENTED_EDGE('',*,*,#3322,.T.);
#4738=ORIENTED_EDGE('',*,*,#3250,.F.);
#4739=ORIENTED_EDGE('',*,*,#3323,.F.);
#4740=ORIENTED_EDGE('',*,*,#2722,.F.);
#4741=ORIENTED_EDGE('',*,*,#3323,.T.);
#4742=ORIENTED_EDGE('',*,*,#3253,.F.);
#4743=ORIENTED_EDGE('',*,*,#3320,.F.);
#4744=ORIENTED_EDGE('',*,*,#2719,.F.);
#4745=ORIENTED_EDGE('',*,*,#3324,.T.);
#4746=ORIENTED_EDGE('',*,*,#3256,.F.);
#4747=ORIENTED_EDGE('',*,*,#3325,.F.);
#4748=ORIENTED_EDGE('',*,*,#2720,.F.);
#4749=ORIENTED_EDGE('',*,*,#3325,.T.);
#4750=ORIENTED_EDGE('',*,*,#3255,.F.);
#4751=ORIENTED_EDGE('',*,*,#3326,.F.);
#4752=ORIENTED_EDGE('',*,*,#2717,.F.);
#4753=ORIENTED_EDGE('',*,*,#3326,.T.);
#4754=ORIENTED_EDGE('',*,*,#3254,.F.);
#4755=ORIENTED_EDGE('',*,*,#3327,.F.);
#4756=ORIENTED_EDGE('',*,*,#2718,.F.);
#4757=ORIENTED_EDGE('',*,*,#3327,.T.);
#4758=ORIENTED_EDGE('',*,*,#3257,.F.);
#4759=ORIENTED_EDGE('',*,*,#3324,.F.);
#4760=ORIENTED_EDGE('',*,*,#2715,.F.);
#4761=ORIENTED_EDGE('',*,*,#3328,.T.);
#4762=ORIENTED_EDGE('',*,*,#3260,.F.);
#4763=ORIENTED_EDGE('',*,*,#3329,.F.);
#4764=ORIENTED_EDGE('',*,*,#2716,.F.);
#4765=ORIENTED_EDGE('',*,*,#3329,.T.);
#4766=ORIENTED_EDGE('',*,*,#3259,.F.);
#4767=ORIENTED_EDGE('',*,*,#3330,.F.);
#4768=ORIENTED_EDGE('',*,*,#2713,.F.);
#4769=ORIENTED_EDGE('',*,*,#3330,.T.);
#4770=ORIENTED_EDGE('',*,*,#3258,.F.);
#4771=ORIENTED_EDGE('',*,*,#3331,.F.);
#4772=ORIENTED_EDGE('',*,*,#2714,.F.);
#4773=ORIENTED_EDGE('',*,*,#3331,.T.);
#4774=ORIENTED_EDGE('',*,*,#3261,.F.);
#4775=ORIENTED_EDGE('',*,*,#3328,.F.);
#4776=ORIENTED_EDGE('',*,*,#2711,.F.);
#4777=ORIENTED_EDGE('',*,*,#3332,.T.);
#4778=ORIENTED_EDGE('',*,*,#3264,.F.);
#4779=ORIENTED_EDGE('',*,*,#3333,.F.);
#4780=ORIENTED_EDGE('',*,*,#2712,.F.);
#4781=ORIENTED_EDGE('',*,*,#3333,.T.);
#4782=ORIENTED_EDGE('',*,*,#3263,.F.);
#4783=ORIENTED_EDGE('',*,*,#3334,.F.);
#4784=ORIENTED_EDGE('',*,*,#2709,.F.);
#4785=ORIENTED_EDGE('',*,*,#3334,.T.);
#4786=ORIENTED_EDGE('',*,*,#3262,.F.);
#4787=ORIENTED_EDGE('',*,*,#3335,.F.);
#4788=ORIENTED_EDGE('',*,*,#2710,.F.);
#4789=ORIENTED_EDGE('',*,*,#3335,.T.);
#4790=ORIENTED_EDGE('',*,*,#3265,.F.);
#4791=ORIENTED_EDGE('',*,*,#3332,.F.);
#4792=ORIENTED_EDGE('',*,*,#2707,.F.);
#4793=ORIENTED_EDGE('',*,*,#3336,.T.);
#4794=ORIENTED_EDGE('',*,*,#3268,.F.);
#4795=ORIENTED_EDGE('',*,*,#3337,.F.);
#4796=ORIENTED_EDGE('',*,*,#2708,.F.);
#4797=ORIENTED_EDGE('',*,*,#3337,.T.);
#4798=ORIENTED_EDGE('',*,*,#3267,.F.);
#4799=ORIENTED_EDGE('',*,*,#3338,.F.);
#4800=ORIENTED_EDGE('',*,*,#2705,.F.);
#4801=ORIENTED_EDGE('',*,*,#3338,.T.);
#4802=ORIENTED_EDGE('',*,*,#3266,.F.);
#4803=ORIENTED_EDGE('',*,*,#3339,.F.);
#4804=ORIENTED_EDGE('',*,*,#2706,.F.);
#4805=ORIENTED_EDGE('',*,*,#3339,.T.);
#4806=ORIENTED_EDGE('',*,*,#3269,.F.);
#4807=ORIENTED_EDGE('',*,*,#3336,.F.);
#4808=ORIENTED_EDGE('',*,*,#3340,.F.);
#4809=ORIENTED_EDGE('',*,*,#3305,.T.);
#4810=ORIENTED_EDGE('',*,*,#2626,.T.);
#4811=ORIENTED_EDGE('',*,*,#3341,.F.);
#4812=ORIENTED_EDGE('',*,*,#3342,.F.);
#4813=ORIENTED_EDGE('',*,*,#3343,.T.);
#4814=ORIENTED_EDGE('',*,*,#2630,.T.);
#4815=ORIENTED_EDGE('',*,*,#3307,.F.);
#4816=ORIENTED_EDGE('',*,*,#3344,.F.);
#4817=ORIENTED_EDGE('',*,*,#3341,.T.);
#4818=ORIENTED_EDGE('',*,*,#2625,.T.);
#4819=ORIENTED_EDGE('',*,*,#3343,.F.);
#4820=ORIENTED_EDGE('',*,*,#3104,.T.);
#4821=ORIENTED_EDGE('',*,*,#3108,.T.);
#4822=ORIENTED_EDGE('',*,*,#3111,.T.);
#4823=ORIENTED_EDGE('',*,*,#3114,.T.);
#4824=ORIENTED_EDGE('',*,*,#3117,.T.);
#4825=ORIENTED_EDGE('',*,*,#3120,.T.);
#4826=ORIENTED_EDGE('',*,*,#3123,.T.);
#4827=ORIENTED_EDGE('',*,*,#3126,.T.);
#4828=ORIENTED_EDGE('',*,*,#3129,.T.);
#4829=ORIENTED_EDGE('',*,*,#2703,.T.);
#4830=ORIENTED_EDGE('',*,*,#3345,.T.);
#4831=ORIENTED_EDGE('',*,*,#3272,.F.);
#4832=ORIENTED_EDGE('',*,*,#3346,.F.);
#4833=ORIENTED_EDGE('',*,*,#2702,.T.);
#4834=ORIENTED_EDGE('',*,*,#3347,.T.);
#4835=ORIENTED_EDGE('',*,*,#3273,.F.);
#4836=ORIENTED_EDGE('',*,*,#3345,.F.);
#4837=ORIENTED_EDGE('',*,*,#2699,.T.);
#4838=ORIENTED_EDGE('',*,*,#3348,.T.);
#4839=ORIENTED_EDGE('',*,*,#3276,.F.);
#4840=ORIENTED_EDGE('',*,*,#3349,.F.);
#4841=ORIENTED_EDGE('',*,*,#2698,.T.);
#4842=ORIENTED_EDGE('',*,*,#3350,.T.);
#4843=ORIENTED_EDGE('',*,*,#3277,.F.);
#4844=ORIENTED_EDGE('',*,*,#3348,.F.);
#4845=ORIENTED_EDGE('',*,*,#2695,.T.);
#4846=ORIENTED_EDGE('',*,*,#3351,.T.);
#4847=ORIENTED_EDGE('',*,*,#3280,.F.);
#4848=ORIENTED_EDGE('',*,*,#3352,.F.);
#4849=ORIENTED_EDGE('',*,*,#2694,.T.);
#4850=ORIENTED_EDGE('',*,*,#3353,.T.);
#4851=ORIENTED_EDGE('',*,*,#3281,.F.);
#4852=ORIENTED_EDGE('',*,*,#3351,.F.);
#4853=ORIENTED_EDGE('',*,*,#2701,.T.);
#4854=ORIENTED_EDGE('',*,*,#3354,.T.);
#4855=ORIENTED_EDGE('',*,*,#3270,.F.);
#4856=ORIENTED_EDGE('',*,*,#3347,.F.);
#4857=ORIENTED_EDGE('',*,*,#2704,.T.);
#4858=ORIENTED_EDGE('',*,*,#3346,.T.);
#4859=ORIENTED_EDGE('',*,*,#3271,.F.);
#4860=ORIENTED_EDGE('',*,*,#3354,.F.);
#4861=ORIENTED_EDGE('',*,*,#2697,.T.);
#4862=ORIENTED_EDGE('',*,*,#3355,.T.);
#4863=ORIENTED_EDGE('',*,*,#3274,.F.);
#4864=ORIENTED_EDGE('',*,*,#3350,.F.);
#4865=ORIENTED_EDGE('',*,*,#2700,.T.);
#4866=ORIENTED_EDGE('',*,*,#3349,.T.);
#4867=ORIENTED_EDGE('',*,*,#3275,.F.);
#4868=ORIENTED_EDGE('',*,*,#3355,.F.);
#4869=ORIENTED_EDGE('',*,*,#2693,.T.);
#4870=ORIENTED_EDGE('',*,*,#3356,.T.);
#4871=ORIENTED_EDGE('',*,*,#3278,.F.);
#4872=ORIENTED_EDGE('',*,*,#3353,.F.);
#4873=ORIENTED_EDGE('',*,*,#2696,.T.);
#4874=ORIENTED_EDGE('',*,*,#3352,.T.);
#4875=ORIENTED_EDGE('',*,*,#3279,.F.);
#4876=ORIENTED_EDGE('',*,*,#3356,.F.);
#4877=ORIENTED_EDGE('',*,*,#3357,.F.);
#4878=ORIENTED_EDGE('',*,*,#3358,.F.);
#4879=ORIENTED_EDGE('',*,*,#3359,.F.);
#4880=ORIENTED_EDGE('',*,*,#3360,.F.);
#4881=ORIENTED_EDGE('',*,*,#3360,.T.);
#4882=ORIENTED_EDGE('',*,*,#3361,.T.);
#4883=ORIENTED_EDGE('',*,*,#3285,.T.);
#4884=ORIENTED_EDGE('',*,*,#3361,.F.);
#4885=ORIENTED_EDGE('',*,*,#3358,.T.);
#4886=ORIENTED_EDGE('',*,*,#3362,.T.);
#4887=ORIENTED_EDGE('',*,*,#3284,.T.);
#4888=ORIENTED_EDGE('',*,*,#3362,.F.);
#4889=ORIENTED_EDGE('',*,*,#3357,.T.);
#4890=ORIENTED_EDGE('',*,*,#3363,.T.);
#4891=ORIENTED_EDGE('',*,*,#3283,.T.);
#4892=ORIENTED_EDGE('',*,*,#3363,.F.);
#4893=ORIENTED_EDGE('',*,*,#3359,.T.);
#4894=ORIENTED_EDGE('',*,*,#3364,.T.);
#4895=ORIENTED_EDGE('',*,*,#3282,.T.);
#4896=ORIENTED_EDGE('',*,*,#3364,.F.);
#4897=ORIENTED_EDGE('',*,*,#3222,.F.);
#4898=ORIENTED_EDGE('',*,*,#3365,.F.);
#4899=ORIENTED_EDGE('',*,*,#3288,.F.);
#4900=ORIENTED_EDGE('',*,*,#3228,.F.);
#4901=ORIENTED_EDGE('',*,*,#3295,.F.);
#4902=ORIENTED_EDGE('',*,*,#3366,.F.);
#4903=ORIENTED_EDGE('',*,*,#3297,.F.);
#4904=ORIENTED_EDGE('',*,*,#3236,.F.);
#4905=ORIENTED_EDGE('',*,*,#3221,.F.);
#4906=ORIENTED_EDGE('',*,*,#3227,.T.);
#4907=ORIENTED_EDGE('',*,*,#3296,.F.);
#4908=ORIENTED_EDGE('',*,*,#3366,.T.);
#4909=ORIENTED_EDGE('',*,*,#3294,.F.);
#4910=ORIENTED_EDGE('',*,*,#3289,.T.);
#4911=ORIENTED_EDGE('',*,*,#3286,.F.);
#4912=ORIENTED_EDGE('',*,*,#3365,.T.);
#4913=ORIENTED_EDGE('',*,*,#3340,.T.);
#4914=ORIENTED_EDGE('',*,*,#3344,.T.);
#4915=ORIENTED_EDGE('',*,*,#3342,.T.);
#4916=ORIENTED_EDGE('',*,*,#3306,.T.);
#4917=PLANE('',#5359);
#4918=PLANE('',#5360);
#4919=PLANE('',#5361);
#4920=PLANE('',#5362);
#4921=PLANE('',#5363);
#4922=PLANE('',#5364);
#4923=PLANE('',#5365);
#4924=PLANE('',#5366);
#4925=PLANE('',#5367);
#4926=PLANE('',#5368);
#4927=PLANE('',#5369);
#4928=PLANE('',#5370);
#4929=PLANE('',#5371);
#4930=PLANE('',#5372);
#4931=PLANE('',#5373);
#4932=PLANE('',#5374);
#4933=PLANE('',#5375);
#4934=PLANE('',#5376);
#4935=PLANE('',#5377);
#4936=PLANE('',#5378);
#4937=PLANE('',#5379);
#4938=PLANE('',#5380);
#4939=PLANE('',#5381);
#4940=PLANE('',#5382);
#4941=PLANE('',#5383);
#4942=PLANE('',#5384);
#4943=PLANE('',#5385);
#4944=PLANE('',#5386);
#4945=PLANE('',#5387);
#4946=PLANE('',#5388);
#4947=PLANE('',#5389);
#4948=PLANE('',#5390);
#4949=PLANE('',#5391);
#4950=PLANE('',#5392);
#4951=PLANE('',#5393);
#4952=PLANE('',#5394);
#4953=PLANE('',#5395);
#4954=PLANE('',#5396);
#4955=PLANE('',#5397);
#4956=PLANE('',#5398);
#4957=PLANE('',#5399);
#4958=PLANE('',#5400);
#4959=PLANE('',#5401);
#4960=PLANE('',#5402);
#4961=PLANE('',#5403);
#4962=PLANE('',#5404);
#4963=PLANE('',#5405);
#4964=PLANE('',#5406);
#4965=PLANE('',#5407);
#4966=PLANE('',#5408);
#4967=PLANE('',#5409);
#4968=PLANE('',#5410);
#4969=PLANE('',#5411);
#4970=PLANE('',#5412);
#4971=PLANE('',#5413);
#4972=PLANE('',#5414);
#4973=PLANE('',#5415);
#4974=PLANE('',#5416);
#4975=PLANE('',#5417);
#4976=PLANE('',#5418);
#4977=PLANE('',#5419);
#4978=PLANE('',#5420);
#4979=PLANE('',#5421);
#4980=PLANE('',#5422);
#4981=PLANE('',#5423);
#4982=PLANE('',#5424);
#4983=PLANE('',#5425);
#4984=PLANE('',#5426);
#4985=PLANE('',#5427);
#4986=PLANE('',#5428);
#4987=PLANE('',#5429);
#4988=PLANE('',#5430);
#4989=PLANE('',#5431);
#4990=PLANE('',#5432);
#4991=PLANE('',#5433);
#4992=PLANE('',#5434);
#4993=PLANE('',#5435);
#4994=PLANE('',#5436);
#4995=PLANE('',#5437);
#4996=PLANE('',#5438);
#4997=PLANE('',#5439);
#4998=PLANE('',#5440);
#4999=PLANE('',#5441);
#5000=PLANE('',#5442);
#5001=PLANE('',#5443);
#5002=PLANE('',#5444);
#5003=PLANE('',#5445);
#5004=PLANE('',#5449);
#5005=PLANE('',#5450);
#5006=PLANE('',#5460);
#5007=PLANE('',#5465);
#5008=PLANE('',#5466);
#5009=PLANE('',#5467);
#5010=PLANE('',#5468);
#5011=PLANE('',#5469);
#5012=PLANE('',#5470);
#5013=PLANE('',#5471);
#5014=PLANE('',#5472);
#5015=PLANE('',#5473);
#5016=PLANE('',#5474);
#5017=PLANE('',#5475);
#5018=PLANE('',#5476);
#5019=PLANE('',#5477);
#5020=PLANE('',#5478);
#5021=PLANE('',#5479);
#5022=PLANE('',#5480);
#5023=PLANE('',#5481);
#5024=PLANE('',#5482);
#5025=PLANE('',#5483);
#5026=PLANE('',#5484);
#5027=PLANE('',#5485);
#5028=PLANE('',#5486);
#5029=PLANE('',#5487);
#5030=PLANE('',#5488);
#5031=PLANE('',#5489);
#5032=PLANE('',#5490);
#5033=PLANE('',#5491);
#5034=PLANE('',#5492);
#5035=PLANE('',#5493);
#5036=PLANE('',#5494);
#5037=PLANE('',#5495);
#5038=PLANE('',#5496);
#5039=PLANE('',#5497);
#5040=PLANE('',#5498);
#5041=PLANE('',#5499);
#5042=PLANE('',#5500);
#5043=PLANE('',#5501);
#5044=PLANE('',#5502);
#5045=PLANE('',#5503);
#5046=PLANE('',#5504);
#5047=PLANE('',#5505);
#5048=PLANE('',#5506);
#5049=PLANE('',#5507);
#5050=PLANE('',#5508);
#5051=PLANE('',#5509);
#5052=PLANE('',#5510);
#5053=PLANE('',#5511);
#5054=PLANE('',#5512);
#5055=PLANE('',#5513);
#5056=PLANE('',#5514);
#5057=PLANE('',#5515);
#5058=PLANE('',#5516);
#5059=PLANE('',#5517);
#5060=PLANE('',#5518);
#5061=PLANE('',#5520);
#5062=PLANE('',#5522);
#5063=PLANE('',#5524);
#5064=PLANE('',#5530);
#5065=PLANE('',#5531);
#5066=PLANE('',#5532);
#5067=ADVANCED_FACE('',(#440),#4917,.T.);
#5068=ADVANCED_FACE('',(#441),#4918,.T.);
#5069=ADVANCED_FACE('',(#442),#4919,.T.);
#5070=ADVANCED_FACE('',(#443),#4920,.T.);
#5071=ADVANCED_FACE('',(#444),#4921,.T.);
#5072=ADVANCED_FACE('',(#445),#4922,.T.);
#5073=ADVANCED_FACE('',(#446),#4923,.T.);
#5074=ADVANCED_FACE('',(#447),#4924,.T.);
#5075=ADVANCED_FACE('',(#448),#4925,.T.);
#5076=ADVANCED_FACE('',(#449),#4926,.T.);
#5077=ADVANCED_FACE('',(#450),#4927,.T.);
#5078=ADVANCED_FACE('',(#451,#400),#4928,.T.);
#5079=ADVANCED_FACE('',(#452,#401,#402,#403,#404,#405,#406,#407,#408,#409,
#410,#411,#412,#413,#414,#415,#416,#417,#418,#419,#420,#421),#4929,.F.);
#5080=ADVANCED_FACE('',(#453),#43,.T.);
#5081=ADVANCED_FACE('',(#454),#44,.T.);
#5082=ADVANCED_FACE('',(#455),#4930,.T.);
#5083=ADVANCED_FACE('',(#456),#45,.T.);
#5084=ADVANCED_FACE('',(#457),#46,.T.);
#5085=ADVANCED_FACE('',(#458),#47,.T.);
#5086=ADVANCED_FACE('',(#459),#48,.T.);
#5087=ADVANCED_FACE('',(#460),#4931,.T.);
#5088=ADVANCED_FACE('',(#461),#49,.T.);
#5089=ADVANCED_FACE('',(#462),#50,.T.);
#5090=ADVANCED_FACE('',(#463),#4932,.T.);
#5091=ADVANCED_FACE('',(#464),#51,.T.);
#5092=ADVANCED_FACE('',(#465),#52,.T.);
#5093=ADVANCED_FACE('',(#466),#4933,.T.);
#5094=ADVANCED_FACE('',(#467),#53,.T.);
#5095=ADVANCED_FACE('',(#468),#54,.T.);
#5096=ADVANCED_FACE('',(#469),#55,.T.);
#5097=ADVANCED_FACE('',(#470),#56,.T.);
#5098=ADVANCED_FACE('',(#471),#57,.T.);
#5099=ADVANCED_FACE('',(#472),#4934,.T.);
#5100=ADVANCED_FACE('',(#473),#58,.T.);
#5101=ADVANCED_FACE('',(#474),#59,.T.);
#5102=ADVANCED_FACE('',(#475),#60,.T.);
#5103=ADVANCED_FACE('',(#476),#61,.T.);
#5104=ADVANCED_FACE('',(#477),#4935,.T.);
#5105=ADVANCED_FACE('',(#478),#62,.T.);
#5106=ADVANCED_FACE('',(#479),#63,.T.);
#5107=ADVANCED_FACE('',(#480),#4936,.T.);
#5108=ADVANCED_FACE('',(#481),#64,.T.);
#5109=ADVANCED_FACE('',(#482),#65,.T.);
#5110=ADVANCED_FACE('',(#483),#4937,.T.);
#5111=ADVANCED_FACE('',(#484),#66,.T.);
#5112=ADVANCED_FACE('',(#485),#67,.T.);
#5113=ADVANCED_FACE('',(#486),#4938,.T.);
#5114=ADVANCED_FACE('',(#487),#4939,.T.);
#5115=ADVANCED_FACE('',(#488),#4940,.T.);
#5116=ADVANCED_FACE('',(#489),#4941,.T.);
#5117=ADVANCED_FACE('',(#490),#68,.T.);
#5118=ADVANCED_FACE('',(#491),#69,.T.);
#5119=ADVANCED_FACE('',(#492),#70,.T.);
#5120=ADVANCED_FACE('',(#493),#4942,.T.);
#5121=ADVANCED_FACE('',(#494),#4943,.T.);
#5122=ADVANCED_FACE('',(#495),#4944,.T.);
#5123=ADVANCED_FACE('',(#496),#71,.T.);
#5124=ADVANCED_FACE('',(#497),#72,.T.);
#5125=ADVANCED_FACE('',(#498),#4945,.T.);
#5126=ADVANCED_FACE('',(#499),#4946,.T.);
#5127=ADVANCED_FACE('',(#500),#4947,.T.);
#5128=ADVANCED_FACE('',(#501),#73,.T.);
#5129=ADVANCED_FACE('',(#502),#74,.T.);
#5130=ADVANCED_FACE('',(#503),#75,.T.);
#5131=ADVANCED_FACE('',(#504),#4948,.T.);
#5132=ADVANCED_FACE('',(#505),#76,.T.);
#5133=ADVANCED_FACE('',(#506),#77,.T.);
#5134=ADVANCED_FACE('',(#507),#78,.T.);
#5135=ADVANCED_FACE('',(#508),#4949,.T.);
#5136=ADVANCED_FACE('',(#509),#4950,.T.);
#5137=ADVANCED_FACE('',(#510),#4951,.T.);
#5138=ADVANCED_FACE('',(#511),#4952,.T.);
#5139=ADVANCED_FACE('',(#512),#79,.T.);
#5140=ADVANCED_FACE('',(#513),#80,.T.);
#5141=ADVANCED_FACE('',(#514),#4953,.T.);
#5142=ADVANCED_FACE('',(#515),#81,.T.);
#5143=ADVANCED_FACE('',(#516),#82,.T.);
#5144=ADVANCED_FACE('',(#517),#83,.T.);
#5145=ADVANCED_FACE('',(#518),#84,.T.);
#5146=ADVANCED_FACE('',(#519),#4954,.T.);
#5147=ADVANCED_FACE('',(#520),#85,.T.);
#5148=ADVANCED_FACE('',(#521),#86,.T.);
#5149=ADVANCED_FACE('',(#522),#87,.T.);
#5150=ADVANCED_FACE('',(#523),#88,.T.);
#5151=ADVANCED_FACE('',(#524),#4955,.T.);
#5152=ADVANCED_FACE('',(#525),#89,.T.);
#5153=ADVANCED_FACE('',(#526),#90,.T.);
#5154=ADVANCED_FACE('',(#527),#91,.T.);
#5155=ADVANCED_FACE('',(#528),#92,.T.);
#5156=ADVANCED_FACE('',(#529),#4956,.T.);
#5157=ADVANCED_FACE('',(#530),#93,.T.);
#5158=ADVANCED_FACE('',(#531),#94,.T.);
#5159=ADVANCED_FACE('',(#532,#422),#4957,.T.);
#5160=ADVANCED_FACE('',(#533),#4958,.F.);
#5161=ADVANCED_FACE('',(#534),#95,.T.);
#5162=ADVANCED_FACE('',(#535),#96,.T.);
#5163=ADVANCED_FACE('',(#536),#4959,.T.);
#5164=ADVANCED_FACE('',(#537),#4960,.T.);
#5165=ADVANCED_FACE('',(#538),#4961,.T.);
#5166=ADVANCED_FACE('',(#539),#4962,.T.);
#5167=ADVANCED_FACE('',(#540),#97,.T.);
#5168=ADVANCED_FACE('',(#541),#98,.T.);
#5169=ADVANCED_FACE('',(#542),#4963,.T.);
#5170=ADVANCED_FACE('',(#543),#99,.T.);
#5171=ADVANCED_FACE('',(#544),#100,.T.);
#5172=ADVANCED_FACE('',(#545),#4964,.T.);
#5173=ADVANCED_FACE('',(#546),#101,.T.);
#5174=ADVANCED_FACE('',(#547),#102,.T.);
#5175=ADVANCED_FACE('',(#548),#103,.T.);
#5176=ADVANCED_FACE('',(#549),#104,.T.);
#5177=ADVANCED_FACE('',(#550),#4965,.T.);
#5178=ADVANCED_FACE('',(#551),#105,.T.);
#5179=ADVANCED_FACE('',(#552),#106,.T.);
#5180=ADVANCED_FACE('',(#553),#107,.T.);
#5181=ADVANCED_FACE('',(#554),#108,.T.);
#5182=ADVANCED_FACE('',(#555),#109,.T.);
#5183=ADVANCED_FACE('',(#556),#4966,.T.);
#5184=ADVANCED_FACE('',(#557),#110,.T.);
#5185=ADVANCED_FACE('',(#558),#111,.T.);
#5186=ADVANCED_FACE('',(#559),#4967,.T.);
#5187=ADVANCED_FACE('',(#560),#4968,.T.);
#5188=ADVANCED_FACE('',(#561),#112,.T.);
#5189=ADVANCED_FACE('',(#562),#113,.T.);
#5190=ADVANCED_FACE('',(#563),#4969,.T.);
#5191=ADVANCED_FACE('',(#564),#4970,.T.);
#5192=ADVANCED_FACE('',(#565),#4971,.T.);
#5193=ADVANCED_FACE('',(#566),#4972,.T.);
#5194=ADVANCED_FACE('',(#567),#114,.T.);
#5195=ADVANCED_FACE('',(#568),#115,.T.);
#5196=ADVANCED_FACE('',(#569),#4973,.T.);
#5197=ADVANCED_FACE('',(#570),#116,.T.);
#5198=ADVANCED_FACE('',(#571),#117,.T.);
#5199=ADVANCED_FACE('',(#572),#4974,.T.);
#5200=ADVANCED_FACE('',(#573),#118,.T.);
#5201=ADVANCED_FACE('',(#574),#119,.T.);
#5202=ADVANCED_FACE('',(#575),#120,.T.);
#5203=ADVANCED_FACE('',(#576),#121,.T.);
#5204=ADVANCED_FACE('',(#577),#4975,.T.);
#5205=ADVANCED_FACE('',(#578),#122,.T.);
#5206=ADVANCED_FACE('',(#579),#123,.T.);
#5207=ADVANCED_FACE('',(#580),#124,.T.);
#5208=ADVANCED_FACE('',(#581),#125,.T.);
#5209=ADVANCED_FACE('',(#582),#126,.T.);
#5210=ADVANCED_FACE('',(#583),#4976,.T.);
#5211=ADVANCED_FACE('',(#584),#127,.T.);
#5212=ADVANCED_FACE('',(#585),#128,.T.);
#5213=ADVANCED_FACE('',(#586),#4977,.T.);
#5214=ADVANCED_FACE('',(#587),#4978,.T.);
#5215=ADVANCED_FACE('',(#588),#129,.T.);
#5216=ADVANCED_FACE('',(#589),#130,.T.);
#5217=ADVANCED_FACE('',(#590),#131,.T.);
#5218=ADVANCED_FACE('',(#591),#4979,.T.);
#5219=ADVANCED_FACE('',(#592),#132,.T.);
#5220=ADVANCED_FACE('',(#593),#133,.T.);
#5221=ADVANCED_FACE('',(#594),#134,.T.);
#5222=ADVANCED_FACE('',(#595),#135,.T.);
#5223=ADVANCED_FACE('',(#596),#4980,.T.);
#5224=ADVANCED_FACE('',(#597),#136,.T.);
#5225=ADVANCED_FACE('',(#598),#137,.T.);
#5226=ADVANCED_FACE('',(#599),#138,.T.);
#5227=ADVANCED_FACE('',(#600),#4981,.T.);
#5228=ADVANCED_FACE('',(#601),#139,.T.);
#5229=ADVANCED_FACE('',(#602),#140,.T.);
#5230=ADVANCED_FACE('',(#603),#141,.T.);
#5231=ADVANCED_FACE('',(#604),#142,.T.);
#5232=ADVANCED_FACE('',(#605),#143,.T.);
#5233=ADVANCED_FACE('',(#606),#4982,.T.);
#5234=ADVANCED_FACE('',(#607),#144,.T.);
#5235=ADVANCED_FACE('',(#608),#145,.T.);
#5236=ADVANCED_FACE('',(#609),#4983,.T.);
#5237=ADVANCED_FACE('',(#610),#146,.T.);
#5238=ADVANCED_FACE('',(#611),#147,.T.);
#5239=ADVANCED_FACE('',(#612),#148,.T.);
#5240=ADVANCED_FACE('',(#613,#423),#4984,.T.);
#5241=ADVANCED_FACE('',(#614),#4985,.F.);
#5242=ADVANCED_FACE('',(#615),#149,.T.);
#5243=ADVANCED_FACE('',(#616),#150,.T.);
#5244=ADVANCED_FACE('',(#617),#4986,.T.);
#5245=ADVANCED_FACE('',(#618),#4987,.T.);
#5246=ADVANCED_FACE('',(#619),#4988,.T.);
#5247=ADVANCED_FACE('',(#620),#151,.T.);
#5248=ADVANCED_FACE('',(#621),#152,.T.);
#5249=ADVANCED_FACE('',(#622),#153,.T.);
#5250=ADVANCED_FACE('',(#623),#4989,.T.);
#5251=ADVANCED_FACE('',(#624),#4990,.T.);
#5252=ADVANCED_FACE('',(#625),#4991,.T.);
#5253=ADVANCED_FACE('',(#626),#4992,.T.);
#5254=ADVANCED_FACE('',(#627),#4993,.T.);
#5255=ADVANCED_FACE('',(#628),#154,.T.);
#5256=ADVANCED_FACE('',(#629),#155,.T.);
#5257=ADVANCED_FACE('',(#630),#4994,.T.);
#5258=ADVANCED_FACE('',(#631),#156,.T.);
#5259=ADVANCED_FACE('',(#632),#157,.T.);
#5260=ADVANCED_FACE('',(#633),#4995,.T.);
#5261=ADVANCED_FACE('',(#634),#4996,.T.);
#5262=ADVANCED_FACE('',(#635),#4997,.T.);
#5263=ADVANCED_FACE('',(#636),#158,.T.);
#5264=ADVANCED_FACE('',(#637),#159,.T.);
#5265=ADVANCED_FACE('',(#638),#4998,.T.);
#5266=ADVANCED_FACE('',(#639),#4999,.T.);
#5267=ADVANCED_FACE('',(#640),#5000,.T.);
#5268=ADVANCED_FACE('',(#641),#5001,.T.);
#5269=ADVANCED_FACE('',(#642),#5002,.T.);
#5270=ADVANCED_FACE('',(#643),#160,.T.);
#5271=ADVANCED_FACE('',(#644),#161,.T.);
#5272=ADVANCED_FACE('',(#645),#5003,.T.);
#5273=ADVANCED_FACE('',(#646),#35,.T.);
#5274=ADVANCED_FACE('',(#647),#5004,.T.);
#5275=ADVANCED_FACE('',(#648,#424,#425,#426,#427,#428,#429,#430,#431,#432,
#433,#434,#435,#436,#437,#438),#5005,.F.);
#5276=ADVANCED_FACE('',(#649),#36,.T.);
#5277=ADVANCED_FACE('',(#650),#5006,.T.);
#5278=ADVANCED_FACE('',(#651),#37,.T.);
#5279=ADVANCED_FACE('',(#652),#38,.T.);
#5280=ADVANCED_FACE('',(#653),#5007,.F.);
#5281=ADVANCED_FACE('',(#654),#5008,.F.);
#5282=ADVANCED_FACE('',(#655),#5009,.F.);
#5283=ADVANCED_FACE('',(#656),#5010,.F.);
#5284=ADVANCED_FACE('',(#657),#5011,.F.);
#5285=ADVANCED_FACE('',(#658),#5012,.F.);
#5286=ADVANCED_FACE('',(#659),#5013,.F.);
#5287=ADVANCED_FACE('',(#660),#5014,.F.);
#5288=ADVANCED_FACE('',(#661),#5015,.F.);
#5289=ADVANCED_FACE('',(#662),#5016,.F.);
#5290=ADVANCED_FACE('',(#663),#5017,.F.);
#5291=ADVANCED_FACE('',(#664),#5018,.F.);
#5292=ADVANCED_FACE('',(#665),#5019,.F.);
#5293=ADVANCED_FACE('',(#666),#5020,.F.);
#5294=ADVANCED_FACE('',(#667),#5021,.F.);
#5295=ADVANCED_FACE('',(#668),#5022,.F.);
#5296=ADVANCED_FACE('',(#669),#5023,.F.);
#5297=ADVANCED_FACE('',(#670),#5024,.F.);
#5298=ADVANCED_FACE('',(#671),#5025,.F.);
#5299=ADVANCED_FACE('',(#672),#5026,.F.);
#5300=ADVANCED_FACE('',(#673),#5027,.F.);
#5301=ADVANCED_FACE('',(#674),#5028,.F.);
#5302=ADVANCED_FACE('',(#675),#5029,.F.);
#5303=ADVANCED_FACE('',(#676),#5030,.F.);
#5304=ADVANCED_FACE('',(#677),#5031,.F.);
#5305=ADVANCED_FACE('',(#678),#5032,.F.);
#5306=ADVANCED_FACE('',(#679),#5033,.F.);
#5307=ADVANCED_FACE('',(#680),#5034,.F.);
#5308=ADVANCED_FACE('',(#681),#5035,.F.);
#5309=ADVANCED_FACE('',(#682),#5036,.F.);
#5310=ADVANCED_FACE('',(#683),#5037,.F.);
#5311=ADVANCED_FACE('',(#684),#5038,.F.);
#5312=ADVANCED_FACE('',(#685),#5039,.F.);
#5313=ADVANCED_FACE('',(#686),#5040,.F.);
#5314=ADVANCED_FACE('',(#687),#5041,.F.);
#5315=ADVANCED_FACE('',(#688),#5042,.F.);
#5316=ADVANCED_FACE('',(#689),#5043,.F.);
#5317=ADVANCED_FACE('',(#690),#5044,.F.);
#5318=ADVANCED_FACE('',(#691),#5045,.F.);
#5319=ADVANCED_FACE('',(#692),#5046,.F.);
#5320=ADVANCED_FACE('',(#693),#5047,.F.);
#5321=ADVANCED_FACE('',(#694),#5048,.F.);
#5322=ADVANCED_FACE('',(#695),#5049,.F.);
#5323=ADVANCED_FACE('',(#696),#5050,.F.);
#5324=ADVANCED_FACE('',(#697),#5051,.F.);
#5325=ADVANCED_FACE('',(#698),#5052,.F.);
#5326=ADVANCED_FACE('',(#699),#5053,.F.);
#5327=ADVANCED_FACE('',(#700),#5054,.F.);
#5328=ADVANCED_FACE('',(#701),#5055,.F.);
#5329=ADVANCED_FACE('',(#702),#5056,.F.);
#5330=ADVANCED_FACE('',(#703),#5057,.F.);
#5331=ADVANCED_FACE('',(#704),#5058,.F.);
#5332=ADVANCED_FACE('',(#705),#5059,.F.);
#5333=ADVANCED_FACE('',(#706),#5060,.F.);
#5334=ADVANCED_FACE('',(#707),#5061,.F.);
#5335=ADVANCED_FACE('',(#708),#5062,.F.);
#5336=ADVANCED_FACE('',(#709),#5063,.F.);
#5337=ADVANCED_FACE('',(#710),#39,.F.);
#5338=ADVANCED_FACE('',(#711),#40,.F.);
#5339=ADVANCED_FACE('',(#712),#41,.F.);
#5340=ADVANCED_FACE('',(#713),#42,.F.);
#5341=ADVANCED_FACE('',(#714),#5064,.T.);
#5342=ADVANCED_FACE('',(#715),#5065,.T.);
#5343=ADVANCED_FACE('',(#716,#439),#5066,.T.);
#5344=CLOSED_SHELL('',(#5067,#5068,#5069,#5070,#5071,#5072,#5073,#5074,
#5075,#5076,#5077,#5078,#5079,#5080,#5081,#5082,#5083,#5084,#5085,#5086,
#5087,#5088,#5089,#5090,#5091,#5092,#5093,#5094,#5095,#5096,#5097,#5098,
#5099,#5100,#5101,#5102,#5103,#5104,#5105,#5106,#5107,#5108,#5109,#5110,
#5111,#5112,#5113,#5114,#5115,#5116,#5117,#5118,#5119,#5120,#5121,#5122,
#5123,#5124,#5125,#5126,#5127,#5128,#5129,#5130,#5131,#5132,#5133,#5134,
#5135,#5136,#5137,#5138,#5139,#5140,#5141,#5142,#5143,#5144,#5145,#5146,
#5147,#5148,#5149,#5150,#5151,#5152,#5153,#5154,#5155,#5156,#5157,#5158,
#5159,#5160,#5161,#5162,#5163,#5164,#5165,#5166,#5167,#5168,#5169,#5170,
#5171,#5172,#5173,#5174,#5175,#5176,#5177,#5178,#5179,#5180,#5181,#5182,
#5183,#5184,#5185,#5186,#5187,#5188,#5189,#5190,#5191,#5192,#5193,#5194,
#5195,#5196,#5197,#5198,#5199,#5200,#5201,#5202,#5203,#5204,#5205,#5206,
#5207,#5208,#5209,#5210,#5211,#5212,#5213,#5214,#5215,#5216,#5217,#5218,
#5219,#5220,#5221,#5222,#5223,#5224,#5225,#5226,#5227,#5228,#5229,#5230,
#5231,#5232,#5233,#5234,#5235,#5236,#5237,#5238,#5239,#5240,#5241,#5242,
#5243,#5244,#5245,#5246,#5247,#5248,#5249,#5250,#5251,#5252,#5253,#5254,
#5255,#5256,#5257,#5258,#5259,#5260,#5261,#5262,#5263,#5264,#5265,#5266,
#5267,#5268,#5269,#5270,#5271,#5272,#5273,#5274,#5275,#5276,#5277,#5278,
#5279,#5280,#5281,#5282,#5283,#5284,#5285,#5286,#5287,#5288,#5289,#5290,
#5291,#5292,#5293,#5294,#5295,#5296,#5297,#5298,#5299,#5300,#5301,#5302,
#5303,#5304,#5305,#5306,#5307,#5308,#5309,#5310,#5311,#5312,#5313,#5314,
#5315,#5316,#5317,#5318,#5319,#5320,#5321,#5322,#5323,#5324,#5325,#5326,
#5327,#5328,#5329,#5330,#5331,#5332,#5333,#5334,#5335,#5336,#5337,#5338,
#5339,#5340,#5341,#5342,#5343));
#5345=DERIVED_UNIT_ELEMENT(#5347,1.);
#5346=DERIVED_UNIT_ELEMENT(#10010,-3.);
#5347=(
MASS_UNIT()
NAMED_UNIT(*)
SI_UNIT(.KILO.,.GRAM.)
);
#5348=DERIVED_UNIT((#5345,#5346));
#5349=MEASURE_REPRESENTATION_ITEM('density measure',
POSITIVE_RATIO_MEASURE(7850.),#5348);
#5350=PROPERTY_DEFINITION_REPRESENTATION(#5355,#5352);
#5351=PROPERTY_DEFINITION_REPRESENTATION(#5356,#5353);
#5352=REPRESENTATION('material name',(#5354),#10007);
#5353=REPRESENTATION('density',(#5349),#10007);
#5354=DESCRIPTIVE_REPRESENTATION_ITEM('Steel','Steel');
#5355=PROPERTY_DEFINITION('material property','material name',#10022);
#5356=PROPERTY_DEFINITION('material property','density of part',#10022);
#5357=AXIS2_PLACEMENT_3D('',#6409,#5534,#5535);
#5358=AXIS2_PLACEMENT_3D('',#6410,#5536,#5537);
#5359=AXIS2_PLACEMENT_3D('',#6411,#5538,#5539);
#5360=AXIS2_PLACEMENT_3D('',#6420,#5544,#5545);
#5361=AXIS2_PLACEMENT_3D('',#6426,#5549,#5550);
#5362=AXIS2_PLACEMENT_3D('',#6429,#5553,#5554);
#5363=AXIS2_PLACEMENT_3D('',#6438,#5559,#5560);
#5364=AXIS2_PLACEMENT_3D('',#6444,#5564,#5565);
#5365=AXIS2_PLACEMENT_3D('',#6450,#5569,#5570);
#5366=AXIS2_PLACEMENT_3D('',#6456,#5574,#5575);
#5367=AXIS2_PLACEMENT_3D('',#6462,#5579,#5580);
#5368=AXIS2_PLACEMENT_3D('',#6468,#5584,#5585);
#5369=AXIS2_PLACEMENT_3D('',#6474,#5589,#5590);
#5370=AXIS2_PLACEMENT_3D('',#6477,#5593,#5594);
#5371=AXIS2_PLACEMENT_3D('',#6478,#5595,#5596);
#5372=AXIS2_PLACEMENT_3D('',#7357,#5709,#5710);
#5373=AXIS2_PLACEMENT_3D('',#7429,#5717,#5718);
#5374=AXIS2_PLACEMENT_3D('',#7467,#5723,#5724);
#5375=AXIS2_PLACEMENT_3D('',#7505,#5729,#5730);
#5376=AXIS2_PLACEMENT_3D('',#7594,#5738,#5739);
#5377=AXIS2_PLACEMENT_3D('',#7666,#5746,#5747);
#5378=AXIS2_PLACEMENT_3D('',#7704,#5752,#5753);
#5379=AXIS2_PLACEMENT_3D('',#7742,#5758,#5759);
#5380=AXIS2_PLACEMENT_3D('',#7778,#5763,#5764);
#5381=AXIS2_PLACEMENT_3D('',#7779,#5765,#5766);
#5382=AXIS2_PLACEMENT_3D('',#7785,#5770,#5771);
#5383=AXIS2_PLACEMENT_3D('',#7789,#5774,#5775);
#5384=AXIS2_PLACEMENT_3D('',#7844,#5781,#5782);
#5385=AXIS2_PLACEMENT_3D('',#7848,#5785,#5786);
#5386=AXIS2_PLACEMENT_3D('',#7852,#5789,#5790);
#5387=AXIS2_PLACEMENT_3D('',#7890,#5795,#5796);
#5388=AXIS2_PLACEMENT_3D('',#7894,#5799,#5800);
#5389=AXIS2_PLACEMENT_3D('',#7896,#5802,#5803);
#5390=AXIS2_PLACEMENT_3D('',#7950,#5808,#5809);
#5391=AXIS2_PLACEMENT_3D('',#8005,#5815,#5816);
#5392=AXIS2_PLACEMENT_3D('',#8009,#5819,#5820);
#5393=AXIS2_PLACEMENT_3D('',#8013,#5823,#5824);
#5394=AXIS2_PLACEMENT_3D('',#8015,#5826,#5827);
#5395=AXIS2_PLACEMENT_3D('',#8065,#5831,#5832);
#5396=AXIS2_PLACEMENT_3D('',#8163,#5840,#5841);
#5397=AXIS2_PLACEMENT_3D('',#8248,#5849,#5850);
#5398=AXIS2_PLACEMENT_3D('',#8320,#5857,#5858);
#5399=AXIS2_PLACEMENT_3D('',#8356,#5862,#5863);
#5400=AXIS2_PLACEMENT_3D('',#8357,#5864,#5865);
#5401=AXIS2_PLACEMENT_3D('',#8394,#5869,#5870);
#5402=AXIS2_PLACEMENT_3D('',#8398,#5873,#5874);
#5403=AXIS2_PLACEMENT_3D('',#8402,#5877,#5878);
#5404=AXIS2_PLACEMENT_3D('',#8406,#5881,#5882);
#5405=AXIS2_PLACEMENT_3D('',#8444,#5887,#5888);
#5406=AXIS2_PLACEMENT_3D('',#8482,#5893,#5894);
#5407=AXIS2_PLACEMENT_3D('',#8554,#5901,#5902);
#5408=AXIS2_PLACEMENT_3D('',#8643,#5910,#5911);
#5409=AXIS2_PLACEMENT_3D('',#8681,#5916,#5917);
#5410=AXIS2_PLACEMENT_3D('',#8683,#5919,#5920);
#5411=AXIS2_PLACEMENT_3D('',#8720,#5924,#5925);
#5412=AXIS2_PLACEMENT_3D('',#8724,#5928,#5929);
#5413=AXIS2_PLACEMENT_3D('',#8728,#5932,#5933);
#5414=AXIS2_PLACEMENT_3D('',#8732,#5936,#5937);
#5415=AXIS2_PLACEMENT_3D('',#8770,#5942,#5943);
#5416=AXIS2_PLACEMENT_3D('',#8808,#5948,#5949);
#5417=AXIS2_PLACEMENT_3D('',#8880,#5956,#5957);
#5418=AXIS2_PLACEMENT_3D('',#8969,#5965,#5966);
#5419=AXIS2_PLACEMENT_3D('',#9007,#5971,#5972);
#5420=AXIS2_PLACEMENT_3D('',#9009,#5974,#5975);
#5421=AXIS2_PLACEMENT_3D('',#9082,#5980,#5981);
#5422=AXIS2_PLACEMENT_3D('',#9180,#5989,#5990);
#5423=AXIS2_PLACEMENT_3D('',#9236,#5997,#5998);
#5424=AXIS2_PLACEMENT_3D('',#9325,#6006,#6007);
#5425=AXIS2_PLACEMENT_3D('',#9363,#6012,#6013);
#5426=AXIS2_PLACEMENT_3D('',#9416,#6018,#6019);
#5427=AXIS2_PLACEMENT_3D('',#9417,#6020,#6021);
#5428=AXIS2_PLACEMENT_3D('',#9454,#6025,#6026);
#5429=AXIS2_PLACEMENT_3D('',#9458,#6029,#6030);
#5430=AXIS2_PLACEMENT_3D('',#9462,#6033,#6034);
#5431=AXIS2_PLACEMENT_3D('',#9517,#6040,#6041);
#5432=AXIS2_PLACEMENT_3D('',#9521,#6044,#6045);
#5433=AXIS2_PLACEMENT_3D('',#9525,#6048,#6049);
#5434=AXIS2_PLACEMENT_3D('',#9529,#6052,#6053);
#5435=AXIS2_PLACEMENT_3D('',#9533,#6056,#6057);
#5436=AXIS2_PLACEMENT_3D('',#9569,#6061,#6062);
#5437=AXIS2_PLACEMENT_3D('',#9606,#6066,#6067);
#5438=AXIS2_PLACEMENT_3D('',#9610,#6070,#6071);
#5439=AXIS2_PLACEMENT_3D('',#9614,#6074,#6075);
#5440=AXIS2_PLACEMENT_3D('',#9652,#6080,#6081);
#5441=AXIS2_PLACEMENT_3D('',#9656,#6084,#6085);
#5442=AXIS2_PLACEMENT_3D('',#9660,#6088,#6089);
#5443=AXIS2_PLACEMENT_3D('',#9664,#6092,#6093);
#5444=AXIS2_PLACEMENT_3D('',#9668,#6096,#6097);
#5445=AXIS2_PLACEMENT_3D('',#9704,#6101,#6102);
#5446=AXIS2_PLACEMENT_3D('',#9705,#6103,#6104);
#5447=AXIS2_PLACEMENT_3D('',#9708,#6105,#6106);
#5448=AXIS2_PLACEMENT_3D('',#9712,#6108,#6109);
#5449=AXIS2_PLACEMENT_3D('',#9714,#6111,#6112);
#5450=AXIS2_PLACEMENT_3D('',#9720,#6116,#6117);
#5451=AXIS2_PLACEMENT_3D('',#9724,#6119,#6120);
#5452=AXIS2_PLACEMENT_3D('',#9736,#6126,#6127);
#5453=AXIS2_PLACEMENT_3D('',#9739,#6129,#6130);
#5454=AXIS2_PLACEMENT_3D('',#9829,#6175,#6176);
#5455=AXIS2_PLACEMENT_3D('',#9831,#6177,#6178);
#5456=AXIS2_PLACEMENT_3D('',#9833,#6179,#6180);
#5457=AXIS2_PLACEMENT_3D('',#9835,#6181,#6182);
#5458=AXIS2_PLACEMENT_3D('',#9836,#6183,#6184);
#5459=AXIS2_PLACEMENT_3D('',#9839,#6185,#6186);
#5460=AXIS2_PLACEMENT_3D('',#9842,#6189,#6190);
#5461=AXIS2_PLACEMENT_3D('',#9851,#6196,#6197);
#5462=AXIS2_PLACEMENT_3D('',#9853,#6198,#6199);
#5463=AXIS2_PLACEMENT_3D('',#9855,#6201,#6202);
#5464=AXIS2_PLACEMENT_3D('',#9857,#6203,#6204);
#5465=AXIS2_PLACEMENT_3D('',#9859,#6206,#6207);
#5466=AXIS2_PLACEMENT_3D('',#9864,#6211,#6212);
#5467=AXIS2_PLACEMENT_3D('',#9869,#6216,#6217);
#5468=AXIS2_PLACEMENT_3D('',#9870,#6218,#6219);
#5469=AXIS2_PLACEMENT_3D('',#9872,#6221,#6222);
#5470=AXIS2_PLACEMENT_3D('',#9878,#6226,#6227);
#5471=AXIS2_PLACEMENT_3D('',#9881,#6230,#6231);
#5472=AXIS2_PLACEMENT_3D('',#9883,#6233,#6234);
#5473=AXIS2_PLACEMENT_3D('',#9885,#6236,#6237);
#5474=AXIS2_PLACEMENT_3D('',#9886,#6238,#6239);
#5475=AXIS2_PLACEMENT_3D('',#9889,#6242,#6243);
#5476=AXIS2_PLACEMENT_3D('',#9891,#6245,#6246);
#5477=AXIS2_PLACEMENT_3D('',#9893,#6248,#6249);
#5478=AXIS2_PLACEMENT_3D('',#9894,#6250,#6251);
#5479=AXIS2_PLACEMENT_3D('',#9897,#6254,#6255);
#5480=AXIS2_PLACEMENT_3D('',#9899,#6257,#6258);
#5481=AXIS2_PLACEMENT_3D('',#9901,#6260,#6261);
#5482=AXIS2_PLACEMENT_3D('',#9902,#6262,#6263);
#5483=AXIS2_PLACEMENT_3D('',#9905,#6266,#6267);
#5484=AXIS2_PLACEMENT_3D('',#9907,#6269,#6270);
#5485=AXIS2_PLACEMENT_3D('',#9909,#6272,#6273);
#5486=AXIS2_PLACEMENT_3D('',#9910,#6274,#6275);
#5487=AXIS2_PLACEMENT_3D('',#9913,#6278,#6279);
#5488=AXIS2_PLACEMENT_3D('',#9915,#6281,#6282);
#5489=AXIS2_PLACEMENT_3D('',#9917,#6284,#6285);
#5490=AXIS2_PLACEMENT_3D('',#9918,#6286,#6287);
#5491=AXIS2_PLACEMENT_3D('',#9921,#6290,#6291);
#5492=AXIS2_PLACEMENT_3D('',#9923,#6293,#6294);
#5493=AXIS2_PLACEMENT_3D('',#9925,#6296,#6297);
#5494=AXIS2_PLACEMENT_3D('',#9926,#6298,#6299);
#5495=AXIS2_PLACEMENT_3D('',#9929,#6302,#6303);
#5496=AXIS2_PLACEMENT_3D('',#9931,#6305,#6306);
#5497=AXIS2_PLACEMENT_3D('',#9933,#6308,#6309);
#5498=AXIS2_PLACEMENT_3D('',#9934,#6310,#6311);
#5499=AXIS2_PLACEMENT_3D('',#9937,#6314,#6315);
#5500=AXIS2_PLACEMENT_3D('',#9939,#6317,#6318);
#5501=AXIS2_PLACEMENT_3D('',#9941,#6320,#6321);
#5502=AXIS2_PLACEMENT_3D('',#9942,#6322,#6323);
#5503=AXIS2_PLACEMENT_3D('',#9946,#6326,#6327);
#5504=AXIS2_PLACEMENT_3D('',#9950,#6330,#6331);
#5505=AXIS2_PLACEMENT_3D('',#9952,#6333,#6334);
#5506=AXIS2_PLACEMENT_3D('',#9953,#6335,#6336);
#5507=AXIS2_PLACEMENT_3D('',#9956,#6339,#6340);
#5508=AXIS2_PLACEMENT_3D('',#9958,#6342,#6343);
#5509=AXIS2_PLACEMENT_3D('',#9961,#6346,#6347);
#5510=AXIS2_PLACEMENT_3D('',#9963,#6349,#6350);
#5511=AXIS2_PLACEMENT_3D('',#9966,#6353,#6354);
#5512=AXIS2_PLACEMENT_3D('',#9968,#6356,#6357);
#5513=AXIS2_PLACEMENT_3D('',#9970,#6359,#6360);
#5514=AXIS2_PLACEMENT_3D('',#9971,#6361,#6362);
#5515=AXIS2_PLACEMENT_3D('',#9973,#6364,#6365);
#5516=AXIS2_PLACEMENT_3D('',#9974,#6366,#6367);
#5517=AXIS2_PLACEMENT_3D('',#9976,#6369,#6370);
#5518=AXIS2_PLACEMENT_3D('',#9977,#6371,#6372);
#5519=AXIS2_PLACEMENT_3D('',#9979,#6373,#6374);
#5520=AXIS2_PLACEMENT_3D('',#9980,#6375,#6376);
#5521=AXIS2_PLACEMENT_3D('',#9982,#6377,#6378);
#5522=AXIS2_PLACEMENT_3D('',#9983,#6379,#6380);
#5523=AXIS2_PLACEMENT_3D('',#9985,#6381,#6382);
#5524=AXIS2_PLACEMENT_3D('',#9986,#6383,#6384);
#5525=AXIS2_PLACEMENT_3D('',#9988,#6385,#6386);
#5526=AXIS2_PLACEMENT_3D('',#9989,#6387,#6388);
#5527=AXIS2_PLACEMENT_3D('',#9991,#6390,#6391);
#5528=AXIS2_PLACEMENT_3D('',#9993,#6393,#6394);
#5529=AXIS2_PLACEMENT_3D('',#9995,#6396,#6397);
#5530=AXIS2_PLACEMENT_3D('',#9997,#6399,#6400);
#5531=AXIS2_PLACEMENT_3D('',#9999,#6402,#6403);
#5532=AXIS2_PLACEMENT_3D('',#10001,#6405,#6406);
#5533=AXIS2_PLACEMENT_3D('',#10002,#6407,#6408);
#5534=DIRECTION('axis',(0.,0.,1.));
#5535=DIRECTION('refdir',(1.,0.,0.));
#5536=DIRECTION('axis',(0.,0.,1.));
#5537=DIRECTION('refdir',(1.,0.,0.));
#5538=DIRECTION('center_axis',(0.981779847497764,0.,0.190021922543869));
#5539=DIRECTION('ref_axis',(0.190021922543869,2.29716730498982E-17,-0.981779847497764));
#5540=DIRECTION('',(-0.190021922543869,0.,0.981779847497764));
#5541=DIRECTION('',(0.,1.,0.));
#5542=DIRECTION('',(0.190021922543869,2.29716730498982E-17,-0.981779847497764));
#5543=DIRECTION('',(0.,1.,0.));
#5544=DIRECTION('center_axis',(0.,0.,-1.));
#5545=DIRECTION('ref_axis',(-1.,2.25142009298373E-17,0.));
#5546=DIRECTION('',(1.,0.,0.));
#5547=DIRECTION('',(-1.,2.25142009298373E-17,0.));
#5548=DIRECTION('',(0.,1.,0.));
#5549=DIRECTION('center_axis',(-0.981779874888627,0.,0.190021781024365));
#5550=DIRECTION('ref_axis',(0.190021781024365,-3.15280541144021E-17,0.981779874888627));
#5551=DIRECTION('',(-0.190021781024365,0.,-0.981779874888627));
#5552=DIRECTION('',(0.190021781024365,-3.15280541144021E-17,0.981779874888627));
#5553=DIRECTION('center_axis',(0.,0.,1.));
#5554=DIRECTION('ref_axis',(1.,-2.25142009298373E-17,0.));
#5555=DIRECTION('',(-1.,0.,0.));
#5556=DIRECTION('',(0.,1.,0.));
#5557=DIRECTION('',(1.,-2.25142009298373E-17,0.));
#5558=DIRECTION('',(0.,1.,0.));
#5559=DIRECTION('center_axis',(0.975441012304091,0.,0.220260826102077));
#5560=DIRECTION('ref_axis',(0.220260826102077,2.21149302797577E-17,-0.975441012304091));
#5561=DIRECTION('',(-0.220260826102077,0.,0.975441012304091));
#5562=DIRECTION('',(0.220260826102077,2.21149302797577E-17,-0.975441012304091));
#5563=DIRECTION('',(0.,1.,0.));
#5564=DIRECTION('center_axis',(-8.91234045636369E-17,0.,1.));
#5565=DIRECTION('ref_axis',(1.,-2.25142009298373E-17,8.91234045636369E-17));
#5566=DIRECTION('',(-1.,0.,-8.91234045636369E-17));
#5567=DIRECTION('',(1.,-2.25142009298373E-17,8.91234045636369E-17));
#5568=DIRECTION('',(0.,1.,0.));
#5569=DIRECTION('center_axis',(-0.966805639910598,0.,-0.255512924598855));
#5570=DIRECTION('ref_axis',(-0.255512924598855,-2.10815777195661E-17,0.966805639910598));
#5571=DIRECTION('',(0.255512924598855,0.,-0.966805639910598));
#5572=DIRECTION('',(-0.255512924598855,-2.10815777195661E-17,0.966805639910598));
#5573=DIRECTION('',(0.,1.,0.));
#5574=DIRECTION('center_axis',(0.,0.,-1.));
#5575=DIRECTION('ref_axis',(-1.,2.25142009298373E-17,0.));
#5576=DIRECTION('',(1.,0.,0.));
#5577=DIRECTION('',(-1.,2.25142009298373E-17,0.));
#5578=DIRECTION('',(0.,1.,0.));
#5579=DIRECTION('center_axis',(0.961886096832811,0.,-0.273450428267611));
#5580=DIRECTION('ref_axis',(-0.273450428267611,3.28542201806323E-17,-0.961886096832811));
#5581=DIRECTION('',(0.273450428267611,0.,0.961886096832811));
#5582=DIRECTION('',(-0.273450428267611,3.28542201806323E-17,-0.961886096832811));
#5583=DIRECTION('',(0.,1.,0.));
#5584=DIRECTION('center_axis',(-8.6736175737545E-17,0.,1.));
#5585=DIRECTION('ref_axis',(1.,-2.25142009298373E-17,8.6736175737545E-17));
#5586=DIRECTION('',(-1.,0.,-8.6736175737545E-17));
#5587=DIRECTION('',(1.,-2.25142009298373E-17,8.6736175737545E-17));
#5588=DIRECTION('',(0.,1.,0.));
#5589=DIRECTION('center_axis',(-0.96827735930938,0.,0.249877881071643));
#5590=DIRECTION('ref_axis',(0.249877881071643,-3.25008962855819E-17,0.96827735930938));
#5591=DIRECTION('',(-0.249877881071643,0.,-0.96827735930938));
#5592=DIRECTION('',(0.249877881071643,-3.25008962855819E-17,0.96827735930938));
#5593=DIRECTION('center_axis',(0.,1.,0.));
#5594=DIRECTION('ref_axis',(0.,0.,1.));
#5595=DIRECTION('center_axis',(0.,-1.,0.));
#5596=DIRECTION('ref_axis',(0.,0.,-1.));
#5597=DIRECTION('',(-1.,0.,0.));
#5598=DIRECTION('',(0.,0.,1.));
#5599=DIRECTION('',(1.,0.,0.));
#5600=DIRECTION('',(1.,0.,0.));
#5601=DIRECTION('',(1.,0.,0.));
#5602=DIRECTION('',(0.,0.,-1.));
#5603=DIRECTION('',(6.24894606333562E-34,0.,-1.));
#5604=DIRECTION('',(-6.24894606333562E-34,0.,1.));
#5605=DIRECTION('',(1.,0.,0.));
#5606=DIRECTION('',(-6.24894606333562E-34,0.,1.));
#5607=DIRECTION('',(-1.,0.,-7.61917776245135E-17));
#5608=DIRECTION('',(6.24894606333562E-34,0.,-1.));
#5609=DIRECTION('',(0.834688197638454,0.,-0.55072280933612));
#5610=DIRECTION('',(6.24894606333562E-34,0.,-1.));
#5611=DIRECTION('',(-0.557689394264599,0.,-0.830049721116021));
#5612=DIRECTION('',(-6.24894606333562E-34,0.,1.));
#5613=DIRECTION('',(-0.830687637672431,0.,0.55673876155536));
#5614=DIRECTION('',(1.,0.,0.));
#5615=DIRECTION('',(-6.24894606333562E-34,0.,1.));
#5616=DIRECTION('',(-1.,0.,-7.61917776245135E-17));
#5617=DIRECTION('',(6.24894606333562E-34,0.,-1.));
#5618=DIRECTION('',(0.834688197638454,0.,-0.55072280933612));
#5619=DIRECTION('',(6.24894606333562E-34,0.,-1.));
#5620=DIRECTION('',(-0.557689394264599,0.,-0.830049721116021));
#5621=DIRECTION('',(-6.24894606333562E-34,0.,1.));
#5622=DIRECTION('',(-0.830687637672431,0.,0.55673876155536));
#5623=DIRECTION('',(1.,0.,0.));
#5624=DIRECTION('',(0.,0.,1.));
#5625=DIRECTION('',(-1.,0.,0.));
#5626=DIRECTION('',(0.,0.,-1.));
#5627=DIRECTION('',(1.,0.,0.));
#5628=DIRECTION('',(0.,0.,1.));
#5629=DIRECTION('',(-1.,0.,0.));
#5630=DIRECTION('',(0.,0.,-1.));
#5631=DIRECTION('',(1.,0.,0.));
#5632=DIRECTION('',(0.,0.,1.));
#5633=DIRECTION('',(-1.,0.,0.));
#5634=DIRECTION('',(0.,0.,-1.));
#5635=DIRECTION('',(0.,0.,1.));
#5636=DIRECTION('',(-1.,0.,0.));
#5637=DIRECTION('',(0.,0.,-1.));
#5638=DIRECTION('',(1.,0.,0.));
#5639=DIRECTION('',(-1.,0.,0.));
#5640=DIRECTION('',(0.,0.,-1.));
#5641=DIRECTION('',(1.,0.,0.));
#5642=DIRECTION('',(0.,0.,1.));
#5643=DIRECTION('',(-1.,0.,0.));
#5644=DIRECTION('',(0.,0.,-1.));
#5645=DIRECTION('',(1.,0.,0.));
#5646=DIRECTION('',(0.,0.,1.));
#5647=DIRECTION('',(-1.,0.,0.));
#5648=DIRECTION('',(0.,0.,-1.));
#5649=DIRECTION('',(1.,0.,0.));
#5650=DIRECTION('',(0.,0.,1.));
#5651=DIRECTION('',(-1.,0.,0.));
#5652=DIRECTION('',(0.,0.,-1.));
#5653=DIRECTION('',(1.,0.,0.));
#5654=DIRECTION('',(0.,0.,1.));
#5655=DIRECTION('',(-1.,0.,0.));
#5656=DIRECTION('',(0.,0.,-1.));
#5657=DIRECTION('',(1.,0.,0.));
#5658=DIRECTION('',(0.,0.,1.));
#5659=DIRECTION('',(0.,0.,1.));
#5660=DIRECTION('',(-1.,0.,0.));
#5661=DIRECTION('',(0.,0.,-1.));
#5662=DIRECTION('',(1.,0.,0.));
#5663=DIRECTION('',(-1.,0.,0.));
#5664=DIRECTION('',(0.,0.,-1.));
#5665=DIRECTION('',(1.,0.,0.));
#5666=DIRECTION('',(0.,0.,1.));
#5667=DIRECTION('',(-6.24894606333562E-34,0.,1.));
#5668=DIRECTION('',(-1.,0.,-8.91234149580048E-17));
#5669=DIRECTION('',(6.24894606333562E-34,0.,-1.));
#5670=DIRECTION('',(-6.24894606333562E-34,0.,1.));
#5671=DIRECTION('',(-1.,0.,-8.91234149580048E-17));
#5672=DIRECTION('',(6.24894606333562E-34,0.,-1.));
#5673=DIRECTION('',(1.,0.,0.));
#5674=DIRECTION('',(0.221620623993116,0.,0.975132964790393));
#5675=DIRECTION('',(-6.24894606333562E-34,0.,1.));
#5676=DIRECTION('',(-1.,0.,-8.91234149580048E-17));
#5677=DIRECTION('',(6.24894606333562E-34,0.,-1.));
#5678=DIRECTION('',(-6.24894606333562E-34,0.,1.));
#5679=DIRECTION('',(-1.,0.,-8.91234149580048E-17));
#5680=DIRECTION('',(6.24894606333562E-34,0.,-1.));
#5681=DIRECTION('',(1.,0.,0.));
#5682=DIRECTION('',(-6.24894606333562E-34,0.,1.));
#5683=DIRECTION('',(-6.24894606333562E-34,0.,1.));
#5684=DIRECTION('',(6.24894606333562E-34,0.,-1.));
#5685=DIRECTION('',(-6.24894606333562E-34,0.,1.));
#5686=DIRECTION('',(0.0951542826531065,0.,0.995462536960971));
#5687=DIRECTION('',(6.24894606333562E-34,0.,-1.));
#5688=DIRECTION('',(1.,0.,0.));
#5689=DIRECTION('',(-6.24894606333562E-34,0.,1.));
#5690=DIRECTION('',(-6.24894606333562E-34,0.,1.));
#5691=DIRECTION('',(-1.,0.,-1.07342121652164E-16));
#5692=DIRECTION('',(-0.285476387080939,0.,-0.958385743017504));
#5693=DIRECTION('',(6.24894606333562E-34,0.,-1.));
#5694=DIRECTION('',(1.,0.,0.));
#5695=DIRECTION('',(-6.24894606333562E-34,0.,1.));
#5696=DIRECTION('',(6.24894606333562E-34,0.,-1.));
#5697=DIRECTION('',(1.,0.,0.));
#5698=DIRECTION('',(0.661130047841054,0.,-0.750271324149928));
#5699=DIRECTION('',(6.24894606333562E-34,0.,-1.));
#5700=DIRECTION('',(-0.942427590737903,0.,-0.334410281265323));
#5701=DIRECTION('',(6.24894606333562E-34,0.,-1.));
#5702=DIRECTION('',(-0.647648189394526,0.,0.761939513855262));
#5703=DIRECTION('',(-6.24894606333562E-34,0.,1.));
#5704=DIRECTION('',(0.937566656445698,0.,0.347805642164176));
#5705=DIRECTION('',(-6.24894606333562E-34,0.,1.));
#5706=DIRECTION('',(0.,1.,0.));
#5707=DIRECTION('',(0.,1.,0.));
#5708=DIRECTION('',(0.,1.,0.));
#5709=DIRECTION('center_axis',(-0.750271324149928,0.,-0.661130047841054));
#5710=DIRECTION('ref_axis',(-0.661130047841054,-5.93939773183492E-18,0.750271324149928));
#5711=DIRECTION('',(-0.661130047841054,-5.93939773183492E-18,0.750271324149928));
#5712=DIRECTION('',(0.,1.,0.));
#5713=DIRECTION('',(0.,1.,0.));
#5714=DIRECTION('',(0.,1.,0.));
#5715=DIRECTION('',(0.,1.,0.));
#5716=DIRECTION('',(0.,1.,0.));
#5717=DIRECTION('center_axis',(-1.,0.,-6.24894606333562E-34));
#5718=DIRECTION('ref_axis',(-6.24894606333562E-34,-2.77555756156289E-17,
1.));
#5719=DIRECTION('',(-6.24894606333562E-34,-2.77555756156289E-17,1.));
#5720=DIRECTION('',(0.,1.,0.));
#5721=DIRECTION('',(0.,1.,0.));
#5722=DIRECTION('',(0.,1.,0.));
#5723=DIRECTION('center_axis',(-0.334410281265323,0.,0.942427590737903));
#5724=DIRECTION('ref_axis',(0.942427590737903,-3.0499753987999E-17,0.334410281265323));
#5725=DIRECTION('',(0.942427590737903,-3.0499753987999E-17,0.334410281265323));
#5726=DIRECTION('',(0.,1.,0.));
#5727=DIRECTION('',(0.,1.,0.));
#5728=DIRECTION('',(0.,1.,0.));
#5729=DIRECTION('center_axis',(-1.,0.,-6.24894606333562E-34));
#5730=DIRECTION('ref_axis',(-6.24894606333562E-34,-2.77555756156289E-17,
1.));
#5731=DIRECTION('',(-6.24894606333562E-34,-2.77555756156289E-17,1.));
#5732=DIRECTION('',(0.,1.,0.));
#5733=DIRECTION('',(0.,1.,0.));
#5734=DIRECTION('',(0.,1.,0.));
#5735=DIRECTION('',(0.,1.,0.));
#5736=DIRECTION('',(0.,1.,0.));
#5737=DIRECTION('',(0.,1.,0.));
#5738=DIRECTION('center_axis',(0.761939513855262,0.,0.647648189394526));
#5739=DIRECTION('ref_axis',(0.647648189394526,6.56678832347157E-18,-0.761939513855262));
#5740=DIRECTION('',(0.647648189394526,6.56678832347157E-18,-0.761939513855262));
#5741=DIRECTION('',(0.,1.,0.));
#5742=DIRECTION('',(0.,1.,0.));
#5743=DIRECTION('',(0.,1.,0.));
#5744=DIRECTION('',(0.,1.,0.));
#5745=DIRECTION('',(0.,1.,0.));
#5746=DIRECTION('center_axis',(1.,0.,6.24894606333562E-34));
#5747=DIRECTION('ref_axis',(6.24894606333562E-34,2.77555756156289E-17,-1.));
#5748=DIRECTION('',(6.24894606333562E-34,2.77555756156289E-17,-1.));
#5749=DIRECTION('',(0.,1.,0.));
#5750=DIRECTION('',(0.,1.,0.));
#5751=DIRECTION('',(0.,1.,0.));
#5752=DIRECTION('center_axis',(0.347805642164176,0.,-0.937566656445698));
#5753=DIRECTION('ref_axis',(-0.937566656445698,3.07621098889643E-17,-0.347805642164176));
#5754=DIRECTION('',(-0.937566656445698,3.07621098889643E-17,-0.347805642164176));
#5755=DIRECTION('',(0.,1.,0.));
#5756=DIRECTION('',(0.,1.,0.));
#5757=DIRECTION('',(0.,1.,0.));
#5758=DIRECTION('center_axis',(1.,0.,6.24894606333562E-34));
#5759=DIRECTION('ref_axis',(6.24894606333562E-34,2.77555756156289E-17,-1.));
#5760=DIRECTION('',(6.24894606333562E-34,2.77555756156289E-17,-1.));
#5761=DIRECTION('',(0.,1.,0.));
#5762=DIRECTION('',(0.,1.,0.));
#5763=DIRECTION('center_axis',(2.25142009298373E-17,1.,2.77555756156289E-17));
#5764=DIRECTION('ref_axis',(-1.,2.25142009298373E-17,0.));
#5765=DIRECTION('center_axis',(1.,0.,6.24894606333562E-34));
#5766=DIRECTION('ref_axis',(6.24894606333562E-34,2.77555756156289E-17,-1.));
#5767=DIRECTION('',(0.,1.,0.));
#5768=DIRECTION('',(6.24894606333562E-34,2.77555756156289E-17,-1.));
#5769=DIRECTION('',(0.,1.,0.));
#5770=DIRECTION('center_axis',(-1.07342121652164E-16,0.,1.));
#5771=DIRECTION('ref_axis',(1.,-2.25142009298373E-17,1.07342121652164E-16));
#5772=DIRECTION('',(1.,-2.25142009298373E-17,1.07342121652164E-16));
#5773=DIRECTION('',(0.,1.,0.));
#5774=DIRECTION('center_axis',(-0.958385743017504,0.,0.285476387080939));
#5775=DIRECTION('ref_axis',(0.285476387080939,-3.30278206987273E-17,0.958385743017504));
#5776=DIRECTION('',(0.285476387080939,-3.30278206987273E-17,0.958385743017504));
#5777=DIRECTION('',(0.,1.,0.));
#5778=DIRECTION('',(0.,1.,0.));
#5779=DIRECTION('',(0.,1.,0.));
#5780=DIRECTION('',(0.,1.,0.));
#5781=DIRECTION('center_axis',(-1.,0.,-6.24894606333562E-34));
#5782=DIRECTION('ref_axis',(-6.24894606333562E-34,-2.77555756156289E-17,
1.));
#5783=DIRECTION('',(-6.24894606333562E-34,-2.77555756156289E-17,1.));
#5784=DIRECTION('',(0.,1.,0.));
#5785=DIRECTION('center_axis',(0.,0.,-1.));
#5786=DIRECTION('ref_axis',(-1.,2.25142009298373E-17,0.));
#5787=DIRECTION('',(-1.,2.25142009298373E-17,0.));
#5788=DIRECTION('',(0.,1.,0.));
#5789=DIRECTION('center_axis',(1.,0.,6.24894606333562E-34));
#5790=DIRECTION('ref_axis',(6.24894606333562E-34,2.77555756156289E-17,-1.));
#5791=DIRECTION('',(6.24894606333562E-34,2.77555756156289E-17,-1.));
#5792=DIRECTION('',(0.,1.,0.));
#5793=DIRECTION('',(0.,1.,0.));
#5794=DIRECTION('',(0.,1.,0.));
#5795=DIRECTION('center_axis',(-1.,0.,-6.24894606333562E-34));
#5796=DIRECTION('ref_axis',(-6.24894606333562E-34,-2.77555756156289E-17,
1.));
#5797=DIRECTION('',(-6.24894606333562E-34,-2.77555756156289E-17,1.));
#5798=DIRECTION('',(0.,1.,0.));
#5799=DIRECTION('center_axis',(0.,0.,-1.));
#5800=DIRECTION('ref_axis',(-1.,2.25142009298373E-17,0.));
#5801=DIRECTION('',(-1.,2.25142009298373E-17,0.));
#5802=DIRECTION('center_axis',(2.25142009298373E-17,1.,2.77555756156289E-17));
#5803=DIRECTION('ref_axis',(-1.,2.25142009298373E-17,0.));
#5804=DIRECTION('',(0.,1.,0.));
#5805=DIRECTION('',(0.,1.,0.));
#5806=DIRECTION('',(0.,1.,0.));
#5807=DIRECTION('',(0.,1.,0.));
#5808=DIRECTION('center_axis',(0.995462536960971,0.,-0.0951542826531065));
#5809=DIRECTION('ref_axis',(-0.0951542826531065,2.97719583561326E-17,-0.995462536960971));
#5810=DIRECTION('',(-0.0951542826531065,2.97719583561326E-17,-0.995462536960971));
#5811=DIRECTION('',(0.,1.,0.));
#5812=DIRECTION('',(0.,1.,0.));
#5813=DIRECTION('',(0.,1.,0.));
#5814=DIRECTION('',(0.,1.,0.));
#5815=DIRECTION('center_axis',(-1.,0.,-6.24894606333562E-34));
#5816=DIRECTION('ref_axis',(-6.24894606333562E-34,-2.77555756156289E-17,
1.));
#5817=DIRECTION('',(-6.24894606333562E-34,-2.77555756156289E-17,1.));
#5818=DIRECTION('',(0.,1.,0.));
#5819=DIRECTION('center_axis',(0.,0.,-1.));
#5820=DIRECTION('ref_axis',(-1.,2.25142009298373E-17,0.));
#5821=DIRECTION('',(-1.,2.25142009298373E-17,0.));
#5822=DIRECTION('',(0.,1.,0.));
#5823=DIRECTION('center_axis',(1.,0.,6.24894606333562E-34));
#5824=DIRECTION('ref_axis',(6.24894606333562E-34,2.77555756156289E-17,-1.));
#5825=DIRECTION('',(6.24894606333562E-34,2.77555756156289E-17,-1.));
#5826=DIRECTION('center_axis',(2.25142009298373E-17,1.,2.77555756156289E-17));
#5827=DIRECTION('ref_axis',(-1.,2.25142009298373E-17,0.));
#5828=DIRECTION('',(0.,1.,0.));
#5829=DIRECTION('',(0.,1.,0.));
#5830=DIRECTION('',(0.,1.,0.));
#5831=DIRECTION('center_axis',(-1.,0.,-6.24894606333562E-34));
#5832=DIRECTION('ref_axis',(-6.24894606333562E-34,-2.77555756156289E-17,
1.));
#5833=DIRECTION('',(6.24894606333562E-34,0.,-1.));
#5834=DIRECTION('',(-6.24894606333562E-34,-2.77555756156289E-17,1.));
#5835=DIRECTION('',(0.,1.,0.));
#5836=DIRECTION('',(0.,1.,0.));
#5837=DIRECTION('',(0.,1.,0.));
#5838=DIRECTION('',(0.,1.,0.));
#5839=DIRECTION('',(0.,1.,0.));
#5840=DIRECTION('center_axis',(1.,0.,6.24894606333562E-34));
#5841=DIRECTION('ref_axis',(6.24894606333562E-34,2.77555756156289E-17,-1.));
#5842=DIRECTION('',(-6.24894606333562E-34,0.,1.));
#5843=DIRECTION('',(6.24894606333562E-34,2.77555756156289E-17,-1.));
#5844=DIRECTION('',(0.,1.,0.));
#5845=DIRECTION('',(0.,1.,0.));
#5846=DIRECTION('',(0.,1.,0.));
#5847=DIRECTION('',(0.,1.,0.));
#5848=DIRECTION('',(0.,1.,0.));
#5849=DIRECTION('center_axis',(-1.,0.,-6.24894606333562E-34));
#5850=DIRECTION('ref_axis',(-6.24894606333562E-34,-2.77555756156289E-17,
1.));
#5851=DIRECTION('',(-6.24894606333562E-34,-2.77555756156289E-17,1.));
#5852=DIRECTION('',(0.,1.,0.));
#5853=DIRECTION('',(0.,1.,0.));
#5854=DIRECTION('',(0.,1.,0.));
#5855=DIRECTION('',(0.,1.,0.));
#5856=DIRECTION('',(0.,1.,0.));
#5857=DIRECTION('center_axis',(1.,0.,6.24894606333562E-34));
#5858=DIRECTION('ref_axis',(6.24894606333562E-34,2.77555756156289E-17,-1.));
#5859=DIRECTION('',(6.24894606333562E-34,2.77555756156289E-17,-1.));
#5860=DIRECTION('',(0.,1.,0.));
#5861=DIRECTION('',(0.,1.,0.));
#5862=DIRECTION('center_axis',(2.25142009298373E-17,1.,2.77555756156289E-17));
#5863=DIRECTION('ref_axis',(-1.,2.25142009298373E-17,0.));
#5864=DIRECTION('center_axis',(0.,-1.,0.));
#5865=DIRECTION('ref_axis',(0.,0.,-1.));
#5866=DIRECTION('',(0.,1.,0.));
#5867=DIRECTION('',(0.,1.,0.));
#5868=DIRECTION('',(0.,1.,0.));
#5869=DIRECTION('center_axis',(0.,0.,-1.));
#5870=DIRECTION('ref_axis',(-1.,2.25142009298373E-17,0.));
#5871=DIRECTION('',(-1.,2.25142009298373E-17,0.));
#5872=DIRECTION('',(0.,1.,0.));
#5873=DIRECTION('center_axis',(1.,0.,6.24894606333562E-34));
#5874=DIRECTION('ref_axis',(6.24894606333562E-34,2.77555756156289E-17,-1.));
#5875=DIRECTION('',(6.24894606333562E-34,2.77555756156289E-17,-1.));
#5876=DIRECTION('',(0.,1.,0.));
#5877=DIRECTION('center_axis',(-7.61917776245135E-17,0.,1.));
#5878=DIRECTION('ref_axis',(1.,-2.25142009298373E-17,7.61917776245135E-17));
#5879=DIRECTION('',(1.,-2.25142009298373E-17,7.61917776245135E-17));
#5880=DIRECTION('',(0.,1.,0.));
#5881=DIRECTION('center_axis',(-1.,0.,-6.24894606333562E-34));
#5882=DIRECTION('ref_axis',(-6.24894606333562E-34,-2.77555756156289E-17,
1.));
#5883=DIRECTION('',(-6.24894606333562E-34,-2.77555756156289E-17,1.));
#5884=DIRECTION('',(0.,1.,0.));
#5885=DIRECTION('',(0.,1.,0.));
#5886=DIRECTION('',(0.,1.,0.));
#5887=DIRECTION('center_axis',(-0.55072280933612,0.,-0.834688197638454));
#5888=DIRECTION('ref_axis',(-0.834688197638454,3.50670921761566E-18,0.55072280933612));
#5889=DIRECTION('',(-0.834688197638454,3.50670921761566E-18,0.55072280933612));
#5890=DIRECTION('',(0.,1.,0.));
#5891=DIRECTION('',(0.,1.,0.));
#5892=DIRECTION('',(0.,1.,0.));
#5893=DIRECTION('center_axis',(-1.,0.,-6.24894606333562E-34));
#5894=DIRECTION('ref_axis',(-6.24894606333562E-34,-2.77555756156289E-17,
1.));
#5895=DIRECTION('',(-6.24894606333562E-34,-2.77555756156289E-17,1.));
#5896=DIRECTION('',(0.,1.,0.));
#5897=DIRECTION('',(0.,1.,0.));
#5898=DIRECTION('',(0.,1.,0.));
#5899=DIRECTION('',(0.,1.,0.));
#5900=DIRECTION('',(0.,1.,0.));
#5901=DIRECTION('center_axis',(-0.830049721116021,0.,0.557689394264599));
#5902=DIRECTION('ref_axis',(0.557689394264599,-3.55944388780799E-17,0.830049721116021));
#5903=DIRECTION('',(0.557689394264599,-3.55944388780799E-17,0.830049721116021));
#5904=DIRECTION('',(0.,1.,0.));
#5905=DIRECTION('',(0.,1.,0.));
#5906=DIRECTION('',(0.,1.,0.));
#5907=DIRECTION('',(0.,1.,0.));
#5908=DIRECTION('',(0.,1.,0.));
#5909=DIRECTION('',(0.,1.,0.));
#5910=DIRECTION('center_axis',(1.,0.,6.24894606333562E-34));
#5911=DIRECTION('ref_axis',(6.24894606333562E-34,2.77555756156289E-17,-1.));
#5912=DIRECTION('',(6.24894606333562E-34,2.77555756156289E-17,-1.));
#5913=DIRECTION('',(0.,1.,0.));
#5914=DIRECTION('',(0.,1.,0.));
#5915=DIRECTION('',(0.,1.,0.));
#5916=DIRECTION('center_axis',(0.55673876155536,0.,0.830687637672431));
#5917=DIRECTION('ref_axis',(0.830687637672431,-3.24966358998761E-18,-0.55673876155536));
#5918=DIRECTION('',(0.830687637672431,-3.24966358998761E-18,-0.55673876155536));
#5919=DIRECTION('center_axis',(2.25142009298373E-17,1.,2.77555756156289E-17));
#5920=DIRECTION('ref_axis',(-1.,2.25142009298373E-17,0.));
#5921=DIRECTION('',(0.,1.,0.));
#5922=DIRECTION('',(0.,1.,0.));
#5923=DIRECTION('',(0.,1.,0.));
#5924=DIRECTION('center_axis',(0.,0.,-1.));
#5925=DIRECTION('ref_axis',(-1.,2.25142009298373E-17,0.));
#5926=DIRECTION('',(-1.,2.25142009298373E-17,0.));
#5927=DIRECTION('',(0.,1.,0.));
#5928=DIRECTION('center_axis',(1.,0.,6.24894606333562E-34));
#5929=DIRECTION('ref_axis',(6.24894606333562E-34,2.77555756156289E-17,-1.));
#5930=DIRECTION('',(6.24894606333562E-34,2.77555756156289E-17,-1.));
#5931=DIRECTION('',(0.,1.,0.));
#5932=DIRECTION('center_axis',(-7.61917776245135E-17,0.,1.));
#5933=DIRECTION('ref_axis',(1.,-2.25142009298373E-17,7.61917776245135E-17));
#5934=DIRECTION('',(1.,-2.25142009298373E-17,7.61917776245135E-17));
#5935=DIRECTION('',(0.,1.,0.));
#5936=DIRECTION('center_axis',(-1.,0.,-6.24894606333562E-34));
#5937=DIRECTION('ref_axis',(-6.24894606333562E-34,-2.77555756156289E-17,
1.));
#5938=DIRECTION('',(-6.24894606333562E-34,-2.77555756156289E-17,1.));
#5939=DIRECTION('',(0.,1.,0.));
#5940=DIRECTION('',(0.,1.,0.));
#5941=DIRECTION('',(0.,1.,0.));
#5942=DIRECTION('center_axis',(-0.55072280933612,0.,-0.834688197638454));
#5943=DIRECTION('ref_axis',(-0.834688197638454,3.50670921761566E-18,0.55072280933612));
#5944=DIRECTION('',(-0.834688197638454,3.50670921761566E-18,0.55072280933612));
#5945=DIRECTION('',(0.,1.,0.));
#5946=DIRECTION('',(0.,1.,0.));
#5947=DIRECTION('',(0.,1.,0.));
#5948=DIRECTION('center_axis',(-1.,0.,-6.24894606333562E-34));
#5949=DIRECTION('ref_axis',(-6.24894606333562E-34,-2.77555756156289E-17,
1.));
#5950=DIRECTION('',(-6.24894606333562E-34,-2.77555756156289E-17,1.));
#5951=DIRECTION('',(0.,1.,0.));
#5952=DIRECTION('',(0.,1.,0.));
#5953=DIRECTION('',(0.,1.,0.));
#5954=DIRECTION('',(0.,1.,0.));
#5955=DIRECTION('',(0.,1.,0.));
#5956=DIRECTION('center_axis',(-0.830049721116021,0.,0.557689394264599));
#5957=DIRECTION('ref_axis',(0.557689394264599,-3.55944388780798E-17,0.830049721116021));
#5958=DIRECTION('',(0.557689394264599,-3.55944388780798E-17,0.830049721116021));
#5959=DIRECTION('',(0.,1.,0.));
#5960=DIRECTION('',(0.,1.,0.));
#5961=DIRECTION('',(0.,1.,0.));
#5962=DIRECTION('',(0.,1.,0.));
#5963=DIRECTION('',(0.,1.,0.));
#5964=DIRECTION('',(0.,1.,0.));
#5965=DIRECTION('center_axis',(1.,0.,6.24894606333562E-34));
#5966=DIRECTION('ref_axis',(6.24894606333562E-34,2.77555756156289E-17,-1.));
#5967=DIRECTION('',(6.24894606333562E-34,2.77555756156289E-17,-1.));
#5968=DIRECTION('',(0.,1.,0.));
#5969=DIRECTION('',(0.,1.,0.));
#5970=DIRECTION('',(0.,1.,0.));
#5971=DIRECTION('center_axis',(0.55673876155536,0.,0.830687637672431));
#5972=DIRECTION('ref_axis',(0.830687637672431,-3.24966358998761E-18,-0.55673876155536));
#5973=DIRECTION('',(0.830687637672431,-3.24966358998761E-18,-0.55673876155536));
#5974=DIRECTION('center_axis',(2.25142009298373E-17,1.,2.77555756156289E-17));
#5975=DIRECTION('ref_axis',(-1.,2.25142009298373E-17,0.));
#5976=DIRECTION('',(0.,1.,0.));
#5977=DIRECTION('',(0.,1.,0.));
#5978=DIRECTION('',(0.,1.,0.));
#5979=DIRECTION('',(0.,1.,0.));
#5980=DIRECTION('center_axis',(1.,0.,6.24894606333562E-34));
#5981=DIRECTION('ref_axis',(6.24894606333562E-34,2.77555756156289E-17,-1.));
#5982=DIRECTION('',(-6.24894606333562E-34,0.,1.));
#5983=DIRECTION('',(6.24894606333562E-34,2.77555756156289E-17,-1.));
#5984=DIRECTION('',(0.,1.,0.));
#5985=DIRECTION('',(0.,1.,0.));
#5986=DIRECTION('',(0.,1.,0.));
#5987=DIRECTION('',(0.,1.,0.));
#5988=DIRECTION('',(0.,1.,0.));
#5989=DIRECTION('center_axis',(-1.,0.,-6.24894606333562E-34));
#5990=DIRECTION('ref_axis',(-6.24894606333562E-34,-2.77555756156289E-17,
1.));
#5991=DIRECTION('',(6.24894606333562E-34,0.,-1.));
#5992=DIRECTION('',(-6.24894606333562E-34,-2.77555756156289E-17,1.));
#5993=DIRECTION('',(0.,1.,0.));
#5994=DIRECTION('',(0.,1.,0.));
#5995=DIRECTION('',(0.,1.,0.));
#5996=DIRECTION('',(0.,1.,0.));
#5997=DIRECTION('center_axis',(1.,0.,6.24894606333562E-34));
#5998=DIRECTION('ref_axis',(6.24894606333562E-34,2.77555756156289E-17,-1.));
#5999=DIRECTION('',(6.24894606333562E-34,2.77555756156289E-17,-1.));
#6000=DIRECTION('',(0.,1.,0.));
#6001=DIRECTION('',(0.,1.,0.));
#6002=DIRECTION('',(0.,1.,0.));
#6003=DIRECTION('',(0.,1.,0.));
#6004=DIRECTION('',(0.,1.,0.));
#6005=DIRECTION('',(0.,1.,0.));
#6006=DIRECTION('center_axis',(-1.,0.,-6.24894606333562E-34));
#6007=DIRECTION('ref_axis',(-6.24894606333562E-34,-2.77555756156289E-17,
1.));
#6008=DIRECTION('',(-6.24894606333562E-34,-2.77555756156289E-17,1.));
#6009=DIRECTION('',(0.,1.,0.));
#6010=DIRECTION('',(0.,1.,0.));
#6011=DIRECTION('',(0.,1.,0.));
#6012=DIRECTION('center_axis',(1.,0.,6.24894606333562E-34));
#6013=DIRECTION('ref_axis',(6.24894606333562E-34,2.77555756156289E-17,-1.));
#6014=DIRECTION('',(6.24894606333562E-34,2.77555756156289E-17,-1.));
#6015=DIRECTION('',(0.,1.,0.));
#6016=DIRECTION('',(0.,1.,0.));
#6017=DIRECTION('',(0.,1.,0.));
#6018=DIRECTION('center_axis',(2.25142009298373E-17,1.,2.77555756156289E-17));
#6019=DIRECTION('ref_axis',(-1.,2.25142009298373E-17,0.));
#6020=DIRECTION('center_axis',(0.,-1.,0.));
#6021=DIRECTION('ref_axis',(0.,0.,-1.));
#6022=DIRECTION('',(0.,1.,0.));
#6023=DIRECTION('',(0.,1.,0.));
#6024=DIRECTION('',(0.,1.,0.));
#6025=DIRECTION('center_axis',(1.,0.,6.24894606333562E-34));
#6026=DIRECTION('ref_axis',(6.24894606333562E-34,2.77555756156289E-17,-1.));
#6027=DIRECTION('',(6.24894606333562E-34,2.77555756156289E-17,-1.));
#6028=DIRECTION('',(0.,1.,0.));
#6029=DIRECTION('center_axis',(-8.91234149580048E-17,0.,1.));
#6030=DIRECTION('ref_axis',(1.,-2.25142009298373E-17,8.91234149580048E-17));
#6031=DIRECTION('',(1.,-2.25142009298373E-17,8.91234149580048E-17));
#6032=DIRECTION('',(0.,1.,0.));
#6033=DIRECTION('center_axis',(-1.,0.,-6.24894606333562E-34));
#6034=DIRECTION('ref_axis',(-6.24894606333562E-34,-2.77555756156289E-17,
1.));
#6035=DIRECTION('',(-6.24894606333562E-34,-2.77555756156289E-17,1.));
#6036=DIRECTION('',(0.,1.,0.));
#6037=DIRECTION('',(0.,1.,0.));
#6038=DIRECTION('',(0.,1.,0.));
#6039=DIRECTION('',(0.,1.,0.));
#6040=DIRECTION('center_axis',(1.,0.,6.24894606333562E-34));
#6041=DIRECTION('ref_axis',(6.24894606333562E-34,2.77555756156289E-17,-1.));
#6042=DIRECTION('',(6.24894606333562E-34,2.77555756156289E-17,-1.));
#6043=DIRECTION('',(0.,1.,0.));
#6044=DIRECTION('center_axis',(-8.91234149580048E-17,0.,1.));
#6045=DIRECTION('ref_axis',(1.,-2.25142009298373E-17,8.91234149580048E-17));
#6046=DIRECTION('',(1.,-2.25142009298373E-17,8.91234149580048E-17));
#6047=DIRECTION('',(0.,1.,0.));
#6048=DIRECTION('center_axis',(-1.,0.,-6.24894606333562E-34));
#6049=DIRECTION('ref_axis',(-6.24894606333562E-34,-2.77555756156289E-17,
1.));
#6050=DIRECTION('',(-6.24894606333562E-34,-2.77555756156289E-17,1.));
#6051=DIRECTION('',(0.,1.,0.));
#6052=DIRECTION('center_axis',(0.,0.,-1.));
#6053=DIRECTION('ref_axis',(-1.,2.25142009298373E-17,0.));
#6054=DIRECTION('',(-1.,2.25142009298373E-17,0.));
#6055=DIRECTION('',(0.,1.,0.));
#6056=DIRECTION('center_axis',(1.,0.,6.24894606333562E-34));
#6057=DIRECTION('ref_axis',(6.24894606333562E-34,2.77555756156289E-17,-1.));
#6058=DIRECTION('',(6.24894606333562E-34,2.77555756156289E-17,-1.));
#6059=DIRECTION('',(0.,1.,0.));
#6060=DIRECTION('',(0.,1.,0.));
#6061=DIRECTION('center_axis',(2.25142009298373E-17,1.,2.77555756156289E-17));
#6062=DIRECTION('ref_axis',(-1.,2.25142009298373E-17,0.));
#6063=DIRECTION('',(0.,1.,0.));
#6064=DIRECTION('',(0.,1.,0.));
#6065=DIRECTION('',(0.,1.,0.));
#6066=DIRECTION('center_axis',(1.,0.,6.24894606333562E-34));
#6067=DIRECTION('ref_axis',(6.24894606333562E-34,2.77555756156289E-17,-1.));
#6068=DIRECTION('',(6.24894606333562E-34,2.77555756156289E-17,-1.));
#6069=DIRECTION('',(0.,1.,0.));
#6070=DIRECTION('center_axis',(-8.91234149580048E-17,0.,1.));
#6071=DIRECTION('ref_axis',(1.,-2.25142009298373E-17,8.91234149580048E-17));
#6072=DIRECTION('',(1.,-2.25142009298373E-17,8.91234149580048E-17));
#6073=DIRECTION('',(0.,1.,0.));
#6074=DIRECTION('center_axis',(-1.,0.,-6.24894606333562E-34));
#6075=DIRECTION('ref_axis',(-6.24894606333562E-34,-2.77555756156289E-17,
1.));
#6076=DIRECTION('',(-6.24894606333562E-34,-2.77555756156289E-17,1.));
#6077=DIRECTION('',(0.,1.,0.));
#6078=DIRECTION('',(0.,1.,0.));
#6079=DIRECTION('',(0.,1.,0.));
#6080=DIRECTION('center_axis',(1.,0.,6.24894606333562E-34));
#6081=DIRECTION('ref_axis',(6.24894606333562E-34,2.77555756156289E-17,-1.));
#6082=DIRECTION('',(6.24894606333562E-34,2.77555756156289E-17,-1.));
#6083=DIRECTION('',(0.,1.,0.));
#6084=DIRECTION('center_axis',(-8.91234149580048E-17,0.,1.));
#6085=DIRECTION('ref_axis',(1.,-2.25142009298373E-17,8.91234149580048E-17));
#6086=DIRECTION('',(1.,-2.25142009298373E-17,8.91234149580048E-17));
#6087=DIRECTION('',(0.,1.,0.));
#6088=DIRECTION('center_axis',(-1.,0.,-6.24894606333562E-34));
#6089=DIRECTION('ref_axis',(-6.24894606333562E-34,-2.77555756156289E-17,
1.));
#6090=DIRECTION('',(-6.24894606333562E-34,-2.77555756156289E-17,1.));
#6091=DIRECTION('',(0.,1.,0.));
#6092=DIRECTION('center_axis',(0.,0.,-1.));
#6093=DIRECTION('ref_axis',(-1.,2.25142009298373E-17,0.));
#6094=DIRECTION('',(-1.,2.25142009298373E-17,0.));
#6095=DIRECTION('',(0.,1.,0.));
#6096=DIRECTION('center_axis',(0.975132964790393,0.,-0.221620623993116));
#6097=DIRECTION('ref_axis',(-0.221620623993116,3.20549879983091E-17,-0.975132964790393));
#6098=DIRECTION('',(-0.221620623993116,3.20549879983091E-17,-0.975132964790393));
#6099=DIRECTION('',(0.,1.,0.));
#6100=DIRECTION('',(0.,1.,0.));
#6101=DIRECTION('center_axis',(2.25142009298373E-17,1.,2.77555756156289E-17));
#6102=DIRECTION('ref_axis',(-1.,2.25142009298373E-17,0.));
#6103=DIRECTION('center_axis',(0.,1.,0.));
#6104=DIRECTION('ref_axis',(-0.707106781186547,0.,0.707106781186548));
#6105=DIRECTION('center_axis',(0.,-1.,0.));
#6106=DIRECTION('ref_axis',(-0.707106781186547,0.,0.707106781186548));
#6107=DIRECTION('',(0.,-1.,0.));
#6108=DIRECTION('center_axis',(0.,1.,0.));
#6109=DIRECTION('ref_axis',(-0.707106781186547,0.,0.707106781186548));
#6110=DIRECTION('',(0.,1.,0.));
#6111=DIRECTION('center_axis',(0.,0.,1.));
#6112=DIRECTION('ref_axis',(1.,0.,0.));
#6113=DIRECTION('',(-1.,0.,0.));
#6114=DIRECTION('',(0.,-1.,0.));
#6115=DIRECTION('',(1.,0.,0.));
#6116=DIRECTION('center_axis',(0.,1.,0.));
#6117=DIRECTION('ref_axis',(1.,0.,0.));
#6118=DIRECTION('',(0.,0.,-1.));
#6119=DIRECTION('center_axis',(0.,1.,0.));
#6120=DIRECTION('ref_axis',(-0.707106781186548,0.,-0.707106781186547));
#6121=DIRECTION('',(1.,0.,0.));
#6122=DIRECTION('',(0.,0.,1.));
#6123=DIRECTION('',(1.,0.,0.));
#6124=DIRECTION('',(0.,0.,-1.));
#6125=DIRECTION('',(1.,0.,0.));
#6126=DIRECTION('center_axis',(0.,1.,0.));
#6127=DIRECTION('ref_axis',(0.707106781186548,0.,-0.707106781186547));
#6128=DIRECTION('',(0.,0.,1.));
#6129=DIRECTION('center_axis',(0.,1.,0.));
#6130=DIRECTION('ref_axis',(0.707106781186545,0.,0.70710678118655));
#6131=DIRECTION('',(1.,0.,0.));
#6132=DIRECTION('',(0.,0.,-1.));
#6133=DIRECTION('',(-1.,0.,0.));
#6134=DIRECTION('',(0.,0.,1.));
#6135=DIRECTION('',(0.,0.,-1.));
#6136=DIRECTION('',(-1.,0.,0.));
#6137=DIRECTION('',(0.,0.,1.));
#6138=DIRECTION('',(1.,0.,0.));
#6139=DIRECTION('',(1.,0.,0.));
#6140=DIRECTION('',(0.,0.,-1.));
#6141=DIRECTION('',(-1.,0.,0.));
#6142=DIRECTION('',(0.,0.,1.));
#6143=DIRECTION('',(1.,0.,0.));
#6144=DIRECTION('',(0.,0.,-1.));
#6145=DIRECTION('',(-1.,0.,0.));
#6146=DIRECTION('',(0.,0.,1.));
#6147=DIRECTION('',(1.,0.,0.));
#6148=DIRECTION('',(0.,0.,-1.));
#6149=DIRECTION('',(-1.,0.,0.));
#6150=DIRECTION('',(0.,0.,1.));
#6151=DIRECTION('',(1.,0.,0.));
#6152=DIRECTION('',(0.,0.,-1.));
#6153=DIRECTION('',(-1.,0.,0.));
#6154=DIRECTION('',(0.,0.,1.));
#6155=DIRECTION('',(1.,0.,0.));
#6156=DIRECTION('',(0.,0.,-1.));
#6157=DIRECTION('',(-1.,0.,0.));
#6158=DIRECTION('',(0.,0.,1.));
#6159=DIRECTION('',(0.,0.,-1.));
#6160=DIRECTION('',(-1.,0.,0.));
#6161=DIRECTION('',(0.,0.,1.));
#6162=DIRECTION('',(1.,0.,0.));
#6163=DIRECTION('',(1.,0.,0.));
#6164=DIRECTION('',(0.,0.,-1.));
#6165=DIRECTION('',(-1.,0.,0.));
#6166=DIRECTION('',(0.,0.,1.));
#6167=DIRECTION('',(1.,0.,0.));
#6168=DIRECTION('',(0.,0.,-1.));
#6169=DIRECTION('',(-1.,0.,0.));
#6170=DIRECTION('',(0.,0.,1.));
#6171=DIRECTION('',(1.,0.,0.));
#6172=DIRECTION('',(0.,0.,-1.));
#6173=DIRECTION('',(-1.,0.,0.));
#6174=DIRECTION('',(0.,0.,1.));
#6175=DIRECTION('center_axis',(0.,-1.,0.));
#6176=DIRECTION('ref_axis',(1.,0.,0.));
#6177=DIRECTION('center_axis',(0.,-1.,0.));
#6178=DIRECTION('ref_axis',(1.,0.,0.));
#6179=DIRECTION('center_axis',(0.,-1.,0.));
#6180=DIRECTION('ref_axis',(1.,0.,0.));
#6181=DIRECTION('center_axis',(0.,-1.,0.));
#6182=DIRECTION('ref_axis',(1.,0.,0.));
#6183=DIRECTION('center_axis',(0.,1.,0.));
#6184=DIRECTION('ref_axis',(-0.707106781186548,0.,-0.707106781186547));
#6185=DIRECTION('center_axis',(0.,-1.,0.));
#6186=DIRECTION('ref_axis',(-0.707106781186548,0.,-0.707106781186547));
#6187=DIRECTION('',(0.,-1.,0.));
#6188=DIRECTION('',(0.,1.,0.));
#6189=DIRECTION('center_axis',(0.,0.,-1.));
#6190=DIRECTION('ref_axis',(-1.,0.,0.));
#6191=DIRECTION('',(-1.,0.,0.));
#6192=DIRECTION('',(0.,1.,0.));
#6193=DIRECTION('',(0.,1.,0.));
#6194=DIRECTION('',(-1.,0.,0.));
#6195=DIRECTION('',(0.,-1.,0.));
#6196=DIRECTION('center_axis',(0.,1.,0.));
#6197=DIRECTION('ref_axis',(0.707106781186548,0.,-0.707106781186547));
#6198=DIRECTION('center_axis',(0.,-1.,0.));
#6199=DIRECTION('ref_axis',(0.707106781186548,0.,-0.707106781186547));
#6200=DIRECTION('',(0.,-1.,0.));
#6201=DIRECTION('center_axis',(0.,1.,0.));
#6202=DIRECTION('ref_axis',(0.707106781186545,0.,0.70710678118655));
#6203=DIRECTION('center_axis',(0.,-1.,0.));
#6204=DIRECTION('ref_axis',(0.707106781186545,0.,0.70710678118655));
#6205=DIRECTION('',(0.,1.,0.));
#6206=DIRECTION('center_axis',(-1.,0.,0.));
#6207=DIRECTION('ref_axis',(0.,0.,1.));
#6208=DIRECTION('',(0.,0.,1.));
#6209=DIRECTION('',(0.,1.,0.));
#6210=DIRECTION('',(0.,1.,0.));
#6211=DIRECTION('center_axis',(1.,0.,0.));
#6212=DIRECTION('ref_axis',(0.,0.,-1.));
#6213=DIRECTION('',(0.,1.,0.));
#6214=DIRECTION('',(0.,-1.,0.));
#6215=DIRECTION('',(0.,0.,-1.));
#6216=DIRECTION('center_axis',(0.,0.,1.));
#6217=DIRECTION('ref_axis',(1.,0.,0.));
#6218=DIRECTION('center_axis',(0.,1.,0.));
#6219=DIRECTION('ref_axis',(0.,0.,1.));
#6220=DIRECTION('',(1.,0.,0.));
#6221=DIRECTION('center_axis',(0.,0.,-1.));
#6222=DIRECTION('ref_axis',(1.,0.,0.));
#6223=DIRECTION('',(0.,-1.,0.));
#6224=DIRECTION('',(1.,0.,0.));
#6225=DIRECTION('',(0.,-1.,0.));
#6226=DIRECTION('center_axis',(0.,0.,-1.));
#6227=DIRECTION('ref_axis',(1.,0.,0.));
#6228=DIRECTION('',(0.,-1.,0.));
#6229=DIRECTION('',(0.,-1.,0.));
#6230=DIRECTION('center_axis',(1.,0.,0.));
#6231=DIRECTION('ref_axis',(0.,0.,1.));
#6232=DIRECTION('',(0.,-1.,0.));
#6233=DIRECTION('center_axis',(0.,0.,1.));
#6234=DIRECTION('ref_axis',(-1.,0.,0.));
#6235=DIRECTION('',(0.,-1.,0.));
#6236=DIRECTION('center_axis',(-1.,0.,0.));
#6237=DIRECTION('ref_axis',(0.,0.,-1.));
#6238=DIRECTION('center_axis',(-1.,0.,0.));
#6239=DIRECTION('ref_axis',(0.,0.,-1.));
#6240=DIRECTION('',(0.,-1.,0.));
#6241=DIRECTION('',(0.,-1.,0.));
#6242=DIRECTION('center_axis',(0.,0.,-1.));
#6243=DIRECTION('ref_axis',(1.,0.,0.));
#6244=DIRECTION('',(0.,-1.,0.));
#6245=DIRECTION('center_axis',(1.,0.,0.));
#6246=DIRECTION('ref_axis',(0.,0.,1.));
#6247=DIRECTION('',(0.,-1.,0.));
#6248=DIRECTION('center_axis',(0.,0.,1.));
#6249=DIRECTION('ref_axis',(-1.,0.,0.));
#6250=DIRECTION('center_axis',(0.,0.,-1.));
#6251=DIRECTION('ref_axis',(1.,0.,0.));
#6252=DIRECTION('',(0.,-1.,0.));
#6253=DIRECTION('',(0.,-1.,0.));
#6254=DIRECTION('center_axis',(1.,0.,0.));
#6255=DIRECTION('ref_axis',(0.,0.,1.));
#6256=DIRECTION('',(0.,-1.,0.));
#6257=DIRECTION('center_axis',(0.,0.,1.));
#6258=DIRECTION('ref_axis',(-1.,0.,0.));
#6259=DIRECTION('',(0.,-1.,0.));
#6260=DIRECTION('center_axis',(-1.,0.,0.));
#6261=DIRECTION('ref_axis',(0.,0.,-1.));
#6262=DIRECTION('center_axis',(0.,0.,-1.));
#6263=DIRECTION('ref_axis',(1.,0.,0.));
#6264=DIRECTION('',(0.,-1.,0.));
#6265=DIRECTION('',(0.,-1.,0.));
#6266=DIRECTION('center_axis',(1.,0.,0.));
#6267=DIRECTION('ref_axis',(0.,0.,1.));
#6268=DIRECTION('',(0.,-1.,0.));
#6269=DIRECTION('center_axis',(0.,0.,1.));
#6270=DIRECTION('ref_axis',(-1.,0.,0.));
#6271=DIRECTION('',(0.,-1.,0.));
#6272=DIRECTION('center_axis',(-1.,0.,0.));
#6273=DIRECTION('ref_axis',(0.,0.,-1.));
#6274=DIRECTION('center_axis',(0.,0.,-1.));
#6275=DIRECTION('ref_axis',(1.,0.,0.));
#6276=DIRECTION('',(0.,-1.,0.));
#6277=DIRECTION('',(0.,-1.,0.));
#6278=DIRECTION('center_axis',(1.,0.,0.));
#6279=DIRECTION('ref_axis',(0.,0.,1.));
#6280=DIRECTION('',(0.,-1.,0.));
#6281=DIRECTION('center_axis',(0.,0.,1.));
#6282=DIRECTION('ref_axis',(-1.,0.,0.));
#6283=DIRECTION('',(0.,-1.,0.));
#6284=DIRECTION('center_axis',(-1.,0.,0.));
#6285=DIRECTION('ref_axis',(0.,0.,-1.));
#6286=DIRECTION('center_axis',(0.,0.,-1.));
#6287=DIRECTION('ref_axis',(1.,0.,0.));
#6288=DIRECTION('',(0.,-1.,0.));
#6289=DIRECTION('',(0.,-1.,0.));
#6290=DIRECTION('center_axis',(1.,0.,0.));
#6291=DIRECTION('ref_axis',(0.,0.,1.));
#6292=DIRECTION('',(0.,-1.,0.));
#6293=DIRECTION('center_axis',(0.,0.,1.));
#6294=DIRECTION('ref_axis',(-1.,0.,0.));
#6295=DIRECTION('',(0.,-1.,0.));
#6296=DIRECTION('center_axis',(-1.,0.,0.));
#6297=DIRECTION('ref_axis',(0.,0.,-1.));
#6298=DIRECTION('center_axis',(0.,0.,-1.));
#6299=DIRECTION('ref_axis',(1.,0.,0.));
#6300=DIRECTION('',(0.,-1.,0.));
#6301=DIRECTION('',(0.,-1.,0.));
#6302=DIRECTION('center_axis',(1.,0.,0.));
#6303=DIRECTION('ref_axis',(0.,0.,1.));
#6304=DIRECTION('',(0.,-1.,0.));
#6305=DIRECTION('center_axis',(0.,0.,1.));
#6306=DIRECTION('ref_axis',(-1.,0.,0.));
#6307=DIRECTION('',(0.,-1.,0.));
#6308=DIRECTION('center_axis',(-1.,0.,0.));
#6309=DIRECTION('ref_axis',(0.,0.,-1.));
#6310=DIRECTION('center_axis',(-1.,0.,0.));
#6311=DIRECTION('ref_axis',(0.,0.,-1.));
#6312=DIRECTION('',(0.,-1.,0.));
#6313=DIRECTION('',(0.,-1.,0.));
#6314=DIRECTION('center_axis',(0.,0.,-1.));
#6315=DIRECTION('ref_axis',(1.,0.,0.));
#6316=DIRECTION('',(0.,-1.,0.));
#6317=DIRECTION('center_axis',(1.,0.,0.));
#6318=DIRECTION('ref_axis',(0.,0.,1.));
#6319=DIRECTION('',(0.,-1.,0.));
#6320=DIRECTION('center_axis',(0.,0.,1.));
#6321=DIRECTION('ref_axis',(-1.,0.,0.));
#6322=DIRECTION('center_axis',(1.,0.,0.));
#6323=DIRECTION('ref_axis',(0.,0.,1.));
#6324=DIRECTION('',(0.,0.,1.));
#6325=DIRECTION('',(0.,-1.,0.));
#6326=DIRECTION('center_axis',(-1.,0.,0.));
#6327=DIRECTION('ref_axis',(0.,0.,-1.));
#6328=DIRECTION('',(0.,0.,-1.));
#6329=DIRECTION('',(0.,-1.,0.));
#6330=DIRECTION('center_axis',(0.,0.,1.));
#6331=DIRECTION('ref_axis',(-1.,0.,0.));
#6332=DIRECTION('',(-1.,0.,0.));
#6333=DIRECTION('center_axis',(0.,-1.,0.));
#6334=DIRECTION('ref_axis',(0.,0.,-1.));
#6335=DIRECTION('center_axis',(0.,0.,-1.));
#6336=DIRECTION('ref_axis',(1.,0.,0.));
#6337=DIRECTION('',(0.,-1.,0.));
#6338=DIRECTION('',(0.,-1.,0.));
#6339=DIRECTION('center_axis',(-1.,0.,0.));
#6340=DIRECTION('ref_axis',(0.,0.,-1.));
#6341=DIRECTION('',(0.,-1.,0.));
#6342=DIRECTION('center_axis',(0.,0.,-1.));
#6343=DIRECTION('ref_axis',(1.,0.,0.));
#6344=DIRECTION('',(0.,-1.,0.));
#6345=DIRECTION('',(0.,-1.,0.));
#6346=DIRECTION('center_axis',(-1.,0.,0.));
#6347=DIRECTION('ref_axis',(0.,0.,-1.));
#6348=DIRECTION('',(0.,-1.,0.));
#6349=DIRECTION('center_axis',(0.,0.,-1.));
#6350=DIRECTION('ref_axis',(1.,0.,0.));
#6351=DIRECTION('',(0.,-1.,0.));
#6352=DIRECTION('',(0.,-1.,0.));
#6353=DIRECTION('center_axis',(-1.,0.,0.));
#6354=DIRECTION('ref_axis',(0.,0.,-1.));
#6355=DIRECTION('',(0.,-1.,0.));
#6356=DIRECTION('center_axis',(0.,0.,1.));
#6357=DIRECTION('ref_axis',(-1.,0.,0.));
#6358=DIRECTION('',(0.,-1.,0.));
#6359=DIRECTION('center_axis',(1.,0.,0.));
#6360=DIRECTION('ref_axis',(0.,0.,1.));
#6361=DIRECTION('center_axis',(0.,0.,1.));
#6362=DIRECTION('ref_axis',(-1.,0.,0.));
#6363=DIRECTION('',(0.,-1.,0.));
#6364=DIRECTION('center_axis',(1.,0.,0.));
#6365=DIRECTION('ref_axis',(0.,0.,1.));
#6366=DIRECTION('center_axis',(0.,0.,1.));
#6367=DIRECTION('ref_axis',(-1.,0.,0.));
#6368=DIRECTION('',(0.,-1.,0.));
#6369=DIRECTION('center_axis',(1.,0.,0.));
#6370=DIRECTION('ref_axis',(0.,0.,1.));
#6371=DIRECTION('center_axis',(0.,1.,0.));
#6372=DIRECTION('ref_axis',(1.,0.,0.));
#6373=DIRECTION('center_axis',(0.,1.,0.));
#6374=DIRECTION('ref_axis',(1.,0.,0.));
#6375=DIRECTION('center_axis',(0.,1.,0.));
#6376=DIRECTION('ref_axis',(1.,0.,0.));
#6377=DIRECTION('center_axis',(0.,1.,0.));
#6378=DIRECTION('ref_axis',(1.,0.,0.));
#6379=DIRECTION('center_axis',(0.,1.,0.));
#6380=DIRECTION('ref_axis',(1.,0.,0.));
#6381=DIRECTION('center_axis',(0.,1.,0.));
#6382=DIRECTION('ref_axis',(1.,0.,0.));
#6383=DIRECTION('center_axis',(0.,1.,0.));
#6384=DIRECTION('ref_axis',(1.,0.,0.));
#6385=DIRECTION('center_axis',(0.,1.,0.));
#6386=DIRECTION('ref_axis',(1.,0.,0.));
#6387=DIRECTION('center_axis',(0.,1.,0.));
#6388=DIRECTION('ref_axis',(1.,0.,0.));
#6389=DIRECTION('',(0.,-1.,0.));
#6390=DIRECTION('center_axis',(0.,1.,0.));
#6391=DIRECTION('ref_axis',(1.,0.,0.));
#6392=DIRECTION('',(0.,-1.,0.));
#6393=DIRECTION('center_axis',(0.,1.,0.));
#6394=DIRECTION('ref_axis',(1.,0.,0.));
#6395=DIRECTION('',(0.,-1.,0.));
#6396=DIRECTION('center_axis',(0.,1.,0.));
#6397=DIRECTION('ref_axis',(1.,0.,0.));
#6398=DIRECTION('',(0.,-1.,0.));
#6399=DIRECTION('center_axis',(-1.,0.,0.));
#6400=DIRECTION('ref_axis',(0.,0.,1.));
#6401=DIRECTION('',(0.,0.,1.));
#6402=DIRECTION('center_axis',(1.,0.,0.));
#6403=DIRECTION('ref_axis',(0.,0.,-1.));
#6404=DIRECTION('',(0.,0.,-1.));
#6405=DIRECTION('center_axis',(0.,1.,0.));
#6406=DIRECTION('ref_axis',(1.,0.,0.));
#6407=DIRECTION('',(0.,0.,1.));
#6408=DIRECTION('',(1.,0.,0.));
#6409=CARTESIAN_POINT('',(0.,0.,0.));
#6410=CARTESIAN_POINT('',(0.,0.,0.));
#6411=CARTESIAN_POINT('Origin',(-1.86309685156912,1.50000000000001,-1.33266307234987));
#6412=CARTESIAN_POINT('',(-1.67023969040484,1.50000000000001,-2.3290916514419));
#6413=CARTESIAN_POINT('',(-1.86309685156912,1.50000000000001,-1.33266307234987));
#6414=CARTESIAN_POINT('',(-4.5626751941961,1.5,12.6151571478182));
#6415=CARTESIAN_POINT('',(-1.67023969040484,2.20000000000001,-2.3290916514419));
#6416=CARTESIAN_POINT('',(-1.67023969040484,1.50000000000001,-2.3290916514419));
#6417=CARTESIAN_POINT('',(-1.86309685156912,2.20000000000001,-1.33266307234987));
#6418=CARTESIAN_POINT('',(-1.67023969040484,2.20000000000001,-2.3290916514419));
#6419=CARTESIAN_POINT('',(-1.86309685156912,1.50000000000001,-1.33266307234987));
#6420=CARTESIAN_POINT('Origin',(-1.47738267825216,1.50000000000001,-1.33266307234987));
#6421=CARTESIAN_POINT('',(-1.47738267825216,1.50000000000001,-1.33266307234987));
#6422=CARTESIAN_POINT('',(17.9509817679015,1.5,-1.33266307234987));
#6423=CARTESIAN_POINT('',(-1.47738267825216,2.20000000000001,-1.33266307234987));
#6424=CARTESIAN_POINT('',(-1.86309685156912,2.20000000000001,-1.33266307234987));
#6425=CARTESIAN_POINT('',(-1.47738267825216,1.50000000000001,-1.33266307234987));
#6426=CARTESIAN_POINT('Origin',(-1.67023969040484,1.50000000000001,-2.3290916514419));
#6427=CARTESIAN_POINT('',(2.53577904806998,1.5,19.4020200589022));
#6428=CARTESIAN_POINT('',(-1.47738267825216,2.20000000000001,-1.33266307234987));
#6429=CARTESIAN_POINT('Origin',(-1.97738257394404,1.50000000000001,-0.775520278217637));
#6430=CARTESIAN_POINT('',(-1.35238264844984,1.50000000000001,-0.775520278217637));
#6431=CARTESIAN_POINT('',(-1.97738257394404,1.50000000000001,-0.775520278217637));
#6432=CARTESIAN_POINT('',(17.7009818200555,1.5,-0.775520278217638));
#6433=CARTESIAN_POINT('',(-1.35238264844984,2.20000000000001,-0.775520278217637));
#6434=CARTESIAN_POINT('',(-1.35238264844984,1.50000000000001,-0.775520278217637));
#6435=CARTESIAN_POINT('',(-1.97738257394404,2.20000000000001,-0.775520278217637));
#6436=CARTESIAN_POINT('',(-1.35238264844984,2.20000000000001,-0.775520278217637));
#6437=CARTESIAN_POINT('',(-1.97738257394404,1.50000000000001,-0.775520278217637));
#6438=CARTESIAN_POINT('Origin',(-2.07738255308241,1.50000000000001,-0.332663131954514));
#6439=CARTESIAN_POINT('',(-2.07738255308241,1.50000000000001,-0.332663131954514));
#6440=CARTESIAN_POINT('',(-4.93773944499403,1.5,12.33463441511));
#6441=CARTESIAN_POINT('',(-2.07738255308241,2.20000000000001,-0.332663131954514));
#6442=CARTESIAN_POINT('',(-1.97738257394404,2.20000000000001,-0.775520278217637));
#6443=CARTESIAN_POINT('',(-2.07738255308241,1.50000000000001,-0.332663131954514));
#6444=CARTESIAN_POINT('Origin',(-2.85595401115016,1.50000000000001,-0.332663131954514));
#6445=CARTESIAN_POINT('',(-2.85595401115016,1.50000000000001,-0.332663131954514));
#6446=CARTESIAN_POINT('',(17.2616961014525,1.5,-0.332663131954514));
#6447=CARTESIAN_POINT('',(-2.85595401115016,2.20000000000001,-0.332663131954514));
#6448=CARTESIAN_POINT('',(-2.07738255308241,2.20000000000001,-0.332663131954514));
#6449=CARTESIAN_POINT('',(-2.85595401115016,1.50000000000001,-0.332663131954514));
#6450=CARTESIAN_POINT('Origin',(-2.19523971126646,1.50000000000001,-2.83266313195451));
#6451=CARTESIAN_POINT('',(-2.19523971126646,1.50000000000001,-2.83266313195451));
#6452=CARTESIAN_POINT('',(-5.60142548414901,1.5,10.0556070836369));
#6453=CARTESIAN_POINT('',(-2.19523971126646,2.20000000000001,-2.83266313195451));
#6454=CARTESIAN_POINT('',(-2.85595401115016,2.20000000000001,-0.332663131954514));
#6455=CARTESIAN_POINT('',(-2.19523971126646,1.50000000000001,-2.83266313195451));
#6456=CARTESIAN_POINT('Origin',(-1.14881117985815,1.50000000000001,-2.83266313195451));
#6457=CARTESIAN_POINT('',(-1.14881117985815,1.50000000000001,-2.83266313195451));
#6458=CARTESIAN_POINT('',(18.1152675170985,1.5,-2.83266313195452));
#6459=CARTESIAN_POINT('',(-1.14881117985815,2.20000000000001,-2.83266313195451));
#6460=CARTESIAN_POINT('',(-2.19523971126646,2.20000000000001,-2.83266313195451));
#6461=CARTESIAN_POINT('',(-1.14881117985815,1.50000000000001,-2.83266313195451));
#6462=CARTESIAN_POINT('Origin',(-0.438097018462125,1.50000000000001,-0.332663131954514));
#6463=CARTESIAN_POINT('',(-0.438097018462125,1.50000000000001,-0.332663131954514));
#6464=CARTESIAN_POINT('',(5.64928320391219,1.5,21.0802358681763));
#6465=CARTESIAN_POINT('',(-0.438097018462125,2.20000000000001,-0.332663131954514));
#6466=CARTESIAN_POINT('',(-1.14881117985815,2.20000000000001,-2.83266313195451));
#6467=CARTESIAN_POINT('',(-0.438097018462125,1.50000000000001,-0.332663131954514));
#6468=CARTESIAN_POINT('Origin',(-1.23809700058073,1.50000000000001,-0.332663131954514));
#6469=CARTESIAN_POINT('',(-1.23809700058073,1.50000000000001,-0.332663131954514));
#6470=CARTESIAN_POINT('',(18.0706246067372,1.5,-0.332663131954514));
#6471=CARTESIAN_POINT('',(-1.23809700058073,2.20000000000001,-0.332663131954514));
#6472=CARTESIAN_POINT('',(-0.438097018462125,2.20000000000001,-0.332663131954514));
#6473=CARTESIAN_POINT('',(-1.23809700058073,1.50000000000001,-0.332663131954514));
#6474=CARTESIAN_POINT('Origin',(-1.35238264844984,1.50000000000001,-0.775520278217637));
#6475=CARTESIAN_POINT('',(4.20935769473618,1.5,20.7762362420827));
#6476=CARTESIAN_POINT('',(-1.23809700058073,2.20000000000001,-0.332663131954514));
#6477=CARTESIAN_POINT('Origin',(7.90118915918983,2.20000000000001,-1.61837734103426));
#6478=CARTESIAN_POINT('Origin',(37.3793462140551,1.5,35.2032877509258));
#6479=CARTESIAN_POINT('',(87.8793462140551,1.5,85.7032877509258));
#6480=CARTESIAN_POINT('',(-13.1206537859449,1.5,85.7032877509258));
#6481=CARTESIAN_POINT('',(87.8793462140551,1.5,85.7032877509258));
#6482=CARTESIAN_POINT('',(87.8793462140551,1.5,-15.2967122490742));
#6483=CARTESIAN_POINT('',(87.8793462140551,1.5,-15.2967122490742));
#6484=CARTESIAN_POINT('',(11.5793462140551,1.5,-15.2967122490742));
#6485=CARTESIAN_POINT('',(-13.1206537859449,1.5,-15.2967122490742));
#6486=CARTESIAN_POINT('',(-7.42065378594489,1.5,-15.2967122490742));
#6487=CARTESIAN_POINT('',(-13.1206537859449,1.5,-15.2967122490742));
#6488=CARTESIAN_POINT('',(-13.1206537859449,1.5,-15.2967122490742));
#6489=CARTESIAN_POINT('',(-13.1206537859449,1.5,-15.2967122490742));
#6490=CARTESIAN_POINT('',(-13.1206537859449,1.5,85.7032877509258));
#6491=CARTESIAN_POINT('',(13.3190448100749,1.50000000000001,-0.261234415771804));
#6492=CARTESIAN_POINT('',(12.5636882598582,1.50000000000001,-0.509448720218978));
#6493=CARTESIAN_POINT('Ctrl Pts',(13.3190448100749,1.50000000000001,-0.261234415771804));
#6494=CARTESIAN_POINT('Ctrl Pts',(13.1696462428484,1.50000000000001,-0.267751377479182));
#6495=CARTESIAN_POINT('Ctrl Pts',(12.8933897944886,1.50000000000001,-0.279802046563903));
#6496=CARTESIAN_POINT('Ctrl Pts',(12.6674435348002,1.50000000000001,-0.437180164383117));
#6497=CARTESIAN_POINT('Ctrl Pts',(12.5636882598582,1.50000000000001,-0.509448720218978));
#6498=CARTESIAN_POINT('',(12.2976167018595,1.50000000000001,-1.18266321540102));
#6499=CARTESIAN_POINT('Ctrl Pts',(12.5636882598582,1.50000000000001,-0.509448720218978));
#6500=CARTESIAN_POINT('Ctrl Pts',(12.4861249533238,1.50000000000001,-0.602431762184084));
#6501=CARTESIAN_POINT('Ctrl Pts',(12.323865522044,1.50000000000001,-0.79694868238813));
#6502=CARTESIAN_POINT('Ctrl Pts',(12.3066190235102,1.50000000000001,-1.05037817298299));
#6503=CARTESIAN_POINT('Ctrl Pts',(12.2976167018595,1.50000000000001,-1.18266321540102));
#6504=CARTESIAN_POINT('',(12.2976167018595,1.50000000000001,-1.98266304850801));
#6505=CARTESIAN_POINT('',(12.2976167018595,1.5,16.6103123512089));
#6506=CARTESIAN_POINT('',(12.5636882598582,1.50000000000001,-2.65587739467844));
#6507=CARTESIAN_POINT('Ctrl Pts',(12.2976167018595,1.50000000000001,-1.98266304850801));
#6508=CARTESIAN_POINT('Ctrl Pts',(12.3066190147305,1.50000000000001,-2.11494809631316));
#6509=CARTESIAN_POINT('Ctrl Pts',(12.323865493578,1.50000000000001,-2.36837755510977));
#6510=CARTESIAN_POINT('Ctrl Pts',(12.4861249536409,1.50000000000001,-2.56289440378163));
#6511=CARTESIAN_POINT('Ctrl Pts',(12.5636882598582,1.50000000000001,-2.65587739467844));
#6512=CARTESIAN_POINT('',(13.3190448100749,1.50000000000001,-2.904091550114));
#6513=CARTESIAN_POINT('Ctrl Pts',(12.5636882598582,1.50000000000001,-2.65587739467844));
#6514=CARTESIAN_POINT('Ctrl Pts',(12.667443540836,1.50000000000001,-2.72814588914006));
#6515=CARTESIAN_POINT('Ctrl Pts',(12.8933898381847,1.50000000000001,-2.88552389038179));
#6516=CARTESIAN_POINT('Ctrl Pts',(13.1696462492516,1.50000000000001,-2.89757457785938));
#6517=CARTESIAN_POINT('Ctrl Pts',(13.3190448100749,1.50000000000001,-2.904091550114));
#6518=CARTESIAN_POINT('',(14.0744025523844,1.50000000000001,-2.65766314983591));
#6519=CARTESIAN_POINT('Ctrl Pts',(13.3190448100749,1.50000000000001,-2.904091550114));
#6520=CARTESIAN_POINT('Ctrl Pts',(13.4704473572047,1.50000000000001,-2.89831932417333));
#6521=CARTESIAN_POINT('Ctrl Pts',(13.7470766713225,1.50000000000001,-2.8877728245723));
#6522=CARTESIAN_POINT('Ctrl Pts',(13.9724009558823,1.50000000000001,-2.72937014140515));
#6523=CARTESIAN_POINT('Ctrl Pts',(14.0744025523844,1.50000000000001,-2.65766314983591));
#6524=CARTESIAN_POINT('',(14.3297595794383,1.50000000000001,-1.98266304850801));
#6525=CARTESIAN_POINT('Ctrl Pts',(14.0744025523844,1.50000000000001,-2.65766314983591));
#6526=CARTESIAN_POINT('Ctrl Pts',(14.1488248975542,1.50000000000001,-2.5644812440157));
#6527=CARTESIAN_POINT('Ctrl Pts',(14.3060130077833,1.50000000000001,-2.36767089559117));
#6528=CARTESIAN_POINT('Ctrl Pts',(14.3215688254102,1.50000000000001,-2.11546135809727));
#6529=CARTESIAN_POINT('Ctrl Pts',(14.3297595794383,1.50000000000001,-1.98266304850801));
#6530=CARTESIAN_POINT('',(14.3297595794383,1.50000000000001,-1.18266321540102));
#6531=CARTESIAN_POINT('',(14.3297595794383,1.5,17.0103122677624));
#6532=CARTESIAN_POINT('',(14.0744025523844,1.50000000000001,-0.507663263084732));
#6533=CARTESIAN_POINT('Ctrl Pts',(14.3297595794383,1.50000000000001,-1.18266321540102));
#6534=CARTESIAN_POINT('Ctrl Pts',(14.321568238533,1.50000000000001,-1.04986507878599));
#6535=CARTESIAN_POINT('Ctrl Pts',(14.3060113156188,1.50000000000001,-0.7976560206656));
#6536=CARTESIAN_POINT('Ctrl Pts',(14.1488243202194,1.50000000000001,-0.600845288570779));
#6537=CARTESIAN_POINT('Ctrl Pts',(14.0744025523844,1.50000000000001,-0.507663263084732));
#6538=CARTESIAN_POINT('Ctrl Pts',(14.0744025523844,1.50000000000001,-0.507663263084732));
#6539=CARTESIAN_POINT('Ctrl Pts',(13.972400973904,1.50000000000001,-0.435956087740767));
#6540=CARTESIAN_POINT('Ctrl Pts',(13.7470768049989,1.50000000000001,-0.27755305192873));
#6541=CARTESIAN_POINT('Ctrl Pts',(13.4704473772468,1.50000000000001,-0.26700660905689));
#6542=CARTESIAN_POINT('Ctrl Pts',(13.3190448100749,1.50000000000001,-0.261234415771804));
#6543=CARTESIAN_POINT('',(15.6261880214396,1.50000000000001,-1.21123440385088));
#6544=CARTESIAN_POINT('',(15.424402457017,1.50000000000001,-1.05052031398042));
#6545=CARTESIAN_POINT('Ctrl Pts',(15.6261880214396,1.50000000000001,-1.21123440385088));
#6546=CARTESIAN_POINT('Ctrl Pts',(15.5839742591144,1.50000000000001,-1.18239794720441));
#6547=CARTESIAN_POINT('Ctrl Pts',(15.5127290632779,1.50000000000001,-1.13372995629717));
#6548=CARTESIAN_POINT('Ctrl Pts',(15.4499741980459,1.50000000000001,-1.07461062509402));
#6549=CARTESIAN_POINT('Ctrl Pts',(15.424402457017,1.50000000000001,-1.05052031398042));
#6550=CARTESIAN_POINT('',(15.3619022185984,1.50000000000001,-0.914805902244888));
#6551=CARTESIAN_POINT('Ctrl Pts',(15.424402457017,1.50000000000001,-1.05052031398042));
#6552=CARTESIAN_POINT('Ctrl Pts',(15.4079908941309,1.50000000000001,-1.02999301918046));
#6553=CARTESIAN_POINT('Ctrl Pts',(15.3759186539176,1.50000000000001,-0.989877624057987));
#6554=CARTESIAN_POINT('Ctrl Pts',(15.3665008662848,1.50000000000001,-0.939436158937535));
#6555=CARTESIAN_POINT('Ctrl Pts',(15.3619022185984,1.50000000000001,-0.914805902244888));
#6556=CARTESIAN_POINT('',(16.4011878783885,1.50000000000001,-0.914805902244888));
#6557=CARTESIAN_POINT('',(26.8902670462218,1.5,-0.914805902244886));
#6558=CARTESIAN_POINT('',(16.4011878783885,1.50000000000001,-0.332663131954513));
#6559=CARTESIAN_POINT('',(16.4011878783885,1.5,17.4353123094857));
#6560=CARTESIAN_POINT('',(14.5797593410197,1.50000000000001,-0.332663131954513));
#6561=CARTESIAN_POINT('',(25.9795527775374,1.5,-0.332663131954511));
#6562=CARTESIAN_POINT('',(14.5797593410197,1.50000000000001,-0.72194881558641));
#6563=CARTESIAN_POINT('',(14.5797593410197,1.5,17.2406694676697));
#6564=CARTESIAN_POINT('',(14.7011883075419,1.50000000000001,-1.24159164548143));
#6565=CARTESIAN_POINT('Ctrl Pts',(14.5797593410197,1.50000000000001,-0.72194881558641));
#6566=CARTESIAN_POINT('Ctrl Pts',(14.5831876304055,1.50000000000001,-0.819265666970052));
#6567=CARTESIAN_POINT('Ctrl Pts',(14.5895825453684,1.50000000000001,-1.00079438844663));
#6568=CARTESIAN_POINT('Ctrl Pts',(14.6658209973005,1.50000000000001,-1.16528419388593));
#6569=CARTESIAN_POINT('Ctrl Pts',(14.7011883075419,1.50000000000001,-1.24159164548143));
#6570=CARTESIAN_POINT('',(15.047616463441,1.50000000000001,-1.59694872617944));
#6571=CARTESIAN_POINT('Ctrl Pts',(14.7011883075419,1.50000000000001,-1.24159164548143));
#6572=CARTESIAN_POINT('Ctrl Pts',(14.7471302686867,1.50000000000001,-1.30849375365929));
#6573=CARTESIAN_POINT('Ctrl Pts',(14.8420992869632,1.50000000000001,-1.4467905824398));
#6574=CARTESIAN_POINT('Ctrl Pts',(14.9776430122607,1.50000000000001,-1.54582363911685));
#6575=CARTESIAN_POINT('Ctrl Pts',(15.047616463441,1.50000000000001,-1.59694872617944));
#6576=CARTESIAN_POINT('',(15.39404461934,1.50000000000001,-1.82552017092928));
#6577=CARTESIAN_POINT('',(14.5419375797782,1.5,-1.26330450283875));
#6578=CARTESIAN_POINT('',(15.5940444286051,1.50000000000001,-1.98266304850801));
#6579=CARTESIAN_POINT('Ctrl Pts',(15.39404461934,1.50000000000001,-1.82552017092928));
#6580=CARTESIAN_POINT('Ctrl Pts',(15.4374190264143,1.50000000000001,-1.85449717077191));
#6581=CARTESIAN_POINT('Ctrl Pts',(15.5081954880762,1.50000000000001,-1.90178057259279));
#6582=CARTESIAN_POINT('Ctrl Pts',(15.5700836126902,1.50000000000001,-1.96008839465427));
#6583=CARTESIAN_POINT('Ctrl Pts',(15.5940444286051,1.50000000000001,-1.98266304850801));
#6584=CARTESIAN_POINT('',(15.6404728706065,1.50000000000001,-2.10766292929872));
#6585=CARTESIAN_POINT('Ctrl Pts',(15.5940444286051,1.50000000000001,-1.98266304850801));
#6586=CARTESIAN_POINT('Ctrl Pts',(15.6075858919662,1.50000000000001,-2.00128886787374));
#6587=CARTESIAN_POINT('Ctrl Pts',(15.6347253474794,1.50000000000001,-2.03861826002232));
#6588=CARTESIAN_POINT('Ctrl Pts',(15.6385543710721,1.50000000000001,-2.08461610322661));
#6589=CARTESIAN_POINT('Ctrl Pts',(15.6404728706065,1.50000000000001,-2.10766292929872));
#6590=CARTESIAN_POINT('',(15.6404728706065,1.50000000000001,-2.15052015900835));
#6591=CARTESIAN_POINT('',(15.6404728706065,1.5,16.5263837959587));
#6592=CARTESIAN_POINT('',(15.5708308036509,1.50000000000001,-2.27730579495653));
#6593=CARTESIAN_POINT('Ctrl Pts',(15.6404728706065,1.50000000000001,-2.15052015900835));
#6594=CARTESIAN_POINT('Ctrl Pts',(15.6373197640581,1.50000000000001,-2.17561655856007));
#6595=CARTESIAN_POINT('Ctrl Pts',(15.6308691151437,1.50000000000001,-2.22695896010673));
#6596=CARTESIAN_POINT('Ctrl Pts',(15.5911400969381,1.50000000000001,-2.26027485904872));
#6597=CARTESIAN_POINT('Ctrl Pts',(15.5708308036509,1.50000000000001,-2.27730579495653));
#6598=CARTESIAN_POINT('',(15.3761882598582,1.50000000000001,-2.32552014112695));
#6599=CARTESIAN_POINT('Ctrl Pts',(15.5708308036509,1.50000000000001,-2.27730579495653));
#6600=CARTESIAN_POINT('Ctrl Pts',(15.5435241651632,1.50000000000001,-2.29132987121999));
#6601=CARTESIAN_POINT('Ctrl Pts',(15.4826574818383,1.50000000000001,-2.32258963280642));
#6602=CARTESIAN_POINT('Ctrl Pts',(15.4140283071942,1.50000000000001,-2.32447861408745));
#6603=CARTESIAN_POINT('Ctrl Pts',(15.3761882598582,1.50000000000001,-2.32552014112695));
#6604=CARTESIAN_POINT('',(15.0958306605998,1.50000000000001,-2.27730579495653));
#6605=CARTESIAN_POINT('Ctrl Pts',(15.3761882598582,1.50000000000001,-2.32552014112695));
#6606=CARTESIAN_POINT('Ctrl Pts',(15.3274479040636,1.50000000000001,-2.32367266419453));
#6607=CARTESIAN_POINT('Ctrl Pts',(15.2318324142196,1.50000000000001,-2.32004841055525));
#6608=CARTESIAN_POINT('Ctrl Pts',(15.1405711512909,1.50000000000001,-2.2913668312624));
#6609=CARTESIAN_POINT('Ctrl Pts',(15.0958306605998,1.50000000000001,-2.27730579495653));
#6610=CARTESIAN_POINT('',(14.8297591026011,1.50000000000001,-2.13266290545686));
#6611=CARTESIAN_POINT('Ctrl Pts',(15.0958306605998,1.50000000000001,-2.27730579495653));
#6612=CARTESIAN_POINT('Ctrl Pts',(15.0512128402214,1.50000000000001,-2.25854866606281));
#6613=CARTESIAN_POINT('Ctrl Pts',(14.9577143363936,1.50000000000001,-2.21924232001549));
#6614=CARTESIAN_POINT('Ctrl Pts',(14.8736878494799,1.50000000000001,-2.16238677898931));
#6615=CARTESIAN_POINT('Ctrl Pts',(14.8297591026011,1.50000000000001,-2.13266290545686));
#6616=CARTESIAN_POINT('',(14.5226163680735,1.50000000000001,-2.58980579495653));
#6617=CARTESIAN_POINT('',(26.8244364755006,1.5,15.7198885517582));
#6618=CARTESIAN_POINT('',(14.9529738242808,1.50000000000001,-2.82373435616716));
#6619=CARTESIAN_POINT('Ctrl Pts',(14.5226163680735,1.50000000000001,-2.58980579495653));
#6620=CARTESIAN_POINT('Ctrl Pts',(14.590865839036,1.50000000000001,-2.63774033608229));
#6621=CARTESIAN_POINT('Ctrl Pts',(14.7253759211583,1.50000000000001,-2.73221255648772));
#6622=CARTESIAN_POINT('Ctrl Pts',(14.8778593944153,1.50000000000001,-2.79352929843652));
#6623=CARTESIAN_POINT('Ctrl Pts',(14.9529738242808,1.50000000000001,-2.82373435616716));
#6624=CARTESIAN_POINT('',(15.4726166541758,1.50000000000001,-2.904091550114));
#6625=CARTESIAN_POINT('Ctrl Pts',(14.9529738242808,1.50000000000001,-2.82373435616716));
#6626=CARTESIAN_POINT('Ctrl Pts',(15.0335452067167,1.50000000000001,-2.84715589765003));
#6627=CARTESIAN_POINT('Ctrl Pts',(15.2031776357269,1.50000000000001,-2.8964668670387));
#6628=CARTESIAN_POINT('Ctrl Pts',(15.3798562128203,1.50000000000001,-2.90146658149835));
#6629=CARTESIAN_POINT('Ctrl Pts',(15.4726166541758,1.50000000000001,-2.904091550114));
#6630=CARTESIAN_POINT('',(15.9797591979685,1.50000000000001,-2.81659148454889));
#6631=CARTESIAN_POINT('Ctrl Pts',(15.4726166541758,1.50000000000001,-2.904091550114));
#6632=CARTESIAN_POINT('Ctrl Pts',(15.5645106230013,1.50000000000001,-2.90140801965805));
#6633=CARTESIAN_POINT('Ctrl Pts',(15.737862259842,1.50000000000001,-2.8963457244607));
#6634=CARTESIAN_POINT('Ctrl Pts',(15.9024293669761,1.50000000000001,-2.8420873917773));
#6635=CARTESIAN_POINT('Ctrl Pts',(15.9797591979685,1.50000000000001,-2.81659148454889));
#6636=CARTESIAN_POINT('',(16.3047594840708,1.50000000000001,-2.57373429656251));
#6637=CARTESIAN_POINT('Ctrl Pts',(15.9797591979685,1.50000000000001,-2.81659148454889));
#6638=CARTESIAN_POINT('Ctrl Pts',(16.0458030319129,1.50000000000001,-2.78604845138461));
#6639=CARTESIAN_POINT('Ctrl Pts',(16.1714652214578,1.50000000000001,-2.72793395085452));
#6640=CARTESIAN_POINT('Ctrl Pts',(16.2618689326546,1.50000000000001,-2.62335164746059));
#6641=CARTESIAN_POINT('Ctrl Pts',(16.3047594840708,1.50000000000001,-2.57373429656251));
#6642=CARTESIAN_POINT('',(16.4154739196482,1.50000000000001,-2.21480585456117));
#6643=CARTESIAN_POINT('Ctrl Pts',(16.3047594840708,1.50000000000001,-2.57373429656251));
#6644=CARTESIAN_POINT('Ctrl Pts',(16.3370487301763,1.50000000000001,-2.51936695267498));
#6645=CARTESIAN_POINT('Ctrl Pts',(16.402773633735,1.50000000000001,-2.408701983227));
#6646=CARTESIAN_POINT('Ctrl Pts',(16.4111915476546,1.50000000000001,-2.28018511899281));
#6647=CARTESIAN_POINT('Ctrl Pts',(16.4154739196482,1.50000000000001,-2.21480585456117));
#6648=CARTESIAN_POINT('',(16.4154739196482,1.50000000000001,-2.07909159183725));
#6649=CARTESIAN_POINT('',(16.4154739196482,1.5,16.5620980795443));
#6650=CARTESIAN_POINT('',(16.3083309943858,1.50000000000001,-1.73444874406084));
#6651=CARTESIAN_POINT('Ctrl Pts',(16.4154739196482,1.50000000000001,-2.07909159183725));
#6652=CARTESIAN_POINT('Ctrl Pts',(16.4117193820066,1.50000000000001,-2.01479840395833));
#6653=CARTESIAN_POINT('Ctrl Pts',(16.4044821652598,1.50000000000001,-1.89086736891907));
#6654=CARTESIAN_POINT('Ctrl Pts',(16.3395685808665,1.50000000000001,-1.78526601728573));
#6655=CARTESIAN_POINT('Ctrl Pts',(16.3083309943858,1.50000000000001,-1.73444874406084));
#6656=CARTESIAN_POINT('',(15.9619016463938,1.50000000000001,-1.43623448729738));
#6657=CARTESIAN_POINT('Ctrl Pts',(16.3083309943858,1.50000000000001,-1.73444874406084));
#6658=CARTESIAN_POINT('Ctrl Pts',(16.263203554726,1.50000000000001,-1.6842652246705));
#6659=CARTESIAN_POINT('Ctrl Pts',(16.1606158718239,1.50000000000001,-1.57018361461373));
#6660=CARTESIAN_POINT('Ctrl Pts',(16.0332438249774,1.50000000000001,-1.48432476639759));
#6661=CARTESIAN_POINT('Ctrl Pts',(15.9619016463938,1.50000000000001,-1.43623448729738));
#6662=CARTESIAN_POINT('',(14.7110624905447,1.5,-0.597904155954481));
#6663=CARTESIAN_POINT('',(11.2404746825877,1.50000000000001,-1.21123440385088));
#6664=CARTESIAN_POINT('',(11.0386891181651,1.50000000000001,-1.05052031398042));
#6665=CARTESIAN_POINT('Ctrl Pts',(11.2404746825877,1.50000000000001,-1.21123440385088));
#6666=CARTESIAN_POINT('Ctrl Pts',(11.1982609202624,1.50000000000001,-1.18239794720441));
#6667=CARTESIAN_POINT('Ctrl Pts',(11.127015724426,1.50000000000001,-1.13372995629717));
#6668=CARTESIAN_POINT('Ctrl Pts',(11.064260859194,1.50000000000001,-1.07461062509402));
#6669=CARTESIAN_POINT('Ctrl Pts',(11.0386891181651,1.50000000000001,-1.05052031398042));
#6670=CARTESIAN_POINT('',(10.9761888797465,1.50000000000001,-0.914805902244888));
#6671=CARTESIAN_POINT('Ctrl Pts',(11.0386891181651,1.50000000000001,-1.05052031398042));
#6672=CARTESIAN_POINT('Ctrl Pts',(11.022277555279,1.50000000000001,-1.02999301918046));
#6673=CARTESIAN_POINT('Ctrl Pts',(10.9902053150657,1.50000000000001,-0.989877624057987));
#6674=CARTESIAN_POINT('Ctrl Pts',(10.9807875274329,1.50000000000001,-0.939436158937536));
#6675=CARTESIAN_POINT('Ctrl Pts',(10.9761888797465,1.50000000000001,-0.914805902244888));
#6676=CARTESIAN_POINT('',(12.0154745395365,1.50000000000001,-0.914805902244888));
#6677=CARTESIAN_POINT('',(24.6974103767958,1.5,-0.914805902244886));
#6678=CARTESIAN_POINT('',(12.0154745395365,1.50000000000001,-0.332663131954513));
#6679=CARTESIAN_POINT('',(12.0154745395365,1.5,17.4353123094857));
#6680=CARTESIAN_POINT('',(10.1940460021678,1.50000000000001,-0.332663131954513));
#6681=CARTESIAN_POINT('',(23.7866961081114,1.5,-0.332663131954511));
#6682=CARTESIAN_POINT('',(10.1940460021678,1.50000000000001,-0.721948815586411));
#6683=CARTESIAN_POINT('',(10.1940460021678,1.5,17.2406694676697));
#6684=CARTESIAN_POINT('',(10.31547496869,1.50000000000001,-1.24159164548143));
#6685=CARTESIAN_POINT('Ctrl Pts',(10.1940460021678,1.50000000000001,-0.721948815586411));
#6686=CARTESIAN_POINT('Ctrl Pts',(10.1974742915536,1.50000000000001,-0.819265666970052));
#6687=CARTESIAN_POINT('Ctrl Pts',(10.2038692065165,1.50000000000001,-1.00079438844663));
#6688=CARTESIAN_POINT('Ctrl Pts',(10.2801076584486,1.50000000000001,-1.16528419388593));
#6689=CARTESIAN_POINT('Ctrl Pts',(10.31547496869,1.50000000000001,-1.24159164548143));
#6690=CARTESIAN_POINT('',(10.661903124589,1.50000000000001,-1.59694872617944));
#6691=CARTESIAN_POINT('Ctrl Pts',(10.31547496869,1.50000000000001,-1.24159164548143));
#6692=CARTESIAN_POINT('Ctrl Pts',(10.3614169298347,1.50000000000001,-1.30849375365929));
#6693=CARTESIAN_POINT('Ctrl Pts',(10.4563859481112,1.50000000000001,-1.4467905824398));
#6694=CARTESIAN_POINT('Ctrl Pts',(10.5919296734088,1.50000000000001,-1.54582363911685));
#6695=CARTESIAN_POINT('Ctrl Pts',(10.661903124589,1.50000000000001,-1.59694872617944));
#6696=CARTESIAN_POINT('',(11.0083312804881,1.50000000000001,-1.82552017092928));
#6697=CARTESIAN_POINT('',(11.6839971031848,1.5,-2.27132086764538));
#6698=CARTESIAN_POINT('',(11.2083310897532,1.50000000000001,-1.98266304850801));
#6699=CARTESIAN_POINT('Ctrl Pts',(11.0083312804881,1.50000000000001,-1.82552017092928));
#6700=CARTESIAN_POINT('Ctrl Pts',(11.0517062263181,1.50000000000001,-1.85449700054671));
#6701=CARTESIAN_POINT('Ctrl Pts',(11.1224831512376,1.50000000000001,-1.90177984678419));
#6702=CARTESIAN_POINT('Ctrl Pts',(11.1843707141529,1.50000000000001,-1.96008834343567));
#6703=CARTESIAN_POINT('Ctrl Pts',(11.2083310897532,1.50000000000001,-1.98266304850801));
#6704=CARTESIAN_POINT('',(11.2547607238474,1.50000000000001,-2.10766292929872));
#6705=CARTESIAN_POINT('Ctrl Pts',(11.2083310897532,1.50000000000001,-1.98266304850801));
#6706=CARTESIAN_POINT('Ctrl Pts',(11.2218736450067,1.50000000000001,-2.00128874313628));
#6707=CARTESIAN_POINT('Ctrl Pts',(11.2490150016533,1.50000000000001,-2.03861749027706));
#6708=CARTESIAN_POINT('Ctrl Pts',(11.2528428389217,1.50000000000001,-2.08461600809038));
#6709=CARTESIAN_POINT('Ctrl Pts',(11.2547607238474,1.50000000000001,-2.10766292929872));
#6710=CARTESIAN_POINT('',(11.2547607238474,1.50000000000001,-2.15052015900835));
#6711=CARTESIAN_POINT('',(11.2547607238474,1.5,16.5263837959587));
#6712=CARTESIAN_POINT('',(11.185117464799,1.50000000000001,-2.27730579495653));
#6713=CARTESIAN_POINT('Ctrl Pts',(11.2547607238474,1.50000000000001,-2.15052015900835));
#6714=CARTESIAN_POINT('Ctrl Pts',(11.2516071438924,1.50000000000001,-2.17561654452065));
#6715=CARTESIAN_POINT('Ctrl Pts',(11.2451555392941,1.50000000000001,-2.22695881536263));
#6716=CARTESIAN_POINT('Ctrl Pts',(11.2054266523911,1.50000000000001,-2.260274831491));
#6717=CARTESIAN_POINT('Ctrl Pts',(11.185117464799,1.50000000000001,-2.27730579495653));
#6718=CARTESIAN_POINT('',(10.9904749210063,1.50000000000001,-2.32552014112695));
#6719=CARTESIAN_POINT('Ctrl Pts',(11.185117464799,1.50000000000001,-2.27730579495653));
#6720=CARTESIAN_POINT('Ctrl Pts',(11.1578108263113,1.50000000000001,-2.29132987121999));
#6721=CARTESIAN_POINT('Ctrl Pts',(11.0969441429864,1.50000000000001,-2.32258963280642));
#6722=CARTESIAN_POINT('Ctrl Pts',(11.0283149683422,1.50000000000001,-2.32447861408745));
#6723=CARTESIAN_POINT('Ctrl Pts',(10.9904749210063,1.50000000000001,-2.32552014112695));
#6724=CARTESIAN_POINT('',(10.7101173217478,1.50000000000001,-2.27730579495653));
#6725=CARTESIAN_POINT('Ctrl Pts',(10.9904749210063,1.50000000000001,-2.32552014112695));
#6726=CARTESIAN_POINT('Ctrl Pts',(10.9417349764007,1.50000000000001,-2.32367259442086));
#6727=CARTESIAN_POINT('Ctrl Pts',(10.846119525152,1.50000000000001,-2.3200481747906));
#6728=CARTESIAN_POINT('Ctrl Pts',(10.7548582111592,1.50000000000001,-2.29136683250937));
#6729=CARTESIAN_POINT('Ctrl Pts',(10.7101173217478,1.50000000000001,-2.27730579495653));
#6730=CARTESIAN_POINT('',(10.4440457637492,1.50000000000001,-2.13266290545686));
#6731=CARTESIAN_POINT('Ctrl Pts',(10.7101173217478,1.50000000000001,-2.27730579495653));
#6732=CARTESIAN_POINT('Ctrl Pts',(10.6654990525282,1.50000000000001,-2.25854876052769));
#6733=CARTESIAN_POINT('Ctrl Pts',(10.5720002849957,1.50000000000001,-2.21924289698044));
#6734=CARTESIAN_POINT('Ctrl Pts',(10.4879740753806,1.50000000000001,-2.16238684808621));
#6735=CARTESIAN_POINT('Ctrl Pts',(10.4440457637492,1.50000000000001,-2.13266290545686));
#6736=CARTESIAN_POINT('',(10.1369030292216,1.50000000000001,-2.58980579495653));
#6737=CARTESIAN_POINT('',(23.1207398491596,1.5,16.7349836707226));
#6738=CARTESIAN_POINT('',(10.5672604854289,1.50000000000001,-2.82373435616716));
#6739=CARTESIAN_POINT('Ctrl Pts',(10.1369030292216,1.50000000000001,-2.58980579495653));
#6740=CARTESIAN_POINT('Ctrl Pts',(10.2051520685417,1.50000000000001,-2.63774039732184));
#6741=CARTESIAN_POINT('Ctrl Pts',(10.3396618641584,1.50000000000001,-2.73221313468726));
#6742=CARTESIAN_POINT('Ctrl Pts',(10.4921456011307,1.50000000000001,-2.79352940183168));
#6743=CARTESIAN_POINT('Ctrl Pts',(10.5672604854289,1.50000000000001,-2.82373435616716));
#6744=CARTESIAN_POINT('',(11.0869033153239,1.50000000000001,-2.904091550114));
#6745=CARTESIAN_POINT('Ctrl Pts',(10.5672604854289,1.50000000000001,-2.82373435616716));
#6746=CARTESIAN_POINT('Ctrl Pts',(10.6478314695202,1.50000000000001,-2.84715589488163));
#6747=CARTESIAN_POINT('Ctrl Pts',(10.8174638531841,1.50000000000001,-2.89646708905429));
#6748=CARTESIAN_POINT('Ctrl Pts',(10.9941424638723,1.50000000000001,-2.90146665064997));
#6749=CARTESIAN_POINT('Ctrl Pts',(11.0869033153239,1.50000000000001,-2.904091550114));
#6750=CARTESIAN_POINT('',(11.5940458591166,1.50000000000001,-2.81659148454889));
#6751=CARTESIAN_POINT('Ctrl Pts',(11.0869033153239,1.50000000000001,-2.904091550114));
#6752=CARTESIAN_POINT('Ctrl Pts',(11.1787976979235,1.50000000000001,-2.90140809853319));
#6753=CARTESIAN_POINT('Ctrl Pts',(11.352149377346,1.50000000000001,-2.89634597367829));
#6754=CARTESIAN_POINT('Ctrl Pts',(11.5167164266674,1.50000000000001,-2.84208738814578));
#6755=CARTESIAN_POINT('Ctrl Pts',(11.5940458591166,1.50000000000001,-2.81659148454889));
#6756=CARTESIAN_POINT('',(11.9190461452189,1.50000000000001,-2.57373429656252));
#6757=CARTESIAN_POINT('Ctrl Pts',(11.5940458591166,1.50000000000001,-2.81659148454889));
#6758=CARTESIAN_POINT('Ctrl Pts',(11.6600896930609,1.50000000000001,-2.78604845138461));
#6759=CARTESIAN_POINT('Ctrl Pts',(11.7857518826059,1.50000000000001,-2.72793395085452));
#6760=CARTESIAN_POINT('Ctrl Pts',(11.8761555938027,1.50000000000001,-2.62335164746059));
#6761=CARTESIAN_POINT('Ctrl Pts',(11.9190461452189,1.50000000000001,-2.57373429656252));
#6762=CARTESIAN_POINT('',(12.0297605807963,1.50000000000001,-2.21480585456117));
#6763=CARTESIAN_POINT('Ctrl Pts',(11.9190461452189,1.50000000000001,-2.57373429656252));
#6764=CARTESIAN_POINT('Ctrl Pts',(11.9513353913243,1.50000000000001,-2.51936695267498));
#6765=CARTESIAN_POINT('Ctrl Pts',(12.0170602948831,1.50000000000001,-2.408701983227));
#6766=CARTESIAN_POINT('Ctrl Pts',(12.0254782088026,1.50000000000001,-2.28018511899281));
#6767=CARTESIAN_POINT('Ctrl Pts',(12.0297605807963,1.50000000000001,-2.21480585456117));
#6768=CARTESIAN_POINT('',(12.0297605807963,1.50000000000001,-2.07909159183725));
#6769=CARTESIAN_POINT('',(12.0297605807963,1.5,16.5620980795443));
#6770=CARTESIAN_POINT('',(11.9226176555338,1.50000000000001,-1.73444874406084));
#6771=CARTESIAN_POINT('Ctrl Pts',(12.0297605807963,1.50000000000001,-2.07909159183725));
#6772=CARTESIAN_POINT('Ctrl Pts',(12.0260060431547,1.50000000000001,-2.01479840395833));
#6773=CARTESIAN_POINT('Ctrl Pts',(12.0187688264079,1.50000000000001,-1.89086736891907));
#6774=CARTESIAN_POINT('Ctrl Pts',(11.9538552420145,1.50000000000001,-1.78526601728573));
#6775=CARTESIAN_POINT('Ctrl Pts',(11.9226176555338,1.50000000000001,-1.73444874406084));
#6776=CARTESIAN_POINT('',(11.5761883075419,1.50000000000001,-1.43623448729738));
#6777=CARTESIAN_POINT('Ctrl Pts',(11.9226176555338,1.50000000000001,-1.73444874406084));
#6778=CARTESIAN_POINT('Ctrl Pts',(11.8774902158741,1.50000000000001,-1.6842652246705));
#6779=CARTESIAN_POINT('Ctrl Pts',(11.774902532972,1.50000000000001,-1.57018361461373));
#6780=CARTESIAN_POINT('Ctrl Pts',(11.6475304861255,1.50000000000001,-1.48432476639759));
#6781=CARTESIAN_POINT('Ctrl Pts',(11.5761883075419,1.50000000000001,-1.43623448729738));
#6782=CARTESIAN_POINT('',(11.8385122469641,1.5,-1.61204775155812));
#6783=CARTESIAN_POINT('',(74.8803462140551,1.5,-0.000712249074197313));
#6784=CARTESIAN_POINT('',(82.4803462140551,1.5,-0.000712249074197313));
#6785=CARTESIAN_POINT('',(59.9298462140551,1.5,-0.000712249074197313));
#6786=CARTESIAN_POINT('',(74.8803462140551,1.5,-4.0007122490742));
#6787=CARTESIAN_POINT('',(74.8803462140551,1.5,17.6012877509258));
#6788=CARTESIAN_POINT('',(82.4803462140551,1.5,-4.0007122490742));
#6789=CARTESIAN_POINT('',(56.1298462140551,1.5,-4.0007122490742));
#6790=CARTESIAN_POINT('',(82.4803462140551,1.5,15.6012877509258));
#6791=CARTESIAN_POINT('',(27.4303462140551,1.5,4.3522877509258));
#6792=CARTESIAN_POINT('',(65.9303462140551,1.5,4.3522877509258));
#6793=CARTESIAN_POINT('',(51.6548462140551,1.5,4.3522877509258));
#6794=CARTESIAN_POINT('',(27.4303462140551,1.5,-8.1477122490742));
#6795=CARTESIAN_POINT('',(27.4303462140551,1.5,19.7777877509258));
#6796=CARTESIAN_POINT('',(65.9303462140551,1.5,-8.1477122490742));
#6797=CARTESIAN_POINT('',(32.4048462140551,1.5,-8.14771224907419));
#6798=CARTESIAN_POINT('',(65.9303462140551,1.5,13.5277877509258));
#6799=CARTESIAN_POINT('',(55.5223462140551,1.5,77.5202877509258));
#6800=CARTESIAN_POINT('',(73.0223462140551,1.5,77.5202877509258));
#6801=CARTESIAN_POINT('',(55.2008462140551,1.5,77.5202877509258));
#6802=CARTESIAN_POINT('',(55.5223462140551,1.5,63.3202877509258));
#6803=CARTESIAN_POINT('',(55.5223462140551,1.5,56.3617877509258));
#6804=CARTESIAN_POINT('',(73.0223462140551,1.5,63.3202877509258));
#6805=CARTESIAN_POINT('',(46.4508462140551,1.5,63.3202877509258));
#6806=CARTESIAN_POINT('',(73.0223462140551,1.5,49.2617877509258));
#6807=CARTESIAN_POINT('',(9.36034621405511,1.5,63.2402877509258));
#6808=CARTESIAN_POINT('',(9.36034621405511,1.5,77.2402877509258));
#6809=CARTESIAN_POINT('',(9.36034621405511,1.5,49.2217877509258));
#6810=CARTESIAN_POINT('',(-4.63965378594489,1.5,77.2402877509258));
#6811=CARTESIAN_POINT('',(23.3698462140551,1.5,77.2402877509258));
#6812=CARTESIAN_POINT('',(-4.63965378594489,1.5,63.2402877509258));
#6813=CARTESIAN_POINT('',(-4.63965378594489,1.5,56.2217877509258));
#6814=CARTESIAN_POINT('',(16.3698462140551,1.5,63.2402877509258));
#6815=CARTESIAN_POINT('',(47.4603462140551,1.5,77.2402877509258));
#6816=CARTESIAN_POINT('',(33.4603462140551,1.5,77.2402877509258));
#6817=CARTESIAN_POINT('',(42.4198462140551,1.5,77.2402877509258));
#6818=CARTESIAN_POINT('',(33.4603462140551,1.5,63.2402877509258));
#6819=CARTESIAN_POINT('',(33.4603462140551,1.5,56.2217877509258));
#6820=CARTESIAN_POINT('',(47.4603462140551,1.5,63.2402877509258));
#6821=CARTESIAN_POINT('',(35.4198462140551,1.5,63.2402877509258));
#6822=CARTESIAN_POINT('',(47.4603462140551,1.5,49.2217877509258));
#6823=CARTESIAN_POINT('',(80.7983462140551,1.5,29.1522877509258));
#6824=CARTESIAN_POINT('',(66.7983462140551,1.5,29.1522877509258));
#6825=CARTESIAN_POINT('',(59.0888462140551,1.5,29.1522877509258));
#6826=CARTESIAN_POINT('',(66.7983462140551,1.5,15.1522877509258));
#6827=CARTESIAN_POINT('',(66.7983462140551,1.5,32.1777877509258));
#6828=CARTESIAN_POINT('',(80.7983462140551,1.5,15.1522877509258));
#6829=CARTESIAN_POINT('',(52.0888462140551,1.5,15.1522877509258));
#6830=CARTESIAN_POINT('',(80.7983462140551,1.5,25.1777877509258));
#6831=CARTESIAN_POINT('',(56.8863462140551,1.5,29.1522877509258));
#6832=CARTESIAN_POINT('',(42.8863462140551,1.5,29.1522877509258));
#6833=CARTESIAN_POINT('',(47.1328462140551,1.5,29.1522877509258));
#6834=CARTESIAN_POINT('',(42.8863462140551,1.5,15.1522877509258));
#6835=CARTESIAN_POINT('',(42.8863462140551,1.5,32.1777877509258));
#6836=CARTESIAN_POINT('',(56.8863462140551,1.5,15.1522877509258));
#6837=CARTESIAN_POINT('',(40.1328462140551,1.5,15.1522877509258));
#6838=CARTESIAN_POINT('',(56.8863462140551,1.5,25.1777877509258));
#6839=CARTESIAN_POINT('',(33.1733462140551,1.5,53.4272877509258));
#6840=CARTESIAN_POINT('',(19.1733462140551,1.5,53.4272877509258));
#6841=CARTESIAN_POINT('',(35.2763462140551,1.5,53.4272877509258));
#6842=CARTESIAN_POINT('',(19.1733462140551,1.5,39.4272877509258));
#6843=CARTESIAN_POINT('',(19.1733462140551,1.5,44.3152877509258));
#6844=CARTESIAN_POINT('',(33.1733462140551,1.5,39.4272877509258));
#6845=CARTESIAN_POINT('',(28.2763462140551,1.5,39.4272877509258));
#6846=CARTESIAN_POINT('',(33.1733462140551,1.5,37.3152877509258));
#6847=CARTESIAN_POINT('',(80.7993462140551,1.5,53.4272877509258));
#6848=CARTESIAN_POINT('',(66.7993462140551,1.5,53.4272877509258));
#6849=CARTESIAN_POINT('',(59.0893462140551,1.5,53.4272877509258));
#6850=CARTESIAN_POINT('',(66.7993462140551,1.5,39.4272877509258));
#6851=CARTESIAN_POINT('',(66.7993462140551,1.5,44.3152877509258));
#6852=CARTESIAN_POINT('',(80.7993462140551,1.5,39.4272877509258));
#6853=CARTESIAN_POINT('',(52.0893462140551,1.5,39.4272877509258));
#6854=CARTESIAN_POINT('',(80.7993462140551,1.5,37.3152877509258));
#6855=CARTESIAN_POINT('',(33.1743462140551,1.5,15.1522877509258));
#6856=CARTESIAN_POINT('',(33.1743462140551,1.5,29.1522877509258));
#6857=CARTESIAN_POINT('',(33.1743462140551,1.5,25.1777877509258));
#6858=CARTESIAN_POINT('',(19.1743462140551,1.5,29.1522877509258));
#6859=CARTESIAN_POINT('',(35.2768462140551,1.5,29.1522877509258));
#6860=CARTESIAN_POINT('',(19.1743462140551,1.5,15.1522877509258));
#6861=CARTESIAN_POINT('',(19.1743462140551,1.5,32.1777877509258));
#6862=CARTESIAN_POINT('',(28.2768462140551,1.5,15.1522877509258));
#6863=CARTESIAN_POINT('',(56.9863462140551,1.5,53.4272877509258));
#6864=CARTESIAN_POINT('',(42.9863462140551,1.5,53.4272877509258));
#6865=CARTESIAN_POINT('',(47.1828462140551,1.5,53.4272877509258));
#6866=CARTESIAN_POINT('',(42.9863462140551,1.5,39.4272877509258));
#6867=CARTESIAN_POINT('',(42.9863462140551,1.5,44.3152877509258));
#6868=CARTESIAN_POINT('',(56.9863462140551,1.5,39.4272877509258));
#6869=CARTESIAN_POINT('',(40.1828462140551,1.5,39.4272877509258));
#6870=CARTESIAN_POINT('',(56.9863462140551,1.5,37.3152877509258));
#6871=CARTESIAN_POINT('',(0.990474324959811,1.50000000000001,-2.35052026629671));
#6872=CARTESIAN_POINT('',(1.45297447993189,1.50000000000001,-2.17194877386316));
#6873=CARTESIAN_POINT('Ctrl Pts',(0.990474324959811,1.50000000000001,-2.35052026629671));
#6874=CARTESIAN_POINT('Ctrl Pts',(1.08071396897953,1.50000000000001,-2.34442745539355));
#6875=CARTESIAN_POINT('Ctrl Pts',(1.25384270032357,1.50000000000001,-2.33273812933912));
#6876=CARTESIAN_POINT('Ctrl Pts',(1.3885029851162,1.50000000000001,-2.22400641186738));
#6877=CARTESIAN_POINT('Ctrl Pts',(1.45297447993189,1.50000000000001,-2.17194877386316));
#6878=CARTESIAN_POINT('',(1.62618885590464,1.50000000000001,-1.67552031398042));
#6879=CARTESIAN_POINT('Ctrl Pts',(1.45297447993189,1.50000000000001,-2.17194877386316));
#6880=CARTESIAN_POINT('Ctrl Pts',(1.5034328054564,1.50000000000001,-2.10342411668556));
#6881=CARTESIAN_POINT('Ctrl Pts',(1.61172197311406,1.50000000000001,-1.95636259586312));
#6882=CARTESIAN_POINT('Ctrl Pts',(1.62115254501184,1.50000000000001,-1.77328906374346));
#6883=CARTESIAN_POINT('Ctrl Pts',(1.62618885590464,1.50000000000001,-1.67552031398042));
#6884=CARTESIAN_POINT('',(1.62618885590464,1.50000000000001,-0.332663131954514));
#6885=CARTESIAN_POINT('',(1.62618885590463,1.5,17.4353123094857));
#6886=CARTESIAN_POINT('',(0.847617488640841,1.50000000000001,-0.332663131954514));
#6887=CARTESIAN_POINT('',(19.113481851348,1.5,-0.332663131954514));
#6888=CARTESIAN_POINT('',(0.847617488640841,1.50000000000001,-1.62552021265253));
#6889=CARTESIAN_POINT('',(0.847617488640839,1.5,16.7888837691366));
#6890=CARTESIAN_POINT('',(0.694045823353823,1.50000000000001,-1.81837744832262));
#6891=CARTESIAN_POINT('Ctrl Pts',(0.847617488640841,1.50000000000001,-1.62552021265253));
#6892=CARTESIAN_POINT('Ctrl Pts',(0.843873957187045,1.50000000000001,-1.68162616176855));
#6893=CARTESIAN_POINT('Ctrl Pts',(0.837006985665076,1.50000000000001,-1.78454447821601));
#6894=CARTESIAN_POINT('Ctrl Pts',(0.738741741887965,1.50000000000001,-1.80779978057562));
#6895=CARTESIAN_POINT('Ctrl Pts',(0.694045823353823,1.50000000000001,-1.81837744832262));
#6896=CARTESIAN_POINT('',(0.501188736695345,1.50000000000001,-1.71123452306017));
#6897=CARTESIAN_POINT('Ctrl Pts',(0.694045823353823,1.50000000000001,-1.81837744832262));
#6898=CARTESIAN_POINT('Ctrl Pts',(0.659760063719764,1.50000000000001,-1.81238509171369));
#6899=CARTESIAN_POINT('Ctrl Pts',(0.583659863651722,1.50000000000001,-1.79908453948194));
#6900=CARTESIAN_POINT('Ctrl Pts',(0.53043433343345,1.50000000000001,-1.74238756108117));
#6901=CARTESIAN_POINT('Ctrl Pts',(0.501188736695345,1.50000000000001,-1.71123452306017));
#6902=CARTESIAN_POINT('',(0.501188736695345,1.50000000000001,-0.332663131954514));
#6903=CARTESIAN_POINT('',(0.501188736695344,1.5,17.4353123094857));
#6904=CARTESIAN_POINT('',(-0.277382630568448,1.50000000000001,-0.332663131954514));
#6905=CARTESIAN_POINT('',(18.5509817917433,1.5,-0.332663131954514));
#6906=CARTESIAN_POINT('',(-0.277382630568448,1.50000000000001,-2.27909169912561));
#6907=CARTESIAN_POINT('',(-0.27738263056845,1.5,16.4620980259001));
#6908=CARTESIAN_POINT('',(0.401188832062777,1.50000000000001,-2.27909169912561));
#6909=CARTESIAN_POINT('',(18.8902675230589,1.5,-2.27909169912561));
#6910=CARTESIAN_POINT('',(0.43690304114252,1.50000000000001,-2.12194882154688));
#6911=CARTESIAN_POINT('',(5.37730056467403,1.5,19.6158497531654));
#6912=CARTESIAN_POINT('',(0.681545835274752,1.50000000000001,-2.29516304850801));
#6913=CARTESIAN_POINT('Ctrl Pts',(0.43690304114252,1.50000000000001,-2.12194882154688));
#6914=CARTESIAN_POINT('Ctrl Pts',(0.474107848543235,1.50000000000001,-2.15834968959868));
#6915=CARTESIAN_POINT('Ctrl Pts',(0.546468727193512,1.50000000000001,-2.22914695962596));
#6916=CARTESIAN_POINT('Ctrl Pts',(0.637378097626756,1.50000000000001,-2.27357699787584));
#6917=CARTESIAN_POINT('Ctrl Pts',(0.681545835274752,1.50000000000001,-2.29516304850801));
#6918=CARTESIAN_POINT('Ctrl Pts',(0.681545835274752,1.50000000000001,-2.29516304850801));
#6919=CARTESIAN_POINT('Ctrl Pts',(0.729188438217115,1.50000000000001,-2.31129860314831));
#6920=CARTESIAN_POINT('Ctrl Pts',(0.829318233749116,1.50000000000001,-2.34521047376721));
#6921=CARTESIAN_POINT('Ctrl Pts',(0.935050411144742,1.50000000000001,-2.3486941517433));
#6922=CARTESIAN_POINT('Ctrl Pts',(0.990474324959811,1.50000000000001,-2.35052026629671));
#6923=CARTESIAN_POINT('',(5.10476003243357,1.50000000000001,-2.35052026629671));
#6924=CARTESIAN_POINT('',(5.56904624058634,1.50000000000001,-2.17194877386316));
#6925=CARTESIAN_POINT('Ctrl Pts',(5.10476003243357,1.50000000000001,-2.35052026629671));
#6926=CARTESIAN_POINT('Ctrl Pts',(5.1951123607558,1.50000000000001,-2.34437812930293));
#6927=CARTESIAN_POINT('Ctrl Pts',(5.36870076377549,1.50000000000001,-2.33257761711164));
#6928=CARTESIAN_POINT('Ctrl Pts',(5.50411484767023,1.50000000000001,-2.22400812005181));
#6929=CARTESIAN_POINT('Ctrl Pts',(5.56904624058634,1.50000000000001,-2.17194877386316));
#6930=CARTESIAN_POINT('',(5.74404607369333,1.50000000000001,-1.67552031398042));
#6931=CARTESIAN_POINT('Ctrl Pts',(5.56904624058634,1.50000000000001,-2.17194877386316));
#6932=CARTESIAN_POINT('Ctrl Pts',(5.62002691414898,1.50000000000001,-2.10347683850594));
#6933=CARTESIAN_POINT('Ctrl Pts',(5.72928790303166,1.50000000000001,-1.95672884863));
#6934=CARTESIAN_POINT('Ctrl Pts',(5.73891234954213,1.50000000000001,-1.77334050314543));
#6935=CARTESIAN_POINT('Ctrl Pts',(5.74404607369333,1.50000000000001,-1.67552031398042));
#6936=CARTESIAN_POINT('',(5.74404607369333,1.50000000000001,-0.332663131954514));
#6937=CARTESIAN_POINT('',(5.74404607369333,1.5,17.4353123094857));
#6938=CARTESIAN_POINT('',(4.96547470642954,1.50000000000001,-0.332663131954514));
#6939=CARTESIAN_POINT('',(21.1724104602423,1.5,-0.332663131954514));
#6940=CARTESIAN_POINT('',(4.96547470642954,1.50000000000001,-1.6326630842708));
#6941=CARTESIAN_POINT('',(4.96547470642954,1.5,16.7853123333275));
#6942=CARTESIAN_POINT('',(4.92440293385416,1.50000000000001,-1.77016310215219));
#6943=CARTESIAN_POINT('Ctrl Pts',(4.96547470642954,1.50000000000001,-1.6326630842708));
#6944=CARTESIAN_POINT('Ctrl Pts',(4.96449946202368,1.50000000000001,-1.65977834801799));
#6945=CARTESIAN_POINT('Ctrl Pts',(4.96271522851383,1.50000000000001,-1.70938638669592));
#6946=CARTESIAN_POINT('Ctrl Pts',(4.93635494628966,1.50000000000001,-1.75120302509665));
#6947=CARTESIAN_POINT('Ctrl Pts',(4.92440293385416,1.50000000000001,-1.77016310215219));
#6948=CARTESIAN_POINT('',(4.8083318288508,1.50000000000001,-1.81837744832262));
#6949=CARTESIAN_POINT('Ctrl Pts',(4.92440293385416,1.50000000000001,-1.77016310215219));
#6950=CARTESIAN_POINT('Ctrl Pts',(4.90874206400621,1.50000000000001,-1.78421661703847));
#6951=CARTESIAN_POINT('Ctrl Pts',(4.8758231254884,1.50000000000001,-1.81375691697023));
#6952=CARTESIAN_POINT('Ctrl Pts',(4.83154503938832,1.50000000000001,-1.81678824538206));
#6953=CARTESIAN_POINT('Ctrl Pts',(4.8083318288508,1.50000000000001,-1.81837744832262));
#6954=CARTESIAN_POINT('',(4.6154744441691,1.50000000000001,-1.71480603337511));
#6955=CARTESIAN_POINT('Ctrl Pts',(4.8083318288508,1.50000000000001,-1.81837744832262));
#6956=CARTESIAN_POINT('Ctrl Pts',(4.77269897474296,1.50000000000001,-1.81303862980179));
#6957=CARTESIAN_POINT('Ctrl Pts',(4.69645575420197,1.50000000000001,-1.80161521935368));
#6958=CARTESIAN_POINT('Ctrl Pts',(4.64361804471941,1.50000000000001,-1.74497500759011));
#6959=CARTESIAN_POINT('Ctrl Pts',(4.6154744441691,1.50000000000001,-1.71480603337511));
#6960=CARTESIAN_POINT('',(4.6154744441691,1.50000000000001,-0.332663131954514));
#6961=CARTESIAN_POINT('',(4.6154744441691,1.5,17.4353123094857));
#6962=CARTESIAN_POINT('',(3.83690307690531,1.50000000000001,-0.332663131954514));
#6963=CARTESIAN_POINT('',(20.6081246454802,1.5,-0.332663131954514));
#6964=CARTESIAN_POINT('',(3.83690307690531,1.50000000000001,-2.97552026629671));
#6965=CARTESIAN_POINT('',(3.8369030769053,1.5,16.1138837423146));
#6966=CARTESIAN_POINT('',(4.6154744441691,1.50000000000001,-2.97552026629671));
#6967=CARTESIAN_POINT('',(20.9974103291121,1.5,-2.97552026629671));
#6968=CARTESIAN_POINT('',(4.6154744441691,1.50000000000001,-2.17194877386316));
#6969=CARTESIAN_POINT('',(4.6154744441691,1.5,16.5156694885313));
#6970=CARTESIAN_POINT('',(4.83333180500894,1.50000000000001,-2.30766303658708));
#6971=CARTESIAN_POINT('Ctrl Pts',(4.6154744441691,1.50000000000001,-2.17194877386316));
#6972=CARTESIAN_POINT('Ctrl Pts',(4.64910625495496,1.50000000000001,-2.20065355269629));
#6973=CARTESIAN_POINT('Ctrl Pts',(4.7149379027517,1.50000000000001,-2.25684091953949));
#6974=CARTESIAN_POINT('Ctrl Pts',(4.79444364205551,1.50000000000001,-2.29096978860974));
#6975=CARTESIAN_POINT('Ctrl Pts',(4.83333180500894,1.50000000000001,-2.30766303658708));
#6976=CARTESIAN_POINT('Ctrl Pts',(4.83333180500894,1.50000000000001,-2.30766303658708));
#6977=CARTESIAN_POINT('Ctrl Pts',(4.87530493189925,1.50000000000001,-2.3201540441248));
#6978=CARTESIAN_POINT('Ctrl Pts',(4.9638215585604,1.50000000000001,-2.34649618093361));
#6979=CARTESIAN_POINT('Ctrl Pts',(5.05619077665309,1.50000000000001,-2.34913351343986));
#6980=CARTESIAN_POINT('Ctrl Pts',(5.10476003243357,1.50000000000001,-2.35052026629671));
#6981=CARTESIAN_POINT('',(17.9297609145823,1.50000000000001,-2.02552027821764));
#6982=CARTESIAN_POINT('',(18.3208317573252,1.50000000000001,-1.92730597973093));
#6983=CARTESIAN_POINT('Ctrl Pts',(17.9297609145823,1.50000000000001,-2.02552027821764));
#6984=CARTESIAN_POINT('Ctrl Pts',(18.0010822906615,1.50000000000001,-2.02213206483579));
#6985=CARTESIAN_POINT('Ctrl Pts',(18.1381792223024,1.50000000000001,-2.01561909938375));
#6986=CARTESIAN_POINT('Ctrl Pts',(18.2616119383565,1.50000000000001,-1.95593896288527));
#6987=CARTESIAN_POINT('Ctrl Pts',(18.3208317573252,1.50000000000001,-1.92730597973093));
#6988=CARTESIAN_POINT('',(18.5726160819712,1.50000000000001,-1.65766306042894));
#6989=CARTESIAN_POINT('Ctrl Pts',(18.3208317573252,1.50000000000001,-1.92730597973093));
#6990=CARTESIAN_POINT('Ctrl Pts',(18.3728150672259,1.50000000000001,-1.89156787946285));
#6991=CARTESIAN_POINT('Ctrl Pts',(18.4765985471965,1.50000000000001,-1.82021758606202));
#6992=CARTESIAN_POINT('Ctrl Pts',(18.5406479116029,1.50000000000001,-1.71178412052257));
#6993=CARTESIAN_POINT('Ctrl Pts',(18.5726160819712,1.50000000000001,-1.65766306042894));
#6994=CARTESIAN_POINT('',(18.6583323295298,1.50000000000001,-1.26837737679704));
#6995=CARTESIAN_POINT('Ctrl Pts',(18.5726160819712,1.50000000000001,-1.65766306042894));
#6996=CARTESIAN_POINT('Ctrl Pts',(18.5976089911352,1.50000000000001,-1.59745051880788));
#6997=CARTESIAN_POINT('Ctrl Pts',(18.6493163777191,1.50000000000001,-1.4728778591634));
#6998=CARTESIAN_POINT('Ctrl Pts',(18.6552610375614,1.50000000000001,-1.3380406472121));
#6999=CARTESIAN_POINT('Ctrl Pts',(18.6583323295298,1.50000000000001,-1.26837737679704));
#7000=CARTESIAN_POINT('',(18.6583323295298,1.50000000000001,-1.11123449921831));
#7001=CARTESIAN_POINT('',(18.6583323295298,1.5,17.0460266258538));
#7002=CARTESIAN_POINT('',(18.5511894042674,1.50000000000001,-0.689806116821609));
#7003=CARTESIAN_POINT('Ctrl Pts',(18.6583323295298,1.50000000000001,-1.11123449921831));
#7004=CARTESIAN_POINT('Ctrl Pts',(18.6540359524039,1.50000000000001,-1.03683656095458));
#7005=CARTESIAN_POINT('Ctrl Pts',(18.6455222831632,1.50000000000001,-0.889410154939241));
#7006=CARTESIAN_POINT('Ctrl Pts',(18.5824383645949,1.50000000000001,-0.755927481306276));
#7007=CARTESIAN_POINT('Ctrl Pts',(18.5511894042674,1.50000000000001,-0.689806116821609));
#7008=CARTESIAN_POINT('',(18.2226176078501,1.50000000000001,-0.379091573955856));
#7009=CARTESIAN_POINT('Ctrl Pts',(18.5511894042674,1.50000000000001,-0.689806116821609));
#7010=CARTESIAN_POINT('Ctrl Pts',(18.5095269065733,1.50000000000001,-0.628026843226053));
#7011=CARTESIAN_POINT('Ctrl Pts',(18.4232607177799,1.50000000000001,-0.500106944648243));
#7012=CARTESIAN_POINT('Ctrl Pts',(18.2910017410354,1.50000000000001,-0.420336604646379));
#7013=CARTESIAN_POINT('Ctrl Pts',(18.2226176078501,1.50000000000001,-0.379091573955856));
#7014=CARTESIAN_POINT('',(17.6761884505931,1.50000000000001,-0.261234415771804));
#7015=CARTESIAN_POINT('Ctrl Pts',(18.2226176078501,1.50000000000001,-0.379091573955856));
#7016=CARTESIAN_POINT('Ctrl Pts',(18.1412697256192,1.50000000000001,-0.344758305841381));
#7017=CARTESIAN_POINT('Ctrl Pts',(17.9668311059006,1.50000000000001,-0.271135640615598));
#7018=CARTESIAN_POINT('Ctrl Pts',(17.7773217968938,1.50000000000001,-0.264679691207609));
#7019=CARTESIAN_POINT('Ctrl Pts',(17.6761884505931,1.50000000000001,-0.261234415771804));
#7020=CARTESIAN_POINT('',(16.9136888797465,1.50000000000001,-0.541591717007003));
#7021=CARTESIAN_POINT('Ctrl Pts',(17.6761884505931,1.50000000000001,-0.261234415771804));
#7022=CARTESIAN_POINT('Ctrl Pts',(17.5240055522435,1.50000000000001,-0.269254122971307));
#7023=CARTESIAN_POINT('Ctrl Pts',(17.2396517593426,1.50000000000001,-0.284238948368014));
#7024=CARTESIAN_POINT('Ctrl Pts',(17.0171228578146,1.50000000000001,-0.459928980869241));
#7025=CARTESIAN_POINT('Ctrl Pts',(16.9136888797465,1.50000000000001,-0.541591717007003));
#7026=CARTESIAN_POINT('',(16.6476173217478,1.50000000000001,-1.32194883942827));
#7027=CARTESIAN_POINT('Ctrl Pts',(16.9136888797465,1.50000000000001,-0.541591717007003));
#7028=CARTESIAN_POINT('Ctrl Pts',(16.8361902021029,1.50000000000001,-0.649430840555506));
#7029=CARTESIAN_POINT('Ctrl Pts',(16.6693004692413,1.50000000000001,-0.881657287099572));
#7030=CARTESIAN_POINT('Ctrl Pts',(16.6551804303578,1.50000000000001,-1.16837460250963));
#7031=CARTESIAN_POINT('Ctrl Pts',(16.6476173217478,1.50000000000001,-1.32194883942827));
#7032=CARTESIAN_POINT('',(16.6476173217478,1.50000000000001,-1.51480592608675));
#7033=CARTESIAN_POINT('',(16.6476173217478,1.5,16.8442409124195));
#7034=CARTESIAN_POINT('',(17.1029741580668,1.50000000000001,-2.54516310811266));
#7035=CARTESIAN_POINT('Ctrl Pts',(16.6476173217478,1.50000000000001,-1.51480592608675));
#7036=CARTESIAN_POINT('Ctrl Pts',(16.6628991179302,1.50000000000001,-1.72348542630961));
#7037=CARTESIAN_POINT('Ctrl Pts',(16.6921354101736,1.50000000000001,-2.1227195726692));
#7038=CARTESIAN_POINT('Ctrl Pts',(16.9702364166583,1.50000000000001,-2.40867598012153));
#7039=CARTESIAN_POINT('Ctrl Pts',(17.1029741580668,1.50000000000001,-2.54516310811266));
#7040=CARTESIAN_POINT('',(18.376187783021,1.50000000000001,-2.904091550114));
#7041=CARTESIAN_POINT('Ctrl Pts',(17.1029741580668,1.50000000000001,-2.54516310811266));
#7042=CARTESIAN_POINT('Ctrl Pts',(17.2806450510773,1.50000000000001,-2.64877064052984));
#7043=CARTESIAN_POINT('Ctrl Pts',(17.6725221627574,1.50000000000001,-2.877291023717));
#7044=CARTESIAN_POINT('Ctrl Pts',(18.1274933474926,1.50000000000001,-2.89461952022902));
#7045=CARTESIAN_POINT('Ctrl Pts',(18.376187783021,1.50000000000001,-2.904091550114));
#7046=CARTESIAN_POINT('',(18.376187783021,1.50000000000001,-2.32194877982362));
#7047=CARTESIAN_POINT('',(18.376187783021,1.5,16.4406694855511));
#7048=CARTESIAN_POINT('',(17.7261895950022,1.50000000000001,-2.21837736487611));
#7049=CARTESIAN_POINT('Ctrl Pts',(18.376187783021,1.50000000000001,-2.32194877982362));
#7050=CARTESIAN_POINT('Ctrl Pts',(18.253108536962,1.50000000000001,-2.31893562773964));
#7051=CARTESIAN_POINT('Ctrl Pts',(18.0314975913716,1.50000000000001,-2.31351028184324));
#7052=CARTESIAN_POINT('Ctrl Pts',(17.8201555699236,1.50000000000001,-2.24765683805151));
#7053=CARTESIAN_POINT('Ctrl Pts',(17.7261895950022,1.50000000000001,-2.21837736487611));
#7054=CARTESIAN_POINT('',(17.4226183707896,1.50000000000001,-1.86480603933557));
#7055=CARTESIAN_POINT('Ctrl Pts',(17.7261895950022,1.50000000000001,-2.21837736487611));
#7056=CARTESIAN_POINT('Ctrl Pts',(17.6528479637288,1.50000000000001,-2.17873652129711));
#7057=CARTESIAN_POINT('Ctrl Pts',(17.5064798455868,1.50000000000001,-2.09962516836593));
#7058=CARTESIAN_POINT('Ctrl Pts',(17.4505320420841,1.50000000000001,-1.94296664880817));
#7059=CARTESIAN_POINT('Ctrl Pts',(17.4226183707896,1.50000000000001,-1.86480603933557));
#7060=CARTESIAN_POINT('Ctrl Pts',(17.4226183707896,1.50000000000001,-1.86480603933557));
#7061=CARTESIAN_POINT('Ctrl Pts',(17.4948356111737,1.50000000000001,-1.91163373353532));
#7062=CARTESIAN_POINT('Ctrl Pts',(17.6486862625531,1.50000000000001,-2.01139483236583));
#7063=CARTESIAN_POINT('Ctrl Pts',(17.832322971827,1.50000000000001,-2.02062352081043));
#7064=CARTESIAN_POINT('Ctrl Pts',(17.9297609145823,1.50000000000001,-2.02552027821764));
#7065=CARTESIAN_POINT('',(9.05118892743021,1.50000000000001,-0.946948601009689));
#7066=CARTESIAN_POINT('',(9.07797525479227,1.50000000000001,-0.846948696377121));
#7067=CARTESIAN_POINT('Ctrl Pts',(9.05118892743021,1.50000000000001,-0.946948601009689));
#7068=CARTESIAN_POINT('Ctrl Pts',(9.05159913559401,1.50000000000001,-0.926773839354779));
#7069=CARTESIAN_POINT('Ctrl Pts',(9.05232557991432,1.50000000000001,-0.891046025256281));
#7070=CARTESIAN_POINT('Ctrl Pts',(9.07019592566938,1.50000000000001,-0.860323042696265));
#7071=CARTESIAN_POINT('Ctrl Pts',(9.07797525479227,1.50000000000001,-0.846948696377121));
#7072=CARTESIAN_POINT('',(9.16547487332254,1.50000000000001,-0.81480599761232));
#7073=CARTESIAN_POINT('Ctrl Pts',(9.07797525479227,1.50000000000001,-0.846948696377121));
#7074=CARTESIAN_POINT('Ctrl Pts',(9.08921269982376,1.50000000000001,-0.837600910932594));
#7075=CARTESIAN_POINT('Ctrl Pts',(9.11435190360244,1.50000000000001,-0.816689050406393));
#7076=CARTESIAN_POINT('Ctrl Pts',(9.14727093711021,1.50000000000001,-0.815476517598452));
#7077=CARTESIAN_POINT('Ctrl Pts',(9.16547487332254,1.50000000000001,-0.81480599761232));
#7078=CARTESIAN_POINT('',(9.21904633595377,1.50000000000001,-0.818377209904038));
#7079=CARTESIAN_POINT('Ctrl Pts',(9.16547487332254,1.50000000000001,-0.81480599761232));
#7080=CARTESIAN_POINT('Ctrl Pts',(9.1747122699202,1.50000000000001,-0.814935404126385));
#7081=CARTESIAN_POINT('Ctrl Pts',(9.19263307742495,1.50000000000001,-0.815186456379461));
#7082=CARTESIAN_POINT('Ctrl Pts',(9.21042525287399,1.50000000000001,-0.817335772657949));
#7083=CARTESIAN_POINT('Ctrl Pts',(9.21904633595377,1.50000000000001,-0.818377209904038));
#7084=CARTESIAN_POINT('',(9.26547477795511,1.50000000000001,-0.332663131954514));
#7085=CARTESIAN_POINT('',(11.075778491563,1.5,18.605943488492));
#7086=CARTESIAN_POINT('',(8.91547511174112,1.50000000000001,-0.261234415771805));
#7087=CARTESIAN_POINT('Ctrl Pts',(9.26547477795511,1.50000000000001,-0.332663131954514));
#7088=CARTESIAN_POINT('Ctrl Pts',(9.21073357489341,1.50000000000001,-0.311834397055711));
#7089=CARTESIAN_POINT('Ctrl Pts',(9.09802178255393,1.50000000000001,-0.268948163080152));
#7090=CARTESIAN_POINT('Ctrl Pts',(8.97747528995193,1.50000000000001,-0.263854314045825));
#7091=CARTESIAN_POINT('Ctrl Pts',(8.91547511174112,1.50000000000001,-0.261234415771805));
#7092=CARTESIAN_POINT('',(8.4511894996348,1.50000000000001,-0.414806081058823));
#7093=CARTESIAN_POINT('Ctrl Pts',(8.91547511174112,1.50000000000001,-0.261234415771805));
#7094=CARTESIAN_POINT('Ctrl Pts',(8.82647833827095,1.50000000000001,-0.266165474062078));
#7095=CARTESIAN_POINT('Ctrl Pts',(8.65742914005734,1.50000000000001,-0.275532009699402));
#7096=CARTESIAN_POINT('Ctrl Pts',(8.51746760371959,1.50000000000001,-0.370048335268728));
#7097=CARTESIAN_POINT('Ctrl Pts',(8.4511894996348,1.50000000000001,-0.414806081058823));
#7098=CARTESIAN_POINT('',(8.27261756016641,1.50000000000001,-0.868377460243546));
#7099=CARTESIAN_POINT('Ctrl Pts',(8.4511894996348,1.50000000000001,-0.414806081058823));
#7100=CARTESIAN_POINT('Ctrl Pts',(8.39917237820068,1.50000000000001,-0.475161597533341));
#7101=CARTESIAN_POINT('Ctrl Pts',(8.28741304013931,1.50000000000001,-0.604836065930953));
#7102=CARTESIAN_POINT('Ctrl Pts',(8.27777153542483,1.50000000000001,-0.776573353290373));
#7103=CARTESIAN_POINT('Ctrl Pts',(8.27261756016641,1.50000000000001,-0.868377460243546));
#7104=CARTESIAN_POINT('',(8.27261756016641,1.50000000000001,-2.97551996827348));
#7105=CARTESIAN_POINT('',(8.27261756016641,1.5,16.1138838913262));
#7106=CARTESIAN_POINT('',(9.05118892743021,1.50000000000001,-2.97551996827348));
#7107=CARTESIAN_POINT('',(23.2152675707427,1.5,-2.97551996827348));
#7108=CARTESIAN_POINT('',(9.05118892743021,1.5,17.1281695749581));
#7109=CARTESIAN_POINT('',(7.93333123280435,1.50000000000001,-2.27909169912561));
#7110=CARTESIAN_POINT('',(7.93333123280435,1.50000000000001,-0.332663131954514));
#7111=CARTESIAN_POINT('',(7.93333123280435,1.5,17.4353123094857));
#7112=CARTESIAN_POINT('',(7.2869033630076,1.50000000000001,-0.332663131954514));
#7113=CARTESIAN_POINT('',(22.3331247885314,1.5,-0.332663131954514));
#7114=CARTESIAN_POINT('',(7.23690341069132,1.50000000000001,-0.500520242454849));
#7115=CARTESIAN_POINT('',(13.3493776785874,1.5,20.0199446997192));
#7116=CARTESIAN_POINT('',(6.6654742772761,1.50000000000001,-0.261234415771805));
#7117=CARTESIAN_POINT('Ctrl Pts',(7.23690341069132,1.50000000000001,-0.500520242454849));
#7118=CARTESIAN_POINT('Ctrl Pts',(7.15174081603394,1.50000000000001,-0.430737100790768));
#7119=CARTESIAN_POINT('Ctrl Pts',(6.98485223347344,1.50000000000001,-0.293986809823337));
#7120=CARTESIAN_POINT('Ctrl Pts',(6.77046200561412,1.50000000000001,-0.272000968009924));
#7121=CARTESIAN_POINT('Ctrl Pts',(6.6654742772761,1.50000000000001,-0.261234415771805));
#7122=CARTESIAN_POINT('',(6.22261713101297,1.50000000000001,-0.429091824295365));
#7123=CARTESIAN_POINT('Ctrl Pts',(6.6654742772761,1.50000000000001,-0.261234415771805));
#7124=CARTESIAN_POINT('Ctrl Pts',(6.58091925494326,1.50000000000001,-0.267419123378051));
#7125=CARTESIAN_POINT('Ctrl Pts',(6.41637410988836,1.50000000000001,-0.279454642760755));
#7126=CARTESIAN_POINT('Ctrl Pts',(6.28599712793282,1.50000000000001,-0.380143888794894));
#7127=CARTESIAN_POINT('Ctrl Pts',(6.22261713101297,1.50000000000001,-0.429091824295365));
#7128=CARTESIAN_POINT('',(6.04761729790598,1.50000000000001,-0.882663203480087));
#7129=CARTESIAN_POINT('Ctrl Pts',(6.22261713101297,1.50000000000001,-0.429091824295365));
#7130=CARTESIAN_POINT('Ctrl Pts',(6.17160522649164,1.50000000000001,-0.491981737934943));
#7131=CARTESIAN_POINT('Ctrl Pts',(6.06463665655868,1.50000000000001,-0.623857702738794));
#7132=CARTESIAN_POINT('Ctrl Pts',(6.05346259593876,1.50000000000001,-0.793776464841721));
#7133=CARTESIAN_POINT('Ctrl Pts',(6.04761729790598,1.50000000000001,-0.882663203480087));
#7134=CARTESIAN_POINT('',(6.04761729790598,1.50000000000001,-2.27909169912561));
#7135=CARTESIAN_POINT('',(6.04761729790598,1.5,16.4620980259001));
#7136=CARTESIAN_POINT('',(6.82618866516977,1.50000000000001,-2.27909169912561));
#7137=CARTESIAN_POINT('',(22.1027674396124,1.5,-2.27909169912561));
#7138=CARTESIAN_POINT('',(6.82618866516977,1.50000000000001,-0.932663155796372));
#7139=CARTESIAN_POINT('',(6.82618866516977,1.5,17.1353122975647));
#7140=CARTESIAN_POINT('',(6.95833156659037,1.50000000000001,-0.793377531769119));
#7141=CARTESIAN_POINT('Ctrl Pts',(6.82618866516977,1.50000000000001,-0.932663155796372));
#7142=CARTESIAN_POINT('Ctrl Pts',(6.83121618042272,1.50000000000001,-0.892043397221516));
#7143=CARTESIAN_POINT('Ctrl Pts',(6.84106393244364,1.50000000000001,-0.812478584492144));
#7144=CARTESIAN_POINT('Ctrl Pts',(6.91979473853966,1.50000000000001,-0.799654574788966));
#7145=CARTESIAN_POINT('Ctrl Pts',(6.95833156659037,1.50000000000001,-0.793377531769119));
#7146=CARTESIAN_POINT('',(7.15475986554056,1.50000000000001,-0.896948946716629));
#7147=CARTESIAN_POINT('Ctrl Pts',(6.95833156659037,1.50000000000001,-0.793377531769119));
#7148=CARTESIAN_POINT('Ctrl Pts',(6.99490297879262,1.50000000000001,-0.798581900940055));
#7149=CARTESIAN_POINT('Ctrl Pts',(7.07237983927175,1.50000000000001,-0.809607403097545));
#7150=CARTESIAN_POINT('Ctrl Pts',(7.12629453200384,1.50000000000001,-0.866769226178348));
#7151=CARTESIAN_POINT('Ctrl Pts',(7.15475986554056,1.50000000000001,-0.896948946716629));
#7152=CARTESIAN_POINT('',(7.15475986554056,1.50000000000001,-2.27909169912561));
#7153=CARTESIAN_POINT('',(7.15475986554056,1.5,16.4620980259001));
#7154=CARTESIAN_POINT('',(22.6563387234297,1.5,-2.27909169912561));
#7155=CARTESIAN_POINT('',(2.67261753632456,1.50000000000001,-0.261234415771805));
#7156=CARTESIAN_POINT('',(2.16726015164286,1.50000000000001,-0.341591609718643));
#7157=CARTESIAN_POINT('Ctrl Pts',(2.67261753632456,1.50000000000001,-0.261234415771805));
#7158=CARTESIAN_POINT('Ctrl Pts',(2.58406060027766,1.50000000000001,-0.264154477708164));
#7159=CARTESIAN_POINT('Ctrl Pts',(2.41219418267982,1.50000000000001,-0.269821572873924));
#7160=CARTESIAN_POINT('Ctrl Pts',(2.24722588198001,1.50000000000001,-0.318160225405428));
#7161=CARTESIAN_POINT('Ctrl Pts',(2.16726015164286,1.50000000000001,-0.341591609718643));
#7162=CARTESIAN_POINT('',(1.79404596640497,1.50000000000001,-0.575520170929276));
#7163=CARTESIAN_POINT('Ctrl Pts',(2.16726015164286,1.50000000000001,-0.341591609718643));
#7164=CARTESIAN_POINT('Ctrl Pts',(2.0951477332789,1.50000000000001,-0.370345874568897));
#7165=CARTESIAN_POINT('Ctrl Pts',(1.95639296561676,1.50000000000001,-0.4256732568577));
#7166=CARTESIAN_POINT('Ctrl Pts',(1.84672044202127,1.50000000000001,-0.526901424295447));
#7167=CARTESIAN_POINT('Ctrl Pts',(1.79404596640497,1.50000000000001,-0.575520170929276));
#7168=CARTESIAN_POINT('',(2.11190323187738,1.50000000000001,-0.936234666111314));
#7169=CARTESIAN_POINT('',(0.8563904714802,1.5,0.488560991424412));
#7170=CARTESIAN_POINT('',(2.35476027085214,1.50000000000001,-0.80409176469072));
#7171=CARTESIAN_POINT('Ctrl Pts',(2.11190323187738,1.50000000000001,-0.936234666111313));
#7172=CARTESIAN_POINT('Ctrl Pts',(2.15265901839685,1.50000000000001,-0.908052580015711));
#7173=CARTESIAN_POINT('Ctrl Pts',(2.22893572648657,1.50000000000001,-0.855308247540449));
#7174=CARTESIAN_POINT('Ctrl Pts',(2.31478264533705,1.50000000000001,-0.820364530722903));
#7175=CARTESIAN_POINT('Ctrl Pts',(2.35476027085214,1.50000000000001,-0.80409176469072));
#7176=CARTESIAN_POINT('',(2.59404609753519,1.50000000000001,-0.764806045296036));
#7177=CARTESIAN_POINT('Ctrl Pts',(2.35476027085214,1.50000000000001,-0.80409176469072));
#7178=CARTESIAN_POINT('Ctrl Pts',(2.3934785462931,1.50000000000001,-0.792633633709305));
#7179=CARTESIAN_POINT('Ctrl Pts',(2.47158798447948,1.50000000000001,-0.769518240179211));
#7180=CARTESIAN_POINT('Ctrl Pts',(2.5529929674012,1.50000000000001,-0.766385771987298));
#7181=CARTESIAN_POINT('Ctrl Pts',(2.59404609753519,1.50000000000001,-0.764806045296036));
#7182=CARTESIAN_POINT('',(2.7529747302714,1.50000000000001,-0.791591776611649));
#7183=CARTESIAN_POINT('Ctrl Pts',(2.59404609753519,1.50000000000001,-0.764806045296036));
#7184=CARTESIAN_POINT('Ctrl Pts',(2.62551822877221,1.50000000000001,-0.765049525865777));
#7185=CARTESIAN_POINT('Ctrl Pts',(2.68008067409704,1.50000000000001,-0.765471642028617));
#7186=CARTESIAN_POINT('Ctrl Pts',(2.73129943289715,1.50000000000001,-0.783824865092986));
#7187=CARTESIAN_POINT('Ctrl Pts',(2.7529747302714,1.50000000000001,-0.791591776611649));
#7188=CARTESIAN_POINT('',(2.80476043774515,1.50000000000001,-0.861234439613663));
#7189=CARTESIAN_POINT('Ctrl Pts',(2.7529747302714,1.50000000000001,-0.791591776611649));
#7190=CARTESIAN_POINT('Ctrl Pts',(2.76803566489931,1.50000000000001,-0.800378684963928));
#7191=CARTESIAN_POINT('Ctrl Pts',(2.79553491945108,1.50000000000001,-0.816422405720448));
#7192=CARTESIAN_POINT('Ctrl Pts',(2.80188720496845,1.50000000000001,-0.847277998309428));
#7193=CARTESIAN_POINT('Ctrl Pts',(2.80476043774515,1.50000000000001,-0.861234439613663));
#7194=CARTESIAN_POINT('',(2.80476043774515,1.50000000000001,-0.893377436401688));
#7195=CARTESIAN_POINT('',(2.80476043774515,1.5,17.1549551572621));
#7196=CARTESIAN_POINT('',(2.75476048542887,1.50000000000001,-0.971948875191055));
#7197=CARTESIAN_POINT('Ctrl Pts',(2.80476043774515,1.50000000000001,-0.893377436401688));
#7198=CARTESIAN_POINT('Ctrl Pts',(2.80192511153688,1.50000000000001,-0.907866791306725));
#7199=CARTESIAN_POINT('Ctrl Pts',(2.79558735118432,1.50000000000001,-0.940254619833671));
#7200=CARTESIAN_POINT('Ctrl Pts',(2.76929204866901,1.50000000000001,-0.960667894700563));
#7201=CARTESIAN_POINT('Ctrl Pts',(2.75476048542887,1.50000000000001,-0.971948875191055));
#7202=CARTESIAN_POINT('',(2.56190310074716,1.50000000000001,-1.05766303658708));
#7203=CARTESIAN_POINT('Ctrl Pts',(2.75476048542887,1.50000000000001,-0.971948875191055));
#7204=CARTESIAN_POINT('Ctrl Pts',(2.73063389194072,1.50000000000001,-0.98564844672843));
#7205=CARTESIAN_POINT('Ctrl Pts',(2.66924207896795,1.50000000000001,-1.02050796943903));
#7206=CARTESIAN_POINT('Ctrl Pts',(2.60244770748242,1.50000000000001,-1.04362864189924));
#7207=CARTESIAN_POINT('Ctrl Pts',(2.56190310074716,1.50000000000001,-1.05766303658708));
#7208=CARTESIAN_POINT('',(2.34047482563883,1.50000000000001,-1.13623447537645));
#7209=CARTESIAN_POINT('',(23.6270439341202,1.5,6.4170753308097));
#7210=CARTESIAN_POINT('',(2.0065460617724,1.50000000000001,-1.33802033782228));
#7211=CARTESIAN_POINT('Ctrl Pts',(2.34047482563883,1.50000000000001,-1.13623447537645));
#7212=CARTESIAN_POINT('Ctrl Pts',(2.27192665405979,1.50000000000001,-1.16252514958237));
#7213=CARTESIAN_POINT('Ctrl Pts',(2.1482639388595,1.50000000000001,-1.20995422145779));
#7214=CARTESIAN_POINT('Ctrl Pts',(2.0502357131862,1.50000000000001,-1.2985393344592));
#7215=CARTESIAN_POINT('Ctrl Pts',(2.0065460617724,1.50000000000001,-1.33802033782228));
#7216=CARTESIAN_POINT('',(1.90118889166742,1.50000000000001,-1.64694882750734));
#7217=CARTESIAN_POINT('Ctrl Pts',(2.0065460617724,1.50000000000001,-1.33802033782228));
#7218=CARTESIAN_POINT('Ctrl Pts',(1.97583557943057,1.50000000000001,-1.38217080036414));
#7219=CARTESIAN_POINT('Ctrl Pts',(1.91137070827759,1.50000000000001,-1.47484775175247));
#7220=CARTESIAN_POINT('Ctrl Pts',(1.90468801186838,1.50000000000001,-1.58780394464049));
#7221=CARTESIAN_POINT('Ctrl Pts',(1.90118889166742,1.50000000000001,-1.64694882750734));
#7222=CARTESIAN_POINT('',(1.90118889166742,1.50000000000001,-1.74337737083658));
#7223=CARTESIAN_POINT('',(1.90118889166742,1.5,16.7299551900446));
#7224=CARTESIAN_POINT('',(2.01011727406412,1.50000000000001,-2.06302024245485));
#7225=CARTESIAN_POINT('Ctrl Pts',(1.90118889166742,1.50000000000001,-1.74337737083658));
#7226=CARTESIAN_POINT('Ctrl Pts',(1.90553897511171,1.50000000000001,-1.80199175993227));
#7227=CARTESIAN_POINT('Ctrl Pts',(1.91415102490609,1.50000000000001,-1.91803322075129));
#7228=CARTESIAN_POINT('Ctrl Pts',(1.97834747355537,1.50000000000001,-2.01502202645398));
#7229=CARTESIAN_POINT('Ctrl Pts',(2.01011727406412,1.50000000000001,-2.06302024245485));
#7230=CARTESIAN_POINT('',(2.31726000859171,1.50000000000001,-2.27552018881067));
#7231=CARTESIAN_POINT('Ctrl Pts',(2.01011727406412,1.50000000000001,-2.06302024245485));
#7232=CARTESIAN_POINT('Ctrl Pts',(2.05165255082741,1.50000000000001,-2.106800115942));
#7233=CARTESIAN_POINT('Ctrl Pts',(2.13907291888793,1.50000000000001,-2.19894474460794));
#7234=CARTESIAN_POINT('Ctrl Pts',(2.25592620487175,1.50000000000001,-2.24916214417171));
#7235=CARTESIAN_POINT('Ctrl Pts',(2.31726000859171,1.50000000000001,-2.27552018881067));
#7236=CARTESIAN_POINT('',(2.77261744095713,1.50000000000001,-2.35052026629671));
#7237=CARTESIAN_POINT('Ctrl Pts',(2.31726000859171,1.50000000000001,-2.27552018881067));
#7238=CARTESIAN_POINT('Ctrl Pts',(2.3877155421248,1.50000000000001,-2.29738063141484));
#7239=CARTESIAN_POINT('Ctrl Pts',(2.53594707900926,1.50000000000001,-2.34337286001202));
#7240=CARTESIAN_POINT('Ctrl Pts',(2.69117203942398,1.50000000000001,-2.34806062846971));
#7241=CARTESIAN_POINT('Ctrl Pts',(2.77261744095713,1.50000000000001,-2.35052026629671));
#7242=CARTESIAN_POINT('',(3.19940279080301,1.50000000000001,-2.27552018881067));
#7243=CARTESIAN_POINT('Ctrl Pts',(2.77261744095713,1.50000000000001,-2.35052026629671));
#7244=CARTESIAN_POINT('Ctrl Pts',(2.84564485172331,1.50000000000001,-2.34743622615224));
#7245=CARTESIAN_POINT('Ctrl Pts',(2.99122514544314,1.50000000000001,-2.34128818577445));
#7246=CARTESIAN_POINT('Ctrl Pts',(3.13016119918594,1.50000000000001,-2.29739516380795));
#7247=CARTESIAN_POINT('Ctrl Pts',(3.19940279080301,1.50000000000001,-2.27552018881067));
#7248=CARTESIAN_POINT('',(3.54404578759104,1.50000000000001,-2.07552023053392));
#7249=CARTESIAN_POINT('Ctrl Pts',(3.19940279080301,1.50000000000001,-2.27552018881067));
#7250=CARTESIAN_POINT('Ctrl Pts',(3.2640912796716,1.50000000000001,-2.24932912030072));
#7251=CARTESIAN_POINT('Ctrl Pts',(3.38851018930237,1.50000000000001,-2.19895440536971));
#7252=CARTESIAN_POINT('Ctrl Pts',(3.49359647718923,1.50000000000001,-2.11555716785887));
#7253=CARTESIAN_POINT('Ctrl Pts',(3.54404578759104,1.50000000000001,-2.07552023053392));
#7254=CARTESIAN_POINT('',(3.24047456337839,1.50000000000001,-1.71837739467844));
#7255=CARTESIAN_POINT('',(1.29037439613348,1.5,0.575859503889513));
#7256=CARTESIAN_POINT('',(3.03333173348337,1.50000000000001,-1.82552031994089));
#7257=CARTESIAN_POINT('Ctrl Pts',(3.24047456337839,1.50000000000001,-1.71837739467844));
#7258=CARTESIAN_POINT('Ctrl Pts',(3.20429668082868,1.50000000000001,-1.74183064113423));
#7259=CARTESIAN_POINT('Ctrl Pts',(3.13870867673907,1.50000000000001,-1.78434975823134));
#7260=CARTESIAN_POINT('Ctrl Pts',(3.06595499513318,1.50000000000001,-1.81277447663377));
#7261=CARTESIAN_POINT('Ctrl Pts',(3.03333173348337,1.50000000000001,-1.82552031994089));
#7262=CARTESIAN_POINT('',(2.82976041390329,1.50000000000001,-1.85409165740236));
#7263=CARTESIAN_POINT('Ctrl Pts',(3.03333173348337,1.50000000000001,-1.82552031994089));
#7264=CARTESIAN_POINT('Ctrl Pts',(3.00165754963941,1.50000000000001,-1.83384795444244));
#7265=CARTESIAN_POINT('Ctrl Pts',(2.93495688242385,1.50000000000001,-1.85138459501754));
#7266=CARTESIAN_POINT('Ctrl Pts',(2.86598144569391,1.50000000000001,-1.85315956724687));
#7267=CARTESIAN_POINT('Ctrl Pts',(2.82976041390329,1.50000000000001,-1.85409165740236));
#7268=CARTESIAN_POINT('',(2.70476053311258,1.50000000000001,-1.82552031994089));
#7269=CARTESIAN_POINT('Ctrl Pts',(2.82976041390329,1.50000000000001,-1.85409165740236));
#7270=CARTESIAN_POINT('Ctrl Pts',(2.80518540625366,1.50000000000001,-1.85360313548836));
#7271=CARTESIAN_POINT('Ctrl Pts',(2.76137931312422,1.50000000000001,-1.85273232247517));
#7272=CARTESIAN_POINT('Ctrl Pts',(2.72203352378552,1.50000000000001,-1.83382202947737));
#7273=CARTESIAN_POINT('Ctrl Pts',(2.70476053311258,1.50000000000001,-1.82552031994089));
#7274=CARTESIAN_POINT('',(2.66190300537973,1.50000000000001,-1.75409175276979));
#7275=CARTESIAN_POINT('Ctrl Pts',(2.70476053311258,1.50000000000001,-1.82552031994089));
#7276=CARTESIAN_POINT('Ctrl Pts',(2.69227191368143,1.50000000000001,-1.815835705777));
#7277=CARTESIAN_POINT('Ctrl Pts',(2.6685959124213,1.50000000000001,-1.79747555488826));
#7278=CARTESIAN_POINT('Ctrl Pts',(2.66405070591781,1.50000000000001,-1.76801326917144));
#7279=CARTESIAN_POINT('Ctrl Pts',(2.66190300537973,1.50000000000001,-1.75409175276979));
#7280=CARTESIAN_POINT('',(2.66190300537973,1.50000000000001,-1.72909162760004));
#7281=CARTESIAN_POINT('',(2.66190300537973,1.5,16.7370980616629));
#7282=CARTESIAN_POINT('',(2.70654628827005,1.50000000000001,-1.66302032590135));
#7283=CARTESIAN_POINT('Ctrl Pts',(2.66190300537973,1.50000000000001,-1.72909162760004));
#7284=CARTESIAN_POINT('Ctrl Pts',(2.664322721139,1.50000000000001,-1.71620346298965));
#7285=CARTESIAN_POINT('Ctrl Pts',(2.66961310460553,1.50000000000001,-1.68802522233985));
#7286=CARTESIAN_POINT('Ctrl Pts',(2.69355495965142,1.50000000000001,-1.67181585324224));
#7287=CARTESIAN_POINT('Ctrl Pts',(2.70654628827005,1.50000000000001,-1.66302032590135));
#7288=CARTESIAN_POINT('',(2.9154742772761,1.50000000000001,-1.57552011132463));
#7289=CARTESIAN_POINT('Ctrl Pts',(2.70654628827005,1.50000000000001,-1.66302032590135));
#7290=CARTESIAN_POINT('Ctrl Pts',(2.73125687346643,1.50000000000001,-1.6509376061));
#7291=CARTESIAN_POINT('Ctrl Pts',(2.79916263286233,1.50000000000001,-1.61773376826459));
#7292=CARTESIAN_POINT('Ctrl Pts',(2.8702532194569,1.50000000000001,-1.59193245104232));
#7293=CARTESIAN_POINT('Ctrl Pts',(2.9154742772761,1.50000000000001,-1.57552011132463));
#7294=CARTESIAN_POINT('',(3.13690314843088,1.50000000000001,-1.49337746024355));
#7295=CARTESIAN_POINT('',(24.1702172944914,1.5,6.30927345861955));
#7296=CARTESIAN_POINT('',(3.46726010395914,1.50000000000001,-1.28980584264024));
#7297=CARTESIAN_POINT('Ctrl Pts',(3.13690314843088,1.50000000000001,-1.49337746024355));
#7298=CARTESIAN_POINT('Ctrl Pts',(3.2039691909885,1.50000000000001,-1.46747975083178));
#7299=CARTESIAN_POINT('Ctrl Pts',(3.3269639746095,1.50000000000001,-1.41998502706537));
#7300=CARTESIAN_POINT('Ctrl Pts',(3.42340569239178,1.50000000000001,-1.33049785287422));
#7301=CARTESIAN_POINT('Ctrl Pts',(3.46726010395914,1.50000000000001,-1.28980584264024));
#7302=CARTESIAN_POINT('',(3.57618878437906,1.50000000000001,-0.979091597797714));
#7303=CARTESIAN_POINT('Ctrl Pts',(3.46726010395914,1.50000000000001,-1.28980584264024));
#7304=CARTESIAN_POINT('Ctrl Pts',(3.49902240280423,1.50000000000001,-1.24469752794807));
#7305=CARTESIAN_POINT('Ctrl Pts',(3.56459246320423,1.50000000000001,-1.15157596475981));
#7306=CARTESIAN_POINT('Ctrl Pts',(3.57224378283364,1.50000000000001,-1.03776978409213));
#7307=CARTESIAN_POINT('Ctrl Pts',(3.57618878437906,1.50000000000001,-0.979091597797714));
#7308=CARTESIAN_POINT('',(3.57618878437906,1.50000000000001,-0.871948970558487));
#7309=CARTESIAN_POINT('',(3.57618878437906,1.5,17.1656693901837));
#7310=CARTESIAN_POINT('',(3.32440326764017,1.50000000000001,-0.416591836216293));
#7311=CARTESIAN_POINT('Ctrl Pts',(3.57618878437906,1.50000000000001,-0.871948970558487));
#7312=CARTESIAN_POINT('Ctrl Pts',(3.5658764171356,1.50000000000001,-0.778086481551745));
#7313=CARTESIAN_POINT('Ctrl Pts',(3.54533851287457,1.50000000000001,-0.591151826548545));
#7314=CARTESIAN_POINT('Ctrl Pts',(3.39784048515334,1.50000000000001,-0.474614267021873));
#7315=CARTESIAN_POINT('Ctrl Pts',(3.32440326764017,1.50000000000001,-0.416591836216293));
#7316=CARTESIAN_POINT('Ctrl Pts',(3.32440326764017,1.50000000000001,-0.416591836216293));
#7317=CARTESIAN_POINT('Ctrl Pts',(3.22972327619938,1.50000000000001,-0.371354431076631));
#7318=CARTESIAN_POINT('Ctrl Pts',(3.02408060449983,1.50000000000001,-0.273099871564002));
#7319=CARTESIAN_POINT('Ctrl Pts',(2.79579702086413,1.50000000000001,-0.265392977113394));
#7320=CARTESIAN_POINT('Ctrl Pts',(2.67261753632456,1.50000000000001,-0.261234415771805));
#7321=CARTESIAN_POINT('Ctrl Pts',(2.16726015164286,1.50000000000001,-0.341591609718643));
#7322=CARTESIAN_POINT('Ctrl Pts',(2.16726015164286,2.20000000000001,-0.341591609718643));
#7323=CARTESIAN_POINT('Ctrl Pts',(2.24722588198001,1.50000000000001,-0.318160225405428));
#7324=CARTESIAN_POINT('Ctrl Pts',(2.24722588198001,2.20000000000001,-0.318160225405428));
#7325=CARTESIAN_POINT('Ctrl Pts',(2.41219418267982,1.50000000000001,-0.269821572873924));
#7326=CARTESIAN_POINT('Ctrl Pts',(2.41219418267982,2.20000000000001,-0.269821572873924));
#7327=CARTESIAN_POINT('Ctrl Pts',(2.58406060027766,1.50000000000001,-0.264154477708164));
#7328=CARTESIAN_POINT('Ctrl Pts',(2.58406060027766,2.20000000000001,-0.264154477708164));
#7329=CARTESIAN_POINT('Ctrl Pts',(2.67261753632456,1.50000000000001,-0.261234415771805));
#7330=CARTESIAN_POINT('Ctrl Pts',(2.67261753632456,2.20000000000001,-0.261234415771805));
#7331=CARTESIAN_POINT('',(2.67261753632456,2.20000000000001,-0.261234415771805));
#7332=CARTESIAN_POINT('',(2.67261753632456,1.50000000000001,-0.261234415771805));
#7333=CARTESIAN_POINT('',(2.16726015164286,2.20000000000001,-0.341591609718643));
#7334=CARTESIAN_POINT('Ctrl Pts',(2.16726015164286,2.20000000000001,-0.341591609718643));
#7335=CARTESIAN_POINT('Ctrl Pts',(2.24722588198001,2.20000000000001,-0.318160225405428));
#7336=CARTESIAN_POINT('Ctrl Pts',(2.41219418267982,2.20000000000001,-0.269821572873924));
#7337=CARTESIAN_POINT('Ctrl Pts',(2.58406060027766,2.20000000000001,-0.264154477708164));
#7338=CARTESIAN_POINT('Ctrl Pts',(2.67261753632456,2.20000000000001,-0.261234415771805));
#7339=CARTESIAN_POINT('',(2.16726015164286,1.50000000000001,-0.341591609718643));
#7340=CARTESIAN_POINT('Ctrl Pts',(1.79404596640497,1.50000000000001,-0.575520170929276));
#7341=CARTESIAN_POINT('Ctrl Pts',(1.79404596640497,2.20000000000001,-0.575520170929276));
#7342=CARTESIAN_POINT('Ctrl Pts',(1.84672044202127,1.50000000000001,-0.526901424295447));
#7343=CARTESIAN_POINT('Ctrl Pts',(1.84672044202127,2.20000000000001,-0.526901424295447));
#7344=CARTESIAN_POINT('Ctrl Pts',(1.95639296561676,1.50000000000001,-0.4256732568577));
#7345=CARTESIAN_POINT('Ctrl Pts',(1.95639296561676,2.20000000000001,-0.4256732568577));
#7346=CARTESIAN_POINT('Ctrl Pts',(2.0951477332789,1.50000000000001,-0.370345874568897));
#7347=CARTESIAN_POINT('Ctrl Pts',(2.0951477332789,2.20000000000001,-0.370345874568897));
#7348=CARTESIAN_POINT('Ctrl Pts',(2.16726015164286,1.50000000000001,-0.341591609718643));
#7349=CARTESIAN_POINT('Ctrl Pts',(2.16726015164286,2.20000000000001,-0.341591609718643));
#7350=CARTESIAN_POINT('',(1.79404596640497,2.20000000000001,-0.575520170929276));
#7351=CARTESIAN_POINT('Ctrl Pts',(1.79404596640497,2.20000000000001,-0.575520170929276));
#7352=CARTESIAN_POINT('Ctrl Pts',(1.84672044202127,2.20000000000001,-0.526901424295447));
#7353=CARTESIAN_POINT('Ctrl Pts',(1.95639296561676,2.20000000000001,-0.4256732568577));
#7354=CARTESIAN_POINT('Ctrl Pts',(2.0951477332789,2.20000000000001,-0.370345874568897));
#7355=CARTESIAN_POINT('Ctrl Pts',(2.16726015164286,2.20000000000001,-0.341591609718643));
#7356=CARTESIAN_POINT('',(1.79404596640497,1.50000000000001,-0.575520170929276));
#7357=CARTESIAN_POINT('Origin',(2.11190323187738,1.50000000000001,-0.936234666111314));
#7358=CARTESIAN_POINT('',(2.11190323187738,2.20000000000001,-0.936234666111314));
#7359=CARTESIAN_POINT('',(1.79404596640497,2.20000000000001,-0.575520170929276));
#7360=CARTESIAN_POINT('',(2.11190323187738,1.50000000000001,-0.936234666111314));
#7361=CARTESIAN_POINT('Ctrl Pts',(2.35476027085214,1.50000000000001,-0.80409176469072));
#7362=CARTESIAN_POINT('Ctrl Pts',(2.35476027085214,2.20000000000001,-0.80409176469072));
#7363=CARTESIAN_POINT('Ctrl Pts',(2.31478264533705,1.50000000000001,-0.820364530722903));
#7364=CARTESIAN_POINT('Ctrl Pts',(2.31478264533705,2.20000000000001,-0.820364530722903));
#7365=CARTESIAN_POINT('Ctrl Pts',(2.22893572648657,1.50000000000001,-0.855308247540449));
#7366=CARTESIAN_POINT('Ctrl Pts',(2.22893572648657,2.20000000000001,-0.855308247540449));
#7367=CARTESIAN_POINT('Ctrl Pts',(2.15265901839685,1.50000000000001,-0.908052580015711));
#7368=CARTESIAN_POINT('Ctrl Pts',(2.15265901839685,2.20000000000001,-0.908052580015711));
#7369=CARTESIAN_POINT('Ctrl Pts',(2.11190323187738,1.50000000000001,-0.936234666111313));
#7370=CARTESIAN_POINT('Ctrl Pts',(2.11190323187738,2.20000000000001,-0.936234666111313));
#7371=CARTESIAN_POINT('',(2.35476027085214,2.20000000000001,-0.80409176469072));
#7372=CARTESIAN_POINT('Ctrl Pts',(2.35476027085214,2.20000000000001,-0.80409176469072));
#7373=CARTESIAN_POINT('Ctrl Pts',(2.31478264533705,2.20000000000001,-0.820364530722903));
#7374=CARTESIAN_POINT('Ctrl Pts',(2.22893572648657,2.20000000000001,-0.855308247540449));
#7375=CARTESIAN_POINT('Ctrl Pts',(2.15265901839685,2.20000000000001,-0.908052580015711));
#7376=CARTESIAN_POINT('Ctrl Pts',(2.11190323187738,2.20000000000001,-0.936234666111313));
#7377=CARTESIAN_POINT('',(2.35476027085214,1.50000000000001,-0.80409176469072));
#7378=CARTESIAN_POINT('Ctrl Pts',(2.59404609753519,1.50000000000001,-0.764806045296036));
#7379=CARTESIAN_POINT('Ctrl Pts',(2.59404609753519,2.20000000000001,-0.764806045296036));
#7380=CARTESIAN_POINT('Ctrl Pts',(2.5529929674012,1.50000000000001,-0.766385771987298));
#7381=CARTESIAN_POINT('Ctrl Pts',(2.5529929674012,2.20000000000001,-0.766385771987298));
#7382=CARTESIAN_POINT('Ctrl Pts',(2.47158798447948,1.50000000000001,-0.769518240179211));
#7383=CARTESIAN_POINT('Ctrl Pts',(2.47158798447948,2.20000000000001,-0.769518240179211));
#7384=CARTESIAN_POINT('Ctrl Pts',(2.3934785462931,1.50000000000001,-0.792633633709305));
#7385=CARTESIAN_POINT('Ctrl Pts',(2.3934785462931,2.20000000000001,-0.792633633709305));
#7386=CARTESIAN_POINT('Ctrl Pts',(2.35476027085214,1.50000000000001,-0.80409176469072));
#7387=CARTESIAN_POINT('Ctrl Pts',(2.35476027085214,2.20000000000001,-0.80409176469072));
#7388=CARTESIAN_POINT('',(2.59404609753519,2.20000000000001,-0.764806045296036));
#7389=CARTESIAN_POINT('Ctrl Pts',(2.59404609753519,2.20000000000001,-0.764806045296036));
#7390=CARTESIAN_POINT('Ctrl Pts',(2.5529929674012,2.20000000000001,-0.766385771987298));
#7391=CARTESIAN_POINT('Ctrl Pts',(2.47158798447948,2.20000000000001,-0.769518240179211));
#7392=CARTESIAN_POINT('Ctrl Pts',(2.3934785462931,2.20000000000001,-0.792633633709305));
#7393=CARTESIAN_POINT('Ctrl Pts',(2.35476027085214,2.20000000000001,-0.80409176469072));
#7394=CARTESIAN_POINT('',(2.59404609753519,1.50000000000001,-0.764806045296036));
#7395=CARTESIAN_POINT('Ctrl Pts',(2.7529747302714,1.50000000000001,-0.791591776611649));
#7396=CARTESIAN_POINT('Ctrl Pts',(2.7529747302714,2.20000000000001,-0.791591776611649));
#7397=CARTESIAN_POINT('Ctrl Pts',(2.73129943289715,1.50000000000001,-0.783824865092986));
#7398=CARTESIAN_POINT('Ctrl Pts',(2.73129943289715,2.20000000000001,-0.783824865092986));
#7399=CARTESIAN_POINT('Ctrl Pts',(2.68008067409704,1.50000000000001,-0.765471642028617));
#7400=CARTESIAN_POINT('Ctrl Pts',(2.68008067409704,2.20000000000001,-0.765471642028617));
#7401=CARTESIAN_POINT('Ctrl Pts',(2.62551822877221,1.50000000000001,-0.765049525865777));
#7402=CARTESIAN_POINT('Ctrl Pts',(2.62551822877221,2.20000000000001,-0.765049525865777));
#7403=CARTESIAN_POINT('Ctrl Pts',(2.59404609753519,1.50000000000001,-0.764806045296036));
#7404=CARTESIAN_POINT('Ctrl Pts',(2.59404609753519,2.20000000000001,-0.764806045296036));
#7405=CARTESIAN_POINT('',(2.7529747302714,2.20000000000001,-0.791591776611649));
#7406=CARTESIAN_POINT('Ctrl Pts',(2.7529747302714,2.20000000000001,-0.791591776611649));
#7407=CARTESIAN_POINT('Ctrl Pts',(2.73129943289715,2.20000000000001,-0.783824865092986));
#7408=CARTESIAN_POINT('Ctrl Pts',(2.68008067409704,2.20000000000001,-0.765471642028617));
#7409=CARTESIAN_POINT('Ctrl Pts',(2.62551822877221,2.20000000000001,-0.765049525865777));
#7410=CARTESIAN_POINT('Ctrl Pts',(2.59404609753519,2.20000000000001,-0.764806045296036));
#7411=CARTESIAN_POINT('',(2.7529747302714,1.50000000000001,-0.791591776611649));
#7412=CARTESIAN_POINT('Ctrl Pts',(2.80476043774515,1.50000000000001,-0.861234439613663));
#7413=CARTESIAN_POINT('Ctrl Pts',(2.80476043774515,2.20000000000001,-0.861234439613663));
#7414=CARTESIAN_POINT('Ctrl Pts',(2.80188720496845,1.50000000000001,-0.847277998309428));
#7415=CARTESIAN_POINT('Ctrl Pts',(2.80188720496845,2.20000000000001,-0.847277998309428));
#7416=CARTESIAN_POINT('Ctrl Pts',(2.79553491945108,1.50000000000001,-0.816422405720448));
#7417=CARTESIAN_POINT('Ctrl Pts',(2.79553491945108,2.20000000000001,-0.816422405720448));
#7418=CARTESIAN_POINT('Ctrl Pts',(2.76803566489931,1.50000000000001,-0.800378684963928));
#7419=CARTESIAN_POINT('Ctrl Pts',(2.76803566489931,2.20000000000001,-0.800378684963928));
#7420=CARTESIAN_POINT('Ctrl Pts',(2.7529747302714,1.50000000000001,-0.791591776611649));
#7421=CARTESIAN_POINT('Ctrl Pts',(2.7529747302714,2.20000000000001,-0.791591776611649));
#7422=CARTESIAN_POINT('',(2.80476043774515,2.20000000000001,-0.861234439613663));
#7423=CARTESIAN_POINT('Ctrl Pts',(2.80476043774515,2.20000000000001,-0.861234439613663));
#7424=CARTESIAN_POINT('Ctrl Pts',(2.80188720496845,2.20000000000001,-0.847277998309428));
#7425=CARTESIAN_POINT('Ctrl Pts',(2.79553491945108,2.20000000000001,-0.816422405720448));
#7426=CARTESIAN_POINT('Ctrl Pts',(2.76803566489931,2.20000000000001,-0.800378684963928));
#7427=CARTESIAN_POINT('Ctrl Pts',(2.7529747302714,2.20000000000001,-0.791591776611649));
#7428=CARTESIAN_POINT('',(2.80476043774515,1.50000000000001,-0.861234439613663));
#7429=CARTESIAN_POINT('Origin',(2.80476043774515,1.50000000000001,-0.893377436401688));
#7430=CARTESIAN_POINT('',(2.80476043774515,2.20000000000001,-0.893377436401688));
#7431=CARTESIAN_POINT('',(2.80476043774515,2.20000000000001,-0.861234439613663));
#7432=CARTESIAN_POINT('',(2.80476043774515,1.50000000000001,-0.893377436401688));
#7433=CARTESIAN_POINT('Ctrl Pts',(2.75476048542887,1.50000000000001,-0.971948875191055));
#7434=CARTESIAN_POINT('Ctrl Pts',(2.75476048542887,2.20000000000001,-0.971948875191055));
#7435=CARTESIAN_POINT('Ctrl Pts',(2.76929204866901,1.50000000000001,-0.960667894700563));
#7436=CARTESIAN_POINT('Ctrl Pts',(2.76929204866901,2.20000000000001,-0.960667894700563));
#7437=CARTESIAN_POINT('Ctrl Pts',(2.79558735118432,1.50000000000001,-0.940254619833671));
#7438=CARTESIAN_POINT('Ctrl Pts',(2.79558735118432,2.20000000000001,-0.940254619833671));
#7439=CARTESIAN_POINT('Ctrl Pts',(2.80192511153688,1.50000000000001,-0.907866791306725));
#7440=CARTESIAN_POINT('Ctrl Pts',(2.80192511153688,2.20000000000001,-0.907866791306725));
#7441=CARTESIAN_POINT('Ctrl Pts',(2.80476043774515,1.50000000000001,-0.893377436401688));
#7442=CARTESIAN_POINT('Ctrl Pts',(2.80476043774515,2.20000000000001,-0.893377436401688));
#7443=CARTESIAN_POINT('',(2.75476048542887,2.20000000000001,-0.971948875191055));
#7444=CARTESIAN_POINT('Ctrl Pts',(2.75476048542887,2.20000000000001,-0.971948875191055));
#7445=CARTESIAN_POINT('Ctrl Pts',(2.76929204866901,2.20000000000001,-0.960667894700563));
#7446=CARTESIAN_POINT('Ctrl Pts',(2.79558735118432,2.20000000000001,-0.940254619833671));
#7447=CARTESIAN_POINT('Ctrl Pts',(2.80192511153688,2.20000000000001,-0.907866791306725));
#7448=CARTESIAN_POINT('Ctrl Pts',(2.80476043774515,2.20000000000001,-0.893377436401688));
#7449=CARTESIAN_POINT('',(2.75476048542887,1.50000000000001,-0.971948875191055));
#7450=CARTESIAN_POINT('Ctrl Pts',(2.56190310074716,1.50000000000001,-1.05766303658708));
#7451=CARTESIAN_POINT('Ctrl Pts',(2.56190310074716,2.20000000000001,-1.05766303658708));
#7452=CARTESIAN_POINT('Ctrl Pts',(2.60244770748242,1.50000000000001,-1.04362864189924));
#7453=CARTESIAN_POINT('Ctrl Pts',(2.60244770748242,2.20000000000001,-1.04362864189924));
#7454=CARTESIAN_POINT('Ctrl Pts',(2.66924207896795,1.50000000000001,-1.02050796943903));
#7455=CARTESIAN_POINT('Ctrl Pts',(2.66924207896795,2.20000000000001,-1.02050796943903));
#7456=CARTESIAN_POINT('Ctrl Pts',(2.73063389194072,1.50000000000001,-0.98564844672843));
#7457=CARTESIAN_POINT('Ctrl Pts',(2.73063389194072,2.20000000000001,-0.98564844672843));
#7458=CARTESIAN_POINT('Ctrl Pts',(2.75476048542887,1.50000000000001,-0.971948875191055));
#7459=CARTESIAN_POINT('Ctrl Pts',(2.75476048542887,2.20000000000001,-0.971948875191055));
#7460=CARTESIAN_POINT('',(2.56190310074716,2.20000000000001,-1.05766303658708));
#7461=CARTESIAN_POINT('Ctrl Pts',(2.56190310074716,2.20000000000001,-1.05766303658708));
#7462=CARTESIAN_POINT('Ctrl Pts',(2.60244770748242,2.20000000000001,-1.04362864189924));
#7463=CARTESIAN_POINT('Ctrl Pts',(2.66924207896795,2.20000000000001,-1.02050796943903));
#7464=CARTESIAN_POINT('Ctrl Pts',(2.73063389194072,2.20000000000001,-0.98564844672843));
#7465=CARTESIAN_POINT('Ctrl Pts',(2.75476048542887,2.20000000000001,-0.971948875191055));
#7466=CARTESIAN_POINT('',(2.56190310074716,1.50000000000001,-1.05766303658708));
#7467=CARTESIAN_POINT('Origin',(2.34047482563883,1.50000000000001,-1.13623447537645));
#7468=CARTESIAN_POINT('',(2.34047482563883,2.20000000000001,-1.13623447537645));
#7469=CARTESIAN_POINT('',(2.56190310074716,2.20000000000001,-1.05766303658708));
#7470=CARTESIAN_POINT('',(2.34047482563883,1.50000000000001,-1.13623447537645));
#7471=CARTESIAN_POINT('Ctrl Pts',(2.0065460617724,1.50000000000001,-1.33802033782228));
#7472=CARTESIAN_POINT('Ctrl Pts',(2.0065460617724,2.20000000000001,-1.33802033782228));
#7473=CARTESIAN_POINT('Ctrl Pts',(2.0502357131862,1.50000000000001,-1.2985393344592));
#7474=CARTESIAN_POINT('Ctrl Pts',(2.0502357131862,2.20000000000001,-1.2985393344592));
#7475=CARTESIAN_POINT('Ctrl Pts',(2.1482639388595,1.50000000000001,-1.20995422145779));
#7476=CARTESIAN_POINT('Ctrl Pts',(2.1482639388595,2.20000000000001,-1.20995422145779));
#7477=CARTESIAN_POINT('Ctrl Pts',(2.27192665405979,1.50000000000001,-1.16252514958237));
#7478=CARTESIAN_POINT('Ctrl Pts',(2.27192665405979,2.20000000000001,-1.16252514958237));
#7479=CARTESIAN_POINT('Ctrl Pts',(2.34047482563883,1.50000000000001,-1.13623447537645));
#7480=CARTESIAN_POINT('Ctrl Pts',(2.34047482563883,2.20000000000001,-1.13623447537645));
#7481=CARTESIAN_POINT('',(2.0065460617724,2.20000000000001,-1.33802033782228));
#7482=CARTESIAN_POINT('Ctrl Pts',(2.0065460617724,2.20000000000001,-1.33802033782228));
#7483=CARTESIAN_POINT('Ctrl Pts',(2.0502357131862,2.20000000000001,-1.2985393344592));
#7484=CARTESIAN_POINT('Ctrl Pts',(2.1482639388595,2.20000000000001,-1.20995422145779));
#7485=CARTESIAN_POINT('Ctrl Pts',(2.27192665405979,2.20000000000001,-1.16252514958237));
#7486=CARTESIAN_POINT('Ctrl Pts',(2.34047482563883,2.20000000000001,-1.13623447537645));
#7487=CARTESIAN_POINT('',(2.0065460617724,1.50000000000001,-1.33802033782228));
#7488=CARTESIAN_POINT('Ctrl Pts',(1.90118889166742,1.50000000000001,-1.64694882750734));
#7489=CARTESIAN_POINT('Ctrl Pts',(1.90118889166742,2.20000000000001,-1.64694882750734));
#7490=CARTESIAN_POINT('Ctrl Pts',(1.90468801186838,1.50000000000001,-1.58780394464049));
#7491=CARTESIAN_POINT('Ctrl Pts',(1.90468801186838,2.20000000000001,-1.58780394464049));
#7492=CARTESIAN_POINT('Ctrl Pts',(1.91137070827759,1.50000000000001,-1.47484775175247));
#7493=CARTESIAN_POINT('Ctrl Pts',(1.91137070827759,2.20000000000001,-1.47484775175247));
#7494=CARTESIAN_POINT('Ctrl Pts',(1.97583557943057,1.50000000000001,-1.38217080036414));
#7495=CARTESIAN_POINT('Ctrl Pts',(1.97583557943057,2.20000000000001,-1.38217080036414));
#7496=CARTESIAN_POINT('Ctrl Pts',(2.0065460617724,1.50000000000001,-1.33802033782228));
#7497=CARTESIAN_POINT('Ctrl Pts',(2.0065460617724,2.20000000000001,-1.33802033782228));
#7498=CARTESIAN_POINT('',(1.90118889166742,2.20000000000001,-1.64694882750734));
#7499=CARTESIAN_POINT('Ctrl Pts',(1.90118889166742,2.20000000000001,-1.64694882750734));
#7500=CARTESIAN_POINT('Ctrl Pts',(1.90468801186838,2.20000000000001,-1.58780394464049));
#7501=CARTESIAN_POINT('Ctrl Pts',(1.91137070827759,2.20000000000001,-1.47484775175247));
#7502=CARTESIAN_POINT('Ctrl Pts',(1.97583557943057,2.20000000000001,-1.38217080036414));
#7503=CARTESIAN_POINT('Ctrl Pts',(2.0065460617724,2.20000000000001,-1.33802033782228));
#7504=CARTESIAN_POINT('',(1.90118889166742,1.50000000000001,-1.64694882750734));
#7505=CARTESIAN_POINT('Origin',(1.90118889166742,1.50000000000001,-1.74337737083658));
#7506=CARTESIAN_POINT('',(1.90118889166742,2.20000000000001,-1.74337737083658));
#7507=CARTESIAN_POINT('',(1.90118889166742,2.20000000000001,-1.64694882750734));
#7508=CARTESIAN_POINT('',(1.90118889166742,1.50000000000001,-1.74337737083658));
#7509=CARTESIAN_POINT('Ctrl Pts',(2.01011727406412,1.50000000000001,-2.06302024245485));
#7510=CARTESIAN_POINT('Ctrl Pts',(2.01011727406412,2.20000000000001,-2.06302024245485));
#7511=CARTESIAN_POINT('Ctrl Pts',(1.97834747355537,1.50000000000001,-2.01502202645398));
#7512=CARTESIAN_POINT('Ctrl Pts',(1.97834747355537,2.20000000000001,-2.01502202645398));
#7513=CARTESIAN_POINT('Ctrl Pts',(1.91415102490609,1.50000000000001,-1.91803322075129));
#7514=CARTESIAN_POINT('Ctrl Pts',(1.91415102490609,2.20000000000001,-1.91803322075129));
#7515=CARTESIAN_POINT('Ctrl Pts',(1.90553897511171,1.50000000000001,-1.80199175993227));
#7516=CARTESIAN_POINT('Ctrl Pts',(1.90553897511171,2.20000000000001,-1.80199175993227));
#7517=CARTESIAN_POINT('Ctrl Pts',(1.90118889166742,1.50000000000001,-1.74337737083658));
#7518=CARTESIAN_POINT('Ctrl Pts',(1.90118889166742,2.20000000000001,-1.74337737083658));
#7519=CARTESIAN_POINT('',(2.01011727406412,2.20000000000001,-2.06302024245485));
#7520=CARTESIAN_POINT('Ctrl Pts',(2.01011727406412,2.20000000000001,-2.06302024245485));
#7521=CARTESIAN_POINT('Ctrl Pts',(1.97834747355537,2.20000000000001,-2.01502202645398));
#7522=CARTESIAN_POINT('Ctrl Pts',(1.91415102490609,2.20000000000001,-1.91803322075129));
#7523=CARTESIAN_POINT('Ctrl Pts',(1.90553897511171,2.20000000000001,-1.80199175993227));
#7524=CARTESIAN_POINT('Ctrl Pts',(1.90118889166742,2.20000000000001,-1.74337737083658));
#7525=CARTESIAN_POINT('',(2.01011727406412,1.50000000000001,-2.06302024245485));
#7526=CARTESIAN_POINT('Ctrl Pts',(2.31726000859171,1.50000000000001,-2.27552018881067));
#7527=CARTESIAN_POINT('Ctrl Pts',(2.31726000859171,2.20000000000001,-2.27552018881067));
#7528=CARTESIAN_POINT('Ctrl Pts',(2.25592620487175,1.50000000000001,-2.24916214417171));
#7529=CARTESIAN_POINT('Ctrl Pts',(2.25592620487175,2.20000000000001,-2.24916214417171));
#7530=CARTESIAN_POINT('Ctrl Pts',(2.13907291888793,1.50000000000001,-2.19894474460794));
#7531=CARTESIAN_POINT('Ctrl Pts',(2.13907291888793,2.20000000000001,-2.19894474460794));
#7532=CARTESIAN_POINT('Ctrl Pts',(2.05165255082741,1.50000000000001,-2.106800115942));
#7533=CARTESIAN_POINT('Ctrl Pts',(2.05165255082741,2.20000000000001,-2.106800115942));
#7534=CARTESIAN_POINT('Ctrl Pts',(2.01011727406412,1.50000000000001,-2.06302024245485));
#7535=CARTESIAN_POINT('Ctrl Pts',(2.01011727406412,2.20000000000001,-2.06302024245485));
#7536=CARTESIAN_POINT('',(2.31726000859171,2.20000000000001,-2.27552018881067));
#7537=CARTESIAN_POINT('Ctrl Pts',(2.31726000859171,2.20000000000001,-2.27552018881067));
#7538=CARTESIAN_POINT('Ctrl Pts',(2.25592620487175,2.20000000000001,-2.24916214417171));
#7539=CARTESIAN_POINT('Ctrl Pts',(2.13907291888793,2.20000000000001,-2.19894474460794));
#7540=CARTESIAN_POINT('Ctrl Pts',(2.05165255082741,2.20000000000001,-2.106800115942));
#7541=CARTESIAN_POINT('Ctrl Pts',(2.01011727406412,2.20000000000001,-2.06302024245485));
#7542=CARTESIAN_POINT('',(2.31726000859171,1.50000000000001,-2.27552018881067));
#7543=CARTESIAN_POINT('Ctrl Pts',(2.77261744095713,1.50000000000001,-2.35052026629671));
#7544=CARTESIAN_POINT('Ctrl Pts',(2.77261744095713,2.20000000000001,-2.35052026629671));
#7545=CARTESIAN_POINT('Ctrl Pts',(2.69117203942398,1.50000000000001,-2.34806062846971));
#7546=CARTESIAN_POINT('Ctrl Pts',(2.69117203942398,2.20000000000001,-2.34806062846971));
#7547=CARTESIAN_POINT('Ctrl Pts',(2.53594707900926,1.50000000000001,-2.34337286001202));
#7548=CARTESIAN_POINT('Ctrl Pts',(2.53594707900926,2.20000000000001,-2.34337286001202));
#7549=CARTESIAN_POINT('Ctrl Pts',(2.3877155421248,1.50000000000001,-2.29738063141484));
#7550=CARTESIAN_POINT('Ctrl Pts',(2.3877155421248,2.20000000000001,-2.29738063141484));
#7551=CARTESIAN_POINT('Ctrl Pts',(2.31726000859171,1.50000000000001,-2.27552018881067));
#7552=CARTESIAN_POINT('Ctrl Pts',(2.31726000859171,2.20000000000001,-2.27552018881067));
#7553=CARTESIAN_POINT('',(2.77261744095713,2.20000000000001,-2.35052026629671));
#7554=CARTESIAN_POINT('Ctrl Pts',(2.77261744095713,2.20000000000001,-2.35052026629671));
#7555=CARTESIAN_POINT('Ctrl Pts',(2.69117203942398,2.20000000000001,-2.34806062846971));
#7556=CARTESIAN_POINT('Ctrl Pts',(2.53594707900926,2.20000000000001,-2.34337286001202));
#7557=CARTESIAN_POINT('Ctrl Pts',(2.3877155421248,2.20000000000001,-2.29738063141484));
#7558=CARTESIAN_POINT('Ctrl Pts',(2.31726000859171,2.20000000000001,-2.27552018881067));
#7559=CARTESIAN_POINT('',(2.77261744095713,1.50000000000001,-2.35052026629671));
#7560=CARTESIAN_POINT('Ctrl Pts',(3.19940279080301,1.50000000000001,-2.27552018881067));
#7561=CARTESIAN_POINT('Ctrl Pts',(3.19940279080301,2.20000000000001,-2.27552018881067));
#7562=CARTESIAN_POINT('Ctrl Pts',(3.13016119918594,1.50000000000001,-2.29739516380795));
#7563=CARTESIAN_POINT('Ctrl Pts',(3.13016119918594,2.20000000000001,-2.29739516380795));
#7564=CARTESIAN_POINT('Ctrl Pts',(2.99122514544314,1.50000000000001,-2.34128818577445));
#7565=CARTESIAN_POINT('Ctrl Pts',(2.99122514544314,2.20000000000001,-2.34128818577445));
#7566=CARTESIAN_POINT('Ctrl Pts',(2.84564485172331,1.50000000000001,-2.34743622615224));
#7567=CARTESIAN_POINT('Ctrl Pts',(2.84564485172331,2.20000000000001,-2.34743622615224));
#7568=CARTESIAN_POINT('Ctrl Pts',(2.77261744095713,1.50000000000001,-2.35052026629671));
#7569=CARTESIAN_POINT('Ctrl Pts',(2.77261744095713,2.20000000000001,-2.35052026629671));
#7570=CARTESIAN_POINT('',(3.19940279080301,2.20000000000001,-2.27552018881067));
#7571=CARTESIAN_POINT('Ctrl Pts',(3.19940279080301,2.20000000000001,-2.27552018881067));
#7572=CARTESIAN_POINT('Ctrl Pts',(3.13016119918594,2.20000000000001,-2.29739516380795));
#7573=CARTESIAN_POINT('Ctrl Pts',(2.99122514544314,2.20000000000001,-2.34128818577445));
#7574=CARTESIAN_POINT('Ctrl Pts',(2.84564485172331,2.20000000000001,-2.34743622615224));
#7575=CARTESIAN_POINT('Ctrl Pts',(2.77261744095713,2.20000000000001,-2.35052026629671));
#7576=CARTESIAN_POINT('',(3.19940279080301,1.50000000000001,-2.27552018881067));
#7577=CARTESIAN_POINT('Ctrl Pts',(3.54404578759104,1.50000000000001,-2.07552023053392));
#7578=CARTESIAN_POINT('Ctrl Pts',(3.54404578759104,2.20000000000001,-2.07552023053392));
#7579=CARTESIAN_POINT('Ctrl Pts',(3.49359647718923,1.50000000000001,-2.11555716785887));
#7580=CARTESIAN_POINT('Ctrl Pts',(3.49359647718923,2.20000000000001,-2.11555716785887));
#7581=CARTESIAN_POINT('Ctrl Pts',(3.38851018930237,1.50000000000001,-2.19895440536971));
#7582=CARTESIAN_POINT('Ctrl Pts',(3.38851018930237,2.20000000000001,-2.19895440536971));
#7583=CARTESIAN_POINT('Ctrl Pts',(3.2640912796716,1.50000000000001,-2.24932912030072));
#7584=CARTESIAN_POINT('Ctrl Pts',(3.2640912796716,2.20000000000001,-2.24932912030072));
#7585=CARTESIAN_POINT('Ctrl Pts',(3.19940279080301,1.50000000000001,-2.27552018881067));
#7586=CARTESIAN_POINT('Ctrl Pts',(3.19940279080301,2.20000000000001,-2.27552018881067));
#7587=CARTESIAN_POINT('',(3.54404578759104,2.20000000000001,-2.07552023053392));
#7588=CARTESIAN_POINT('Ctrl Pts',(3.54404578759104,2.20000000000001,-2.07552023053392));
#7589=CARTESIAN_POINT('Ctrl Pts',(3.49359647718923,2.20000000000001,-2.11555716785887));
#7590=CARTESIAN_POINT('Ctrl Pts',(3.38851018930237,2.20000000000001,-2.19895440536971));
#7591=CARTESIAN_POINT('Ctrl Pts',(3.2640912796716,2.20000000000001,-2.24932912030072));
#7592=CARTESIAN_POINT('Ctrl Pts',(3.19940279080301,2.20000000000001,-2.27552018881067));
#7593=CARTESIAN_POINT('',(3.54404578759104,1.50000000000001,-2.07552023053392));
#7594=CARTESIAN_POINT('Origin',(3.24047456337839,1.50000000000001,-1.71837739467844));
#7595=CARTESIAN_POINT('',(3.24047456337839,2.20000000000001,-1.71837739467844));
#7596=CARTESIAN_POINT('',(3.54404578759104,2.20000000000001,-2.07552023053392));
#7597=CARTESIAN_POINT('',(3.24047456337839,1.50000000000001,-1.71837739467844));
#7598=CARTESIAN_POINT('Ctrl Pts',(3.03333173348337,1.50000000000001,-1.82552031994089));
#7599=CARTESIAN_POINT('Ctrl Pts',(3.03333173348337,2.20000000000001,-1.82552031994089));
#7600=CARTESIAN_POINT('Ctrl Pts',(3.06595499513318,1.50000000000001,-1.81277447663377));
#7601=CARTESIAN_POINT('Ctrl Pts',(3.06595499513318,2.20000000000001,-1.81277447663377));
#7602=CARTESIAN_POINT('Ctrl Pts',(3.13870867673907,1.50000000000001,-1.78434975823134));
#7603=CARTESIAN_POINT('Ctrl Pts',(3.13870867673907,2.20000000000001,-1.78434975823134));
#7604=CARTESIAN_POINT('Ctrl Pts',(3.20429668082868,1.50000000000001,-1.74183064113423));
#7605=CARTESIAN_POINT('Ctrl Pts',(3.20429668082868,2.20000000000001,-1.74183064113423));
#7606=CARTESIAN_POINT('Ctrl Pts',(3.24047456337839,1.50000000000001,-1.71837739467844));
#7607=CARTESIAN_POINT('Ctrl Pts',(3.24047456337839,2.20000000000001,-1.71837739467844));
#7608=CARTESIAN_POINT('',(3.03333173348337,2.20000000000001,-1.82552031994089));
#7609=CARTESIAN_POINT('Ctrl Pts',(3.03333173348337,2.20000000000001,-1.82552031994089));
#7610=CARTESIAN_POINT('Ctrl Pts',(3.06595499513318,2.20000000000001,-1.81277447663377));
#7611=CARTESIAN_POINT('Ctrl Pts',(3.13870867673907,2.20000000000001,-1.78434975823134));
#7612=CARTESIAN_POINT('Ctrl Pts',(3.20429668082868,2.20000000000001,-1.74183064113423));
#7613=CARTESIAN_POINT('Ctrl Pts',(3.24047456337839,2.20000000000001,-1.71837739467844));
#7614=CARTESIAN_POINT('',(3.03333173348337,1.50000000000001,-1.82552031994089));
#7615=CARTESIAN_POINT('Ctrl Pts',(2.82976041390329,1.50000000000001,-1.85409165740236));
#7616=CARTESIAN_POINT('Ctrl Pts',(2.82976041390329,2.20000000000001,-1.85409165740236));
#7617=CARTESIAN_POINT('Ctrl Pts',(2.86598144569391,1.50000000000001,-1.85315956724687));
#7618=CARTESIAN_POINT('Ctrl Pts',(2.86598144569391,2.20000000000001,-1.85315956724687));
#7619=CARTESIAN_POINT('Ctrl Pts',(2.93495688242385,1.50000000000001,-1.85138459501754));
#7620=CARTESIAN_POINT('Ctrl Pts',(2.93495688242385,2.20000000000001,-1.85138459501754));
#7621=CARTESIAN_POINT('Ctrl Pts',(3.00165754963941,1.50000000000001,-1.83384795444244));
#7622=CARTESIAN_POINT('Ctrl Pts',(3.00165754963941,2.20000000000001,-1.83384795444244));
#7623=CARTESIAN_POINT('Ctrl Pts',(3.03333173348337,1.50000000000001,-1.82552031994089));
#7624=CARTESIAN_POINT('Ctrl Pts',(3.03333173348337,2.20000000000001,-1.82552031994089));
#7625=CARTESIAN_POINT('',(2.82976041390329,2.20000000000001,-1.85409165740236));
#7626=CARTESIAN_POINT('Ctrl Pts',(2.82976041390329,2.20000000000001,-1.85409165740236));
#7627=CARTESIAN_POINT('Ctrl Pts',(2.86598144569391,2.20000000000001,-1.85315956724687));
#7628=CARTESIAN_POINT('Ctrl Pts',(2.93495688242385,2.20000000000001,-1.85138459501754));
#7629=CARTESIAN_POINT('Ctrl Pts',(3.00165754963941,2.20000000000001,-1.83384795444244));
#7630=CARTESIAN_POINT('Ctrl Pts',(3.03333173348337,2.20000000000001,-1.82552031994089));
#7631=CARTESIAN_POINT('',(2.82976041390329,1.50000000000001,-1.85409165740236));
#7632=CARTESIAN_POINT('Ctrl Pts',(2.70476053311258,1.50000000000001,-1.82552031994089));
#7633=CARTESIAN_POINT('Ctrl Pts',(2.70476053311258,2.20000000000001,-1.82552031994089));
#7634=CARTESIAN_POINT('Ctrl Pts',(2.72203352378552,1.50000000000001,-1.83382202947737));
#7635=CARTESIAN_POINT('Ctrl Pts',(2.72203352378552,2.20000000000001,-1.83382202947737));
#7636=CARTESIAN_POINT('Ctrl Pts',(2.76137931312422,1.50000000000001,-1.85273232247517));
#7637=CARTESIAN_POINT('Ctrl Pts',(2.76137931312422,2.20000000000001,-1.85273232247517));
#7638=CARTESIAN_POINT('Ctrl Pts',(2.80518540625366,1.50000000000001,-1.85360313548836));
#7639=CARTESIAN_POINT('Ctrl Pts',(2.80518540625366,2.20000000000001,-1.85360313548836));
#7640=CARTESIAN_POINT('Ctrl Pts',(2.82976041390329,1.50000000000001,-1.85409165740236));
#7641=CARTESIAN_POINT('Ctrl Pts',(2.82976041390329,2.20000000000001,-1.85409165740236));
#7642=CARTESIAN_POINT('',(2.70476053311258,2.20000000000001,-1.82552031994089));
#7643=CARTESIAN_POINT('Ctrl Pts',(2.70476053311258,2.20000000000001,-1.82552031994089));
#7644=CARTESIAN_POINT('Ctrl Pts',(2.72203352378552,2.20000000000001,-1.83382202947737));
#7645=CARTESIAN_POINT('Ctrl Pts',(2.76137931312422,2.20000000000001,-1.85273232247517));
#7646=CARTESIAN_POINT('Ctrl Pts',(2.80518540625366,2.20000000000001,-1.85360313548836));
#7647=CARTESIAN_POINT('Ctrl Pts',(2.82976041390329,2.20000000000001,-1.85409165740236));
#7648=CARTESIAN_POINT('',(2.70476053311258,1.50000000000001,-1.82552031994089));
#7649=CARTESIAN_POINT('Ctrl Pts',(2.66190300537973,1.50000000000001,-1.75409175276979));
#7650=CARTESIAN_POINT('Ctrl Pts',(2.66190300537973,2.20000000000001,-1.75409175276979));
#7651=CARTESIAN_POINT('Ctrl Pts',(2.66405070591781,1.50000000000001,-1.76801326917144));
#7652=CARTESIAN_POINT('Ctrl Pts',(2.66405070591781,2.20000000000001,-1.76801326917144));
#7653=CARTESIAN_POINT('Ctrl Pts',(2.6685959124213,1.50000000000001,-1.79747555488826));
#7654=CARTESIAN_POINT('Ctrl Pts',(2.6685959124213,2.20000000000001,-1.79747555488826));
#7655=CARTESIAN_POINT('Ctrl Pts',(2.69227191368143,1.50000000000001,-1.815835705777));
#7656=CARTESIAN_POINT('Ctrl Pts',(2.69227191368143,2.20000000000001,-1.815835705777));
#7657=CARTESIAN_POINT('Ctrl Pts',(2.70476053311258,1.50000000000001,-1.82552031994089));
#7658=CARTESIAN_POINT('Ctrl Pts',(2.70476053311258,2.20000000000001,-1.82552031994089));
#7659=CARTESIAN_POINT('',(2.66190300537973,2.20000000000001,-1.75409175276979));
#7660=CARTESIAN_POINT('Ctrl Pts',(2.66190300537973,2.20000000000001,-1.75409175276979));
#7661=CARTESIAN_POINT('Ctrl Pts',(2.66405070591781,2.20000000000001,-1.76801326917144));
#7662=CARTESIAN_POINT('Ctrl Pts',(2.6685959124213,2.20000000000001,-1.79747555488826));
#7663=CARTESIAN_POINT('Ctrl Pts',(2.69227191368143,2.20000000000001,-1.815835705777));
#7664=CARTESIAN_POINT('Ctrl Pts',(2.70476053311258,2.20000000000001,-1.82552031994089));
#7665=CARTESIAN_POINT('',(2.66190300537973,1.50000000000001,-1.75409175276979));
#7666=CARTESIAN_POINT('Origin',(2.66190300537973,1.50000000000001,-1.72909162760004));
#7667=CARTESIAN_POINT('',(2.66190300537973,2.20000000000001,-1.72909162760004));
#7668=CARTESIAN_POINT('',(2.66190300537973,2.20000000000001,-1.75409175276979));
#7669=CARTESIAN_POINT('',(2.66190300537973,1.50000000000001,-1.72909162760004));
#7670=CARTESIAN_POINT('Ctrl Pts',(2.70654628827005,1.50000000000001,-1.66302032590135));
#7671=CARTESIAN_POINT('Ctrl Pts',(2.70654628827005,2.20000000000001,-1.66302032590135));
#7672=CARTESIAN_POINT('Ctrl Pts',(2.69355495965142,1.50000000000001,-1.67181585324224));
#7673=CARTESIAN_POINT('Ctrl Pts',(2.69355495965142,2.20000000000001,-1.67181585324224));
#7674=CARTESIAN_POINT('Ctrl Pts',(2.66961310460553,1.50000000000001,-1.68802522233985));
#7675=CARTESIAN_POINT('Ctrl Pts',(2.66961310460553,2.20000000000001,-1.68802522233985));
#7676=CARTESIAN_POINT('Ctrl Pts',(2.664322721139,1.50000000000001,-1.71620346298965));
#7677=CARTESIAN_POINT('Ctrl Pts',(2.664322721139,2.20000000000001,-1.71620346298965));
#7678=CARTESIAN_POINT('Ctrl Pts',(2.66190300537973,1.50000000000001,-1.72909162760004));
#7679=CARTESIAN_POINT('Ctrl Pts',(2.66190300537973,2.20000000000001,-1.72909162760004));
#7680=CARTESIAN_POINT('',(2.70654628827005,2.20000000000001,-1.66302032590135));
#7681=CARTESIAN_POINT('Ctrl Pts',(2.70654628827005,2.20000000000001,-1.66302032590135));
#7682=CARTESIAN_POINT('Ctrl Pts',(2.69355495965142,2.20000000000001,-1.67181585324224));
#7683=CARTESIAN_POINT('Ctrl Pts',(2.66961310460553,2.20000000000001,-1.68802522233985));
#7684=CARTESIAN_POINT('Ctrl Pts',(2.664322721139,2.20000000000001,-1.71620346298965));
#7685=CARTESIAN_POINT('Ctrl Pts',(2.66190300537973,2.20000000000001,-1.72909162760004));
#7686=CARTESIAN_POINT('',(2.70654628827005,1.50000000000001,-1.66302032590135));
#7687=CARTESIAN_POINT('Ctrl Pts',(2.9154742772761,1.50000000000001,-1.57552011132463));
#7688=CARTESIAN_POINT('Ctrl Pts',(2.9154742772761,2.20000000000001,-1.57552011132463));
#7689=CARTESIAN_POINT('Ctrl Pts',(2.8702532194569,1.50000000000001,-1.59193245104232));
#7690=CARTESIAN_POINT('Ctrl Pts',(2.8702532194569,2.20000000000001,-1.59193245104232));
#7691=CARTESIAN_POINT('Ctrl Pts',(2.79916263286233,1.50000000000001,-1.61773376826459));
#7692=CARTESIAN_POINT('Ctrl Pts',(2.79916263286233,2.20000000000001,-1.61773376826459));
#7693=CARTESIAN_POINT('Ctrl Pts',(2.73125687346643,1.50000000000001,-1.6509376061));
#7694=CARTESIAN_POINT('Ctrl Pts',(2.73125687346643,2.20000000000001,-1.6509376061));
#7695=CARTESIAN_POINT('Ctrl Pts',(2.70654628827005,1.50000000000001,-1.66302032590135));
#7696=CARTESIAN_POINT('Ctrl Pts',(2.70654628827005,2.20000000000001,-1.66302032590135));
#7697=CARTESIAN_POINT('',(2.9154742772761,2.20000000000001,-1.57552011132463));
#7698=CARTESIAN_POINT('Ctrl Pts',(2.9154742772761,2.20000000000001,-1.57552011132463));
#7699=CARTESIAN_POINT('Ctrl Pts',(2.8702532194569,2.20000000000001,-1.59193245104232));
#7700=CARTESIAN_POINT('Ctrl Pts',(2.79916263286233,2.20000000000001,-1.61773376826459));
#7701=CARTESIAN_POINT('Ctrl Pts',(2.73125687346643,2.20000000000001,-1.6509376061));
#7702=CARTESIAN_POINT('Ctrl Pts',(2.70654628827005,2.20000000000001,-1.66302032590135));
#7703=CARTESIAN_POINT('',(2.9154742772761,1.50000000000001,-1.57552011132463));
#7704=CARTESIAN_POINT('Origin',(3.13690314843088,1.50000000000001,-1.49337746024355));
#7705=CARTESIAN_POINT('',(3.13690314843088,2.20000000000001,-1.49337746024355));
#7706=CARTESIAN_POINT('',(2.9154742772761,2.20000000000001,-1.57552011132463));
#7707=CARTESIAN_POINT('',(3.13690314843088,1.50000000000001,-1.49337746024355));
#7708=CARTESIAN_POINT('Ctrl Pts',(3.46726010395914,1.50000000000001,-1.28980584264024));
#7709=CARTESIAN_POINT('Ctrl Pts',(3.46726010395914,2.20000000000001,-1.28980584264024));
#7710=CARTESIAN_POINT('Ctrl Pts',(3.42340569239178,1.50000000000001,-1.33049785287422));
#7711=CARTESIAN_POINT('Ctrl Pts',(3.42340569239178,2.20000000000001,-1.33049785287422));
#7712=CARTESIAN_POINT('Ctrl Pts',(3.3269639746095,1.50000000000001,-1.41998502706537));
#7713=CARTESIAN_POINT('Ctrl Pts',(3.3269639746095,2.20000000000001,-1.41998502706537));
#7714=CARTESIAN_POINT('Ctrl Pts',(3.2039691909885,1.50000000000001,-1.46747975083178));
#7715=CARTESIAN_POINT('Ctrl Pts',(3.2039691909885,2.20000000000001,-1.46747975083178));
#7716=CARTESIAN_POINT('Ctrl Pts',(3.13690314843088,1.50000000000001,-1.49337746024355));
#7717=CARTESIAN_POINT('Ctrl Pts',(3.13690314843088,2.20000000000001,-1.49337746024355));
#7718=CARTESIAN_POINT('',(3.46726010395914,2.20000000000001,-1.28980584264024));
#7719=CARTESIAN_POINT('Ctrl Pts',(3.46726010395914,2.20000000000001,-1.28980584264024));
#7720=CARTESIAN_POINT('Ctrl Pts',(3.42340569239178,2.20000000000001,-1.33049785287422));
#7721=CARTESIAN_POINT('Ctrl Pts',(3.3269639746095,2.20000000000001,-1.41998502706537));
#7722=CARTESIAN_POINT('Ctrl Pts',(3.2039691909885,2.20000000000001,-1.46747975083178));
#7723=CARTESIAN_POINT('Ctrl Pts',(3.13690314843088,2.20000000000001,-1.49337746024355));
#7724=CARTESIAN_POINT('',(3.46726010395914,1.50000000000001,-1.28980584264024));
#7725=CARTESIAN_POINT('Ctrl Pts',(3.57618878437906,1.50000000000001,-0.979091597797714));
#7726=CARTESIAN_POINT('Ctrl Pts',(3.57618878437906,2.20000000000001,-0.979091597797714));
#7727=CARTESIAN_POINT('Ctrl Pts',(3.57224378283364,1.50000000000001,-1.03776978409213));
#7728=CARTESIAN_POINT('Ctrl Pts',(3.57224378283364,2.20000000000001,-1.03776978409213));
#7729=CARTESIAN_POINT('Ctrl Pts',(3.56459246320423,1.50000000000001,-1.15157596475981));
#7730=CARTESIAN_POINT('Ctrl Pts',(3.56459246320423,2.20000000000001,-1.15157596475981));
#7731=CARTESIAN_POINT('Ctrl Pts',(3.49902240280423,1.50000000000001,-1.24469752794807));
#7732=CARTESIAN_POINT('Ctrl Pts',(3.49902240280423,2.20000000000001,-1.24469752794807));
#7733=CARTESIAN_POINT('Ctrl Pts',(3.46726010395914,1.50000000000001,-1.28980584264024));
#7734=CARTESIAN_POINT('Ctrl Pts',(3.46726010395914,2.20000000000001,-1.28980584264024));
#7735=CARTESIAN_POINT('',(3.57618878437906,2.20000000000001,-0.979091597797714));
#7736=CARTESIAN_POINT('Ctrl Pts',(3.57618878437906,2.20000000000001,-0.979091597797714));
#7737=CARTESIAN_POINT('Ctrl Pts',(3.57224378283364,2.20000000000001,-1.03776978409213));
#7738=CARTESIAN_POINT('Ctrl Pts',(3.56459246320423,2.20000000000001,-1.15157596475981));
#7739=CARTESIAN_POINT('Ctrl Pts',(3.49902240280423,2.20000000000001,-1.24469752794807));
#7740=CARTESIAN_POINT('Ctrl Pts',(3.46726010395914,2.20000000000001,-1.28980584264024));
#7741=CARTESIAN_POINT('',(3.57618878437906,1.50000000000001,-0.979091597797714));
#7742=CARTESIAN_POINT('Origin',(3.57618878437906,1.50000000000001,-0.871948970558487));
#7743=CARTESIAN_POINT('',(3.57618878437906,2.20000000000001,-0.871948970558487));
#7744=CARTESIAN_POINT('',(3.57618878437906,2.20000000000001,-0.979091597797714));
#7745=CARTESIAN_POINT('',(3.57618878437906,1.50000000000001,-0.871948970558487));
#7746=CARTESIAN_POINT('Ctrl Pts',(3.32440326764017,1.50000000000001,-0.416591836216293));
#7747=CARTESIAN_POINT('Ctrl Pts',(3.32440326764017,2.20000000000001,-0.416591836216293));
#7748=CARTESIAN_POINT('Ctrl Pts',(3.39784048515334,1.50000000000001,-0.474614267021873));
#7749=CARTESIAN_POINT('Ctrl Pts',(3.39784048515334,2.20000000000001,-0.474614267021873));
#7750=CARTESIAN_POINT('Ctrl Pts',(3.54533851287457,1.50000000000001,-0.591151826548545));
#7751=CARTESIAN_POINT('Ctrl Pts',(3.54533851287457,2.20000000000001,-0.591151826548545));
#7752=CARTESIAN_POINT('Ctrl Pts',(3.5658764171356,1.50000000000001,-0.778086481551745));
#7753=CARTESIAN_POINT('Ctrl Pts',(3.5658764171356,2.20000000000001,-0.778086481551745));
#7754=CARTESIAN_POINT('Ctrl Pts',(3.57618878437906,1.50000000000001,-0.871948970558487));
#7755=CARTESIAN_POINT('Ctrl Pts',(3.57618878437906,2.20000000000001,-0.871948970558487));
#7756=CARTESIAN_POINT('',(3.32440326764017,2.20000000000001,-0.416591836216293));
#7757=CARTESIAN_POINT('Ctrl Pts',(3.32440326764017,2.20000000000001,-0.416591836216293));
#7758=CARTESIAN_POINT('Ctrl Pts',(3.39784048515334,2.20000000000001,-0.474614267021873));
#7759=CARTESIAN_POINT('Ctrl Pts',(3.54533851287457,2.20000000000001,-0.591151826548545));
#7760=CARTESIAN_POINT('Ctrl Pts',(3.5658764171356,2.20000000000001,-0.778086481551745));
#7761=CARTESIAN_POINT('Ctrl Pts',(3.57618878437906,2.20000000000001,-0.871948970558487));
#7762=CARTESIAN_POINT('',(3.32440326764017,1.50000000000001,-0.416591836216293));
#7763=CARTESIAN_POINT('Ctrl Pts',(2.67261753632456,1.50000000000001,-0.261234415771805));
#7764=CARTESIAN_POINT('Ctrl Pts',(2.67261753632456,2.20000000000001,-0.261234415771805));
#7765=CARTESIAN_POINT('Ctrl Pts',(2.79579702086413,1.50000000000001,-0.265392977113394));
#7766=CARTESIAN_POINT('Ctrl Pts',(2.79579702086413,2.20000000000001,-0.265392977113394));
#7767=CARTESIAN_POINT('Ctrl Pts',(3.02408060449983,1.50000000000001,-0.273099871564002));
#7768=CARTESIAN_POINT('Ctrl Pts',(3.02408060449983,2.20000000000001,-0.273099871564002));
#7769=CARTESIAN_POINT('Ctrl Pts',(3.22972327619938,1.50000000000001,-0.371354431076631));
#7770=CARTESIAN_POINT('Ctrl Pts',(3.22972327619938,2.20000000000001,-0.371354431076631));
#7771=CARTESIAN_POINT('Ctrl Pts',(3.32440326764017,1.50000000000001,-0.416591836216293));
#7772=CARTESIAN_POINT('Ctrl Pts',(3.32440326764017,2.20000000000001,-0.416591836216293));
#7773=CARTESIAN_POINT('Ctrl Pts',(2.67261753632456,2.20000000000001,-0.261234415771805));
#7774=CARTESIAN_POINT('Ctrl Pts',(2.79579702086413,2.20000000000001,-0.265392977113394));
#7775=CARTESIAN_POINT('Ctrl Pts',(3.02408060449983,2.20000000000001,-0.273099871564002));
#7776=CARTESIAN_POINT('Ctrl Pts',(3.22972327619938,2.20000000000001,-0.371354431076631));
#7777=CARTESIAN_POINT('Ctrl Pts',(3.32440326764017,2.20000000000001,-0.416591836216293));
#7778=CARTESIAN_POINT('Origin',(7.90118915918983,2.20000000000001,-1.61837734103426));
#7779=CARTESIAN_POINT('Origin',(7.93333123280435,1.50000000000001,-0.332663131954514));
#7780=CARTESIAN_POINT('',(7.93333123280435,2.20000000000001,-2.27909169912561));
#7781=CARTESIAN_POINT('',(7.93333123280435,1.50000000000001,-2.27909169912561));
#7782=CARTESIAN_POINT('',(7.93333123280435,2.20000000000001,-0.332663131954514));
#7783=CARTESIAN_POINT('',(7.93333123280435,2.20000000000001,-2.27909169912561));
#7784=CARTESIAN_POINT('',(7.93333123280435,1.50000000000001,-0.332663131954514));
#7785=CARTESIAN_POINT('Origin',(7.2869033630076,1.50000000000001,-0.332663131954514));
#7786=CARTESIAN_POINT('',(7.2869033630076,2.20000000000001,-0.332663131954514));
#7787=CARTESIAN_POINT('',(7.93333123280435,2.20000000000001,-0.332663131954514));
#7788=CARTESIAN_POINT('',(7.2869033630076,1.50000000000001,-0.332663131954514));
#7789=CARTESIAN_POINT('Origin',(7.23690341069132,1.50000000000001,-0.500520242454849));
#7790=CARTESIAN_POINT('',(7.23690341069132,2.20000000000001,-0.500520242454849));
#7791=CARTESIAN_POINT('',(7.2869033630076,2.20000000000001,-0.332663131954514));
#7792=CARTESIAN_POINT('',(7.23690341069132,1.50000000000001,-0.500520242454849));
#7793=CARTESIAN_POINT('Ctrl Pts',(6.6654742772761,1.50000000000001,-0.261234415771805));
#7794=CARTESIAN_POINT('Ctrl Pts',(6.6654742772761,2.20000000000001,-0.261234415771805));
#7795=CARTESIAN_POINT('Ctrl Pts',(6.77046200561412,1.50000000000001,-0.272000968009924));
#7796=CARTESIAN_POINT('Ctrl Pts',(6.77046200561412,2.20000000000001,-0.272000968009924));
#7797=CARTESIAN_POINT('Ctrl Pts',(6.98485223347344,1.50000000000001,-0.293986809823337));
#7798=CARTESIAN_POINT('Ctrl Pts',(6.98485223347344,2.20000000000001,-0.293986809823337));
#7799=CARTESIAN_POINT('Ctrl Pts',(7.15174081603394,1.50000000000001,-0.430737100790768));
#7800=CARTESIAN_POINT('Ctrl Pts',(7.15174081603394,2.20000000000001,-0.430737100790768));
#7801=CARTESIAN_POINT('Ctrl Pts',(7.23690341069132,1.50000000000001,-0.500520242454849));
#7802=CARTESIAN_POINT('Ctrl Pts',(7.23690341069132,2.20000000000001,-0.500520242454849));
#7803=CARTESIAN_POINT('',(6.6654742772761,2.20000000000001,-0.261234415771805));
#7804=CARTESIAN_POINT('Ctrl Pts',(6.6654742772761,2.20000000000001,-0.261234415771805));
#7805=CARTESIAN_POINT('Ctrl Pts',(6.77046200561412,2.20000000000001,-0.272000968009924));
#7806=CARTESIAN_POINT('Ctrl Pts',(6.98485223347344,2.20000000000001,-0.293986809823337));
#7807=CARTESIAN_POINT('Ctrl Pts',(7.15174081603394,2.20000000000001,-0.430737100790768));
#7808=CARTESIAN_POINT('Ctrl Pts',(7.23690341069132,2.20000000000001,-0.500520242454849));
#7809=CARTESIAN_POINT('',(6.6654742772761,1.50000000000001,-0.261234415771805));
#7810=CARTESIAN_POINT('Ctrl Pts',(6.22261713101297,1.50000000000001,-0.429091824295365));
#7811=CARTESIAN_POINT('Ctrl Pts',(6.22261713101297,2.20000000000001,-0.429091824295365));
#7812=CARTESIAN_POINT('Ctrl Pts',(6.28599712793282,1.50000000000001,-0.380143888794894));
#7813=CARTESIAN_POINT('Ctrl Pts',(6.28599712793282,2.20000000000001,-0.380143888794894));
#7814=CARTESIAN_POINT('Ctrl Pts',(6.41637410988836,1.50000000000001,-0.279454642760755));
#7815=CARTESIAN_POINT('Ctrl Pts',(6.41637410988836,2.20000000000001,-0.279454642760755));
#7816=CARTESIAN_POINT('Ctrl Pts',(6.58091925494326,1.50000000000001,-0.267419123378051));
#7817=CARTESIAN_POINT('Ctrl Pts',(6.58091925494326,2.20000000000001,-0.267419123378051));
#7818=CARTESIAN_POINT('Ctrl Pts',(6.6654742772761,1.50000000000001,-0.261234415771805));
#7819=CARTESIAN_POINT('Ctrl Pts',(6.6654742772761,2.20000000000001,-0.261234415771805));
#7820=CARTESIAN_POINT('',(6.22261713101297,2.20000000000001,-0.429091824295365));
#7821=CARTESIAN_POINT('Ctrl Pts',(6.22261713101297,2.20000000000001,-0.429091824295365));
#7822=CARTESIAN_POINT('Ctrl Pts',(6.28599712793282,2.20000000000001,-0.380143888794894));
#7823=CARTESIAN_POINT('Ctrl Pts',(6.41637410988836,2.20000000000001,-0.279454642760755));
#7824=CARTESIAN_POINT('Ctrl Pts',(6.58091925494326,2.20000000000001,-0.267419123378051));
#7825=CARTESIAN_POINT('Ctrl Pts',(6.6654742772761,2.20000000000001,-0.261234415771805));
#7826=CARTESIAN_POINT('',(6.22261713101297,1.50000000000001,-0.429091824295365));
#7827=CARTESIAN_POINT('Ctrl Pts',(6.04761729790598,1.50000000000001,-0.882663203480087));
#7828=CARTESIAN_POINT('Ctrl Pts',(6.04761729790598,2.20000000000001,-0.882663203480087));
#7829=CARTESIAN_POINT('Ctrl Pts',(6.05346259593876,1.50000000000001,-0.793776464841721));
#7830=CARTESIAN_POINT('Ctrl Pts',(6.05346259593876,2.20000000000001,-0.793776464841721));
#7831=CARTESIAN_POINT('Ctrl Pts',(6.06463665655868,1.50000000000001,-0.623857702738794));
#7832=CARTESIAN_POINT('Ctrl Pts',(6.06463665655868,2.20000000000001,-0.623857702738794));
#7833=CARTESIAN_POINT('Ctrl Pts',(6.17160522649164,1.50000000000001,-0.491981737934943));
#7834=CARTESIAN_POINT('Ctrl Pts',(6.17160522649164,2.20000000000001,-0.491981737934943));
#7835=CARTESIAN_POINT('Ctrl Pts',(6.22261713101297,1.50000000000001,-0.429091824295365));
#7836=CARTESIAN_POINT('Ctrl Pts',(6.22261713101297,2.20000000000001,-0.429091824295365));
#7837=CARTESIAN_POINT('',(6.04761729790598,2.20000000000001,-0.882663203480087));
#7838=CARTESIAN_POINT('Ctrl Pts',(6.04761729790598,2.20000000000001,-0.882663203480087));
#7839=CARTESIAN_POINT('Ctrl Pts',(6.05346259593876,2.20000000000001,-0.793776464841721));
#7840=CARTESIAN_POINT('Ctrl Pts',(6.06463665655868,2.20000000000001,-0.623857702738794));
#7841=CARTESIAN_POINT('Ctrl Pts',(6.17160522649164,2.20000000000001,-0.491981737934943));
#7842=CARTESIAN_POINT('Ctrl Pts',(6.22261713101297,2.20000000000001,-0.429091824295365));
#7843=CARTESIAN_POINT('',(6.04761729790598,1.50000000000001,-0.882663203480087));
#7844=CARTESIAN_POINT('Origin',(6.04761729790598,1.50000000000001,-2.27909169912561));
#7845=CARTESIAN_POINT('',(6.04761729790598,2.20000000000001,-2.27909169912561));
#7846=CARTESIAN_POINT('',(6.04761729790598,2.20000000000001,-0.882663203480087));
#7847=CARTESIAN_POINT('',(6.04761729790598,1.50000000000001,-2.27909169912561));
#7848=CARTESIAN_POINT('Origin',(6.82618866516977,1.50000000000001,-2.27909169912561));
#7849=CARTESIAN_POINT('',(6.82618866516977,2.20000000000001,-2.27909169912561));
#7850=CARTESIAN_POINT('',(6.04761729790598,2.20000000000001,-2.27909169912561));
#7851=CARTESIAN_POINT('',(6.82618866516977,1.50000000000001,-2.27909169912561));
#7852=CARTESIAN_POINT('Origin',(6.82618866516977,1.50000000000001,-0.932663155796372));
#7853=CARTESIAN_POINT('',(6.82618866516977,2.20000000000001,-0.932663155796372));
#7854=CARTESIAN_POINT('',(6.82618866516977,2.20000000000001,-2.27909169912561));
#7855=CARTESIAN_POINT('',(6.82618866516977,1.50000000000001,-0.932663155796372));
#7856=CARTESIAN_POINT('Ctrl Pts',(6.95833156659037,1.50000000000001,-0.793377531769119));
#7857=CARTESIAN_POINT('Ctrl Pts',(6.95833156659037,2.20000000000001,-0.793377531769119));
#7858=CARTESIAN_POINT('Ctrl Pts',(6.91979473853966,1.50000000000001,-0.799654574788966));
#7859=CARTESIAN_POINT('Ctrl Pts',(6.91979473853966,2.20000000000001,-0.799654574788966));
#7860=CARTESIAN_POINT('Ctrl Pts',(6.84106393244364,1.50000000000001,-0.812478584492144));
#7861=CARTESIAN_POINT('Ctrl Pts',(6.84106393244364,2.20000000000001,-0.812478584492144));
#7862=CARTESIAN_POINT('Ctrl Pts',(6.83121618042272,1.50000000000001,-0.892043397221516));
#7863=CARTESIAN_POINT('Ctrl Pts',(6.83121618042272,2.20000000000001,-0.892043397221516));
#7864=CARTESIAN_POINT('Ctrl Pts',(6.82618866516977,1.50000000000001,-0.932663155796372));
#7865=CARTESIAN_POINT('Ctrl Pts',(6.82618866516977,2.20000000000001,-0.932663155796372));
#7866=CARTESIAN_POINT('',(6.95833156659037,2.20000000000001,-0.793377531769119));
#7867=CARTESIAN_POINT('Ctrl Pts',(6.95833156659037,2.20000000000001,-0.793377531769119));
#7868=CARTESIAN_POINT('Ctrl Pts',(6.91979473853966,2.20000000000001,-0.799654574788966));
#7869=CARTESIAN_POINT('Ctrl Pts',(6.84106393244364,2.20000000000001,-0.812478584492144));
#7870=CARTESIAN_POINT('Ctrl Pts',(6.83121618042272,2.20000000000001,-0.892043397221516));
#7871=CARTESIAN_POINT('Ctrl Pts',(6.82618866516977,2.20000000000001,-0.932663155796372));
#7872=CARTESIAN_POINT('',(6.95833156659037,1.50000000000001,-0.793377531769119));
#7873=CARTESIAN_POINT('Ctrl Pts',(7.15475986554056,1.50000000000001,-0.896948946716629));
#7874=CARTESIAN_POINT('Ctrl Pts',(7.15475986554056,2.20000000000001,-0.896948946716629));
#7875=CARTESIAN_POINT('Ctrl Pts',(7.12629453200384,1.50000000000001,-0.866769226178348));
#7876=CARTESIAN_POINT('Ctrl Pts',(7.12629453200384,2.20000000000001,-0.866769226178348));
#7877=CARTESIAN_POINT('Ctrl Pts',(7.07237983927175,1.50000000000001,-0.809607403097545));
#7878=CARTESIAN_POINT('Ctrl Pts',(7.07237983927175,2.20000000000001,-0.809607403097545));
#7879=CARTESIAN_POINT('Ctrl Pts',(6.99490297879262,1.50000000000001,-0.798581900940055));
#7880=CARTESIAN_POINT('Ctrl Pts',(6.99490297879262,2.20000000000001,-0.798581900940055));
#7881=CARTESIAN_POINT('Ctrl Pts',(6.95833156659037,1.50000000000001,-0.793377531769119));
#7882=CARTESIAN_POINT('Ctrl Pts',(6.95833156659037,2.20000000000001,-0.793377531769119));
#7883=CARTESIAN_POINT('',(7.15475986554056,2.20000000000001,-0.896948946716629));
#7884=CARTESIAN_POINT('Ctrl Pts',(7.15475986554056,2.20000000000001,-0.896948946716629));
#7885=CARTESIAN_POINT('Ctrl Pts',(7.12629453200384,2.20000000000001,-0.866769226178348));
#7886=CARTESIAN_POINT('Ctrl Pts',(7.07237983927175,2.20000000000001,-0.809607403097545));
#7887=CARTESIAN_POINT('Ctrl Pts',(6.99490297879262,2.20000000000001,-0.798581900940055));
#7888=CARTESIAN_POINT('Ctrl Pts',(6.95833156659037,2.20000000000001,-0.793377531769119));
#7889=CARTESIAN_POINT('',(7.15475986554056,1.50000000000001,-0.896948946716629));
#7890=CARTESIAN_POINT('Origin',(7.15475986554056,1.50000000000001,-2.27909169912561));
#7891=CARTESIAN_POINT('',(7.15475986554056,2.20000000000001,-2.27909169912561));
#7892=CARTESIAN_POINT('',(7.15475986554056,2.20000000000001,-0.896948946716629));
#7893=CARTESIAN_POINT('',(7.15475986554056,1.50000000000001,-2.27909169912561));
#7894=CARTESIAN_POINT('Origin',(7.93333123280435,1.50000000000001,-2.27909169912561));
#7895=CARTESIAN_POINT('',(7.15475986554056,2.20000000000001,-2.27909169912561));
#7896=CARTESIAN_POINT('Origin',(7.90118915918983,2.20000000000001,-1.61837734103426));
#7897=CARTESIAN_POINT('Ctrl Pts',(9.07797525479227,1.50000000000001,-0.846948696377121));
#7898=CARTESIAN_POINT('Ctrl Pts',(9.07797525479227,2.20000000000001,-0.846948696377121));
#7899=CARTESIAN_POINT('Ctrl Pts',(9.07019592566938,1.50000000000001,-0.860323042696265));
#7900=CARTESIAN_POINT('Ctrl Pts',(9.07019592566938,2.20000000000001,-0.860323042696265));
#7901=CARTESIAN_POINT('Ctrl Pts',(9.05232557991432,1.50000000000001,-0.891046025256281));
#7902=CARTESIAN_POINT('Ctrl Pts',(9.05232557991432,2.20000000000001,-0.891046025256281));
#7903=CARTESIAN_POINT('Ctrl Pts',(9.05159913559401,1.50000000000001,-0.926773839354779));
#7904=CARTESIAN_POINT('Ctrl Pts',(9.05159913559401,2.20000000000001,-0.926773839354779));
#7905=CARTESIAN_POINT('Ctrl Pts',(9.05118892743021,1.50000000000001,-0.946948601009689));
#7906=CARTESIAN_POINT('Ctrl Pts',(9.05118892743021,2.20000000000001,-0.946948601009689));
#7907=CARTESIAN_POINT('',(9.05118892743021,2.20000000000001,-0.946948601009689));
#7908=CARTESIAN_POINT('',(9.05118892743021,1.50000000000001,-0.946948601009689));
#7909=CARTESIAN_POINT('',(9.07797525479227,2.20000000000001,-0.846948696377121));
#7910=CARTESIAN_POINT('Ctrl Pts',(9.07797525479227,2.20000000000001,-0.846948696377121));
#7911=CARTESIAN_POINT('Ctrl Pts',(9.07019592566938,2.20000000000001,-0.860323042696265));
#7912=CARTESIAN_POINT('Ctrl Pts',(9.05232557991432,2.20000000000001,-0.891046025256281));
#7913=CARTESIAN_POINT('Ctrl Pts',(9.05159913559401,2.20000000000001,-0.926773839354779));
#7914=CARTESIAN_POINT('Ctrl Pts',(9.05118892743021,2.20000000000001,-0.946948601009689));
#7915=CARTESIAN_POINT('',(9.07797525479227,1.50000000000001,-0.846948696377121));
#7916=CARTESIAN_POINT('Ctrl Pts',(9.16547487332254,1.50000000000001,-0.81480599761232));
#7917=CARTESIAN_POINT('Ctrl Pts',(9.16547487332254,2.20000000000001,-0.81480599761232));
#7918=CARTESIAN_POINT('Ctrl Pts',(9.14727093711021,1.50000000000001,-0.815476517598452));
#7919=CARTESIAN_POINT('Ctrl Pts',(9.14727093711021,2.20000000000001,-0.815476517598452));
#7920=CARTESIAN_POINT('Ctrl Pts',(9.11435190360244,1.50000000000001,-0.816689050406393));
#7921=CARTESIAN_POINT('Ctrl Pts',(9.11435190360244,2.20000000000001,-0.816689050406393));
#7922=CARTESIAN_POINT('Ctrl Pts',(9.08921269982376,1.50000000000001,-0.837600910932594));
#7923=CARTESIAN_POINT('Ctrl Pts',(9.08921269982376,2.20000000000001,-0.837600910932594));
#7924=CARTESIAN_POINT('Ctrl Pts',(9.07797525479227,1.50000000000001,-0.846948696377121));
#7925=CARTESIAN_POINT('Ctrl Pts',(9.07797525479227,2.20000000000001,-0.846948696377121));
#7926=CARTESIAN_POINT('',(9.16547487332254,2.20000000000001,-0.81480599761232));
#7927=CARTESIAN_POINT('Ctrl Pts',(9.16547487332254,2.20000000000001,-0.81480599761232));
#7928=CARTESIAN_POINT('Ctrl Pts',(9.14727093711021,2.20000000000001,-0.815476517598452));
#7929=CARTESIAN_POINT('Ctrl Pts',(9.11435190360244,2.20000000000001,-0.816689050406393));
#7930=CARTESIAN_POINT('Ctrl Pts',(9.08921269982376,2.20000000000001,-0.837600910932594));
#7931=CARTESIAN_POINT('Ctrl Pts',(9.07797525479227,2.20000000000001,-0.846948696377121));
#7932=CARTESIAN_POINT('',(9.16547487332254,1.50000000000001,-0.81480599761232));
#7933=CARTESIAN_POINT('Ctrl Pts',(9.21904633595377,1.50000000000001,-0.818377209904038));
#7934=CARTESIAN_POINT('Ctrl Pts',(9.21904633595377,2.20000000000001,-0.818377209904038));
#7935=CARTESIAN_POINT('Ctrl Pts',(9.21042525287399,1.50000000000001,-0.817335772657949));
#7936=CARTESIAN_POINT('Ctrl Pts',(9.21042525287399,2.20000000000001,-0.817335772657949));
#7937=CARTESIAN_POINT('Ctrl Pts',(9.19263307742495,1.50000000000001,-0.815186456379461));
#7938=CARTESIAN_POINT('Ctrl Pts',(9.19263307742495,2.20000000000001,-0.815186456379461));
#7939=CARTESIAN_POINT('Ctrl Pts',(9.1747122699202,1.50000000000001,-0.814935404126385));
#7940=CARTESIAN_POINT('Ctrl Pts',(9.1747122699202,2.20000000000001,-0.814935404126385));
#7941=CARTESIAN_POINT('Ctrl Pts',(9.16547487332254,1.50000000000001,-0.81480599761232));
#7942=CARTESIAN_POINT('Ctrl Pts',(9.16547487332254,2.20000000000001,-0.81480599761232));
#7943=CARTESIAN_POINT('',(9.21904633595377,2.20000000000001,-0.818377209904038));
#7944=CARTESIAN_POINT('Ctrl Pts',(9.21904633595377,2.20000000000001,-0.818377209904038));
#7945=CARTESIAN_POINT('Ctrl Pts',(9.21042525287399,2.20000000000001,-0.817335772657949));
#7946=CARTESIAN_POINT('Ctrl Pts',(9.19263307742495,2.20000000000001,-0.815186456379461));
#7947=CARTESIAN_POINT('Ctrl Pts',(9.1747122699202,2.20000000000001,-0.814935404126385));
#7948=CARTESIAN_POINT('Ctrl Pts',(9.16547487332254,2.20000000000001,-0.81480599761232));
#7949=CARTESIAN_POINT('',(9.21904633595377,1.50000000000001,-0.818377209904038));
#7950=CARTESIAN_POINT('Origin',(9.26547477795511,1.50000000000001,-0.332663131954514));
#7951=CARTESIAN_POINT('',(9.26547477795511,2.20000000000001,-0.332663131954514));
#7952=CARTESIAN_POINT('',(9.21904633595377,2.20000000000001,-0.818377209904038));
#7953=CARTESIAN_POINT('',(9.26547477795511,1.50000000000001,-0.332663131954514));
#7954=CARTESIAN_POINT('Ctrl Pts',(8.91547511174112,1.50000000000001,-0.261234415771805));
#7955=CARTESIAN_POINT('Ctrl Pts',(8.91547511174112,2.20000000000001,-0.261234415771805));
#7956=CARTESIAN_POINT('Ctrl Pts',(8.97747528995193,1.50000000000001,-0.263854314045825));
#7957=CARTESIAN_POINT('Ctrl Pts',(8.97747528995193,2.20000000000001,-0.263854314045825));
#7958=CARTESIAN_POINT('Ctrl Pts',(9.09802178255393,1.50000000000001,-0.268948163080152));
#7959=CARTESIAN_POINT('Ctrl Pts',(9.09802178255393,2.20000000000001,-0.268948163080152));
#7960=CARTESIAN_POINT('Ctrl Pts',(9.21073357489341,1.50000000000001,-0.311834397055711));
#7961=CARTESIAN_POINT('Ctrl Pts',(9.21073357489341,2.20000000000001,-0.311834397055711));
#7962=CARTESIAN_POINT('Ctrl Pts',(9.26547477795511,1.50000000000001,-0.332663131954514));
#7963=CARTESIAN_POINT('Ctrl Pts',(9.26547477795511,2.20000000000001,-0.332663131954514));
#7964=CARTESIAN_POINT('',(8.91547511174112,2.20000000000001,-0.261234415771805));
#7965=CARTESIAN_POINT('Ctrl Pts',(8.91547511174112,2.20000000000001,-0.261234415771805));
#7966=CARTESIAN_POINT('Ctrl Pts',(8.97747528995193,2.20000000000001,-0.263854314045825));
#7967=CARTESIAN_POINT('Ctrl Pts',(9.09802178255393,2.20000000000001,-0.268948163080152));
#7968=CARTESIAN_POINT('Ctrl Pts',(9.21073357489341,2.20000000000001,-0.311834397055711));
#7969=CARTESIAN_POINT('Ctrl Pts',(9.26547477795511,2.20000000000001,-0.332663131954514));
#7970=CARTESIAN_POINT('',(8.91547511174112,1.50000000000001,-0.261234415771805));
#7971=CARTESIAN_POINT('Ctrl Pts',(8.4511894996348,1.50000000000001,-0.414806081058823));
#7972=CARTESIAN_POINT('Ctrl Pts',(8.4511894996348,2.20000000000001,-0.414806081058823));
#7973=CARTESIAN_POINT('Ctrl Pts',(8.51746760371959,1.50000000000001,-0.370048335268728));
#7974=CARTESIAN_POINT('Ctrl Pts',(8.51746760371959,2.20000000000001,-0.370048335268728));
#7975=CARTESIAN_POINT('Ctrl Pts',(8.65742914005734,1.50000000000001,-0.275532009699402));
#7976=CARTESIAN_POINT('Ctrl Pts',(8.65742914005734,2.20000000000001,-0.275532009699402));
#7977=CARTESIAN_POINT('Ctrl Pts',(8.82647833827095,1.50000000000001,-0.266165474062078));
#7978=CARTESIAN_POINT('Ctrl Pts',(8.82647833827095,2.20000000000001,-0.266165474062078));
#7979=CARTESIAN_POINT('Ctrl Pts',(8.91547511174112,1.50000000000001,-0.261234415771805));
#7980=CARTESIAN_POINT('Ctrl Pts',(8.91547511174112,2.20000000000001,-0.261234415771805));
#7981=CARTESIAN_POINT('',(8.4511894996348,2.20000000000001,-0.414806081058823));
#7982=CARTESIAN_POINT('Ctrl Pts',(8.4511894996348,2.20000000000001,-0.414806081058823));
#7983=CARTESIAN_POINT('Ctrl Pts',(8.51746760371959,2.20000000000001,-0.370048335268728));
#7984=CARTESIAN_POINT('Ctrl Pts',(8.65742914005734,2.20000000000001,-0.275532009699402));
#7985=CARTESIAN_POINT('Ctrl Pts',(8.82647833827095,2.20000000000001,-0.266165474062078));
#7986=CARTESIAN_POINT('Ctrl Pts',(8.91547511174112,2.20000000000001,-0.261234415771805));
#7987=CARTESIAN_POINT('',(8.4511894996348,1.50000000000001,-0.414806081058823));
#7988=CARTESIAN_POINT('Ctrl Pts',(8.27261756016641,1.50000000000001,-0.868377460243546));
#7989=CARTESIAN_POINT('Ctrl Pts',(8.27261756016641,2.20000000000001,-0.868377460243546));
#7990=CARTESIAN_POINT('Ctrl Pts',(8.27777153542483,1.50000000000001,-0.776573353290373));
#7991=CARTESIAN_POINT('Ctrl Pts',(8.27777153542483,2.20000000000001,-0.776573353290373));
#7992=CARTESIAN_POINT('Ctrl Pts',(8.28741304013931,1.50000000000001,-0.604836065930953));
#7993=CARTESIAN_POINT('Ctrl Pts',(8.28741304013931,2.20000000000001,-0.604836065930953));
#7994=CARTESIAN_POINT('Ctrl Pts',(8.39917237820068,1.50000000000001,-0.475161597533341));
#7995=CARTESIAN_POINT('Ctrl Pts',(8.39917237820068,2.20000000000001,-0.475161597533341));
#7996=CARTESIAN_POINT('Ctrl Pts',(8.4511894996348,1.50000000000001,-0.414806081058823));
#7997=CARTESIAN_POINT('Ctrl Pts',(8.4511894996348,2.20000000000001,-0.414806081058823));
#7998=CARTESIAN_POINT('',(8.27261756016641,2.20000000000001,-0.868377460243546));
#7999=CARTESIAN_POINT('Ctrl Pts',(8.27261756016641,2.20000000000001,-0.868377460243546));
#8000=CARTESIAN_POINT('Ctrl Pts',(8.27777153542483,2.20000000000001,-0.776573353290373));
#8001=CARTESIAN_POINT('Ctrl Pts',(8.28741304013931,2.20000000000001,-0.604836065930953));
#8002=CARTESIAN_POINT('Ctrl Pts',(8.39917237820068,2.20000000000001,-0.475161597533341));
#8003=CARTESIAN_POINT('Ctrl Pts',(8.4511894996348,2.20000000000001,-0.414806081058823));
#8004=CARTESIAN_POINT('',(8.27261756016641,1.50000000000001,-0.868377460243546));
#8005=CARTESIAN_POINT('Origin',(8.27261756016641,1.50000000000001,-2.97551996827348));
#8006=CARTESIAN_POINT('',(8.27261756016641,2.20000000000001,-2.97551996827348));
#8007=CARTESIAN_POINT('',(8.27261756016641,2.20000000000001,-0.868377460243546));
#8008=CARTESIAN_POINT('',(8.27261756016641,1.50000000000001,-2.97551996827348));
#8009=CARTESIAN_POINT('Origin',(9.05118892743021,1.50000000000001,-2.97551996827348));
#8010=CARTESIAN_POINT('',(9.05118892743021,2.20000000000001,-2.97551996827348));
#8011=CARTESIAN_POINT('',(8.27261756016641,2.20000000000001,-2.97551996827348));
#8012=CARTESIAN_POINT('',(9.05118892743021,1.50000000000001,-2.97551996827348));
#8013=CARTESIAN_POINT('Origin',(9.05118892743021,1.50000000000001,-0.946948601009689));
#8014=CARTESIAN_POINT('',(9.05118892743021,2.20000000000001,-2.97551996827348));
#8015=CARTESIAN_POINT('Origin',(7.90118915918983,2.20000000000001,-1.61837734103426));
#8016=CARTESIAN_POINT('Ctrl Pts',(13.4958309943858,1.50000000000001,-0.907663179638229));
#8017=CARTESIAN_POINT('Ctrl Pts',(13.4958309943858,2.20000000000001,-0.907663179638229));
#8018=CARTESIAN_POINT('Ctrl Pts',(13.4739911959374,1.50000000000001,-0.884789621630869));
#8019=CARTESIAN_POINT('Ctrl Pts',(13.4739911959374,2.20000000000001,-0.884789621630869));
#8020=CARTESIAN_POINT('Ctrl Pts',(13.4262761069654,1.50000000000001,-0.834815998567961));
#8021=CARTESIAN_POINT('Ctrl Pts',(13.4262761069654,2.20000000000001,-0.834815998567961));
#8022=CARTESIAN_POINT('Ctrl Pts',(13.3567486645635,1.50000000000001,-0.831104460888207));
#8023=CARTESIAN_POINT('Ctrl Pts',(13.3567486645635,2.20000000000001,-0.831104460888207));
#8024=CARTESIAN_POINT('Ctrl Pts',(13.3190448100749,1.50000000000001,-0.829091740848861));
#8025=CARTESIAN_POINT('Ctrl Pts',(13.3190448100749,2.20000000000001,-0.829091740848861));
#8026=CARTESIAN_POINT('',(13.3190448100749,1.50000000000001,-0.829091740848861));
#8027=CARTESIAN_POINT('',(13.4958309943858,1.50000000000001,-0.907663179638229));
#8028=CARTESIAN_POINT('Ctrl Pts',(13.3190448100749,1.50000000000001,-0.829091740848861));
#8029=CARTESIAN_POINT('Ctrl Pts',(13.3567486645635,1.50000000000001,-0.831104460888207));
#8030=CARTESIAN_POINT('Ctrl Pts',(13.4262761069654,1.50000000000001,-0.834815998567961));
#8031=CARTESIAN_POINT('Ctrl Pts',(13.4739911959374,1.50000000000001,-0.884789621630869));
#8032=CARTESIAN_POINT('Ctrl Pts',(13.4958309943858,1.50000000000001,-0.907663179638229));
#8033=CARTESIAN_POINT('',(13.3190448100749,2.20000000000001,-0.829091740848861));
#8034=CARTESIAN_POINT('',(13.3190448100749,1.50000000000001,-0.829091740848861));
#8035=CARTESIAN_POINT('',(13.4958309943858,2.20000000000001,-0.907663179638229));
#8036=CARTESIAN_POINT('Ctrl Pts',(13.4958309943858,2.20000000000001,-0.907663179638229));
#8037=CARTESIAN_POINT('Ctrl Pts',(13.4739911959374,2.20000000000001,-0.884789621630869));
#8038=CARTESIAN_POINT('Ctrl Pts',(13.4262761069654,2.20000000000001,-0.834815998567961));
#8039=CARTESIAN_POINT('Ctrl Pts',(13.3567486645635,2.20000000000001,-0.831104460888207));
#8040=CARTESIAN_POINT('Ctrl Pts',(13.3190448100749,2.20000000000001,-0.829091740848861));
#8041=CARTESIAN_POINT('',(13.4958309943858,1.50000000000001,-0.907663179638229));
#8042=CARTESIAN_POINT('Ctrl Pts',(13.5476167018595,1.50000000000001,-1.18980593800767));
#8043=CARTESIAN_POINT('Ctrl Pts',(13.5476167018595,2.20000000000001,-1.18980593800767));
#8044=CARTESIAN_POINT('Ctrl Pts',(13.5477480253547,1.50000000000001,-1.13142948298415));
#8045=CARTESIAN_POINT('Ctrl Pts',(13.5477480253547,2.20000000000001,-1.13142948298415));
#8046=CARTESIAN_POINT('Ctrl Pts',(13.5479678723059,1.50000000000001,-1.03370222072505));
#8047=CARTESIAN_POINT('Ctrl Pts',(13.5479678723059,2.20000000000001,-1.03370222072505));
#8048=CARTESIAN_POINT('Ctrl Pts',(13.5107978540772,1.50000000000001,-0.943845028625802));
#8049=CARTESIAN_POINT('Ctrl Pts',(13.5107978540772,2.20000000000001,-0.943845028625802));
#8050=CARTESIAN_POINT('Ctrl Pts',(13.4958309943858,1.50000000000001,-0.907663179638229));
#8051=CARTESIAN_POINT('Ctrl Pts',(13.4958309943858,2.20000000000001,-0.907663179638229));
#8052=CARTESIAN_POINT('',(13.5476167018595,1.50000000000001,-1.18980593800767));
#8053=CARTESIAN_POINT('Ctrl Pts',(13.4958309943858,1.50000000000001,-0.907663179638229));
#8054=CARTESIAN_POINT('Ctrl Pts',(13.5107978540772,1.50000000000001,-0.943845028625802));
#8055=CARTESIAN_POINT('Ctrl Pts',(13.5479678723059,1.50000000000001,-1.03370222072505));
#8056=CARTESIAN_POINT('Ctrl Pts',(13.5477480253547,1.50000000000001,-1.13142948298415));
#8057=CARTESIAN_POINT('Ctrl Pts',(13.5476167018595,1.50000000000001,-1.18980593800767));
#8058=CARTESIAN_POINT('',(13.5476167018595,2.20000000000001,-1.18980593800767));
#8059=CARTESIAN_POINT('Ctrl Pts',(13.5476167018595,2.20000000000001,-1.18980593800767));
#8060=CARTESIAN_POINT('Ctrl Pts',(13.5477480253547,2.20000000000001,-1.13142948298415));
#8061=CARTESIAN_POINT('Ctrl Pts',(13.5479678723059,2.20000000000001,-1.03370222072505));
#8062=CARTESIAN_POINT('Ctrl Pts',(13.5107978540772,2.20000000000001,-0.943845028625802));
#8063=CARTESIAN_POINT('Ctrl Pts',(13.4958309943858,2.20000000000001,-0.907663179638229));
#8064=CARTESIAN_POINT('',(13.5476167018595,1.50000000000001,-1.18980593800767));
#8065=CARTESIAN_POINT('Origin',(13.5476167018595,1.50000000000001,-1.98266304850801));
#8066=CARTESIAN_POINT('',(13.5476167018595,1.50000000000001,-1.98266304850801));
#8067=CARTESIAN_POINT('',(13.5476167018595,1.5,16.6103123512089));
#8068=CARTESIAN_POINT('',(13.5476167018595,2.20000000000001,-1.98266304850801));
#8069=CARTESIAN_POINT('',(13.5476167018595,2.20000000000001,-1.18980593800767));
#8070=CARTESIAN_POINT('',(13.5476167018595,1.50000000000001,-1.98266304850801));
#8071=CARTESIAN_POINT('Ctrl Pts',(13.4940452392283,1.50000000000001,-2.27194882750734));
#8072=CARTESIAN_POINT('Ctrl Pts',(13.4940452392283,2.20000000000001,-2.27194882750734));
#8073=CARTESIAN_POINT('Ctrl Pts',(13.5095358864036,1.50000000000001,-2.23459457337123));
#8074=CARTESIAN_POINT('Ctrl Pts',(13.5095358864036,2.20000000000001,-2.23459457337123));
#8075=CARTESIAN_POINT('Ctrl Pts',(13.547741179903,1.50000000000001,-2.14246606340192));
#8076=CARTESIAN_POINT('Ctrl Pts',(13.547741179903,2.20000000000001,-2.14246606340192));
#8077=CARTESIAN_POINT('Ctrl Pts',(13.5476631148196,1.50000000000001,-2.04224729917136));
#8078=CARTESIAN_POINT('Ctrl Pts',(13.5476631148196,2.20000000000001,-2.04224729917136));
#8079=CARTESIAN_POINT('Ctrl Pts',(13.5476167018595,1.50000000000001,-1.98266304850801));
#8080=CARTESIAN_POINT('Ctrl Pts',(13.5476167018595,2.20000000000001,-1.98266304850801));
#8081=CARTESIAN_POINT('',(13.4940452392283,1.50000000000001,-2.27194882750734));
#8082=CARTESIAN_POINT('Ctrl Pts',(13.5476167018595,1.50000000000001,-1.98266304850801));
#8083=CARTESIAN_POINT('Ctrl Pts',(13.5476631148196,1.50000000000001,-2.04224729917136));
#8084=CARTESIAN_POINT('Ctrl Pts',(13.547741179903,1.50000000000001,-2.14246606340192));
#8085=CARTESIAN_POINT('Ctrl Pts',(13.5095358864036,1.50000000000001,-2.23459457337123));
#8086=CARTESIAN_POINT('Ctrl Pts',(13.4940452392283,1.50000000000001,-2.27194882750734));
#8087=CARTESIAN_POINT('',(13.4940452392283,2.20000000000001,-2.27194882750734));
#8088=CARTESIAN_POINT('Ctrl Pts',(13.4940452392283,2.20000000000001,-2.27194882750734));
#8089=CARTESIAN_POINT('Ctrl Pts',(13.5095358864036,2.20000000000001,-2.23459457337123));
#8090=CARTESIAN_POINT('Ctrl Pts',(13.547741179903,2.20000000000001,-2.14246606340192));
#8091=CARTESIAN_POINT('Ctrl Pts',(13.5476631148196,2.20000000000001,-2.04224729917136));
#8092=CARTESIAN_POINT('Ctrl Pts',(13.5476167018595,2.20000000000001,-1.98266304850801));
#8093=CARTESIAN_POINT('',(13.4940452392283,1.50000000000001,-2.27194882750734));
#8094=CARTESIAN_POINT('Ctrl Pts',(13.3190448100749,1.50000000000001,-2.35409162760004));
#8095=CARTESIAN_POINT('Ctrl Pts',(13.3190448100749,2.20000000000001,-2.35409162760004));
#8096=CARTESIAN_POINT('Ctrl Pts',(13.356019030218,1.50000000000001,-2.35163536033215));
#8097=CARTESIAN_POINT('Ctrl Pts',(13.356019030218,2.20000000000001,-2.35163536033215));
#8098=CARTESIAN_POINT('Ctrl Pts',(13.4255182105467,1.50000000000001,-2.34701839853755));
#8099=CARTESIAN_POINT('Ctrl Pts',(13.4255182105467,2.20000000000001,-2.34701839853755));
#8100=CARTESIAN_POINT('Ctrl Pts',(13.47219904804,1.50000000000001,-2.29588075966176));
#8101=CARTESIAN_POINT('Ctrl Pts',(13.47219904804,2.20000000000001,-2.29588075966176));
#8102=CARTESIAN_POINT('Ctrl Pts',(13.4940452392283,1.50000000000001,-2.27194882750734));
#8103=CARTESIAN_POINT('Ctrl Pts',(13.4940452392283,2.20000000000001,-2.27194882750734));
#8104=CARTESIAN_POINT('',(13.3190448100749,1.50000000000001,-2.35409162760004));
#8105=CARTESIAN_POINT('Ctrl Pts',(13.4940452392283,1.50000000000001,-2.27194882750734));
#8106=CARTESIAN_POINT('Ctrl Pts',(13.47219904804,1.50000000000001,-2.29588075966176));
#8107=CARTESIAN_POINT('Ctrl Pts',(13.4255182105467,1.50000000000001,-2.34701839853755));
#8108=CARTESIAN_POINT('Ctrl Pts',(13.356019030218,1.50000000000001,-2.35163536033215));
#8109=CARTESIAN_POINT('Ctrl Pts',(13.3190448100749,1.50000000000001,-2.35409162760004));
#8110=CARTESIAN_POINT('',(13.3190448100749,2.20000000000001,-2.35409162760004));
#8111=CARTESIAN_POINT('Ctrl Pts',(13.3190448100749,2.20000000000001,-2.35409162760004));
#8112=CARTESIAN_POINT('Ctrl Pts',(13.356019030218,2.20000000000001,-2.35163536033215));
#8113=CARTESIAN_POINT('Ctrl Pts',(13.4255182105467,2.20000000000001,-2.34701839853755));
#8114=CARTESIAN_POINT('Ctrl Pts',(13.47219904804,2.20000000000001,-2.29588075966176));
#8115=CARTESIAN_POINT('Ctrl Pts',(13.4940452392283,2.20000000000001,-2.27194882750734));
#8116=CARTESIAN_POINT('',(13.3190448100749,1.50000000000001,-2.35409162760004));
#8117=CARTESIAN_POINT('Ctrl Pts',(13.1333310420695,1.50000000000001,-2.27194882750734));
#8118=CARTESIAN_POINT('Ctrl Pts',(13.1333310420695,2.20000000000001,-2.27194882750734));
#8119=CARTESIAN_POINT('Ctrl Pts',(13.1567544422416,1.50000000000001,-2.29587209623985));
#8120=CARTESIAN_POINT('Ctrl Pts',(13.1567544422416,2.20000000000001,-2.29587209623985));
#8121=CARTESIAN_POINT('Ctrl Pts',(13.207352637444,1.50000000000001,-2.34755008544369));
#8122=CARTESIAN_POINT('Ctrl Pts',(13.207352637444,2.20000000000001,-2.34755008544369));
#8123=CARTESIAN_POINT('Ctrl Pts',(13.2800182548575,1.50000000000001,-2.35180593604119));
#8124=CARTESIAN_POINT('Ctrl Pts',(13.2800182548575,2.20000000000001,-2.35180593604119));
#8125=CARTESIAN_POINT('Ctrl Pts',(13.3190448100749,1.50000000000001,-2.35409162760004));
#8126=CARTESIAN_POINT('Ctrl Pts',(13.3190448100749,2.20000000000001,-2.35409162760004));
#8127=CARTESIAN_POINT('',(13.1333310420695,1.50000000000001,-2.27194882750734));
#8128=CARTESIAN_POINT('Ctrl Pts',(13.3190448100749,1.50000000000001,-2.35409162760004));
#8129=CARTESIAN_POINT('Ctrl Pts',(13.2800182548575,1.50000000000001,-2.35180593604119));
#8130=CARTESIAN_POINT('Ctrl Pts',(13.207352637444,1.50000000000001,-2.34755008544369));
#8131=CARTESIAN_POINT('Ctrl Pts',(13.1567544422416,1.50000000000001,-2.29587209623985));
#8132=CARTESIAN_POINT('Ctrl Pts',(13.1333310420695,1.50000000000001,-2.27194882750734));
#8133=CARTESIAN_POINT('',(13.1333310420695,2.20000000000001,-2.27194882750734));
#8134=CARTESIAN_POINT('Ctrl Pts',(13.1333310420695,2.20000000000001,-2.27194882750734));
#8135=CARTESIAN_POINT('Ctrl Pts',(13.1567544422416,2.20000000000001,-2.29587209623985));
#8136=CARTESIAN_POINT('Ctrl Pts',(13.207352637444,2.20000000000001,-2.34755008544369));
#8137=CARTESIAN_POINT('Ctrl Pts',(13.2800182548575,2.20000000000001,-2.35180593604119));
#8138=CARTESIAN_POINT('Ctrl Pts',(13.3190448100749,2.20000000000001,-2.35409162760004));
#8139=CARTESIAN_POINT('',(13.1333310420695,1.50000000000001,-2.27194882750734));
#8140=CARTESIAN_POINT('Ctrl Pts',(13.0761880691233,1.50000000000001,-1.98266304850801));
#8141=CARTESIAN_POINT('Ctrl Pts',(13.0761880691233,2.20000000000001,-1.98266304850801));
#8142=CARTESIAN_POINT('Ctrl Pts',(13.0761973850703,1.50000000000001,-2.04236283116255));
#8143=CARTESIAN_POINT('Ctrl Pts',(13.0761973850703,2.20000000000001,-2.04236283116255));
#8144=CARTESIAN_POINT('Ctrl Pts',(13.0762131002824,1.50000000000001,-2.1430712996221));
#8145=CARTESIAN_POINT('Ctrl Pts',(13.0762131002824,2.20000000000001,-2.1430712996221));
#8146=CARTESIAN_POINT('Ctrl Pts',(13.116802826126,1.50000000000001,-2.23465554374223));
#8147=CARTESIAN_POINT('Ctrl Pts',(13.116802826126,2.20000000000001,-2.23465554374223));
#8148=CARTESIAN_POINT('Ctrl Pts',(13.1333310420695,1.50000000000001,-2.27194882750734));
#8149=CARTESIAN_POINT('Ctrl Pts',(13.1333310420695,2.20000000000001,-2.27194882750734));
#8150=CARTESIAN_POINT('',(13.0761880691233,1.50000000000001,-1.98266304850801));
#8151=CARTESIAN_POINT('Ctrl Pts',(13.1333310420695,1.50000000000001,-2.27194882750734));
#8152=CARTESIAN_POINT('Ctrl Pts',(13.116802826126,1.50000000000001,-2.23465554374223));
#8153=CARTESIAN_POINT('Ctrl Pts',(13.0762131002824,1.50000000000001,-2.1430712996221));
#8154=CARTESIAN_POINT('Ctrl Pts',(13.0761973850703,1.50000000000001,-2.04236283116255));
#8155=CARTESIAN_POINT('Ctrl Pts',(13.0761880691233,1.50000000000001,-1.98266304850801));
#8156=CARTESIAN_POINT('',(13.0761880691233,2.20000000000001,-1.98266304850801));
#8157=CARTESIAN_POINT('Ctrl Pts',(13.0761880691233,2.20000000000001,-1.98266304850801));
#8158=CARTESIAN_POINT('Ctrl Pts',(13.0761973850703,2.20000000000001,-2.04236283116255));
#8159=CARTESIAN_POINT('Ctrl Pts',(13.0762131002824,2.20000000000001,-2.1430712996221));
#8160=CARTESIAN_POINT('Ctrl Pts',(13.116802826126,2.20000000000001,-2.23465554374223));
#8161=CARTESIAN_POINT('Ctrl Pts',(13.1333310420695,2.20000000000001,-2.27194882750734));
#8162=CARTESIAN_POINT('',(13.0761880691233,1.50000000000001,-1.98266304850801));
#8163=CARTESIAN_POINT('Origin',(13.0761880691233,1.50000000000001,-1.18980593800768));
#8164=CARTESIAN_POINT('',(13.0761880691233,1.50000000000001,-1.18980593800768));
#8165=CARTESIAN_POINT('',(13.0761880691233,1.5,17.0067409064591));
#8166=CARTESIAN_POINT('',(13.0761880691233,2.20000000000001,-1.18980593800768));
#8167=CARTESIAN_POINT('',(13.0761880691233,2.20000000000001,-1.98266304850801));
#8168=CARTESIAN_POINT('',(13.0761880691233,1.50000000000001,-1.18980593800768));
#8169=CARTESIAN_POINT('Ctrl Pts',(13.1333310420695,1.50000000000001,-0.9094489347957));
#8170=CARTESIAN_POINT('Ctrl Pts',(13.1333310420695,2.20000000000001,-0.9094489347957));
#8171=CARTESIAN_POINT('Ctrl Pts',(13.1167969295812,1.50000000000001,-0.945685001214576));
#8172=CARTESIAN_POINT('Ctrl Pts',(13.1167969295812,2.20000000000001,-0.945685001214576));
#8173=CARTESIAN_POINT('Ctrl Pts',(13.0764074785294,1.50000000000001,-1.03420229127002));
#8174=CARTESIAN_POINT('Ctrl Pts',(13.0764074785294,2.20000000000001,-1.03420229127002));
#8175=CARTESIAN_POINT('Ctrl Pts',(13.0762695400986,1.50000000000001,-1.13202728082986));
#8176=CARTESIAN_POINT('Ctrl Pts',(13.0762695400986,2.20000000000001,-1.13202728082986));
#8177=CARTESIAN_POINT('Ctrl Pts',(13.0761880691233,1.50000000000001,-1.18980593800767));
#8178=CARTESIAN_POINT('Ctrl Pts',(13.0761880691233,2.20000000000001,-1.18980593800767));
#8179=CARTESIAN_POINT('',(13.1333310420695,1.50000000000001,-0.9094489347957));
#8180=CARTESIAN_POINT('Ctrl Pts',(13.0761880691233,1.50000000000001,-1.18980593800767));
#8181=CARTESIAN_POINT('Ctrl Pts',(13.0762695400986,1.50000000000001,-1.13202728082986));
#8182=CARTESIAN_POINT('Ctrl Pts',(13.0764074785294,1.50000000000001,-1.03420229127002));
#8183=CARTESIAN_POINT('Ctrl Pts',(13.1167969295812,1.50000000000001,-0.945685001214576));
#8184=CARTESIAN_POINT('Ctrl Pts',(13.1333310420695,1.50000000000001,-0.9094489347957));
#8185=CARTESIAN_POINT('',(13.1333310420695,2.20000000000001,-0.9094489347957));
#8186=CARTESIAN_POINT('Ctrl Pts',(13.1333310420695,2.20000000000001,-0.9094489347957));
#8187=CARTESIAN_POINT('Ctrl Pts',(13.1167969295812,2.20000000000001,-0.945685001214576));
#8188=CARTESIAN_POINT('Ctrl Pts',(13.0764074785294,2.20000000000001,-1.03420229127002));
#8189=CARTESIAN_POINT('Ctrl Pts',(13.0762695400986,2.20000000000001,-1.13202728082986));
#8190=CARTESIAN_POINT('Ctrl Pts',(13.0761880691233,2.20000000000001,-1.18980593800767));
#8191=CARTESIAN_POINT('',(13.1333310420695,1.50000000000001,-0.9094489347957));
#8192=CARTESIAN_POINT('Ctrl Pts',(13.3190448100749,1.50000000000001,-0.829091740848861));
#8193=CARTESIAN_POINT('Ctrl Pts',(13.3190448100749,2.20000000000001,-0.829091740848861));
#8194=CARTESIAN_POINT('Ctrl Pts',(13.2800733393242,1.50000000000001,-0.831260495491157));
#8195=CARTESIAN_POINT('Ctrl Pts',(13.2800733393242,2.20000000000001,-0.831260495491157));
#8196=CARTESIAN_POINT('Ctrl Pts',(13.2077786703775,1.50000000000001,-0.835283679524798));
#8197=CARTESIAN_POINT('Ctrl Pts',(13.2077786703775,2.20000000000001,-0.835283679524798));
#8198=CARTESIAN_POINT('Ctrl Pts',(13.1568198052916,1.50000000000001,-0.886049262301717));
#8199=CARTESIAN_POINT('Ctrl Pts',(13.1568198052916,2.20000000000001,-0.886049262301717));
#8200=CARTESIAN_POINT('Ctrl Pts',(13.1333310420695,1.50000000000001,-0.9094489347957));
#8201=CARTESIAN_POINT('Ctrl Pts',(13.1333310420695,2.20000000000001,-0.9094489347957));
#8202=CARTESIAN_POINT('Ctrl Pts',(13.1333310420695,1.50000000000001,-0.9094489347957));
#8203=CARTESIAN_POINT('Ctrl Pts',(13.1568198052916,1.50000000000001,-0.886049262301717));
#8204=CARTESIAN_POINT('Ctrl Pts',(13.2077786703775,1.50000000000001,-0.835283679524798));
#8205=CARTESIAN_POINT('Ctrl Pts',(13.2800733393242,1.50000000000001,-0.831260495491157));
#8206=CARTESIAN_POINT('Ctrl Pts',(13.3190448100749,1.50000000000001,-0.829091740848861));
#8207=CARTESIAN_POINT('Ctrl Pts',(13.3190448100749,2.20000000000001,-0.829091740848861));
#8208=CARTESIAN_POINT('Ctrl Pts',(13.2800733393242,2.20000000000001,-0.831260495491157));
#8209=CARTESIAN_POINT('Ctrl Pts',(13.2077786703775,2.20000000000001,-0.835283679524798));
#8210=CARTESIAN_POINT('Ctrl Pts',(13.1568198052916,2.20000000000001,-0.886049262301717));
#8211=CARTESIAN_POINT('Ctrl Pts',(13.1333310420695,2.20000000000001,-0.9094489347957));
#8212=CARTESIAN_POINT('Ctrl Pts',(12.5636882598582,1.50000000000001,-0.509448720218978));
#8213=CARTESIAN_POINT('Ctrl Pts',(12.5636882598582,2.20000000000001,-0.509448720218978));
#8214=CARTESIAN_POINT('Ctrl Pts',(12.6674435348002,1.50000000000001,-0.437180164383117));
#8215=CARTESIAN_POINT('Ctrl Pts',(12.6674435348002,2.20000000000001,-0.437180164383117));
#8216=CARTESIAN_POINT('Ctrl Pts',(12.8933897944886,1.50000000000001,-0.279802046563903));
#8217=CARTESIAN_POINT('Ctrl Pts',(12.8933897944886,2.20000000000001,-0.279802046563903));
#8218=CARTESIAN_POINT('Ctrl Pts',(13.1696462428484,1.50000000000001,-0.267751377479182));
#8219=CARTESIAN_POINT('Ctrl Pts',(13.1696462428484,2.20000000000001,-0.267751377479182));
#8220=CARTESIAN_POINT('Ctrl Pts',(13.3190448100749,1.50000000000001,-0.261234415771804));
#8221=CARTESIAN_POINT('Ctrl Pts',(13.3190448100749,2.20000000000001,-0.261234415771804));
#8222=CARTESIAN_POINT('',(13.3190448100749,2.20000000000001,-0.261234415771804));
#8223=CARTESIAN_POINT('',(13.3190448100749,1.50000000000001,-0.261234415771804));
#8224=CARTESIAN_POINT('',(12.5636882598582,2.20000000000001,-0.509448720218978));
#8225=CARTESIAN_POINT('Ctrl Pts',(12.5636882598582,2.20000000000001,-0.509448720218978));
#8226=CARTESIAN_POINT('Ctrl Pts',(12.6674435348002,2.20000000000001,-0.437180164383117));
#8227=CARTESIAN_POINT('Ctrl Pts',(12.8933897944886,2.20000000000001,-0.279802046563903));
#8228=CARTESIAN_POINT('Ctrl Pts',(13.1696462428484,2.20000000000001,-0.267751377479182));
#8229=CARTESIAN_POINT('Ctrl Pts',(13.3190448100749,2.20000000000001,-0.261234415771804));
#8230=CARTESIAN_POINT('',(12.5636882598582,1.50000000000001,-0.509448720218978));
#8231=CARTESIAN_POINT('Ctrl Pts',(12.2976167018595,1.50000000000001,-1.18266321540102));
#8232=CARTESIAN_POINT('Ctrl Pts',(12.2976167018595,2.20000000000001,-1.18266321540102));
#8233=CARTESIAN_POINT('Ctrl Pts',(12.3066190235102,1.50000000000001,-1.05037817298299));
#8234=CARTESIAN_POINT('Ctrl Pts',(12.3066190235102,2.20000000000001,-1.05037817298299));
#8235=CARTESIAN_POINT('Ctrl Pts',(12.323865522044,1.50000000000001,-0.79694868238813));
#8236=CARTESIAN_POINT('Ctrl Pts',(12.323865522044,2.20000000000001,-0.79694868238813));
#8237=CARTESIAN_POINT('Ctrl Pts',(12.4861249533238,1.50000000000001,-0.602431762184084));
#8238=CARTESIAN_POINT('Ctrl Pts',(12.4861249533238,2.20000000000001,-0.602431762184084));
#8239=CARTESIAN_POINT('Ctrl Pts',(12.5636882598582,1.50000000000001,-0.509448720218978));
#8240=CARTESIAN_POINT('Ctrl Pts',(12.5636882598582,2.20000000000001,-0.509448720218978));
#8241=CARTESIAN_POINT('',(12.2976167018595,2.20000000000001,-1.18266321540102));
#8242=CARTESIAN_POINT('Ctrl Pts',(12.2976167018595,2.20000000000001,-1.18266321540102));
#8243=CARTESIAN_POINT('Ctrl Pts',(12.3066190235102,2.20000000000001,-1.05037817298299));
#8244=CARTESIAN_POINT('Ctrl Pts',(12.323865522044,2.20000000000001,-0.79694868238813));
#8245=CARTESIAN_POINT('Ctrl Pts',(12.4861249533238,2.20000000000001,-0.602431762184084));
#8246=CARTESIAN_POINT('Ctrl Pts',(12.5636882598582,2.20000000000001,-0.509448720218978));
#8247=CARTESIAN_POINT('',(12.2976167018595,1.50000000000001,-1.18266321540102));
#8248=CARTESIAN_POINT('Origin',(12.2976167018595,1.50000000000001,-1.98266304850801));
#8249=CARTESIAN_POINT('',(12.2976167018595,2.20000000000001,-1.98266304850801));
#8250=CARTESIAN_POINT('',(12.2976167018595,2.20000000000001,-1.18266321540102));
#8251=CARTESIAN_POINT('',(12.2976167018595,1.50000000000001,-1.98266304850801));
#8252=CARTESIAN_POINT('Ctrl Pts',(12.5636882598582,1.50000000000001,-2.65587739467844));
#8253=CARTESIAN_POINT('Ctrl Pts',(12.5636882598582,2.20000000000001,-2.65587739467844));
#8254=CARTESIAN_POINT('Ctrl Pts',(12.4861249536409,1.50000000000001,-2.56289440378163));
#8255=CARTESIAN_POINT('Ctrl Pts',(12.4861249536409,2.20000000000001,-2.56289440378163));
#8256=CARTESIAN_POINT('Ctrl Pts',(12.323865493578,1.50000000000001,-2.36837755510977));
#8257=CARTESIAN_POINT('Ctrl Pts',(12.323865493578,2.20000000000001,-2.36837755510977));
#8258=CARTESIAN_POINT('Ctrl Pts',(12.3066190147305,1.50000000000001,-2.11494809631316));
#8259=CARTESIAN_POINT('Ctrl Pts',(12.3066190147305,2.20000000000001,-2.11494809631316));
#8260=CARTESIAN_POINT('Ctrl Pts',(12.2976167018595,1.50000000000001,-1.98266304850801));
#8261=CARTESIAN_POINT('Ctrl Pts',(12.2976167018595,2.20000000000001,-1.98266304850801));
#8262=CARTESIAN_POINT('',(12.5636882598582,2.20000000000001,-2.65587739467844));
#8263=CARTESIAN_POINT('Ctrl Pts',(12.5636882598582,2.20000000000001,-2.65587739467844));
#8264=CARTESIAN_POINT('Ctrl Pts',(12.4861249536409,2.20000000000001,-2.56289440378163));
#8265=CARTESIAN_POINT('Ctrl Pts',(12.323865493578,2.20000000000001,-2.36837755510977));
#8266=CARTESIAN_POINT('Ctrl Pts',(12.3066190147305,2.20000000000001,-2.11494809631316));
#8267=CARTESIAN_POINT('Ctrl Pts',(12.2976167018595,2.20000000000001,-1.98266304850801));
#8268=CARTESIAN_POINT('',(12.5636882598582,1.50000000000001,-2.65587739467844));
#8269=CARTESIAN_POINT('Ctrl Pts',(13.3190448100749,1.50000000000001,-2.904091550114));
#8270=CARTESIAN_POINT('Ctrl Pts',(13.3190448100749,2.20000000000001,-2.904091550114));
#8271=CARTESIAN_POINT('Ctrl Pts',(13.1696462492516,1.50000000000001,-2.89757457785938));
#8272=CARTESIAN_POINT('Ctrl Pts',(13.1696462492516,2.20000000000001,-2.89757457785938));
#8273=CARTESIAN_POINT('Ctrl Pts',(12.8933898381847,1.50000000000001,-2.88552389038179));
#8274=CARTESIAN_POINT('Ctrl Pts',(12.8933898381847,2.20000000000001,-2.88552389038179));
#8275=CARTESIAN_POINT('Ctrl Pts',(12.667443540836,1.50000000000001,-2.72814588914006));
#8276=CARTESIAN_POINT('Ctrl Pts',(12.667443540836,2.20000000000001,-2.72814588914006));
#8277=CARTESIAN_POINT('Ctrl Pts',(12.5636882598582,1.50000000000001,-2.65587739467844));
#8278=CARTESIAN_POINT('Ctrl Pts',(12.5636882598582,2.20000000000001,-2.65587739467844));
#8279=CARTESIAN_POINT('',(13.3190448100749,2.20000000000001,-2.904091550114));
#8280=CARTESIAN_POINT('Ctrl Pts',(13.3190448100749,2.20000000000001,-2.904091550114));
#8281=CARTESIAN_POINT('Ctrl Pts',(13.1696462492516,2.20000000000001,-2.89757457785938));
#8282=CARTESIAN_POINT('Ctrl Pts',(12.8933898381847,2.20000000000001,-2.88552389038179));
#8283=CARTESIAN_POINT('Ctrl Pts',(12.667443540836,2.20000000000001,-2.72814588914006));
#8284=CARTESIAN_POINT('Ctrl Pts',(12.5636882598582,2.20000000000001,-2.65587739467844));
#8285=CARTESIAN_POINT('',(13.3190448100749,1.50000000000001,-2.904091550114));
#8286=CARTESIAN_POINT('Ctrl Pts',(14.0744025523844,1.50000000000001,-2.65766314983591));
#8287=CARTESIAN_POINT('Ctrl Pts',(14.0744025523844,2.20000000000001,-2.65766314983591));
#8288=CARTESIAN_POINT('Ctrl Pts',(13.9724009558823,1.50000000000001,-2.72937014140515));
#8289=CARTESIAN_POINT('Ctrl Pts',(13.9724009558823,2.20000000000001,-2.72937014140515));
#8290=CARTESIAN_POINT('Ctrl Pts',(13.7470766713225,1.50000000000001,-2.8877728245723));
#8291=CARTESIAN_POINT('Ctrl Pts',(13.7470766713225,2.20000000000001,-2.8877728245723));
#8292=CARTESIAN_POINT('Ctrl Pts',(13.4704473572047,1.50000000000001,-2.89831932417333));
#8293=CARTESIAN_POINT('Ctrl Pts',(13.4704473572047,2.20000000000001,-2.89831932417333));
#8294=CARTESIAN_POINT('Ctrl Pts',(13.3190448100749,1.50000000000001,-2.904091550114));
#8295=CARTESIAN_POINT('Ctrl Pts',(13.3190448100749,2.20000000000001,-2.904091550114));
#8296=CARTESIAN_POINT('',(14.0744025523844,2.20000000000001,-2.65766314983591));
#8297=CARTESIAN_POINT('Ctrl Pts',(14.0744025523844,2.20000000000001,-2.65766314983591));
#8298=CARTESIAN_POINT('Ctrl Pts',(13.9724009558823,2.20000000000001,-2.72937014140515));
#8299=CARTESIAN_POINT('Ctrl Pts',(13.7470766713225,2.20000000000001,-2.8877728245723));
#8300=CARTESIAN_POINT('Ctrl Pts',(13.4704473572047,2.20000000000001,-2.89831932417333));
#8301=CARTESIAN_POINT('Ctrl Pts',(13.3190448100749,2.20000000000001,-2.904091550114));
#8302=CARTESIAN_POINT('',(14.0744025523844,1.50000000000001,-2.65766314983591));
#8303=CARTESIAN_POINT('Ctrl Pts',(14.3297595794383,1.50000000000001,-1.98266304850801));
#8304=CARTESIAN_POINT('Ctrl Pts',(14.3297595794383,2.20000000000001,-1.98266304850801));
#8305=CARTESIAN_POINT('Ctrl Pts',(14.3215688254102,1.50000000000001,-2.11546135809727));
#8306=CARTESIAN_POINT('Ctrl Pts',(14.3215688254102,2.20000000000001,-2.11546135809727));
#8307=CARTESIAN_POINT('Ctrl Pts',(14.3060130077833,1.50000000000001,-2.36767089559117));
#8308=CARTESIAN_POINT('Ctrl Pts',(14.3060130077833,2.20000000000001,-2.36767089559117));
#8309=CARTESIAN_POINT('Ctrl Pts',(14.1488248975542,1.50000000000001,-2.5644812440157));
#8310=CARTESIAN_POINT('Ctrl Pts',(14.1488248975542,2.20000000000001,-2.5644812440157));
#8311=CARTESIAN_POINT('Ctrl Pts',(14.0744025523844,1.50000000000001,-2.65766314983591));
#8312=CARTESIAN_POINT('Ctrl Pts',(14.0744025523844,2.20000000000001,-2.65766314983591));
#8313=CARTESIAN_POINT('',(14.3297595794383,2.20000000000001,-1.98266304850801));
#8314=CARTESIAN_POINT('Ctrl Pts',(14.3297595794383,2.20000000000001,-1.98266304850801));
#8315=CARTESIAN_POINT('Ctrl Pts',(14.3215688254102,2.20000000000001,-2.11546135809727));
#8316=CARTESIAN_POINT('Ctrl Pts',(14.3060130077833,2.20000000000001,-2.36767089559117));
#8317=CARTESIAN_POINT('Ctrl Pts',(14.1488248975542,2.20000000000001,-2.5644812440157));
#8318=CARTESIAN_POINT('Ctrl Pts',(14.0744025523844,2.20000000000001,-2.65766314983591));
#8319=CARTESIAN_POINT('',(14.3297595794383,1.50000000000001,-1.98266304850801));
#8320=CARTESIAN_POINT('Origin',(14.3297595794383,1.50000000000001,-1.18266321540102));
#8321=CARTESIAN_POINT('',(14.3297595794383,2.20000000000001,-1.18266321540102));
#8322=CARTESIAN_POINT('',(14.3297595794383,2.20000000000001,-1.98266304850801));
#8323=CARTESIAN_POINT('',(14.3297595794383,1.50000000000001,-1.18266321540102));
#8324=CARTESIAN_POINT('Ctrl Pts',(14.0744025523844,1.50000000000001,-0.507663263084732));
#8325=CARTESIAN_POINT('Ctrl Pts',(14.0744025523844,2.20000000000001,-0.507663263084732));
#8326=CARTESIAN_POINT('Ctrl Pts',(14.1488243202194,1.50000000000001,-0.600845288570779));
#8327=CARTESIAN_POINT('Ctrl Pts',(14.1488243202194,2.20000000000001,-0.600845288570779));
#8328=CARTESIAN_POINT('Ctrl Pts',(14.3060113156188,1.50000000000001,-0.7976560206656));
#8329=CARTESIAN_POINT('Ctrl Pts',(14.3060113156188,2.20000000000001,-0.7976560206656));
#8330=CARTESIAN_POINT('Ctrl Pts',(14.321568238533,1.50000000000001,-1.04986507878599));
#8331=CARTESIAN_POINT('Ctrl Pts',(14.321568238533,2.20000000000001,-1.04986507878599));
#8332=CARTESIAN_POINT('Ctrl Pts',(14.3297595794383,1.50000000000001,-1.18266321540102));
#8333=CARTESIAN_POINT('Ctrl Pts',(14.3297595794383,2.20000000000001,-1.18266321540102));
#8334=CARTESIAN_POINT('',(14.0744025523844,2.20000000000001,-0.507663263084732));
#8335=CARTESIAN_POINT('Ctrl Pts',(14.0744025523844,2.20000000000001,-0.507663263084732));
#8336=CARTESIAN_POINT('Ctrl Pts',(14.1488243202194,2.20000000000001,-0.600845288570779));
#8337=CARTESIAN_POINT('Ctrl Pts',(14.3060113156188,2.20000000000001,-0.7976560206656));
#8338=CARTESIAN_POINT('Ctrl Pts',(14.321568238533,2.20000000000001,-1.04986507878599));
#8339=CARTESIAN_POINT('Ctrl Pts',(14.3297595794383,2.20000000000001,-1.18266321540102));
#8340=CARTESIAN_POINT('',(14.0744025523844,1.50000000000001,-0.507663263084732));
#8341=CARTESIAN_POINT('Ctrl Pts',(13.3190448100749,1.50000000000001,-0.261234415771804));
#8342=CARTESIAN_POINT('Ctrl Pts',(13.3190448100749,2.20000000000001,-0.261234415771804));
#8343=CARTESIAN_POINT('Ctrl Pts',(13.4704473772468,1.50000000000001,-0.26700660905689));
#8344=CARTESIAN_POINT('Ctrl Pts',(13.4704473772468,2.20000000000001,-0.26700660905689));
#8345=CARTESIAN_POINT('Ctrl Pts',(13.7470768049989,1.50000000000001,-0.27755305192873));
#8346=CARTESIAN_POINT('Ctrl Pts',(13.7470768049989,2.20000000000001,-0.27755305192873));
#8347=CARTESIAN_POINT('Ctrl Pts',(13.972400973904,1.50000000000001,-0.435956087740767));
#8348=CARTESIAN_POINT('Ctrl Pts',(13.972400973904,2.20000000000001,-0.435956087740767));
#8349=CARTESIAN_POINT('Ctrl Pts',(14.0744025523844,1.50000000000001,-0.507663263084732));
#8350=CARTESIAN_POINT('Ctrl Pts',(14.0744025523844,2.20000000000001,-0.507663263084732));
#8351=CARTESIAN_POINT('Ctrl Pts',(13.3190448100749,2.20000000000001,-0.261234415771804));
#8352=CARTESIAN_POINT('Ctrl Pts',(13.4704473772468,2.20000000000001,-0.26700660905689));
#8353=CARTESIAN_POINT('Ctrl Pts',(13.7470768049989,2.20000000000001,-0.27755305192873));
#8354=CARTESIAN_POINT('Ctrl Pts',(13.972400973904,2.20000000000001,-0.435956087740767));
#8355=CARTESIAN_POINT('Ctrl Pts',(14.0744025523844,2.20000000000001,-0.507663263084732));
#8356=CARTESIAN_POINT('Origin',(7.90118915918983,2.20000000000001,-1.61837734103426));
#8357=CARTESIAN_POINT('Origin',(37.3793462140551,1.5,35.2032877509258));
#8358=CARTESIAN_POINT('Ctrl Pts',(15.424402457017,1.50000000000001,-1.05052031398042));
#8359=CARTESIAN_POINT('Ctrl Pts',(15.424402457017,2.20000000000001,-1.05052031398042));
#8360=CARTESIAN_POINT('Ctrl Pts',(15.4499741980459,1.50000000000001,-1.07461062509402));
#8361=CARTESIAN_POINT('Ctrl Pts',(15.4499741980459,2.20000000000001,-1.07461062509402));
#8362=CARTESIAN_POINT('Ctrl Pts',(15.5127290632779,1.50000000000001,-1.13372995629717));
#8363=CARTESIAN_POINT('Ctrl Pts',(15.5127290632779,2.20000000000001,-1.13372995629717));
#8364=CARTESIAN_POINT('Ctrl Pts',(15.5839742591144,1.50000000000001,-1.18239794720441));
#8365=CARTESIAN_POINT('Ctrl Pts',(15.5839742591144,2.20000000000001,-1.18239794720441));
#8366=CARTESIAN_POINT('Ctrl Pts',(15.6261880214396,1.50000000000001,-1.21123440385088));
#8367=CARTESIAN_POINT('Ctrl Pts',(15.6261880214396,2.20000000000001,-1.21123440385088));
#8368=CARTESIAN_POINT('',(15.6261880214396,2.20000000000001,-1.21123440385088));
#8369=CARTESIAN_POINT('',(15.6261880214396,1.50000000000001,-1.21123440385088));
#8370=CARTESIAN_POINT('',(15.424402457017,2.20000000000001,-1.05052031398042));
#8371=CARTESIAN_POINT('Ctrl Pts',(15.424402457017,2.20000000000001,-1.05052031398042));
#8372=CARTESIAN_POINT('Ctrl Pts',(15.4499741980459,2.20000000000001,-1.07461062509402));
#8373=CARTESIAN_POINT('Ctrl Pts',(15.5127290632779,2.20000000000001,-1.13372995629717));
#8374=CARTESIAN_POINT('Ctrl Pts',(15.5839742591144,2.20000000000001,-1.18239794720441));
#8375=CARTESIAN_POINT('Ctrl Pts',(15.6261880214396,2.20000000000001,-1.21123440385088));
#8376=CARTESIAN_POINT('',(15.424402457017,1.50000000000001,-1.05052031398042));
#8377=CARTESIAN_POINT('Ctrl Pts',(15.3619022185984,1.50000000000001,-0.914805902244888));
#8378=CARTESIAN_POINT('Ctrl Pts',(15.3619022185984,2.20000000000001,-0.914805902244888));
#8379=CARTESIAN_POINT('Ctrl Pts',(15.3665008662848,1.50000000000001,-0.939436158937535));
#8380=CARTESIAN_POINT('Ctrl Pts',(15.3665008662848,2.20000000000001,-0.939436158937535));
#8381=CARTESIAN_POINT('Ctrl Pts',(15.3759186539176,1.50000000000001,-0.989877624057987));
#8382=CARTESIAN_POINT('Ctrl Pts',(15.3759186539176,2.20000000000001,-0.989877624057987));
#8383=CARTESIAN_POINT('Ctrl Pts',(15.4079908941309,1.50000000000001,-1.02999301918046));
#8384=CARTESIAN_POINT('Ctrl Pts',(15.4079908941309,2.20000000000001,-1.02999301918046));
#8385=CARTESIAN_POINT('Ctrl Pts',(15.424402457017,1.50000000000001,-1.05052031398042));
#8386=CARTESIAN_POINT('Ctrl Pts',(15.424402457017,2.20000000000001,-1.05052031398042));
#8387=CARTESIAN_POINT('',(15.3619022185984,2.20000000000001,-0.914805902244888));
#8388=CARTESIAN_POINT('Ctrl Pts',(15.3619022185984,2.20000000000001,-0.914805902244888));
#8389=CARTESIAN_POINT('Ctrl Pts',(15.3665008662848,2.20000000000001,-0.939436158937535));
#8390=CARTESIAN_POINT('Ctrl Pts',(15.3759186539176,2.20000000000001,-0.989877624057987));
#8391=CARTESIAN_POINT('Ctrl Pts',(15.4079908941309,2.20000000000001,-1.02999301918046));
#8392=CARTESIAN_POINT('Ctrl Pts',(15.424402457017,2.20000000000001,-1.05052031398042));
#8393=CARTESIAN_POINT('',(15.3619022185984,1.50000000000001,-0.914805902244888));
#8394=CARTESIAN_POINT('Origin',(16.4011878783885,1.50000000000001,-0.914805902244888));
#8395=CARTESIAN_POINT('',(16.4011878783885,2.20000000000001,-0.914805902244888));
#8396=CARTESIAN_POINT('',(15.3619022185984,2.20000000000001,-0.914805902244888));
#8397=CARTESIAN_POINT('',(16.4011878783885,1.50000000000001,-0.914805902244888));
#8398=CARTESIAN_POINT('Origin',(16.4011878783885,1.50000000000001,-0.332663131954513));
#8399=CARTESIAN_POINT('',(16.4011878783885,2.20000000000001,-0.332663131954513));
#8400=CARTESIAN_POINT('',(16.4011878783885,2.20000000000001,-0.914805902244888));
#8401=CARTESIAN_POINT('',(16.4011878783885,1.50000000000001,-0.332663131954513));
#8402=CARTESIAN_POINT('Origin',(14.5797593410197,1.50000000000001,-0.332663131954513));
#8403=CARTESIAN_POINT('',(14.5797593410197,2.20000000000001,-0.332663131954513));
#8404=CARTESIAN_POINT('',(16.4011878783885,2.20000000000001,-0.332663131954513));
#8405=CARTESIAN_POINT('',(14.5797593410197,1.50000000000001,-0.332663131954513));
#8406=CARTESIAN_POINT('Origin',(14.5797593410197,1.50000000000001,-0.72194881558641));
#8407=CARTESIAN_POINT('',(14.5797593410197,2.20000000000001,-0.72194881558641));
#8408=CARTESIAN_POINT('',(14.5797593410197,2.20000000000001,-0.332663131954513));
#8409=CARTESIAN_POINT('',(14.5797593410197,1.50000000000001,-0.72194881558641));
#8410=CARTESIAN_POINT('Ctrl Pts',(14.7011883075419,1.50000000000001,-1.24159164548143));
#8411=CARTESIAN_POINT('Ctrl Pts',(14.7011883075419,2.20000000000001,-1.24159164548143));
#8412=CARTESIAN_POINT('Ctrl Pts',(14.6658209973005,1.50000000000001,-1.16528419388593));
#8413=CARTESIAN_POINT('Ctrl Pts',(14.6658209973005,2.20000000000001,-1.16528419388593));
#8414=CARTESIAN_POINT('Ctrl Pts',(14.5895825453684,1.50000000000001,-1.00079438844663));
#8415=CARTESIAN_POINT('Ctrl Pts',(14.5895825453684,2.20000000000001,-1.00079438844663));
#8416=CARTESIAN_POINT('Ctrl Pts',(14.5831876304055,1.50000000000001,-0.819265666970052));
#8417=CARTESIAN_POINT('Ctrl Pts',(14.5831876304055,2.20000000000001,-0.819265666970052));
#8418=CARTESIAN_POINT('Ctrl Pts',(14.5797593410197,1.50000000000001,-0.72194881558641));
#8419=CARTESIAN_POINT('Ctrl Pts',(14.5797593410197,2.20000000000001,-0.72194881558641));
#8420=CARTESIAN_POINT('',(14.7011883075419,2.20000000000001,-1.24159164548143));
#8421=CARTESIAN_POINT('Ctrl Pts',(14.7011883075419,2.20000000000001,-1.24159164548143));
#8422=CARTESIAN_POINT('Ctrl Pts',(14.6658209973005,2.20000000000001,-1.16528419388593));
#8423=CARTESIAN_POINT('Ctrl Pts',(14.5895825453684,2.20000000000001,-1.00079438844663));
#8424=CARTESIAN_POINT('Ctrl Pts',(14.5831876304055,2.20000000000001,-0.819265666970052));
#8425=CARTESIAN_POINT('Ctrl Pts',(14.5797593410197,2.20000000000001,-0.72194881558641));
#8426=CARTESIAN_POINT('',(14.7011883075419,1.50000000000001,-1.24159164548143));
#8427=CARTESIAN_POINT('Ctrl Pts',(15.047616463441,1.50000000000001,-1.59694872617944));
#8428=CARTESIAN_POINT('Ctrl Pts',(15.047616463441,2.20000000000001,-1.59694872617944));
#8429=CARTESIAN_POINT('Ctrl Pts',(14.9776430122607,1.50000000000001,-1.54582363911685));
#8430=CARTESIAN_POINT('Ctrl Pts',(14.9776430122607,2.20000000000001,-1.54582363911685));
#8431=CARTESIAN_POINT('Ctrl Pts',(14.8420992869632,1.50000000000001,-1.4467905824398));
#8432=CARTESIAN_POINT('Ctrl Pts',(14.8420992869632,2.20000000000001,-1.4467905824398));
#8433=CARTESIAN_POINT('Ctrl Pts',(14.7471302686867,1.50000000000001,-1.30849375365929));
#8434=CARTESIAN_POINT('Ctrl Pts',(14.7471302686867,2.20000000000001,-1.30849375365929));
#8435=CARTESIAN_POINT('Ctrl Pts',(14.7011883075419,1.50000000000001,-1.24159164548143));
#8436=CARTESIAN_POINT('Ctrl Pts',(14.7011883075419,2.20000000000001,-1.24159164548143));
#8437=CARTESIAN_POINT('',(15.047616463441,2.20000000000001,-1.59694872617944));
#8438=CARTESIAN_POINT('Ctrl Pts',(15.047616463441,2.20000000000001,-1.59694872617944));
#8439=CARTESIAN_POINT('Ctrl Pts',(14.9776430122607,2.20000000000001,-1.54582363911685));
#8440=CARTESIAN_POINT('Ctrl Pts',(14.8420992869632,2.20000000000001,-1.4467905824398));
#8441=CARTESIAN_POINT('Ctrl Pts',(14.7471302686867,2.20000000000001,-1.30849375365929));
#8442=CARTESIAN_POINT('Ctrl Pts',(14.7011883075419,2.20000000000001,-1.24159164548143));
#8443=CARTESIAN_POINT('',(15.047616463441,1.50000000000001,-1.59694872617944));
#8444=CARTESIAN_POINT('Origin',(15.39404461934,1.50000000000001,-1.82552017092928));
#8445=CARTESIAN_POINT('',(15.39404461934,2.20000000000001,-1.82552017092928));
#8446=CARTESIAN_POINT('',(15.047616463441,2.20000000000001,-1.59694872617944));
#8447=CARTESIAN_POINT('',(15.39404461934,1.50000000000001,-1.82552017092928));
#8448=CARTESIAN_POINT('Ctrl Pts',(15.5940444286051,1.50000000000001,-1.98266304850801));
#8449=CARTESIAN_POINT('Ctrl Pts',(15.5940444286051,2.20000000000001,-1.98266304850801));
#8450=CARTESIAN_POINT('Ctrl Pts',(15.5700836126902,1.50000000000001,-1.96008839465427));
#8451=CARTESIAN_POINT('Ctrl Pts',(15.5700836126902,2.20000000000001,-1.96008839465427));
#8452=CARTESIAN_POINT('Ctrl Pts',(15.5081954880762,1.50000000000001,-1.90178057259279));
#8453=CARTESIAN_POINT('Ctrl Pts',(15.5081954880762,2.20000000000001,-1.90178057259279));
#8454=CARTESIAN_POINT('Ctrl Pts',(15.4374190264143,1.50000000000001,-1.85449717077191));
#8455=CARTESIAN_POINT('Ctrl Pts',(15.4374190264143,2.20000000000001,-1.85449717077191));
#8456=CARTESIAN_POINT('Ctrl Pts',(15.39404461934,1.50000000000001,-1.82552017092928));
#8457=CARTESIAN_POINT('Ctrl Pts',(15.39404461934,2.20000000000001,-1.82552017092928));
#8458=CARTESIAN_POINT('',(15.5940444286051,2.20000000000001,-1.98266304850801));
#8459=CARTESIAN_POINT('Ctrl Pts',(15.5940444286051,2.20000000000001,-1.98266304850801));
#8460=CARTESIAN_POINT('Ctrl Pts',(15.5700836126902,2.20000000000001,-1.96008839465427));
#8461=CARTESIAN_POINT('Ctrl Pts',(15.5081954880762,2.20000000000001,-1.90178057259279));
#8462=CARTESIAN_POINT('Ctrl Pts',(15.4374190264143,2.20000000000001,-1.85449717077191));
#8463=CARTESIAN_POINT('Ctrl Pts',(15.39404461934,2.20000000000001,-1.82552017092928));
#8464=CARTESIAN_POINT('',(15.5940444286051,1.50000000000001,-1.98266304850801));
#8465=CARTESIAN_POINT('Ctrl Pts',(15.6404728706065,1.50000000000001,-2.10766292929872));
#8466=CARTESIAN_POINT('Ctrl Pts',(15.6404728706065,2.20000000000001,-2.10766292929872));
#8467=CARTESIAN_POINT('Ctrl Pts',(15.6385543710721,1.50000000000001,-2.08461610322661));
#8468=CARTESIAN_POINT('Ctrl Pts',(15.6385543710721,2.20000000000001,-2.08461610322661));
#8469=CARTESIAN_POINT('Ctrl Pts',(15.6347253474794,1.50000000000001,-2.03861826002232));
#8470=CARTESIAN_POINT('Ctrl Pts',(15.6347253474794,2.20000000000001,-2.03861826002232));
#8471=CARTESIAN_POINT('Ctrl Pts',(15.6075858919662,1.50000000000001,-2.00128886787374));
#8472=CARTESIAN_POINT('Ctrl Pts',(15.6075858919662,2.20000000000001,-2.00128886787374));
#8473=CARTESIAN_POINT('Ctrl Pts',(15.5940444286051,1.50000000000001,-1.98266304850801));
#8474=CARTESIAN_POINT('Ctrl Pts',(15.5940444286051,2.20000000000001,-1.98266304850801));
#8475=CARTESIAN_POINT('',(15.6404728706065,2.20000000000001,-2.10766292929872));
#8476=CARTESIAN_POINT('Ctrl Pts',(15.6404728706065,2.20000000000001,-2.10766292929872));
#8477=CARTESIAN_POINT('Ctrl Pts',(15.6385543710721,2.20000000000001,-2.08461610322661));
#8478=CARTESIAN_POINT('Ctrl Pts',(15.6347253474794,2.20000000000001,-2.03861826002232));
#8479=CARTESIAN_POINT('Ctrl Pts',(15.6075858919662,2.20000000000001,-2.00128886787374));
#8480=CARTESIAN_POINT('Ctrl Pts',(15.5940444286051,2.20000000000001,-1.98266304850801));
#8481=CARTESIAN_POINT('',(15.6404728706065,1.50000000000001,-2.10766292929872));
#8482=CARTESIAN_POINT('Origin',(15.6404728706065,1.50000000000001,-2.15052015900835));
#8483=CARTESIAN_POINT('',(15.6404728706065,2.20000000000001,-2.15052015900835));
#8484=CARTESIAN_POINT('',(15.6404728706065,2.20000000000001,-2.10766292929872));
#8485=CARTESIAN_POINT('',(15.6404728706065,1.50000000000001,-2.15052015900835));
#8486=CARTESIAN_POINT('Ctrl Pts',(15.5708308036509,1.50000000000001,-2.27730579495653));
#8487=CARTESIAN_POINT('Ctrl Pts',(15.5708308036509,2.20000000000001,-2.27730579495653));
#8488=CARTESIAN_POINT('Ctrl Pts',(15.5911400969381,1.50000000000001,-2.26027485904872));
#8489=CARTESIAN_POINT('Ctrl Pts',(15.5911400969381,2.20000000000001,-2.26027485904872));
#8490=CARTESIAN_POINT('Ctrl Pts',(15.6308691151437,1.50000000000001,-2.22695896010673));
#8491=CARTESIAN_POINT('Ctrl Pts',(15.6308691151437,2.20000000000001,-2.22695896010673));
#8492=CARTESIAN_POINT('Ctrl Pts',(15.6373197640581,1.50000000000001,-2.17561655856007));
#8493=CARTESIAN_POINT('Ctrl Pts',(15.6373197640581,2.20000000000001,-2.17561655856007));
#8494=CARTESIAN_POINT('Ctrl Pts',(15.6404728706065,1.50000000000001,-2.15052015900835));
#8495=CARTESIAN_POINT('Ctrl Pts',(15.6404728706065,2.20000000000001,-2.15052015900835));
#8496=CARTESIAN_POINT('',(15.5708308036509,2.20000000000001,-2.27730579495653));
#8497=CARTESIAN_POINT('Ctrl Pts',(15.5708308036509,2.20000000000001,-2.27730579495653));
#8498=CARTESIAN_POINT('Ctrl Pts',(15.5911400969381,2.20000000000001,-2.26027485904872));
#8499=CARTESIAN_POINT('Ctrl Pts',(15.6308691151437,2.20000000000001,-2.22695896010673));
#8500=CARTESIAN_POINT('Ctrl Pts',(15.6373197640581,2.20000000000001,-2.17561655856007));
#8501=CARTESIAN_POINT('Ctrl Pts',(15.6404728706065,2.20000000000001,-2.15052015900835));
#8502=CARTESIAN_POINT('',(15.5708308036509,1.50000000000001,-2.27730579495653));
#8503=CARTESIAN_POINT('Ctrl Pts',(15.3761882598582,1.50000000000001,-2.32552014112695));
#8504=CARTESIAN_POINT('Ctrl Pts',(15.3761882598582,2.20000000000001,-2.32552014112695));
#8505=CARTESIAN_POINT('Ctrl Pts',(15.4140283071942,1.50000000000001,-2.32447861408745));
#8506=CARTESIAN_POINT('Ctrl Pts',(15.4140283071942,2.20000000000001,-2.32447861408745));
#8507=CARTESIAN_POINT('Ctrl Pts',(15.4826574818383,1.50000000000001,-2.32258963280642));
#8508=CARTESIAN_POINT('Ctrl Pts',(15.4826574818383,2.20000000000001,-2.32258963280642));
#8509=CARTESIAN_POINT('Ctrl Pts',(15.5435241651632,1.50000000000001,-2.29132987121999));
#8510=CARTESIAN_POINT('Ctrl Pts',(15.5435241651632,2.20000000000001,-2.29132987121999));
#8511=CARTESIAN_POINT('Ctrl Pts',(15.5708308036509,1.50000000000001,-2.27730579495653));
#8512=CARTESIAN_POINT('Ctrl Pts',(15.5708308036509,2.20000000000001,-2.27730579495653));
#8513=CARTESIAN_POINT('',(15.3761882598582,2.20000000000001,-2.32552014112695));
#8514=CARTESIAN_POINT('Ctrl Pts',(15.3761882598582,2.20000000000001,-2.32552014112695));
#8515=CARTESIAN_POINT('Ctrl Pts',(15.4140283071942,2.20000000000001,-2.32447861408745));
#8516=CARTESIAN_POINT('Ctrl Pts',(15.4826574818383,2.20000000000001,-2.32258963280642));
#8517=CARTESIAN_POINT('Ctrl Pts',(15.5435241651632,2.20000000000001,-2.29132987121999));
#8518=CARTESIAN_POINT('Ctrl Pts',(15.5708308036509,2.20000000000001,-2.27730579495653));
#8519=CARTESIAN_POINT('',(15.3761882598582,1.50000000000001,-2.32552014112695));
#8520=CARTESIAN_POINT('Ctrl Pts',(15.0958306605998,1.50000000000001,-2.27730579495653));
#8521=CARTESIAN_POINT('Ctrl Pts',(15.0958306605998,2.20000000000001,-2.27730579495653));
#8522=CARTESIAN_POINT('Ctrl Pts',(15.1405711512909,1.50000000000001,-2.2913668312624));
#8523=CARTESIAN_POINT('Ctrl Pts',(15.1405711512909,2.20000000000001,-2.2913668312624));
#8524=CARTESIAN_POINT('Ctrl Pts',(15.2318324142196,1.50000000000001,-2.32004841055525));
#8525=CARTESIAN_POINT('Ctrl Pts',(15.2318324142196,2.20000000000001,-2.32004841055525));
#8526=CARTESIAN_POINT('Ctrl Pts',(15.3274479040636,1.50000000000001,-2.32367266419453));
#8527=CARTESIAN_POINT('Ctrl Pts',(15.3274479040636,2.20000000000001,-2.32367266419453));
#8528=CARTESIAN_POINT('Ctrl Pts',(15.3761882598582,1.50000000000001,-2.32552014112695));
#8529=CARTESIAN_POINT('Ctrl Pts',(15.3761882598582,2.20000000000001,-2.32552014112695));
#8530=CARTESIAN_POINT('',(15.0958306605998,2.20000000000001,-2.27730579495653));
#8531=CARTESIAN_POINT('Ctrl Pts',(15.0958306605998,2.20000000000001,-2.27730579495653));
#8532=CARTESIAN_POINT('Ctrl Pts',(15.1405711512909,2.20000000000001,-2.2913668312624));
#8533=CARTESIAN_POINT('Ctrl Pts',(15.2318324142196,2.20000000000001,-2.32004841055525));
#8534=CARTESIAN_POINT('Ctrl Pts',(15.3274479040636,2.20000000000001,-2.32367266419453));
#8535=CARTESIAN_POINT('Ctrl Pts',(15.3761882598582,2.20000000000001,-2.32552014112695));
#8536=CARTESIAN_POINT('',(15.0958306605998,1.50000000000001,-2.27730579495653));
#8537=CARTESIAN_POINT('Ctrl Pts',(14.8297591026011,1.50000000000001,-2.13266290545686));
#8538=CARTESIAN_POINT('Ctrl Pts',(14.8297591026011,2.20000000000001,-2.13266290545686));
#8539=CARTESIAN_POINT('Ctrl Pts',(14.8736878494799,1.50000000000001,-2.16238677898931));
#8540=CARTESIAN_POINT('Ctrl Pts',(14.8736878494799,2.20000000000001,-2.16238677898931));
#8541=CARTESIAN_POINT('Ctrl Pts',(14.9577143363936,1.50000000000001,-2.21924232001549));
#8542=CARTESIAN_POINT('Ctrl Pts',(14.9577143363936,2.20000000000001,-2.21924232001549));
#8543=CARTESIAN_POINT('Ctrl Pts',(15.0512128402214,1.50000000000001,-2.25854866606281));
#8544=CARTESIAN_POINT('Ctrl Pts',(15.0512128402214,2.20000000000001,-2.25854866606281));
#8545=CARTESIAN_POINT('Ctrl Pts',(15.0958306605998,1.50000000000001,-2.27730579495653));
#8546=CARTESIAN_POINT('Ctrl Pts',(15.0958306605998,2.20000000000001,-2.27730579495653));
#8547=CARTESIAN_POINT('',(14.8297591026011,2.20000000000001,-2.13266290545686));
#8548=CARTESIAN_POINT('Ctrl Pts',(14.8297591026011,2.20000000000001,-2.13266290545686));
#8549=CARTESIAN_POINT('Ctrl Pts',(14.8736878494799,2.20000000000001,-2.16238677898931));
#8550=CARTESIAN_POINT('Ctrl Pts',(14.9577143363936,2.20000000000001,-2.21924232001549));
#8551=CARTESIAN_POINT('Ctrl Pts',(15.0512128402214,2.20000000000001,-2.25854866606281));
#8552=CARTESIAN_POINT('Ctrl Pts',(15.0958306605998,2.20000000000001,-2.27730579495653));
#8553=CARTESIAN_POINT('',(14.8297591026011,1.50000000000001,-2.13266290545686));
#8554=CARTESIAN_POINT('Origin',(14.5226163680735,1.50000000000001,-2.58980579495653));
#8555=CARTESIAN_POINT('',(14.5226163680735,2.20000000000001,-2.58980579495653));
#8556=CARTESIAN_POINT('',(14.8297591026011,2.20000000000001,-2.13266290545686));
#8557=CARTESIAN_POINT('',(14.5226163680735,1.50000000000001,-2.58980579495653));
#8558=CARTESIAN_POINT('Ctrl Pts',(14.9529738242808,1.50000000000001,-2.82373435616716));
#8559=CARTESIAN_POINT('Ctrl Pts',(14.9529738242808,2.20000000000001,-2.82373435616716));
#8560=CARTESIAN_POINT('Ctrl Pts',(14.8778593944153,1.50000000000001,-2.79352929843652));
#8561=CARTESIAN_POINT('Ctrl Pts',(14.8778593944153,2.20000000000001,-2.79352929843652));
#8562=CARTESIAN_POINT('Ctrl Pts',(14.7253759211583,1.50000000000001,-2.73221255648772));
#8563=CARTESIAN_POINT('Ctrl Pts',(14.7253759211583,2.20000000000001,-2.73221255648772));
#8564=CARTESIAN_POINT('Ctrl Pts',(14.590865839036,1.50000000000001,-2.63774033608229));
#8565=CARTESIAN_POINT('Ctrl Pts',(14.590865839036,2.20000000000001,-2.63774033608229));
#8566=CARTESIAN_POINT('Ctrl Pts',(14.5226163680735,1.50000000000001,-2.58980579495653));
#8567=CARTESIAN_POINT('Ctrl Pts',(14.5226163680735,2.20000000000001,-2.58980579495653));
#8568=CARTESIAN_POINT('',(14.9529738242808,2.20000000000001,-2.82373435616716));
#8569=CARTESIAN_POINT('Ctrl Pts',(14.9529738242808,2.20000000000001,-2.82373435616716));
#8570=CARTESIAN_POINT('Ctrl Pts',(14.8778593944153,2.20000000000001,-2.79352929843652));
#8571=CARTESIAN_POINT('Ctrl Pts',(14.7253759211583,2.20000000000001,-2.73221255648772));
#8572=CARTESIAN_POINT('Ctrl Pts',(14.590865839036,2.20000000000001,-2.63774033608229));
#8573=CARTESIAN_POINT('Ctrl Pts',(14.5226163680735,2.20000000000001,-2.58980579495653));
#8574=CARTESIAN_POINT('',(14.9529738242808,1.50000000000001,-2.82373435616716));
#8575=CARTESIAN_POINT('Ctrl Pts',(15.4726166541758,1.50000000000001,-2.904091550114));
#8576=CARTESIAN_POINT('Ctrl Pts',(15.4726166541758,2.20000000000001,-2.904091550114));
#8577=CARTESIAN_POINT('Ctrl Pts',(15.3798562128203,1.50000000000001,-2.90146658149835));
#8578=CARTESIAN_POINT('Ctrl Pts',(15.3798562128203,2.20000000000001,-2.90146658149835));
#8579=CARTESIAN_POINT('Ctrl Pts',(15.2031776357269,1.50000000000001,-2.8964668670387));
#8580=CARTESIAN_POINT('Ctrl Pts',(15.2031776357269,2.20000000000001,-2.8964668670387));
#8581=CARTESIAN_POINT('Ctrl Pts',(15.0335452067167,1.50000000000001,-2.84715589765003));
#8582=CARTESIAN_POINT('Ctrl Pts',(15.0335452067167,2.20000000000001,-2.84715589765003));
#8583=CARTESIAN_POINT('Ctrl Pts',(14.9529738242808,1.50000000000001,-2.82373435616716));
#8584=CARTESIAN_POINT('Ctrl Pts',(14.9529738242808,2.20000000000001,-2.82373435616716));
#8585=CARTESIAN_POINT('',(15.4726166541758,2.20000000000001,-2.904091550114));
#8586=CARTESIAN_POINT('Ctrl Pts',(15.4726166541758,2.20000000000001,-2.904091550114));
#8587=CARTESIAN_POINT('Ctrl Pts',(15.3798562128203,2.20000000000001,-2.90146658149835));
#8588=CARTESIAN_POINT('Ctrl Pts',(15.2031776357269,2.20000000000001,-2.8964668670387));
#8589=CARTESIAN_POINT('Ctrl Pts',(15.0335452067167,2.20000000000001,-2.84715589765003));
#8590=CARTESIAN_POINT('Ctrl Pts',(14.9529738242808,2.20000000000001,-2.82373435616716));
#8591=CARTESIAN_POINT('',(15.4726166541758,1.50000000000001,-2.904091550114));
#8592=CARTESIAN_POINT('Ctrl Pts',(15.9797591979685,1.50000000000001,-2.81659148454889));
#8593=CARTESIAN_POINT('Ctrl Pts',(15.9797591979685,2.20000000000001,-2.81659148454889));
#8594=CARTESIAN_POINT('Ctrl Pts',(15.9024293669761,1.50000000000001,-2.8420873917773));
#8595=CARTESIAN_POINT('Ctrl Pts',(15.9024293669761,2.20000000000001,-2.8420873917773));
#8596=CARTESIAN_POINT('Ctrl Pts',(15.737862259842,1.50000000000001,-2.8963457244607));
#8597=CARTESIAN_POINT('Ctrl Pts',(15.737862259842,2.20000000000001,-2.8963457244607));
#8598=CARTESIAN_POINT('Ctrl Pts',(15.5645106230013,1.50000000000001,-2.90140801965805));
#8599=CARTESIAN_POINT('Ctrl Pts',(15.5645106230013,2.20000000000001,-2.90140801965805));
#8600=CARTESIAN_POINT('Ctrl Pts',(15.4726166541758,1.50000000000001,-2.904091550114));
#8601=CARTESIAN_POINT('Ctrl Pts',(15.4726166541758,2.20000000000001,-2.904091550114));
#8602=CARTESIAN_POINT('',(15.9797591979685,2.20000000000001,-2.81659148454889));
#8603=CARTESIAN_POINT('Ctrl Pts',(15.9797591979685,2.20000000000001,-2.81659148454889));
#8604=CARTESIAN_POINT('Ctrl Pts',(15.9024293669761,2.20000000000001,-2.8420873917773));
#8605=CARTESIAN_POINT('Ctrl Pts',(15.737862259842,2.20000000000001,-2.8963457244607));
#8606=CARTESIAN_POINT('Ctrl Pts',(15.5645106230013,2.20000000000001,-2.90140801965805));
#8607=CARTESIAN_POINT('Ctrl Pts',(15.4726166541758,2.20000000000001,-2.904091550114));
#8608=CARTESIAN_POINT('',(15.9797591979685,1.50000000000001,-2.81659148454889));
#8609=CARTESIAN_POINT('Ctrl Pts',(16.3047594840708,1.50000000000001,-2.57373429656251));
#8610=CARTESIAN_POINT('Ctrl Pts',(16.3047594840708,2.20000000000001,-2.57373429656251));
#8611=CARTESIAN_POINT('Ctrl Pts',(16.2618689326546,1.50000000000001,-2.62335164746059));
#8612=CARTESIAN_POINT('Ctrl Pts',(16.2618689326546,2.20000000000001,-2.62335164746059));
#8613=CARTESIAN_POINT('Ctrl Pts',(16.1714652214578,1.50000000000001,-2.72793395085452));
#8614=CARTESIAN_POINT('Ctrl Pts',(16.1714652214578,2.20000000000001,-2.72793395085452));
#8615=CARTESIAN_POINT('Ctrl Pts',(16.0458030319129,1.50000000000001,-2.78604845138461));
#8616=CARTESIAN_POINT('Ctrl Pts',(16.0458030319129,2.20000000000001,-2.78604845138461));
#8617=CARTESIAN_POINT('Ctrl Pts',(15.9797591979685,1.50000000000001,-2.81659148454889));
#8618=CARTESIAN_POINT('Ctrl Pts',(15.9797591979685,2.20000000000001,-2.81659148454889));
#8619=CARTESIAN_POINT('',(16.3047594840708,2.20000000000001,-2.57373429656251));
#8620=CARTESIAN_POINT('Ctrl Pts',(16.3047594840708,2.20000000000001,-2.57373429656251));
#8621=CARTESIAN_POINT('Ctrl Pts',(16.2618689326546,2.20000000000001,-2.62335164746059));
#8622=CARTESIAN_POINT('Ctrl Pts',(16.1714652214578,2.20000000000001,-2.72793395085452));
#8623=CARTESIAN_POINT('Ctrl Pts',(16.0458030319129,2.20000000000001,-2.78604845138461));
#8624=CARTESIAN_POINT('Ctrl Pts',(15.9797591979685,2.20000000000001,-2.81659148454889));
#8625=CARTESIAN_POINT('',(16.3047594840708,1.50000000000001,-2.57373429656251));
#8626=CARTESIAN_POINT('Ctrl Pts',(16.4154739196482,1.50000000000001,-2.21480585456117));
#8627=CARTESIAN_POINT('Ctrl Pts',(16.4154739196482,2.20000000000001,-2.21480585456117));
#8628=CARTESIAN_POINT('Ctrl Pts',(16.4111915476546,1.50000000000001,-2.28018511899281));
#8629=CARTESIAN_POINT('Ctrl Pts',(16.4111915476546,2.20000000000001,-2.28018511899281));
#8630=CARTESIAN_POINT('Ctrl Pts',(16.402773633735,1.50000000000001,-2.408701983227));
#8631=CARTESIAN_POINT('Ctrl Pts',(16.402773633735,2.20000000000001,-2.408701983227));
#8632=CARTESIAN_POINT('Ctrl Pts',(16.3370487301763,1.50000000000001,-2.51936695267498));
#8633=CARTESIAN_POINT('Ctrl Pts',(16.3370487301763,2.20000000000001,-2.51936695267498));
#8634=CARTESIAN_POINT('Ctrl Pts',(16.3047594840708,1.50000000000001,-2.57373429656251));
#8635=CARTESIAN_POINT('Ctrl Pts',(16.3047594840708,2.20000000000001,-2.57373429656251));
#8636=CARTESIAN_POINT('',(16.4154739196482,2.20000000000001,-2.21480585456117));
#8637=CARTESIAN_POINT('Ctrl Pts',(16.4154739196482,2.20000000000001,-2.21480585456117));
#8638=CARTESIAN_POINT('Ctrl Pts',(16.4111915476546,2.20000000000001,-2.28018511899281));
#8639=CARTESIAN_POINT('Ctrl Pts',(16.402773633735,2.20000000000001,-2.408701983227));
#8640=CARTESIAN_POINT('Ctrl Pts',(16.3370487301763,2.20000000000001,-2.51936695267498));
#8641=CARTESIAN_POINT('Ctrl Pts',(16.3047594840708,2.20000000000001,-2.57373429656251));
#8642=CARTESIAN_POINT('',(16.4154739196482,1.50000000000001,-2.21480585456117));
#8643=CARTESIAN_POINT('Origin',(16.4154739196482,1.50000000000001,-2.07909159183725));
#8644=CARTESIAN_POINT('',(16.4154739196482,2.20000000000001,-2.07909159183725));
#8645=CARTESIAN_POINT('',(16.4154739196482,2.20000000000001,-2.21480585456117));
#8646=CARTESIAN_POINT('',(16.4154739196482,1.50000000000001,-2.07909159183725));
#8647=CARTESIAN_POINT('Ctrl Pts',(16.3083309943858,1.50000000000001,-1.73444874406084));
#8648=CARTESIAN_POINT('Ctrl Pts',(16.3083309943858,2.20000000000001,-1.73444874406084));
#8649=CARTESIAN_POINT('Ctrl Pts',(16.3395685808665,1.50000000000001,-1.78526601728573));
#8650=CARTESIAN_POINT('Ctrl Pts',(16.3395685808665,2.20000000000001,-1.78526601728573));
#8651=CARTESIAN_POINT('Ctrl Pts',(16.4044821652598,1.50000000000001,-1.89086736891907));
#8652=CARTESIAN_POINT('Ctrl Pts',(16.4044821652598,2.20000000000001,-1.89086736891907));
#8653=CARTESIAN_POINT('Ctrl Pts',(16.4117193820066,1.50000000000001,-2.01479840395833));
#8654=CARTESIAN_POINT('Ctrl Pts',(16.4117193820066,2.20000000000001,-2.01479840395833));
#8655=CARTESIAN_POINT('Ctrl Pts',(16.4154739196482,1.50000000000001,-2.07909159183725));
#8656=CARTESIAN_POINT('Ctrl Pts',(16.4154739196482,2.20000000000001,-2.07909159183725));
#8657=CARTESIAN_POINT('',(16.3083309943858,2.20000000000001,-1.73444874406084));
#8658=CARTESIAN_POINT('Ctrl Pts',(16.3083309943858,2.20000000000001,-1.73444874406084));
#8659=CARTESIAN_POINT('Ctrl Pts',(16.3395685808665,2.20000000000001,-1.78526601728573));
#8660=CARTESIAN_POINT('Ctrl Pts',(16.4044821652598,2.20000000000001,-1.89086736891907));
#8661=CARTESIAN_POINT('Ctrl Pts',(16.4117193820066,2.20000000000001,-2.01479840395833));
#8662=CARTESIAN_POINT('Ctrl Pts',(16.4154739196482,2.20000000000001,-2.07909159183725));
#8663=CARTESIAN_POINT('',(16.3083309943858,1.50000000000001,-1.73444874406084));
#8664=CARTESIAN_POINT('Ctrl Pts',(15.9619016463938,1.50000000000001,-1.43623448729738));
#8665=CARTESIAN_POINT('Ctrl Pts',(15.9619016463938,2.20000000000001,-1.43623448729738));
#8666=CARTESIAN_POINT('Ctrl Pts',(16.0332438249774,1.50000000000001,-1.48432476639759));
#8667=CARTESIAN_POINT('Ctrl Pts',(16.0332438249774,2.20000000000001,-1.48432476639759));
#8668=CARTESIAN_POINT('Ctrl Pts',(16.1606158718239,1.50000000000001,-1.57018361461373));
#8669=CARTESIAN_POINT('Ctrl Pts',(16.1606158718239,2.20000000000001,-1.57018361461373));
#8670=CARTESIAN_POINT('Ctrl Pts',(16.263203554726,1.50000000000001,-1.6842652246705));
#8671=CARTESIAN_POINT('Ctrl Pts',(16.263203554726,2.20000000000001,-1.6842652246705));
#8672=CARTESIAN_POINT('Ctrl Pts',(16.3083309943858,1.50000000000001,-1.73444874406084));
#8673=CARTESIAN_POINT('Ctrl Pts',(16.3083309943858,2.20000000000001,-1.73444874406084));
#8674=CARTESIAN_POINT('',(15.9619016463938,2.20000000000001,-1.43623448729738));
#8675=CARTESIAN_POINT('Ctrl Pts',(15.9619016463938,2.20000000000001,-1.43623448729738));
#8676=CARTESIAN_POINT('Ctrl Pts',(16.0332438249774,2.20000000000001,-1.48432476639759));
#8677=CARTESIAN_POINT('Ctrl Pts',(16.1606158718239,2.20000000000001,-1.57018361461373));
#8678=CARTESIAN_POINT('Ctrl Pts',(16.263203554726,2.20000000000001,-1.6842652246705));
#8679=CARTESIAN_POINT('Ctrl Pts',(16.3083309943858,2.20000000000001,-1.73444874406084));
#8680=CARTESIAN_POINT('',(15.9619016463938,1.50000000000001,-1.43623448729738));
#8681=CARTESIAN_POINT('Origin',(15.6261880214396,1.50000000000001,-1.21123440385088));
#8682=CARTESIAN_POINT('',(15.9619016463938,2.20000000000001,-1.43623448729738));
#8683=CARTESIAN_POINT('Origin',(7.90118915918983,2.20000000000001,-1.61837734103426));
#8684=CARTESIAN_POINT('Ctrl Pts',(11.0386891181651,1.50000000000001,-1.05052031398042));
#8685=CARTESIAN_POINT('Ctrl Pts',(11.0386891181651,2.20000000000001,-1.05052031398042));
#8686=CARTESIAN_POINT('Ctrl Pts',(11.064260859194,1.50000000000001,-1.07461062509402));
#8687=CARTESIAN_POINT('Ctrl Pts',(11.064260859194,2.20000000000001,-1.07461062509402));
#8688=CARTESIAN_POINT('Ctrl Pts',(11.127015724426,1.50000000000001,-1.13372995629717));
#8689=CARTESIAN_POINT('Ctrl Pts',(11.127015724426,2.20000000000001,-1.13372995629717));
#8690=CARTESIAN_POINT('Ctrl Pts',(11.1982609202624,1.50000000000001,-1.18239794720441));
#8691=CARTESIAN_POINT('Ctrl Pts',(11.1982609202624,2.20000000000001,-1.18239794720441));
#8692=CARTESIAN_POINT('Ctrl Pts',(11.2404746825877,1.50000000000001,-1.21123440385088));
#8693=CARTESIAN_POINT('Ctrl Pts',(11.2404746825877,2.20000000000001,-1.21123440385088));
#8694=CARTESIAN_POINT('',(11.2404746825877,2.20000000000001,-1.21123440385088));
#8695=CARTESIAN_POINT('',(11.2404746825877,1.50000000000001,-1.21123440385088));
#8696=CARTESIAN_POINT('',(11.0386891181651,2.20000000000001,-1.05052031398042));
#8697=CARTESIAN_POINT('Ctrl Pts',(11.0386891181651,2.20000000000001,-1.05052031398042));
#8698=CARTESIAN_POINT('Ctrl Pts',(11.064260859194,2.20000000000001,-1.07461062509402));
#8699=CARTESIAN_POINT('Ctrl Pts',(11.127015724426,2.20000000000001,-1.13372995629717));
#8700=CARTESIAN_POINT('Ctrl Pts',(11.1982609202624,2.20000000000001,-1.18239794720441));
#8701=CARTESIAN_POINT('Ctrl Pts',(11.2404746825877,2.20000000000001,-1.21123440385088));
#8702=CARTESIAN_POINT('',(11.0386891181651,1.50000000000001,-1.05052031398042));
#8703=CARTESIAN_POINT('Ctrl Pts',(10.9761888797465,1.50000000000001,-0.914805902244888));
#8704=CARTESIAN_POINT('Ctrl Pts',(10.9761888797465,2.20000000000001,-0.914805902244888));
#8705=CARTESIAN_POINT('Ctrl Pts',(10.9807875274329,1.50000000000001,-0.939436158937536));
#8706=CARTESIAN_POINT('Ctrl Pts',(10.9807875274329,2.20000000000001,-0.939436158937536));
#8707=CARTESIAN_POINT('Ctrl Pts',(10.9902053150657,1.50000000000001,-0.989877624057987));
#8708=CARTESIAN_POINT('Ctrl Pts',(10.9902053150657,2.20000000000001,-0.989877624057987));
#8709=CARTESIAN_POINT('Ctrl Pts',(11.022277555279,1.50000000000001,-1.02999301918046));
#8710=CARTESIAN_POINT('Ctrl Pts',(11.022277555279,2.20000000000001,-1.02999301918046));
#8711=CARTESIAN_POINT('Ctrl Pts',(11.0386891181651,1.50000000000001,-1.05052031398042));
#8712=CARTESIAN_POINT('Ctrl Pts',(11.0386891181651,2.20000000000001,-1.05052031398042));
#8713=CARTESIAN_POINT('',(10.9761888797465,2.20000000000001,-0.914805902244888));
#8714=CARTESIAN_POINT('Ctrl Pts',(10.9761888797465,2.20000000000001,-0.914805902244888));
#8715=CARTESIAN_POINT('Ctrl Pts',(10.9807875274329,2.20000000000001,-0.939436158937536));
#8716=CARTESIAN_POINT('Ctrl Pts',(10.9902053150657,2.20000000000001,-0.989877624057987));
#8717=CARTESIAN_POINT('Ctrl Pts',(11.022277555279,2.20000000000001,-1.02999301918046));
#8718=CARTESIAN_POINT('Ctrl Pts',(11.0386891181651,2.20000000000001,-1.05052031398042));
#8719=CARTESIAN_POINT('',(10.9761888797465,1.50000000000001,-0.914805902244888));
#8720=CARTESIAN_POINT('Origin',(12.0154745395365,1.50000000000001,-0.914805902244888));
#8721=CARTESIAN_POINT('',(12.0154745395365,2.20000000000001,-0.914805902244888));
#8722=CARTESIAN_POINT('',(10.9761888797465,2.20000000000001,-0.914805902244888));
#8723=CARTESIAN_POINT('',(12.0154745395365,1.50000000000001,-0.914805902244888));
#8724=CARTESIAN_POINT('Origin',(12.0154745395365,1.50000000000001,-0.332663131954513));
#8725=CARTESIAN_POINT('',(12.0154745395365,2.20000000000001,-0.332663131954513));
#8726=CARTESIAN_POINT('',(12.0154745395365,2.20000000000001,-0.914805902244888));
#8727=CARTESIAN_POINT('',(12.0154745395365,1.50000000000001,-0.332663131954513));
#8728=CARTESIAN_POINT('Origin',(10.1940460021678,1.50000000000001,-0.332663131954513));
#8729=CARTESIAN_POINT('',(10.1940460021678,2.20000000000001,-0.332663131954513));
#8730=CARTESIAN_POINT('',(12.0154745395365,2.20000000000001,-0.332663131954513));
#8731=CARTESIAN_POINT('',(10.1940460021678,1.50000000000001,-0.332663131954513));
#8732=CARTESIAN_POINT('Origin',(10.1940460021678,1.50000000000001,-0.721948815586411));
#8733=CARTESIAN_POINT('',(10.1940460021678,2.20000000000001,-0.721948815586411));
#8734=CARTESIAN_POINT('',(10.1940460021678,2.20000000000001,-0.332663131954514));
#8735=CARTESIAN_POINT('',(10.1940460021678,1.50000000000001,-0.721948815586411));
#8736=CARTESIAN_POINT('Ctrl Pts',(10.31547496869,1.50000000000001,-1.24159164548143));
#8737=CARTESIAN_POINT('Ctrl Pts',(10.31547496869,2.20000000000001,-1.24159164548143));
#8738=CARTESIAN_POINT('Ctrl Pts',(10.2801076584486,1.50000000000001,-1.16528419388593));
#8739=CARTESIAN_POINT('Ctrl Pts',(10.2801076584486,2.20000000000001,-1.16528419388593));
#8740=CARTESIAN_POINT('Ctrl Pts',(10.2038692065165,1.50000000000001,-1.00079438844663));
#8741=CARTESIAN_POINT('Ctrl Pts',(10.2038692065165,2.20000000000001,-1.00079438844663));
#8742=CARTESIAN_POINT('Ctrl Pts',(10.1974742915536,1.50000000000001,-0.819265666970052));
#8743=CARTESIAN_POINT('Ctrl Pts',(10.1974742915536,2.20000000000001,-0.819265666970052));
#8744=CARTESIAN_POINT('Ctrl Pts',(10.1940460021678,1.50000000000001,-0.721948815586411));
#8745=CARTESIAN_POINT('Ctrl Pts',(10.1940460021678,2.20000000000001,-0.721948815586411));
#8746=CARTESIAN_POINT('',(10.31547496869,2.20000000000001,-1.24159164548143));
#8747=CARTESIAN_POINT('Ctrl Pts',(10.31547496869,2.20000000000001,-1.24159164548143));
#8748=CARTESIAN_POINT('Ctrl Pts',(10.2801076584486,2.20000000000001,-1.16528419388593));
#8749=CARTESIAN_POINT('Ctrl Pts',(10.2038692065165,2.20000000000001,-1.00079438844663));
#8750=CARTESIAN_POINT('Ctrl Pts',(10.1974742915536,2.20000000000001,-0.819265666970052));
#8751=CARTESIAN_POINT('Ctrl Pts',(10.1940460021678,2.20000000000001,-0.721948815586411));
#8752=CARTESIAN_POINT('',(10.31547496869,1.50000000000001,-1.24159164548143));
#8753=CARTESIAN_POINT('Ctrl Pts',(10.661903124589,1.50000000000001,-1.59694872617944));
#8754=CARTESIAN_POINT('Ctrl Pts',(10.661903124589,2.20000000000001,-1.59694872617944));
#8755=CARTESIAN_POINT('Ctrl Pts',(10.5919296734088,1.50000000000001,-1.54582363911685));
#8756=CARTESIAN_POINT('Ctrl Pts',(10.5919296734088,2.20000000000001,-1.54582363911685));
#8757=CARTESIAN_POINT('Ctrl Pts',(10.4563859481112,1.50000000000001,-1.4467905824398));
#8758=CARTESIAN_POINT('Ctrl Pts',(10.4563859481112,2.20000000000001,-1.4467905824398));
#8759=CARTESIAN_POINT('Ctrl Pts',(10.3614169298347,1.50000000000001,-1.30849375365929));
#8760=CARTESIAN_POINT('Ctrl Pts',(10.3614169298347,2.20000000000001,-1.30849375365929));
#8761=CARTESIAN_POINT('Ctrl Pts',(10.31547496869,1.50000000000001,-1.24159164548143));
#8762=CARTESIAN_POINT('Ctrl Pts',(10.31547496869,2.20000000000001,-1.24159164548143));
#8763=CARTESIAN_POINT('',(10.661903124589,2.20000000000001,-1.59694872617944));
#8764=CARTESIAN_POINT('Ctrl Pts',(10.661903124589,2.20000000000001,-1.59694872617944));
#8765=CARTESIAN_POINT('Ctrl Pts',(10.5919296734088,2.20000000000001,-1.54582363911685));
#8766=CARTESIAN_POINT('Ctrl Pts',(10.4563859481112,2.20000000000001,-1.4467905824398));
#8767=CARTESIAN_POINT('Ctrl Pts',(10.3614169298347,2.20000000000001,-1.30849375365929));
#8768=CARTESIAN_POINT('Ctrl Pts',(10.31547496869,2.20000000000001,-1.24159164548143));
#8769=CARTESIAN_POINT('',(10.661903124589,1.50000000000001,-1.59694872617944));
#8770=CARTESIAN_POINT('Origin',(11.0083312804881,1.50000000000001,-1.82552017092928));
#8771=CARTESIAN_POINT('',(11.0083312804881,2.20000000000001,-1.82552017092928));
#8772=CARTESIAN_POINT('',(10.661903124589,2.20000000000001,-1.59694872617944));
#8773=CARTESIAN_POINT('',(11.0083312804881,1.50000000000001,-1.82552017092928));
#8774=CARTESIAN_POINT('Ctrl Pts',(11.2083310897532,1.50000000000001,-1.98266304850801));
#8775=CARTESIAN_POINT('Ctrl Pts',(11.2083310897532,2.20000000000001,-1.98266304850801));
#8776=CARTESIAN_POINT('Ctrl Pts',(11.1843707141529,1.50000000000001,-1.96008834343567));
#8777=CARTESIAN_POINT('Ctrl Pts',(11.1843707141529,2.20000000000001,-1.96008834343567));
#8778=CARTESIAN_POINT('Ctrl Pts',(11.1224831512376,1.50000000000001,-1.90177984678419));
#8779=CARTESIAN_POINT('Ctrl Pts',(11.1224831512376,2.20000000000001,-1.90177984678419));
#8780=CARTESIAN_POINT('Ctrl Pts',(11.0517062263181,1.50000000000001,-1.85449700054671));
#8781=CARTESIAN_POINT('Ctrl Pts',(11.0517062263181,2.20000000000001,-1.85449700054671));
#8782=CARTESIAN_POINT('Ctrl Pts',(11.0083312804881,1.50000000000001,-1.82552017092928));
#8783=CARTESIAN_POINT('Ctrl Pts',(11.0083312804881,2.20000000000001,-1.82552017092928));
#8784=CARTESIAN_POINT('',(11.2083310897532,2.20000000000001,-1.98266304850801));
#8785=CARTESIAN_POINT('Ctrl Pts',(11.2083310897532,2.20000000000001,-1.98266304850801));
#8786=CARTESIAN_POINT('Ctrl Pts',(11.1843707141529,2.20000000000001,-1.96008834343567));
#8787=CARTESIAN_POINT('Ctrl Pts',(11.1224831512376,2.20000000000001,-1.90177984678419));
#8788=CARTESIAN_POINT('Ctrl Pts',(11.0517062263181,2.20000000000001,-1.85449700054671));
#8789=CARTESIAN_POINT('Ctrl Pts',(11.0083312804881,2.20000000000001,-1.82552017092928));
#8790=CARTESIAN_POINT('',(11.2083310897532,1.50000000000001,-1.98266304850801));
#8791=CARTESIAN_POINT('Ctrl Pts',(11.2547607238474,1.50000000000001,-2.10766292929872));
#8792=CARTESIAN_POINT('Ctrl Pts',(11.2547607238474,2.20000000000001,-2.10766292929872));
#8793=CARTESIAN_POINT('Ctrl Pts',(11.2528428389217,1.50000000000001,-2.08461600809038));
#8794=CARTESIAN_POINT('Ctrl Pts',(11.2528428389217,2.20000000000001,-2.08461600809038));
#8795=CARTESIAN_POINT('Ctrl Pts',(11.2490150016533,1.50000000000001,-2.03861749027706));
#8796=CARTESIAN_POINT('Ctrl Pts',(11.2490150016533,2.20000000000001,-2.03861749027706));
#8797=CARTESIAN_POINT('Ctrl Pts',(11.2218736450067,1.50000000000001,-2.00128874313628));
#8798=CARTESIAN_POINT('Ctrl Pts',(11.2218736450067,2.20000000000001,-2.00128874313628));
#8799=CARTESIAN_POINT('Ctrl Pts',(11.2083310897532,1.50000000000001,-1.98266304850801));
#8800=CARTESIAN_POINT('Ctrl Pts',(11.2083310897532,2.20000000000001,-1.98266304850801));
#8801=CARTESIAN_POINT('',(11.2547607238474,2.20000000000001,-2.10766292929872));
#8802=CARTESIAN_POINT('Ctrl Pts',(11.2547607238474,2.20000000000001,-2.10766292929872));
#8803=CARTESIAN_POINT('Ctrl Pts',(11.2528428389217,2.20000000000001,-2.08461600809038));
#8804=CARTESIAN_POINT('Ctrl Pts',(11.2490150016533,2.20000000000001,-2.03861749027706));
#8805=CARTESIAN_POINT('Ctrl Pts',(11.2218736450067,2.20000000000001,-2.00128874313628));
#8806=CARTESIAN_POINT('Ctrl Pts',(11.2083310897532,2.20000000000001,-1.98266304850801));
#8807=CARTESIAN_POINT('',(11.2547607238474,1.50000000000001,-2.10766292929872));
#8808=CARTESIAN_POINT('Origin',(11.2547607238474,1.50000000000001,-2.15052015900835));
#8809=CARTESIAN_POINT('',(11.2547607238474,2.20000000000001,-2.15052015900835));
#8810=CARTESIAN_POINT('',(11.2547607238474,2.20000000000001,-2.10766292929872));
#8811=CARTESIAN_POINT('',(11.2547607238474,1.50000000000001,-2.15052015900835));
#8812=CARTESIAN_POINT('Ctrl Pts',(11.185117464799,1.50000000000001,-2.27730579495653));
#8813=CARTESIAN_POINT('Ctrl Pts',(11.185117464799,2.20000000000001,-2.27730579495653));
#8814=CARTESIAN_POINT('Ctrl Pts',(11.2054266523911,1.50000000000001,-2.260274831491));
#8815=CARTESIAN_POINT('Ctrl Pts',(11.2054266523911,2.20000000000001,-2.260274831491));
#8816=CARTESIAN_POINT('Ctrl Pts',(11.2451555392941,1.50000000000001,-2.22695881536263));
#8817=CARTESIAN_POINT('Ctrl Pts',(11.2451555392941,2.20000000000001,-2.22695881536263));
#8818=CARTESIAN_POINT('Ctrl Pts',(11.2516071438924,1.50000000000001,-2.17561654452065));
#8819=CARTESIAN_POINT('Ctrl Pts',(11.2516071438924,2.20000000000001,-2.17561654452065));
#8820=CARTESIAN_POINT('Ctrl Pts',(11.2547607238474,1.50000000000001,-2.15052015900835));
#8821=CARTESIAN_POINT('Ctrl Pts',(11.2547607238474,2.20000000000001,-2.15052015900835));
#8822=CARTESIAN_POINT('',(11.185117464799,2.20000000000001,-2.27730579495653));
#8823=CARTESIAN_POINT('Ctrl Pts',(11.185117464799,2.20000000000001,-2.27730579495653));
#8824=CARTESIAN_POINT('Ctrl Pts',(11.2054266523911,2.20000000000001,-2.260274831491));
#8825=CARTESIAN_POINT('Ctrl Pts',(11.2451555392941,2.20000000000001,-2.22695881536263));
#8826=CARTESIAN_POINT('Ctrl Pts',(11.2516071438924,2.20000000000001,-2.17561654452065));
#8827=CARTESIAN_POINT('Ctrl Pts',(11.2547607238474,2.20000000000001,-2.15052015900835));
#8828=CARTESIAN_POINT('',(11.185117464799,1.50000000000001,-2.27730579495653));
#8829=CARTESIAN_POINT('Ctrl Pts',(10.9904749210063,1.50000000000001,-2.32552014112695));
#8830=CARTESIAN_POINT('Ctrl Pts',(10.9904749210063,2.20000000000001,-2.32552014112695));
#8831=CARTESIAN_POINT('Ctrl Pts',(11.0283149683422,1.50000000000001,-2.32447861408745));
#8832=CARTESIAN_POINT('Ctrl Pts',(11.0283149683422,2.20000000000001,-2.32447861408745));
#8833=CARTESIAN_POINT('Ctrl Pts',(11.0969441429864,1.50000000000001,-2.32258963280642));
#8834=CARTESIAN_POINT('Ctrl Pts',(11.0969441429864,2.20000000000001,-2.32258963280642));
#8835=CARTESIAN_POINT('Ctrl Pts',(11.1578108263113,1.50000000000001,-2.29132987121999));
#8836=CARTESIAN_POINT('Ctrl Pts',(11.1578108263113,2.20000000000001,-2.29132987121999));
#8837=CARTESIAN_POINT('Ctrl Pts',(11.185117464799,1.50000000000001,-2.27730579495653));
#8838=CARTESIAN_POINT('Ctrl Pts',(11.185117464799,2.20000000000001,-2.27730579495653));
#8839=CARTESIAN_POINT('',(10.9904749210063,2.20000000000001,-2.32552014112695));
#8840=CARTESIAN_POINT('Ctrl Pts',(10.9904749210063,2.20000000000001,-2.32552014112695));
#8841=CARTESIAN_POINT('Ctrl Pts',(11.0283149683422,2.20000000000001,-2.32447861408745));
#8842=CARTESIAN_POINT('Ctrl Pts',(11.0969441429864,2.20000000000001,-2.32258963280642));
#8843=CARTESIAN_POINT('Ctrl Pts',(11.1578108263113,2.20000000000001,-2.29132987121999));
#8844=CARTESIAN_POINT('Ctrl Pts',(11.185117464799,2.20000000000001,-2.27730579495653));
#8845=CARTESIAN_POINT('',(10.9904749210063,1.50000000000001,-2.32552014112695));
#8846=CARTESIAN_POINT('Ctrl Pts',(10.7101173217478,1.50000000000001,-2.27730579495653));
#8847=CARTESIAN_POINT('Ctrl Pts',(10.7101173217478,2.20000000000001,-2.27730579495653));
#8848=CARTESIAN_POINT('Ctrl Pts',(10.7548582111592,1.50000000000001,-2.29136683250937));
#8849=CARTESIAN_POINT('Ctrl Pts',(10.7548582111592,2.20000000000001,-2.29136683250937));
#8850=CARTESIAN_POINT('Ctrl Pts',(10.846119525152,1.50000000000001,-2.3200481747906));
#8851=CARTESIAN_POINT('Ctrl Pts',(10.846119525152,2.20000000000001,-2.3200481747906));
#8852=CARTESIAN_POINT('Ctrl Pts',(10.9417349764007,1.50000000000001,-2.32367259442086));
#8853=CARTESIAN_POINT('Ctrl Pts',(10.9417349764007,2.20000000000001,-2.32367259442086));
#8854=CARTESIAN_POINT('Ctrl Pts',(10.9904749210063,1.50000000000001,-2.32552014112695));
#8855=CARTESIAN_POINT('Ctrl Pts',(10.9904749210063,2.20000000000001,-2.32552014112695));
#8856=CARTESIAN_POINT('',(10.7101173217478,2.20000000000001,-2.27730579495653));
#8857=CARTESIAN_POINT('Ctrl Pts',(10.7101173217478,2.20000000000001,-2.27730579495653));
#8858=CARTESIAN_POINT('Ctrl Pts',(10.7548582111592,2.20000000000001,-2.29136683250937));
#8859=CARTESIAN_POINT('Ctrl Pts',(10.846119525152,2.20000000000001,-2.3200481747906));
#8860=CARTESIAN_POINT('Ctrl Pts',(10.9417349764007,2.20000000000001,-2.32367259442086));
#8861=CARTESIAN_POINT('Ctrl Pts',(10.9904749210063,2.20000000000001,-2.32552014112695));
#8862=CARTESIAN_POINT('',(10.7101173217478,1.50000000000001,-2.27730579495653));
#8863=CARTESIAN_POINT('Ctrl Pts',(10.4440457637492,1.50000000000001,-2.13266290545686));
#8864=CARTESIAN_POINT('Ctrl Pts',(10.4440457637492,2.20000000000001,-2.13266290545686));
#8865=CARTESIAN_POINT('Ctrl Pts',(10.4879740753806,1.50000000000001,-2.16238684808621));
#8866=CARTESIAN_POINT('Ctrl Pts',(10.4879740753806,2.20000000000001,-2.16238684808621));
#8867=CARTESIAN_POINT('Ctrl Pts',(10.5720002849957,1.50000000000001,-2.21924289698044));
#8868=CARTESIAN_POINT('Ctrl Pts',(10.5720002849957,2.20000000000001,-2.21924289698044));
#8869=CARTESIAN_POINT('Ctrl Pts',(10.6654990525282,1.50000000000001,-2.25854876052769));
#8870=CARTESIAN_POINT('Ctrl Pts',(10.6654990525282,2.20000000000001,-2.25854876052769));
#8871=CARTESIAN_POINT('Ctrl Pts',(10.7101173217478,1.50000000000001,-2.27730579495653));
#8872=CARTESIAN_POINT('Ctrl Pts',(10.7101173217478,2.20000000000001,-2.27730579495653));
#8873=CARTESIAN_POINT('',(10.4440457637492,2.20000000000001,-2.13266290545686));
#8874=CARTESIAN_POINT('Ctrl Pts',(10.4440457637492,2.20000000000001,-2.13266290545686));
#8875=CARTESIAN_POINT('Ctrl Pts',(10.4879740753806,2.20000000000001,-2.16238684808621));
#8876=CARTESIAN_POINT('Ctrl Pts',(10.5720002849957,2.20000000000001,-2.21924289698044));
#8877=CARTESIAN_POINT('Ctrl Pts',(10.6654990525282,2.20000000000001,-2.25854876052769));
#8878=CARTESIAN_POINT('Ctrl Pts',(10.7101173217478,2.20000000000001,-2.27730579495653));
#8879=CARTESIAN_POINT('',(10.4440457637492,1.50000000000001,-2.13266290545686));
#8880=CARTESIAN_POINT('Origin',(10.1369030292216,1.50000000000001,-2.58980579495653));
#8881=CARTESIAN_POINT('',(10.1369030292216,2.20000000000001,-2.58980579495653));
#8882=CARTESIAN_POINT('',(10.4440457637492,2.20000000000001,-2.13266290545686));
#8883=CARTESIAN_POINT('',(10.1369030292216,1.50000000000001,-2.58980579495653));
#8884=CARTESIAN_POINT('Ctrl Pts',(10.5672604854289,1.50000000000001,-2.82373435616716));
#8885=CARTESIAN_POINT('Ctrl Pts',(10.5672604854289,2.20000000000001,-2.82373435616716));
#8886=CARTESIAN_POINT('Ctrl Pts',(10.4921456011307,1.50000000000001,-2.79352940183168));
#8887=CARTESIAN_POINT('Ctrl Pts',(10.4921456011307,2.20000000000001,-2.79352940183168));
#8888=CARTESIAN_POINT('Ctrl Pts',(10.3396618641584,1.50000000000001,-2.73221313468726));
#8889=CARTESIAN_POINT('Ctrl Pts',(10.3396618641584,2.20000000000001,-2.73221313468726));
#8890=CARTESIAN_POINT('Ctrl Pts',(10.2051520685417,1.50000000000001,-2.63774039732184));
#8891=CARTESIAN_POINT('Ctrl Pts',(10.2051520685417,2.20000000000001,-2.63774039732184));
#8892=CARTESIAN_POINT('Ctrl Pts',(10.1369030292216,1.50000000000001,-2.58980579495653));
#8893=CARTESIAN_POINT('Ctrl Pts',(10.1369030292216,2.20000000000001,-2.58980579495653));
#8894=CARTESIAN_POINT('',(10.5672604854289,2.20000000000001,-2.82373435616716));
#8895=CARTESIAN_POINT('Ctrl Pts',(10.5672604854289,2.20000000000001,-2.82373435616716));
#8896=CARTESIAN_POINT('Ctrl Pts',(10.4921456011307,2.20000000000001,-2.79352940183168));
#8897=CARTESIAN_POINT('Ctrl Pts',(10.3396618641584,2.20000000000001,-2.73221313468726));
#8898=CARTESIAN_POINT('Ctrl Pts',(10.2051520685417,2.20000000000001,-2.63774039732184));
#8899=CARTESIAN_POINT('Ctrl Pts',(10.1369030292216,2.20000000000001,-2.58980579495653));
#8900=CARTESIAN_POINT('',(10.5672604854289,1.50000000000001,-2.82373435616716));
#8901=CARTESIAN_POINT('Ctrl Pts',(11.0869033153239,1.50000000000001,-2.904091550114));
#8902=CARTESIAN_POINT('Ctrl Pts',(11.0869033153239,2.20000000000001,-2.904091550114));
#8903=CARTESIAN_POINT('Ctrl Pts',(10.9941424638723,1.50000000000001,-2.90146665064997));
#8904=CARTESIAN_POINT('Ctrl Pts',(10.9941424638723,2.20000000000001,-2.90146665064997));
#8905=CARTESIAN_POINT('Ctrl Pts',(10.8174638531841,1.50000000000001,-2.89646708905429));
#8906=CARTESIAN_POINT('Ctrl Pts',(10.8174638531841,2.20000000000001,-2.89646708905429));
#8907=CARTESIAN_POINT('Ctrl Pts',(10.6478314695202,1.50000000000001,-2.84715589488163));
#8908=CARTESIAN_POINT('Ctrl Pts',(10.6478314695202,2.20000000000001,-2.84715589488163));
#8909=CARTESIAN_POINT('Ctrl Pts',(10.5672604854289,1.50000000000001,-2.82373435616716));
#8910=CARTESIAN_POINT('Ctrl Pts',(10.5672604854289,2.20000000000001,-2.82373435616716));
#8911=CARTESIAN_POINT('',(11.0869033153239,2.20000000000001,-2.904091550114));
#8912=CARTESIAN_POINT('Ctrl Pts',(11.0869033153239,2.20000000000001,-2.904091550114));
#8913=CARTESIAN_POINT('Ctrl Pts',(10.9941424638723,2.20000000000001,-2.90146665064997));
#8914=CARTESIAN_POINT('Ctrl Pts',(10.8174638531841,2.20000000000001,-2.89646708905429));
#8915=CARTESIAN_POINT('Ctrl Pts',(10.6478314695202,2.20000000000001,-2.84715589488163));
#8916=CARTESIAN_POINT('Ctrl Pts',(10.5672604854289,2.20000000000001,-2.82373435616716));
#8917=CARTESIAN_POINT('',(11.0869033153239,1.50000000000001,-2.904091550114));
#8918=CARTESIAN_POINT('Ctrl Pts',(11.5940458591166,1.50000000000001,-2.81659148454889));
#8919=CARTESIAN_POINT('Ctrl Pts',(11.5940458591166,2.20000000000001,-2.81659148454889));
#8920=CARTESIAN_POINT('Ctrl Pts',(11.5167164266674,1.50000000000001,-2.84208738814578));
#8921=CARTESIAN_POINT('Ctrl Pts',(11.5167164266674,2.20000000000001,-2.84208738814578));
#8922=CARTESIAN_POINT('Ctrl Pts',(11.352149377346,1.50000000000001,-2.89634597367829));
#8923=CARTESIAN_POINT('Ctrl Pts',(11.352149377346,2.20000000000001,-2.89634597367829));
#8924=CARTESIAN_POINT('Ctrl Pts',(11.1787976979235,1.50000000000001,-2.90140809853319));
#8925=CARTESIAN_POINT('Ctrl Pts',(11.1787976979235,2.20000000000001,-2.90140809853319));
#8926=CARTESIAN_POINT('Ctrl Pts',(11.0869033153239,1.50000000000001,-2.904091550114));
#8927=CARTESIAN_POINT('Ctrl Pts',(11.0869033153239,2.20000000000001,-2.904091550114));
#8928=CARTESIAN_POINT('',(11.5940458591166,2.20000000000001,-2.81659148454889));
#8929=CARTESIAN_POINT('Ctrl Pts',(11.5940458591166,2.20000000000001,-2.81659148454889));
#8930=CARTESIAN_POINT('Ctrl Pts',(11.5167164266674,2.20000000000001,-2.84208738814578));
#8931=CARTESIAN_POINT('Ctrl Pts',(11.352149377346,2.20000000000001,-2.89634597367829));
#8932=CARTESIAN_POINT('Ctrl Pts',(11.1787976979235,2.20000000000001,-2.90140809853319));
#8933=CARTESIAN_POINT('Ctrl Pts',(11.0869033153239,2.20000000000001,-2.904091550114));
#8934=CARTESIAN_POINT('',(11.5940458591166,1.50000000000001,-2.81659148454889));
#8935=CARTESIAN_POINT('Ctrl Pts',(11.9190461452189,1.50000000000001,-2.57373429656252));
#8936=CARTESIAN_POINT('Ctrl Pts',(11.9190461452189,2.20000000000001,-2.57373429656252));
#8937=CARTESIAN_POINT('Ctrl Pts',(11.8761555938027,1.50000000000001,-2.62335164746059));
#8938=CARTESIAN_POINT('Ctrl Pts',(11.8761555938027,2.20000000000001,-2.62335164746059));
#8939=CARTESIAN_POINT('Ctrl Pts',(11.7857518826059,1.50000000000001,-2.72793395085452));
#8940=CARTESIAN_POINT('Ctrl Pts',(11.7857518826059,2.20000000000001,-2.72793395085452));
#8941=CARTESIAN_POINT('Ctrl Pts',(11.6600896930609,1.50000000000001,-2.78604845138461));
#8942=CARTESIAN_POINT('Ctrl Pts',(11.6600896930609,2.20000000000001,-2.78604845138461));
#8943=CARTESIAN_POINT('Ctrl Pts',(11.5940458591166,1.50000000000001,-2.81659148454889));
#8944=CARTESIAN_POINT('Ctrl Pts',(11.5940458591166,2.20000000000001,-2.81659148454889));
#8945=CARTESIAN_POINT('',(11.9190461452189,2.20000000000001,-2.57373429656252));
#8946=CARTESIAN_POINT('Ctrl Pts',(11.9190461452189,2.20000000000001,-2.57373429656252));
#8947=CARTESIAN_POINT('Ctrl Pts',(11.8761555938027,2.20000000000001,-2.62335164746059));
#8948=CARTESIAN_POINT('Ctrl Pts',(11.7857518826059,2.20000000000001,-2.72793395085452));
#8949=CARTESIAN_POINT('Ctrl Pts',(11.6600896930609,2.20000000000001,-2.78604845138461));
#8950=CARTESIAN_POINT('Ctrl Pts',(11.5940458591166,2.20000000000001,-2.81659148454889));
#8951=CARTESIAN_POINT('',(11.9190461452189,1.50000000000001,-2.57373429656252));
#8952=CARTESIAN_POINT('Ctrl Pts',(12.0297605807963,1.50000000000001,-2.21480585456117));
#8953=CARTESIAN_POINT('Ctrl Pts',(12.0297605807963,2.20000000000001,-2.21480585456117));
#8954=CARTESIAN_POINT('Ctrl Pts',(12.0254782088026,1.50000000000001,-2.28018511899281));
#8955=CARTESIAN_POINT('Ctrl Pts',(12.0254782088026,2.20000000000001,-2.28018511899281));
#8956=CARTESIAN_POINT('Ctrl Pts',(12.0170602948831,1.50000000000001,-2.408701983227));
#8957=CARTESIAN_POINT('Ctrl Pts',(12.0170602948831,2.20000000000001,-2.408701983227));
#8958=CARTESIAN_POINT('Ctrl Pts',(11.9513353913243,1.50000000000001,-2.51936695267498));
#8959=CARTESIAN_POINT('Ctrl Pts',(11.9513353913243,2.20000000000001,-2.51936695267498));
#8960=CARTESIAN_POINT('Ctrl Pts',(11.9190461452189,1.50000000000001,-2.57373429656252));
#8961=CARTESIAN_POINT('Ctrl Pts',(11.9190461452189,2.20000000000001,-2.57373429656252));
#8962=CARTESIAN_POINT('',(12.0297605807963,2.20000000000001,-2.21480585456117));
#8963=CARTESIAN_POINT('Ctrl Pts',(12.0297605807963,2.20000000000001,-2.21480585456117));
#8964=CARTESIAN_POINT('Ctrl Pts',(12.0254782088026,2.20000000000001,-2.28018511899281));
#8965=CARTESIAN_POINT('Ctrl Pts',(12.0170602948831,2.20000000000001,-2.408701983227));
#8966=CARTESIAN_POINT('Ctrl Pts',(11.9513353913243,2.20000000000001,-2.51936695267498));
#8967=CARTESIAN_POINT('Ctrl Pts',(11.9190461452189,2.20000000000001,-2.57373429656252));
#8968=CARTESIAN_POINT('',(12.0297605807963,1.50000000000001,-2.21480585456117));
#8969=CARTESIAN_POINT('Origin',(12.0297605807963,1.50000000000001,-2.07909159183725));
#8970=CARTESIAN_POINT('',(12.0297605807963,2.20000000000001,-2.07909159183725));
#8971=CARTESIAN_POINT('',(12.0297605807963,2.20000000000001,-2.21480585456117));
#8972=CARTESIAN_POINT('',(12.0297605807963,1.50000000000001,-2.07909159183725));
#8973=CARTESIAN_POINT('Ctrl Pts',(11.9226176555338,1.50000000000001,-1.73444874406084));
#8974=CARTESIAN_POINT('Ctrl Pts',(11.9226176555338,2.20000000000001,-1.73444874406084));
#8975=CARTESIAN_POINT('Ctrl Pts',(11.9538552420145,1.50000000000001,-1.78526601728573));
#8976=CARTESIAN_POINT('Ctrl Pts',(11.9538552420145,2.20000000000001,-1.78526601728573));
#8977=CARTESIAN_POINT('Ctrl Pts',(12.0187688264079,1.50000000000001,-1.89086736891907));
#8978=CARTESIAN_POINT('Ctrl Pts',(12.0187688264079,2.20000000000001,-1.89086736891907));
#8979=CARTESIAN_POINT('Ctrl Pts',(12.0260060431547,1.50000000000001,-2.01479840395833));
#8980=CARTESIAN_POINT('Ctrl Pts',(12.0260060431547,2.20000000000001,-2.01479840395833));
#8981=CARTESIAN_POINT('Ctrl Pts',(12.0297605807963,1.50000000000001,-2.07909159183725));
#8982=CARTESIAN_POINT('Ctrl Pts',(12.0297605807963,2.20000000000001,-2.07909159183725));
#8983=CARTESIAN_POINT('',(11.9226176555338,2.20000000000001,-1.73444874406084));
#8984=CARTESIAN_POINT('Ctrl Pts',(11.9226176555338,2.20000000000001,-1.73444874406084));
#8985=CARTESIAN_POINT('Ctrl Pts',(11.9538552420145,2.20000000000001,-1.78526601728573));
#8986=CARTESIAN_POINT('Ctrl Pts',(12.0187688264079,2.20000000000001,-1.89086736891907));
#8987=CARTESIAN_POINT('Ctrl Pts',(12.0260060431547,2.20000000000001,-2.01479840395833));
#8988=CARTESIAN_POINT('Ctrl Pts',(12.0297605807963,2.20000000000001,-2.07909159183725));
#8989=CARTESIAN_POINT('',(11.9226176555338,1.50000000000001,-1.73444874406084));
#8990=CARTESIAN_POINT('Ctrl Pts',(11.5761883075419,1.50000000000001,-1.43623448729738));
#8991=CARTESIAN_POINT('Ctrl Pts',(11.5761883075419,2.20000000000001,-1.43623448729738));
#8992=CARTESIAN_POINT('Ctrl Pts',(11.6475304861255,1.50000000000001,-1.48432476639759));
#8993=CARTESIAN_POINT('Ctrl Pts',(11.6475304861255,2.20000000000001,-1.48432476639759));
#8994=CARTESIAN_POINT('Ctrl Pts',(11.774902532972,1.50000000000001,-1.57018361461373));
#8995=CARTESIAN_POINT('Ctrl Pts',(11.774902532972,2.20000000000001,-1.57018361461373));
#8996=CARTESIAN_POINT('Ctrl Pts',(11.8774902158741,1.50000000000001,-1.6842652246705));
#8997=CARTESIAN_POINT('Ctrl Pts',(11.8774902158741,2.20000000000001,-1.6842652246705));
#8998=CARTESIAN_POINT('Ctrl Pts',(11.9226176555338,1.50000000000001,-1.73444874406084));
#8999=CARTESIAN_POINT('Ctrl Pts',(11.9226176555338,2.20000000000001,-1.73444874406084));
#9000=CARTESIAN_POINT('',(11.5761883075419,2.20000000000001,-1.43623448729738));
#9001=CARTESIAN_POINT('Ctrl Pts',(11.5761883075419,2.20000000000001,-1.43623448729738));
#9002=CARTESIAN_POINT('Ctrl Pts',(11.6475304861255,2.20000000000001,-1.48432476639759));
#9003=CARTESIAN_POINT('Ctrl Pts',(11.774902532972,2.20000000000001,-1.57018361461373));
#9004=CARTESIAN_POINT('Ctrl Pts',(11.8774902158741,2.20000000000001,-1.6842652246705));
#9005=CARTESIAN_POINT('Ctrl Pts',(11.9226176555338,2.20000000000001,-1.73444874406084));
#9006=CARTESIAN_POINT('',(11.5761883075419,1.50000000000001,-1.43623448729738));
#9007=CARTESIAN_POINT('Origin',(11.2404746825877,1.50000000000001,-1.21123440385088));
#9008=CARTESIAN_POINT('',(11.5761883075419,2.20000000000001,-1.43623448729738));
#9009=CARTESIAN_POINT('Origin',(7.90118915918983,2.20000000000001,-1.61837734103426));
#9010=CARTESIAN_POINT('Ctrl Pts',(17.8404755408946,1.50000000000001,-1.44159175276979));
#9011=CARTESIAN_POINT('Ctrl Pts',(17.8404755408946,2.20000000000001,-1.44159175276979));
#9012=CARTESIAN_POINT('Ctrl Pts',(17.8539233702822,1.50000000000001,-1.41543064550402));
#9013=CARTESIAN_POINT('Ctrl Pts',(17.8539233702822,2.20000000000001,-1.41543064550402));
#9014=CARTESIAN_POINT('Ctrl Pts',(17.8862585610167,1.50000000000001,-1.35252648685651));
#9015=CARTESIAN_POINT('Ctrl Pts',(17.8862585610167,2.20000000000001,-1.35252648685651));
#9016=CARTESIAN_POINT('Ctrl Pts',(17.8866652430771,1.50000000000001,-1.28136950930497));
#9017=CARTESIAN_POINT('Ctrl Pts',(17.8866652430771,2.20000000000001,-1.28136950930497));
#9018=CARTESIAN_POINT('Ctrl Pts',(17.886902790803,1.50000000000001,-1.23980589032396));
#9019=CARTESIAN_POINT('Ctrl Pts',(17.886902790803,2.20000000000001,-1.23980589032396));
#9020=CARTESIAN_POINT('',(17.886902790803,1.50000000000001,-1.23980589032396));
#9021=CARTESIAN_POINT('',(17.8404755408946,1.50000000000001,-1.44159175276979));
#9022=CARTESIAN_POINT('Ctrl Pts',(17.886902790803,1.50000000000001,-1.23980589032396));
#9023=CARTESIAN_POINT('Ctrl Pts',(17.8866652430771,1.50000000000001,-1.28136950930497));
#9024=CARTESIAN_POINT('Ctrl Pts',(17.8862585610167,1.50000000000001,-1.35252648685651));
#9025=CARTESIAN_POINT('Ctrl Pts',(17.8539233702822,1.50000000000001,-1.41543064550402));
#9026=CARTESIAN_POINT('Ctrl Pts',(17.8404755408946,1.50000000000001,-1.44159175276979));
#9027=CARTESIAN_POINT('',(17.886902790803,2.20000000000001,-1.23980589032396));
#9028=CARTESIAN_POINT('',(17.886902790803,1.50000000000001,-1.23980589032396));
#9029=CARTESIAN_POINT('',(17.8404755408946,2.20000000000001,-1.44159175276979));
#9030=CARTESIAN_POINT('Ctrl Pts',(17.8404755408946,2.20000000000001,-1.44159175276979));
#9031=CARTESIAN_POINT('Ctrl Pts',(17.8539233702822,2.20000000000001,-1.41543064550402));
#9032=CARTESIAN_POINT('Ctrl Pts',(17.8862585610167,2.20000000000001,-1.35252648685651));
#9033=CARTESIAN_POINT('Ctrl Pts',(17.8866652430771,2.20000000000001,-1.28136950930497));
#9034=CARTESIAN_POINT('Ctrl Pts',(17.886902790803,2.20000000000001,-1.23980589032396));
#9035=CARTESIAN_POINT('',(17.8404755408946,1.50000000000001,-1.44159175276979));
#9036=CARTESIAN_POINT('Ctrl Pts',(17.6690454299632,1.50000000000001,-1.5005201828502));
#9037=CARTESIAN_POINT('Ctrl Pts',(17.6690454299632,2.20000000000001,-1.5005201828502));
#9038=CARTESIAN_POINT('Ctrl Pts',(17.7057797425788,1.50000000000001,-1.4998462886082));
#9039=CARTESIAN_POINT('Ctrl Pts',(17.7057797425788,2.20000000000001,-1.4998462886082));
#9040=CARTESIAN_POINT('Ctrl Pts',(17.7699630371533,1.50000000000001,-1.49866884034344));
#9041=CARTESIAN_POINT('Ctrl Pts',(17.7699630371533,2.20000000000001,-1.49866884034344));
#9042=CARTESIAN_POINT('Ctrl Pts',(17.8193531098441,1.50000000000001,-1.45868952668032));
#9043=CARTESIAN_POINT('Ctrl Pts',(17.8193531098441,2.20000000000001,-1.45868952668032));
#9044=CARTESIAN_POINT('Ctrl Pts',(17.8404755408946,1.50000000000001,-1.44159175276979));
#9045=CARTESIAN_POINT('Ctrl Pts',(17.8404755408946,2.20000000000001,-1.44159175276979));
#9046=CARTESIAN_POINT('',(17.6690454299632,1.50000000000001,-1.5005201828502));
#9047=CARTESIAN_POINT('Ctrl Pts',(17.8404755408946,1.50000000000001,-1.44159175276979));
#9048=CARTESIAN_POINT('Ctrl Pts',(17.8193531098441,1.50000000000001,-1.45868952668032));
#9049=CARTESIAN_POINT('Ctrl Pts',(17.7699630371533,1.50000000000001,-1.49866884034344));
#9050=CARTESIAN_POINT('Ctrl Pts',(17.7057797425788,1.50000000000001,-1.4998462886082));
#9051=CARTESIAN_POINT('Ctrl Pts',(17.6690454299632,1.50000000000001,-1.5005201828502));
#9052=CARTESIAN_POINT('',(17.6690454299632,2.20000000000001,-1.5005201828502));
#9053=CARTESIAN_POINT('Ctrl Pts',(17.6690454299632,2.20000000000001,-1.5005201828502));
#9054=CARTESIAN_POINT('Ctrl Pts',(17.7057797425788,2.20000000000001,-1.4998462886082));
#9055=CARTESIAN_POINT('Ctrl Pts',(17.7699630371533,2.20000000000001,-1.49866884034344));
#9056=CARTESIAN_POINT('Ctrl Pts',(17.8193531098441,2.20000000000001,-1.45868952668032));
#9057=CARTESIAN_POINT('Ctrl Pts',(17.8404755408946,2.20000000000001,-1.44159175276979));
#9058=CARTESIAN_POINT('',(17.6690454299632,1.50000000000001,-1.5005201828502));
#9059=CARTESIAN_POINT('Ctrl Pts',(17.4083323295298,1.50000000000001,-1.39694876790269));
#9060=CARTESIAN_POINT('Ctrl Pts',(17.4083323295298,2.20000000000001,-1.39694876790269));
#9061=CARTESIAN_POINT('Ctrl Pts',(17.4486218176749,1.50000000000001,-1.42714460126335));
#9062=CARTESIAN_POINT('Ctrl Pts',(17.4486218176749,2.20000000000001,-1.42714460126335));
#9063=CARTESIAN_POINT('Ctrl Pts',(17.5263007960715,1.50000000000001,-1.48536280147581));
#9064=CARTESIAN_POINT('Ctrl Pts',(17.5263007960715,2.20000000000001,-1.48536280147581));
#9065=CARTESIAN_POINT('Ctrl Pts',(17.622663052931,1.50000000000001,-1.49559505635991));
#9066=CARTESIAN_POINT('Ctrl Pts',(17.622663052931,2.20000000000001,-1.49559505635991));
#9067=CARTESIAN_POINT('Ctrl Pts',(17.6690454299632,1.50000000000001,-1.5005201828502));
#9068=CARTESIAN_POINT('Ctrl Pts',(17.6690454299632,2.20000000000001,-1.5005201828502));
#9069=CARTESIAN_POINT('',(17.4083323295298,1.50000000000001,-1.39694876790269));
#9070=CARTESIAN_POINT('Ctrl Pts',(17.6690454299632,1.50000000000001,-1.5005201828502));
#9071=CARTESIAN_POINT('Ctrl Pts',(17.622663052931,1.50000000000001,-1.49559505635991));
#9072=CARTESIAN_POINT('Ctrl Pts',(17.5263007960715,1.50000000000001,-1.48536280147581));
#9073=CARTESIAN_POINT('Ctrl Pts',(17.4486218176749,1.50000000000001,-1.42714460126335));
#9074=CARTESIAN_POINT('Ctrl Pts',(17.4083323295298,1.50000000000001,-1.39694876790269));
#9075=CARTESIAN_POINT('',(17.4083323295298,2.20000000000001,-1.39694876790269));
#9076=CARTESIAN_POINT('Ctrl Pts',(17.4083323295298,2.20000000000001,-1.39694876790269));
#9077=CARTESIAN_POINT('Ctrl Pts',(17.4486218176749,2.20000000000001,-1.42714460126335));
#9078=CARTESIAN_POINT('Ctrl Pts',(17.5263007960715,2.20000000000001,-1.48536280147581));
#9079=CARTESIAN_POINT('Ctrl Pts',(17.622663052931,2.20000000000001,-1.49559505635991));
#9080=CARTESIAN_POINT('Ctrl Pts',(17.6690454299632,2.20000000000001,-1.5005201828502));
#9081=CARTESIAN_POINT('',(17.4083323295298,1.50000000000001,-1.39694876790269));
#9082=CARTESIAN_POINT('Origin',(17.4083323295298,1.50000000000001,-1.16480596184953));
#9083=CARTESIAN_POINT('',(17.4083323295298,1.50000000000001,-1.16480596184953));
#9084=CARTESIAN_POINT('',(17.4083323295298,1.5,17.0192408945382));
#9085=CARTESIAN_POINT('',(17.4083323295298,2.20000000000001,-1.16480596184953));
#9086=CARTESIAN_POINT('',(17.4083323295298,2.20000000000001,-1.39694876790269));
#9087=CARTESIAN_POINT('',(17.4083323295298,1.50000000000001,-1.16480596184953));
#9088=CARTESIAN_POINT('Ctrl Pts',(17.4583310897532,1.50000000000001,-0.902305914165817));
#9089=CARTESIAN_POINT('Ctrl Pts',(17.4583310897532,2.20000000000001,-0.902305914165817));
#9090=CARTESIAN_POINT('Ctrl Pts',(17.443877652738,1.50000000000001,-0.935957202525857));
#9091=CARTESIAN_POINT('Ctrl Pts',(17.443877652738,2.20000000000001,-0.935957202525857));
#9092=CARTESIAN_POINT('Ctrl Pts',(17.4080870096444,1.50000000000001,-1.01928694963523));
#9093=CARTESIAN_POINT('Ctrl Pts',(17.4080870096444,2.20000000000001,-1.01928694963523));
#9094=CARTESIAN_POINT('Ctrl Pts',(17.4082407027484,1.50000000000001,-1.11045472690985));
#9095=CARTESIAN_POINT('Ctrl Pts',(17.4082407027484,2.20000000000001,-1.11045472690985));
#9096=CARTESIAN_POINT('Ctrl Pts',(17.4083323295298,1.50000000000001,-1.16480596184953));
#9097=CARTESIAN_POINT('Ctrl Pts',(17.4083323295298,2.20000000000001,-1.16480596184953));
#9098=CARTESIAN_POINT('',(17.4583310897532,1.50000000000001,-0.902305914165817));
#9099=CARTESIAN_POINT('Ctrl Pts',(17.4083323295298,1.50000000000001,-1.16480596184953));
#9100=CARTESIAN_POINT('Ctrl Pts',(17.4082407027484,1.50000000000001,-1.11045472690985));
#9101=CARTESIAN_POINT('Ctrl Pts',(17.4080870096444,1.50000000000001,-1.01928694963523));
#9102=CARTESIAN_POINT('Ctrl Pts',(17.443877652738,1.50000000000001,-0.935957202525857));
#9103=CARTESIAN_POINT('Ctrl Pts',(17.4583310897532,1.50000000000001,-0.902305914165817));
#9104=CARTESIAN_POINT('',(17.4583310897532,2.20000000000001,-0.902305914165817));
#9105=CARTESIAN_POINT('Ctrl Pts',(17.4583310897532,2.20000000000001,-0.902305914165817));
#9106=CARTESIAN_POINT('Ctrl Pts',(17.443877652738,2.20000000000001,-0.935957202525857));
#9107=CARTESIAN_POINT('Ctrl Pts',(17.4080870096444,2.20000000000001,-1.01928694963523));
#9108=CARTESIAN_POINT('Ctrl Pts',(17.4082407027484,2.20000000000001,-1.11045472690985));
#9109=CARTESIAN_POINT('Ctrl Pts',(17.4083323295298,2.20000000000001,-1.16480596184953));
#9110=CARTESIAN_POINT('',(17.4583310897532,1.50000000000001,-0.902305914165817));
#9111=CARTESIAN_POINT('Ctrl Pts',(17.6369042213145,1.50000000000001,-0.829091740848861));
#9112=CARTESIAN_POINT('Ctrl Pts',(17.6369042213145,2.20000000000001,-0.829091740848861));
#9113=CARTESIAN_POINT('Ctrl Pts',(17.5985433239227,1.50000000000001,-0.830562913497833));
#9114=CARTESIAN_POINT('Ctrl Pts',(17.5985433239227,2.20000000000001,-0.830562913497833));
#9115=CARTESIAN_POINT('Ctrl Pts',(17.5293814270787,1.50000000000001,-0.833215330357337));
#9116=CARTESIAN_POINT('Ctrl Pts',(17.5293814270787,2.20000000000001,-0.833215330357337));
#9117=CARTESIAN_POINT('Ctrl Pts',(17.4802234266314,1.50000000000001,-0.881017425007499));
#9118=CARTESIAN_POINT('Ctrl Pts',(17.4802234266314,2.20000000000001,-0.881017425007499));
#9119=CARTESIAN_POINT('Ctrl Pts',(17.4583310897532,1.50000000000001,-0.902305914165817));
#9120=CARTESIAN_POINT('Ctrl Pts',(17.4583310897532,2.20000000000001,-0.902305914165817));
#9121=CARTESIAN_POINT('',(17.6369042213145,1.50000000000001,-0.829091740848861));
#9122=CARTESIAN_POINT('Ctrl Pts',(17.4583310897532,1.50000000000001,-0.902305914165817));
#9123=CARTESIAN_POINT('Ctrl Pts',(17.4802234266314,1.50000000000001,-0.881017425007499));
#9124=CARTESIAN_POINT('Ctrl Pts',(17.5293814270787,1.50000000000001,-0.833215330357337));
#9125=CARTESIAN_POINT('Ctrl Pts',(17.5985433239227,1.50000000000001,-0.830562913497833));
#9126=CARTESIAN_POINT('Ctrl Pts',(17.6369042213145,1.50000000000001,-0.829091740848861));
#9127=CARTESIAN_POINT('',(17.6369042213145,2.20000000000001,-0.829091740848861));
#9128=CARTESIAN_POINT('Ctrl Pts',(17.6369042213145,2.20000000000001,-0.829091740848861));
#9129=CARTESIAN_POINT('Ctrl Pts',(17.5985433239227,2.20000000000001,-0.830562913497833));
#9130=CARTESIAN_POINT('Ctrl Pts',(17.5293814270787,2.20000000000001,-0.833215330357337));
#9131=CARTESIAN_POINT('Ctrl Pts',(17.4802234266314,2.20000000000001,-0.881017425007499));
#9132=CARTESIAN_POINT('Ctrl Pts',(17.4583310897532,2.20000000000001,-0.902305914165817));
#9133=CARTESIAN_POINT('',(17.6369042213145,1.50000000000001,-0.829091740848861));
#9134=CARTESIAN_POINT('Ctrl Pts',(17.8315467651072,1.50000000000001,-0.898734403850875));
#9135=CARTESIAN_POINT('Ctrl Pts',(17.8315467651072,2.20000000000001,-0.898734403850875));
#9136=CARTESIAN_POINT('Ctrl Pts',(17.8072033182109,1.50000000000001,-0.878505800473089));
#9137=CARTESIAN_POINT('Ctrl Pts',(17.8072033182109,2.20000000000001,-0.878505800473089));
#9138=CARTESIAN_POINT('Ctrl Pts',(17.7513896686236,1.50000000000001,-0.832126494149839));
#9139=CARTESIAN_POINT('Ctrl Pts',(17.7513896686236,2.20000000000001,-0.832126494149839));
#9140=CARTESIAN_POINT('Ctrl Pts',(17.678181962133,1.50000000000001,-0.830185921490595));
#9141=CARTESIAN_POINT('Ctrl Pts',(17.678181962133,2.20000000000001,-0.830185921490595));
#9142=CARTESIAN_POINT('Ctrl Pts',(17.6369042213145,1.50000000000001,-0.829091740848861));
#9143=CARTESIAN_POINT('Ctrl Pts',(17.6369042213145,2.20000000000001,-0.829091740848861));
#9144=CARTESIAN_POINT('',(17.8315467651072,1.50000000000001,-0.898734403850875));
#9145=CARTESIAN_POINT('Ctrl Pts',(17.6369042213145,1.50000000000001,-0.829091740848861));
#9146=CARTESIAN_POINT('Ctrl Pts',(17.678181962133,1.50000000000001,-0.830185921490595));
#9147=CARTESIAN_POINT('Ctrl Pts',(17.7513896686236,1.50000000000001,-0.832126494149839));
#9148=CARTESIAN_POINT('Ctrl Pts',(17.8072033182109,1.50000000000001,-0.878505800473089));
#9149=CARTESIAN_POINT('Ctrl Pts',(17.8315467651072,1.50000000000001,-0.898734403850875));
#9150=CARTESIAN_POINT('',(17.8315467651072,2.20000000000001,-0.898734403850875));
#9151=CARTESIAN_POINT('Ctrl Pts',(17.8315467651072,2.20000000000001,-0.898734403850875));
#9152=CARTESIAN_POINT('Ctrl Pts',(17.8072033182109,2.20000000000001,-0.878505800473089));
#9153=CARTESIAN_POINT('Ctrl Pts',(17.7513896686236,2.20000000000001,-0.832126494149839));
#9154=CARTESIAN_POINT('Ctrl Pts',(17.678181962133,2.20000000000001,-0.830185921490595));
#9155=CARTESIAN_POINT('Ctrl Pts',(17.6369042213145,2.20000000000001,-0.829091740848861));
#9156=CARTESIAN_POINT('',(17.8315467651072,1.50000000000001,-0.898734403850875));
#9157=CARTESIAN_POINT('Ctrl Pts',(17.886902790803,1.50000000000001,-1.13980598569139));
#9158=CARTESIAN_POINT('Ctrl Pts',(17.886902790803,2.20000000000001,-1.13980598569139));
#9159=CARTESIAN_POINT('Ctrl Pts',(17.8866652576109,1.50000000000001,-1.09001349860394));
#9160=CARTESIAN_POINT('Ctrl Pts',(17.8866652576109,2.20000000000001,-1.09001349860394));
#9161=CARTESIAN_POINT('Ctrl Pts',(17.8862596508334,1.50000000000001,-1.00498887512171));
#9162=CARTESIAN_POINT('Ctrl Pts',(17.8862596508334,2.20000000000001,-1.00498887512171));
#9163=CARTESIAN_POINT('Ctrl Pts',(17.847576232843,1.50000000000001,-0.929864229967908));
#9164=CARTESIAN_POINT('Ctrl Pts',(17.847576232843,2.20000000000001,-0.929864229967908));
#9165=CARTESIAN_POINT('Ctrl Pts',(17.8315467651072,1.50000000000001,-0.898734403850875));
#9166=CARTESIAN_POINT('Ctrl Pts',(17.8315467651072,2.20000000000001,-0.898734403850875));
#9167=CARTESIAN_POINT('',(17.886902790803,1.50000000000001,-1.13980598569139));
#9168=CARTESIAN_POINT('Ctrl Pts',(17.8315467651072,1.50000000000001,-0.898734403850875));
#9169=CARTESIAN_POINT('Ctrl Pts',(17.847576232843,1.50000000000001,-0.929864229967908));
#9170=CARTESIAN_POINT('Ctrl Pts',(17.8862596508334,1.50000000000001,-1.00498887512171));
#9171=CARTESIAN_POINT('Ctrl Pts',(17.8866652576109,1.50000000000001,-1.09001349860394));
#9172=CARTESIAN_POINT('Ctrl Pts',(17.886902790803,1.50000000000001,-1.13980598569139));
#9173=CARTESIAN_POINT('',(17.886902790803,2.20000000000001,-1.13980598569139));
#9174=CARTESIAN_POINT('Ctrl Pts',(17.886902790803,2.20000000000001,-1.13980598569139));
#9175=CARTESIAN_POINT('Ctrl Pts',(17.8866652576109,2.20000000000001,-1.09001349860394));
#9176=CARTESIAN_POINT('Ctrl Pts',(17.8862596508334,2.20000000000001,-1.00498887512171));
#9177=CARTESIAN_POINT('Ctrl Pts',(17.847576232843,2.20000000000001,-0.929864229967908));
#9178=CARTESIAN_POINT('Ctrl Pts',(17.8315467651072,2.20000000000001,-0.898734403850875));
#9179=CARTESIAN_POINT('',(17.886902790803,1.50000000000001,-1.13980598569139));
#9180=CARTESIAN_POINT('Origin',(17.886902790803,1.50000000000001,-1.23980589032396));
#9181=CARTESIAN_POINT('',(17.886902790803,1.5,16.9817409303009));
#9182=CARTESIAN_POINT('',(17.886902790803,2.20000000000001,-1.13980598569139));
#9183=CARTESIAN_POINT('Ctrl Pts',(18.3208317573252,1.50000000000001,-1.92730597973093));
#9184=CARTESIAN_POINT('Ctrl Pts',(18.3208317573252,2.20000000000001,-1.92730597973093));
#9185=CARTESIAN_POINT('Ctrl Pts',(18.2616119383565,1.50000000000001,-1.95593896288527));
#9186=CARTESIAN_POINT('Ctrl Pts',(18.2616119383565,2.20000000000001,-1.95593896288527));
#9187=CARTESIAN_POINT('Ctrl Pts',(18.1381792223024,1.50000000000001,-2.01561909938375));
#9188=CARTESIAN_POINT('Ctrl Pts',(18.1381792223024,2.20000000000001,-2.01561909938375));
#9189=CARTESIAN_POINT('Ctrl Pts',(18.0010822906615,1.50000000000001,-2.02213206483579));
#9190=CARTESIAN_POINT('Ctrl Pts',(18.0010822906615,2.20000000000001,-2.02213206483579));
#9191=CARTESIAN_POINT('Ctrl Pts',(17.9297609145823,1.50000000000001,-2.02552027821764));
#9192=CARTESIAN_POINT('Ctrl Pts',(17.9297609145823,2.20000000000001,-2.02552027821764));
#9193=CARTESIAN_POINT('',(17.9297609145823,2.20000000000001,-2.02552027821764));
#9194=CARTESIAN_POINT('',(17.9297609145823,1.50000000000001,-2.02552027821764));
#9195=CARTESIAN_POINT('',(18.3208317573252,2.20000000000001,-1.92730597973093));
#9196=CARTESIAN_POINT('Ctrl Pts',(18.3208317573252,2.20000000000001,-1.92730597973093));
#9197=CARTESIAN_POINT('Ctrl Pts',(18.2616119383565,2.20000000000001,-1.95593896288527));
#9198=CARTESIAN_POINT('Ctrl Pts',(18.1381792223024,2.20000000000001,-2.01561909938375));
#9199=CARTESIAN_POINT('Ctrl Pts',(18.0010822906615,2.20000000000001,-2.02213206483579));
#9200=CARTESIAN_POINT('Ctrl Pts',(17.9297609145823,2.20000000000001,-2.02552027821764));
#9201=CARTESIAN_POINT('',(18.3208317573252,1.50000000000001,-1.92730597973093));
#9202=CARTESIAN_POINT('Ctrl Pts',(18.5726160819712,1.50000000000001,-1.65766306042894));
#9203=CARTESIAN_POINT('Ctrl Pts',(18.5726160819712,2.20000000000001,-1.65766306042894));
#9204=CARTESIAN_POINT('Ctrl Pts',(18.5406479116029,1.50000000000001,-1.71178412052257));
#9205=CARTESIAN_POINT('Ctrl Pts',(18.5406479116029,2.20000000000001,-1.71178412052257));
#9206=CARTESIAN_POINT('Ctrl Pts',(18.4765985471965,1.50000000000001,-1.82021758606202));
#9207=CARTESIAN_POINT('Ctrl Pts',(18.4765985471965,2.20000000000001,-1.82021758606202));
#9208=CARTESIAN_POINT('Ctrl Pts',(18.3728150672259,1.50000000000001,-1.89156787946285));
#9209=CARTESIAN_POINT('Ctrl Pts',(18.3728150672259,2.20000000000001,-1.89156787946285));
#9210=CARTESIAN_POINT('Ctrl Pts',(18.3208317573252,1.50000000000001,-1.92730597973093));
#9211=CARTESIAN_POINT('Ctrl Pts',(18.3208317573252,2.20000000000001,-1.92730597973093));
#9212=CARTESIAN_POINT('',(18.5726160819712,2.20000000000001,-1.65766306042894));
#9213=CARTESIAN_POINT('Ctrl Pts',(18.5726160819712,2.20000000000001,-1.65766306042894));
#9214=CARTESIAN_POINT('Ctrl Pts',(18.5406479116029,2.20000000000001,-1.71178412052257));
#9215=CARTESIAN_POINT('Ctrl Pts',(18.4765985471965,2.20000000000001,-1.82021758606202));
#9216=CARTESIAN_POINT('Ctrl Pts',(18.3728150672259,2.20000000000001,-1.89156787946285));
#9217=CARTESIAN_POINT('Ctrl Pts',(18.3208317573252,2.20000000000001,-1.92730597973093));
#9218=CARTESIAN_POINT('',(18.5726160819712,1.50000000000001,-1.65766306042894));
#9219=CARTESIAN_POINT('Ctrl Pts',(18.6583323295298,1.50000000000001,-1.26837737679704));
#9220=CARTESIAN_POINT('Ctrl Pts',(18.6583323295298,2.20000000000001,-1.26837737679704));
#9221=CARTESIAN_POINT('Ctrl Pts',(18.6552610375614,1.50000000000001,-1.3380406472121));
#9222=CARTESIAN_POINT('Ctrl Pts',(18.6552610375614,2.20000000000001,-1.3380406472121));
#9223=CARTESIAN_POINT('Ctrl Pts',(18.6493163777191,1.50000000000001,-1.4728778591634));
#9224=CARTESIAN_POINT('Ctrl Pts',(18.6493163777191,2.20000000000001,-1.4728778591634));
#9225=CARTESIAN_POINT('Ctrl Pts',(18.5976089911352,1.50000000000001,-1.59745051880788));
#9226=CARTESIAN_POINT('Ctrl Pts',(18.5976089911352,2.20000000000001,-1.59745051880788));
#9227=CARTESIAN_POINT('Ctrl Pts',(18.5726160819712,1.50000000000001,-1.65766306042894));
#9228=CARTESIAN_POINT('Ctrl Pts',(18.5726160819712,2.20000000000001,-1.65766306042894));
#9229=CARTESIAN_POINT('',(18.6583323295298,2.20000000000001,-1.26837737679704));
#9230=CARTESIAN_POINT('Ctrl Pts',(18.6583323295298,2.20000000000001,-1.26837737679704));
#9231=CARTESIAN_POINT('Ctrl Pts',(18.6552610375614,2.20000000000001,-1.3380406472121));
#9232=CARTESIAN_POINT('Ctrl Pts',(18.6493163777191,2.20000000000001,-1.4728778591634));
#9233=CARTESIAN_POINT('Ctrl Pts',(18.5976089911352,2.20000000000001,-1.59745051880788));
#9234=CARTESIAN_POINT('Ctrl Pts',(18.5726160819712,2.20000000000001,-1.65766306042894));
#9235=CARTESIAN_POINT('',(18.6583323295298,1.50000000000001,-1.26837737679704));
#9236=CARTESIAN_POINT('Origin',(18.6583323295298,1.50000000000001,-1.11123449921831));
#9237=CARTESIAN_POINT('',(18.6583323295298,2.20000000000001,-1.11123449921831));
#9238=CARTESIAN_POINT('',(18.6583323295298,2.20000000000001,-1.26837737679704));
#9239=CARTESIAN_POINT('',(18.6583323295298,1.50000000000001,-1.11123449921831));
#9240=CARTESIAN_POINT('Ctrl Pts',(18.5511894042674,1.50000000000001,-0.689806116821609));
#9241=CARTESIAN_POINT('Ctrl Pts',(18.5511894042674,2.20000000000001,-0.689806116821609));
#9242=CARTESIAN_POINT('Ctrl Pts',(18.5824383645949,1.50000000000001,-0.755927481306276));
#9243=CARTESIAN_POINT('Ctrl Pts',(18.5824383645949,2.20000000000001,-0.755927481306276));
#9244=CARTESIAN_POINT('Ctrl Pts',(18.6455222831632,1.50000000000001,-0.889410154939241));
#9245=CARTESIAN_POINT('Ctrl Pts',(18.6455222831632,2.20000000000001,-0.889410154939241));
#9246=CARTESIAN_POINT('Ctrl Pts',(18.6540359524039,1.50000000000001,-1.03683656095458));
#9247=CARTESIAN_POINT('Ctrl Pts',(18.6540359524039,2.20000000000001,-1.03683656095458));
#9248=CARTESIAN_POINT('Ctrl Pts',(18.6583323295298,1.50000000000001,-1.11123449921831));
#9249=CARTESIAN_POINT('Ctrl Pts',(18.6583323295298,2.20000000000001,-1.11123449921831));
#9250=CARTESIAN_POINT('',(18.5511894042674,2.20000000000001,-0.689806116821609));
#9251=CARTESIAN_POINT('Ctrl Pts',(18.5511894042674,2.20000000000001,-0.689806116821609));
#9252=CARTESIAN_POINT('Ctrl Pts',(18.5824383645949,2.20000000000001,-0.755927481306276));
#9253=CARTESIAN_POINT('Ctrl Pts',(18.6455222831632,2.20000000000001,-0.889410154939241));
#9254=CARTESIAN_POINT('Ctrl Pts',(18.6540359524039,2.20000000000001,-1.03683656095458));
#9255=CARTESIAN_POINT('Ctrl Pts',(18.6583323295298,2.20000000000001,-1.11123449921831));
#9256=CARTESIAN_POINT('',(18.5511894042674,1.50000000000001,-0.689806116821609));
#9257=CARTESIAN_POINT('Ctrl Pts',(18.2226176078501,1.50000000000001,-0.379091573955856));
#9258=CARTESIAN_POINT('Ctrl Pts',(18.2226176078501,2.20000000000001,-0.379091573955856));
#9259=CARTESIAN_POINT('Ctrl Pts',(18.2910017410354,1.50000000000001,-0.420336604646379));
#9260=CARTESIAN_POINT('Ctrl Pts',(18.2910017410354,2.20000000000001,-0.420336604646379));
#9261=CARTESIAN_POINT('Ctrl Pts',(18.4232607177799,1.50000000000001,-0.500106944648243));
#9262=CARTESIAN_POINT('Ctrl Pts',(18.4232607177799,2.20000000000001,-0.500106944648243));
#9263=CARTESIAN_POINT('Ctrl Pts',(18.5095269065733,1.50000000000001,-0.628026843226053));
#9264=CARTESIAN_POINT('Ctrl Pts',(18.5095269065733,2.20000000000001,-0.628026843226053));
#9265=CARTESIAN_POINT('Ctrl Pts',(18.5511894042674,1.50000000000001,-0.689806116821609));
#9266=CARTESIAN_POINT('Ctrl Pts',(18.5511894042674,2.20000000000001,-0.689806116821609));
#9267=CARTESIAN_POINT('',(18.2226176078501,2.20000000000001,-0.379091573955856));
#9268=CARTESIAN_POINT('Ctrl Pts',(18.2226176078501,2.20000000000001,-0.379091573955856));
#9269=CARTESIAN_POINT('Ctrl Pts',(18.2910017410354,2.20000000000001,-0.420336604646379));
#9270=CARTESIAN_POINT('Ctrl Pts',(18.4232607177799,2.20000000000001,-0.500106944648243));
#9271=CARTESIAN_POINT('Ctrl Pts',(18.5095269065733,2.20000000000001,-0.628026843226053));
#9272=CARTESIAN_POINT('Ctrl Pts',(18.5511894042674,2.20000000000001,-0.689806116821609));
#9273=CARTESIAN_POINT('',(18.2226176078501,1.50000000000001,-0.379091573955856));
#9274=CARTESIAN_POINT('Ctrl Pts',(17.6761884505931,1.50000000000001,-0.261234415771804));
#9275=CARTESIAN_POINT('Ctrl Pts',(17.6761884505931,2.20000000000001,-0.261234415771804));
#9276=CARTESIAN_POINT('Ctrl Pts',(17.7773217968938,1.50000000000001,-0.264679691207609));
#9277=CARTESIAN_POINT('Ctrl Pts',(17.7773217968938,2.20000000000001,-0.264679691207609));
#9278=CARTESIAN_POINT('Ctrl Pts',(17.9668311059006,1.50000000000001,-0.271135640615598));
#9279=CARTESIAN_POINT('Ctrl Pts',(17.9668311059006,2.20000000000001,-0.271135640615598));
#9280=CARTESIAN_POINT('Ctrl Pts',(18.1412697256192,1.50000000000001,-0.344758305841381));
#9281=CARTESIAN_POINT('Ctrl Pts',(18.1412697256192,2.20000000000001,-0.344758305841381));
#9282=CARTESIAN_POINT('Ctrl Pts',(18.2226176078501,1.50000000000001,-0.379091573955856));
#9283=CARTESIAN_POINT('Ctrl Pts',(18.2226176078501,2.20000000000001,-0.379091573955856));
#9284=CARTESIAN_POINT('',(17.6761884505931,2.20000000000001,-0.261234415771804));
#9285=CARTESIAN_POINT('Ctrl Pts',(17.6761884505931,2.20000000000001,-0.261234415771804));
#9286=CARTESIAN_POINT('Ctrl Pts',(17.7773217968938,2.20000000000001,-0.264679691207609));
#9287=CARTESIAN_POINT('Ctrl Pts',(17.9668311059006,2.20000000000001,-0.271135640615598));
#9288=CARTESIAN_POINT('Ctrl Pts',(18.1412697256192,2.20000000000001,-0.344758305841381));
#9289=CARTESIAN_POINT('Ctrl Pts',(18.2226176078501,2.20000000000001,-0.379091573955856));
#9290=CARTESIAN_POINT('',(17.6761884505931,1.50000000000001,-0.261234415771804));
#9291=CARTESIAN_POINT('Ctrl Pts',(16.9136888797465,1.50000000000001,-0.541591717007003));
#9292=CARTESIAN_POINT('Ctrl Pts',(16.9136888797465,2.20000000000001,-0.541591717007003));
#9293=CARTESIAN_POINT('Ctrl Pts',(17.0171228578146,1.50000000000001,-0.459928980869241));
#9294=CARTESIAN_POINT('Ctrl Pts',(17.0171228578146,2.20000000000001,-0.459928980869241));
#9295=CARTESIAN_POINT('Ctrl Pts',(17.2396517593426,1.50000000000001,-0.284238948368014));
#9296=CARTESIAN_POINT('Ctrl Pts',(17.2396517593426,2.20000000000001,-0.284238948368014));
#9297=CARTESIAN_POINT('Ctrl Pts',(17.5240055522435,1.50000000000001,-0.269254122971307));
#9298=CARTESIAN_POINT('Ctrl Pts',(17.5240055522435,2.20000000000001,-0.269254122971307));
#9299=CARTESIAN_POINT('Ctrl Pts',(17.6761884505931,1.50000000000001,-0.261234415771804));
#9300=CARTESIAN_POINT('Ctrl Pts',(17.6761884505931,2.20000000000001,-0.261234415771804));
#9301=CARTESIAN_POINT('',(16.9136888797465,2.20000000000001,-0.541591717007003));
#9302=CARTESIAN_POINT('Ctrl Pts',(16.9136888797465,2.20000000000001,-0.541591717007003));
#9303=CARTESIAN_POINT('Ctrl Pts',(17.0171228578146,2.20000000000001,-0.459928980869241));
#9304=CARTESIAN_POINT('Ctrl Pts',(17.2396517593426,2.20000000000001,-0.284238948368014));
#9305=CARTESIAN_POINT('Ctrl Pts',(17.5240055522435,2.20000000000001,-0.269254122971307));
#9306=CARTESIAN_POINT('Ctrl Pts',(17.6761884505931,2.20000000000001,-0.261234415771804));
#9307=CARTESIAN_POINT('',(16.9136888797465,1.50000000000001,-0.541591717007003));
#9308=CARTESIAN_POINT('Ctrl Pts',(16.6476173217478,1.50000000000001,-1.32194883942827));
#9309=CARTESIAN_POINT('Ctrl Pts',(16.6476173217478,2.20000000000001,-1.32194883942827));
#9310=CARTESIAN_POINT('Ctrl Pts',(16.6551804303578,1.50000000000001,-1.16837460250963));
#9311=CARTESIAN_POINT('Ctrl Pts',(16.6551804303578,2.20000000000001,-1.16837460250963));
#9312=CARTESIAN_POINT('Ctrl Pts',(16.6693004692413,1.50000000000001,-0.881657287099572));
#9313=CARTESIAN_POINT('Ctrl Pts',(16.6693004692413,2.20000000000001,-0.881657287099572));
#9314=CARTESIAN_POINT('Ctrl Pts',(16.8361902021029,1.50000000000001,-0.649430840555506));
#9315=CARTESIAN_POINT('Ctrl Pts',(16.8361902021029,2.20000000000001,-0.649430840555506));
#9316=CARTESIAN_POINT('Ctrl Pts',(16.9136888797465,1.50000000000001,-0.541591717007003));
#9317=CARTESIAN_POINT('Ctrl Pts',(16.9136888797465,2.20000000000001,-0.541591717007003));
#9318=CARTESIAN_POINT('',(16.6476173217478,2.20000000000001,-1.32194883942827));
#9319=CARTESIAN_POINT('Ctrl Pts',(16.6476173217478,2.20000000000001,-1.32194883942827));
#9320=CARTESIAN_POINT('Ctrl Pts',(16.6551804303578,2.20000000000001,-1.16837460250963));
#9321=CARTESIAN_POINT('Ctrl Pts',(16.6693004692413,2.20000000000001,-0.881657287099572));
#9322=CARTESIAN_POINT('Ctrl Pts',(16.8361902021029,2.20000000000001,-0.649430840555506));
#9323=CARTESIAN_POINT('Ctrl Pts',(16.9136888797465,2.20000000000001,-0.541591717007003));
#9324=CARTESIAN_POINT('',(16.6476173217478,1.50000000000001,-1.32194883942827));
#9325=CARTESIAN_POINT('Origin',(16.6476173217478,1.50000000000001,-1.51480592608675));
#9326=CARTESIAN_POINT('',(16.6476173217478,2.20000000000001,-1.51480592608675));
#9327=CARTESIAN_POINT('',(16.6476173217478,2.20000000000001,-1.32194883942827));
#9328=CARTESIAN_POINT('',(16.6476173217478,1.50000000000001,-1.51480592608675));
#9329=CARTESIAN_POINT('Ctrl Pts',(17.1029741580668,1.50000000000001,-2.54516310811266));
#9330=CARTESIAN_POINT('Ctrl Pts',(17.1029741580668,2.20000000000001,-2.54516310811266));
#9331=CARTESIAN_POINT('Ctrl Pts',(16.9702364166583,1.50000000000001,-2.40867598012153));
#9332=CARTESIAN_POINT('Ctrl Pts',(16.9702364166583,2.20000000000001,-2.40867598012153));
#9333=CARTESIAN_POINT('Ctrl Pts',(16.6921354101736,1.50000000000001,-2.1227195726692));
#9334=CARTESIAN_POINT('Ctrl Pts',(16.6921354101736,2.20000000000001,-2.1227195726692));
#9335=CARTESIAN_POINT('Ctrl Pts',(16.6628991179302,1.50000000000001,-1.72348542630961));
#9336=CARTESIAN_POINT('Ctrl Pts',(16.6628991179302,2.20000000000001,-1.72348542630961));
#9337=CARTESIAN_POINT('Ctrl Pts',(16.6476173217478,1.50000000000001,-1.51480592608675));
#9338=CARTESIAN_POINT('Ctrl Pts',(16.6476173217478,2.20000000000001,-1.51480592608675));
#9339=CARTESIAN_POINT('',(17.1029741580668,2.20000000000001,-2.54516310811266));
#9340=CARTESIAN_POINT('Ctrl Pts',(17.1029741580668,2.20000000000001,-2.54516310811266));
#9341=CARTESIAN_POINT('Ctrl Pts',(16.9702364166583,2.20000000000001,-2.40867598012153));
#9342=CARTESIAN_POINT('Ctrl Pts',(16.6921354101736,2.20000000000001,-2.1227195726692));
#9343=CARTESIAN_POINT('Ctrl Pts',(16.6628991179302,2.20000000000001,-1.72348542630961));
#9344=CARTESIAN_POINT('Ctrl Pts',(16.6476173217478,2.20000000000001,-1.51480592608675));
#9345=CARTESIAN_POINT('',(17.1029741580668,1.50000000000001,-2.54516310811266));
#9346=CARTESIAN_POINT('Ctrl Pts',(18.376187783021,1.50000000000001,-2.904091550114));
#9347=CARTESIAN_POINT('Ctrl Pts',(18.376187783021,2.20000000000001,-2.904091550114));
#9348=CARTESIAN_POINT('Ctrl Pts',(18.1274933474926,1.50000000000001,-2.89461952022902));
#9349=CARTESIAN_POINT('Ctrl Pts',(18.1274933474926,2.20000000000001,-2.89461952022902));
#9350=CARTESIAN_POINT('Ctrl Pts',(17.6725221627574,1.50000000000001,-2.877291023717));
#9351=CARTESIAN_POINT('Ctrl Pts',(17.6725221627574,2.20000000000001,-2.877291023717));
#9352=CARTESIAN_POINT('Ctrl Pts',(17.2806450510773,1.50000000000001,-2.64877064052984));
#9353=CARTESIAN_POINT('Ctrl Pts',(17.2806450510773,2.20000000000001,-2.64877064052984));
#9354=CARTESIAN_POINT('Ctrl Pts',(17.1029741580668,1.50000000000001,-2.54516310811266));
#9355=CARTESIAN_POINT('Ctrl Pts',(17.1029741580668,2.20000000000001,-2.54516310811266));
#9356=CARTESIAN_POINT('',(18.376187783021,2.20000000000001,-2.904091550114));
#9357=CARTESIAN_POINT('Ctrl Pts',(18.376187783021,2.20000000000001,-2.904091550114));
#9358=CARTESIAN_POINT('Ctrl Pts',(18.1274933474926,2.20000000000001,-2.89461952022902));
#9359=CARTESIAN_POINT('Ctrl Pts',(17.6725221627574,2.20000000000001,-2.877291023717));
#9360=CARTESIAN_POINT('Ctrl Pts',(17.2806450510773,2.20000000000001,-2.64877064052984));
#9361=CARTESIAN_POINT('Ctrl Pts',(17.1029741580668,2.20000000000001,-2.54516310811266));
#9362=CARTESIAN_POINT('',(18.376187783021,1.50000000000001,-2.904091550114));
#9363=CARTESIAN_POINT('Origin',(18.376187783021,1.50000000000001,-2.32194877982362));
#9364=CARTESIAN_POINT('',(18.376187783021,2.20000000000001,-2.32194877982362));
#9365=CARTESIAN_POINT('',(18.376187783021,2.20000000000001,-2.904091550114));
#9366=CARTESIAN_POINT('',(18.376187783021,1.50000000000001,-2.32194877982362));
#9367=CARTESIAN_POINT('Ctrl Pts',(17.7261895950022,1.50000000000001,-2.21837736487611));
#9368=CARTESIAN_POINT('Ctrl Pts',(17.7261895950022,2.20000000000001,-2.21837736487611));
#9369=CARTESIAN_POINT('Ctrl Pts',(17.8201555699236,1.50000000000001,-2.24765683805151));
#9370=CARTESIAN_POINT('Ctrl Pts',(17.8201555699236,2.20000000000001,-2.24765683805151));
#9371=CARTESIAN_POINT('Ctrl Pts',(18.0314975913716,1.50000000000001,-2.31351028184324));
#9372=CARTESIAN_POINT('Ctrl Pts',(18.0314975913716,2.20000000000001,-2.31351028184324));
#9373=CARTESIAN_POINT('Ctrl Pts',(18.253108536962,1.50000000000001,-2.31893562773964));
#9374=CARTESIAN_POINT('Ctrl Pts',(18.253108536962,2.20000000000001,-2.31893562773964));
#9375=CARTESIAN_POINT('Ctrl Pts',(18.376187783021,1.50000000000001,-2.32194877982362));
#9376=CARTESIAN_POINT('Ctrl Pts',(18.376187783021,2.20000000000001,-2.32194877982362));
#9377=CARTESIAN_POINT('',(17.7261895950022,2.20000000000001,-2.21837736487611));
#9378=CARTESIAN_POINT('Ctrl Pts',(17.7261895950022,2.20000000000001,-2.21837736487611));
#9379=CARTESIAN_POINT('Ctrl Pts',(17.8201555699236,2.20000000000001,-2.24765683805151));
#9380=CARTESIAN_POINT('Ctrl Pts',(18.0314975913716,2.20000000000001,-2.31351028184324));
#9381=CARTESIAN_POINT('Ctrl Pts',(18.253108536962,2.20000000000001,-2.31893562773964));
#9382=CARTESIAN_POINT('Ctrl Pts',(18.376187783021,2.20000000000001,-2.32194877982362));
#9383=CARTESIAN_POINT('',(17.7261895950022,1.50000000000001,-2.21837736487611));
#9384=CARTESIAN_POINT('Ctrl Pts',(17.4226183707896,1.50000000000001,-1.86480603933557));
#9385=CARTESIAN_POINT('Ctrl Pts',(17.4226183707896,2.20000000000001,-1.86480603933557));
#9386=CARTESIAN_POINT('Ctrl Pts',(17.4505320420841,1.50000000000001,-1.94296664880817));
#9387=CARTESIAN_POINT('Ctrl Pts',(17.4505320420841,2.20000000000001,-1.94296664880817));
#9388=CARTESIAN_POINT('Ctrl Pts',(17.5064798455868,1.50000000000001,-2.09962516836593));
#9389=CARTESIAN_POINT('Ctrl Pts',(17.5064798455868,2.20000000000001,-2.09962516836593));
#9390=CARTESIAN_POINT('Ctrl Pts',(17.6528479637288,1.50000000000001,-2.17873652129711));
#9391=CARTESIAN_POINT('Ctrl Pts',(17.6528479637288,2.20000000000001,-2.17873652129711));
#9392=CARTESIAN_POINT('Ctrl Pts',(17.7261895950022,1.50000000000001,-2.21837736487611));
#9393=CARTESIAN_POINT('Ctrl Pts',(17.7261895950022,2.20000000000001,-2.21837736487611));
#9394=CARTESIAN_POINT('',(17.4226183707896,2.20000000000001,-1.86480603933557));
#9395=CARTESIAN_POINT('Ctrl Pts',(17.4226183707896,2.20000000000001,-1.86480603933557));
#9396=CARTESIAN_POINT('Ctrl Pts',(17.4505320420841,2.20000000000001,-1.94296664880817));
#9397=CARTESIAN_POINT('Ctrl Pts',(17.5064798455868,2.20000000000001,-2.09962516836593));
#9398=CARTESIAN_POINT('Ctrl Pts',(17.6528479637288,2.20000000000001,-2.17873652129711));
#9399=CARTESIAN_POINT('Ctrl Pts',(17.7261895950022,2.20000000000001,-2.21837736487611));
#9400=CARTESIAN_POINT('',(17.4226183707896,1.50000000000001,-1.86480603933557));
#9401=CARTESIAN_POINT('Ctrl Pts',(17.9297609145823,1.50000000000001,-2.02552027821764));
#9402=CARTESIAN_POINT('Ctrl Pts',(17.9297609145823,2.20000000000001,-2.02552027821764));
#9403=CARTESIAN_POINT('Ctrl Pts',(17.832322971827,1.50000000000001,-2.02062352081043));
#9404=CARTESIAN_POINT('Ctrl Pts',(17.832322971827,2.20000000000001,-2.02062352081043));
#9405=CARTESIAN_POINT('Ctrl Pts',(17.6486862625531,1.50000000000001,-2.01139483236583));
#9406=CARTESIAN_POINT('Ctrl Pts',(17.6486862625531,2.20000000000001,-2.01139483236583));
#9407=CARTESIAN_POINT('Ctrl Pts',(17.4948356111737,1.50000000000001,-1.91163373353532));
#9408=CARTESIAN_POINT('Ctrl Pts',(17.4948356111737,2.20000000000001,-1.91163373353532));
#9409=CARTESIAN_POINT('Ctrl Pts',(17.4226183707896,1.50000000000001,-1.86480603933557));
#9410=CARTESIAN_POINT('Ctrl Pts',(17.4226183707896,2.20000000000001,-1.86480603933557));
#9411=CARTESIAN_POINT('Ctrl Pts',(17.9297609145823,2.20000000000001,-2.02552027821764));
#9412=CARTESIAN_POINT('Ctrl Pts',(17.832322971827,2.20000000000001,-2.02062352081043));
#9413=CARTESIAN_POINT('Ctrl Pts',(17.6486862625531,2.20000000000001,-2.01139483236583));
#9414=CARTESIAN_POINT('Ctrl Pts',(17.4948356111737,2.20000000000001,-1.91163373353532));
#9415=CARTESIAN_POINT('Ctrl Pts',(17.4226183707896,2.20000000000001,-1.86480603933557));
#9416=CARTESIAN_POINT('Origin',(7.90118915918983,2.20000000000001,-1.61837734103426));
#9417=CARTESIAN_POINT('Origin',(37.3793462140551,1.5,35.2032877509258));
#9418=CARTESIAN_POINT('Ctrl Pts',(5.56904624058634,1.50000000000001,-2.17194877386316));
#9419=CARTESIAN_POINT('Ctrl Pts',(5.56904624058634,2.20000000000001,-2.17194877386316));
#9420=CARTESIAN_POINT('Ctrl Pts',(5.50411484767023,1.50000000000001,-2.22400812005181));
#9421=CARTESIAN_POINT('Ctrl Pts',(5.50411484767023,2.20000000000001,-2.22400812005181));
#9422=CARTESIAN_POINT('Ctrl Pts',(5.36870076377549,1.50000000000001,-2.33257761711164));
#9423=CARTESIAN_POINT('Ctrl Pts',(5.36870076377549,2.20000000000001,-2.33257761711164));
#9424=CARTESIAN_POINT('Ctrl Pts',(5.1951123607558,1.50000000000001,-2.34437812930293));
#9425=CARTESIAN_POINT('Ctrl Pts',(5.1951123607558,2.20000000000001,-2.34437812930293));
#9426=CARTESIAN_POINT('Ctrl Pts',(5.10476003243357,1.50000000000001,-2.35052026629671));
#9427=CARTESIAN_POINT('Ctrl Pts',(5.10476003243357,2.20000000000001,-2.35052026629671));
#9428=CARTESIAN_POINT('',(5.10476003243357,2.20000000000001,-2.35052026629671));
#9429=CARTESIAN_POINT('',(5.10476003243357,1.50000000000001,-2.35052026629671));
#9430=CARTESIAN_POINT('',(5.56904624058634,2.20000000000001,-2.17194877386316));
#9431=CARTESIAN_POINT('Ctrl Pts',(5.56904624058634,2.20000000000001,-2.17194877386316));
#9432=CARTESIAN_POINT('Ctrl Pts',(5.50411484767023,2.20000000000001,-2.22400812005181));
#9433=CARTESIAN_POINT('Ctrl Pts',(5.36870076377549,2.20000000000001,-2.33257761711164));
#9434=CARTESIAN_POINT('Ctrl Pts',(5.1951123607558,2.20000000000001,-2.34437812930293));
#9435=CARTESIAN_POINT('Ctrl Pts',(5.10476003243357,2.20000000000001,-2.35052026629671));
#9436=CARTESIAN_POINT('',(5.56904624058634,1.50000000000001,-2.17194877386316));
#9437=CARTESIAN_POINT('Ctrl Pts',(5.74404607369333,1.50000000000001,-1.67552031398042));
#9438=CARTESIAN_POINT('Ctrl Pts',(5.74404607369333,2.20000000000001,-1.67552031398042));
#9439=CARTESIAN_POINT('Ctrl Pts',(5.73891234954213,1.50000000000001,-1.77334050314543));
#9440=CARTESIAN_POINT('Ctrl Pts',(5.73891234954213,2.20000000000001,-1.77334050314543));
#9441=CARTESIAN_POINT('Ctrl Pts',(5.72928790303166,1.50000000000001,-1.95672884863));
#9442=CARTESIAN_POINT('Ctrl Pts',(5.72928790303166,2.20000000000001,-1.95672884863));
#9443=CARTESIAN_POINT('Ctrl Pts',(5.62002691414898,1.50000000000001,-2.10347683850594));
#9444=CARTESIAN_POINT('Ctrl Pts',(5.62002691414898,2.20000000000001,-2.10347683850594));
#9445=CARTESIAN_POINT('Ctrl Pts',(5.56904624058634,1.50000000000001,-2.17194877386316));
#9446=CARTESIAN_POINT('Ctrl Pts',(5.56904624058634,2.20000000000001,-2.17194877386316));
#9447=CARTESIAN_POINT('',(5.74404607369333,2.20000000000001,-1.67552031398042));
#9448=CARTESIAN_POINT('Ctrl Pts',(5.74404607369333,2.20000000000001,-1.67552031398042));
#9449=CARTESIAN_POINT('Ctrl Pts',(5.73891234954213,2.20000000000001,-1.77334050314543));
#9450=CARTESIAN_POINT('Ctrl Pts',(5.72928790303166,2.20000000000001,-1.95672884863));
#9451=CARTESIAN_POINT('Ctrl Pts',(5.62002691414898,2.20000000000001,-2.10347683850594));
#9452=CARTESIAN_POINT('Ctrl Pts',(5.56904624058634,2.20000000000001,-2.17194877386316));
#9453=CARTESIAN_POINT('',(5.74404607369333,1.50000000000001,-1.67552031398042));
#9454=CARTESIAN_POINT('Origin',(5.74404607369333,1.50000000000001,-0.332663131954514));
#9455=CARTESIAN_POINT('',(5.74404607369333,2.20000000000001,-0.332663131954514));
#9456=CARTESIAN_POINT('',(5.74404607369333,2.20000000000001,-1.67552031398042));
#9457=CARTESIAN_POINT('',(5.74404607369333,1.50000000000001,-0.332663131954514));
#9458=CARTESIAN_POINT('Origin',(4.96547470642954,1.50000000000001,-0.332663131954514));
#9459=CARTESIAN_POINT('',(4.96547470642954,2.20000000000001,-0.332663131954514));
#9460=CARTESIAN_POINT('',(5.74404607369333,2.20000000000001,-0.332663131954514));
#9461=CARTESIAN_POINT('',(4.96547470642954,1.50000000000001,-0.332663131954514));
#9462=CARTESIAN_POINT('Origin',(4.96547470642954,1.50000000000001,-1.6326630842708));
#9463=CARTESIAN_POINT('',(4.96547470642954,2.20000000000001,-1.6326630842708));
#9464=CARTESIAN_POINT('',(4.96547470642954,2.20000000000001,-0.332663131954514));
#9465=CARTESIAN_POINT('',(4.96547470642954,1.50000000000001,-1.6326630842708));
#9466=CARTESIAN_POINT('Ctrl Pts',(4.92440293385416,1.50000000000001,-1.77016310215219));
#9467=CARTESIAN_POINT('Ctrl Pts',(4.92440293385416,2.20000000000001,-1.77016310215219));
#9468=CARTESIAN_POINT('Ctrl Pts',(4.93635494628966,1.50000000000001,-1.75120302509665));
#9469=CARTESIAN_POINT('Ctrl Pts',(4.93635494628966,2.20000000000001,-1.75120302509665));
#9470=CARTESIAN_POINT('Ctrl Pts',(4.96271522851383,1.50000000000001,-1.70938638669592));
#9471=CARTESIAN_POINT('Ctrl Pts',(4.96271522851383,2.20000000000001,-1.70938638669592));
#9472=CARTESIAN_POINT('Ctrl Pts',(4.96449946202368,1.50000000000001,-1.65977834801799));
#9473=CARTESIAN_POINT('Ctrl Pts',(4.96449946202368,2.20000000000001,-1.65977834801799));
#9474=CARTESIAN_POINT('Ctrl Pts',(4.96547470642954,1.50000000000001,-1.6326630842708));
#9475=CARTESIAN_POINT('Ctrl Pts',(4.96547470642954,2.20000000000001,-1.6326630842708));
#9476=CARTESIAN_POINT('',(4.92440293385416,2.20000000000001,-1.77016310215219));
#9477=CARTESIAN_POINT('Ctrl Pts',(4.92440293385416,2.20000000000001,-1.77016310215219));
#9478=CARTESIAN_POINT('Ctrl Pts',(4.93635494628966,2.20000000000001,-1.75120302509665));
#9479=CARTESIAN_POINT('Ctrl Pts',(4.96271522851383,2.20000000000001,-1.70938638669592));
#9480=CARTESIAN_POINT('Ctrl Pts',(4.96449946202368,2.20000000000001,-1.65977834801799));
#9481=CARTESIAN_POINT('Ctrl Pts',(4.96547470642954,2.20000000000001,-1.6326630842708));
#9482=CARTESIAN_POINT('',(4.92440293385416,1.50000000000001,-1.77016310215219));
#9483=CARTESIAN_POINT('Ctrl Pts',(4.8083318288508,1.50000000000001,-1.81837744832262));
#9484=CARTESIAN_POINT('Ctrl Pts',(4.8083318288508,2.20000000000001,-1.81837744832262));
#9485=CARTESIAN_POINT('Ctrl Pts',(4.83154503938832,1.50000000000001,-1.81678824538206));
#9486=CARTESIAN_POINT('Ctrl Pts',(4.83154503938832,2.20000000000001,-1.81678824538206));
#9487=CARTESIAN_POINT('Ctrl Pts',(4.8758231254884,1.50000000000001,-1.81375691697023));
#9488=CARTESIAN_POINT('Ctrl Pts',(4.8758231254884,2.20000000000001,-1.81375691697023));
#9489=CARTESIAN_POINT('Ctrl Pts',(4.90874206400621,1.50000000000001,-1.78421661703847));
#9490=CARTESIAN_POINT('Ctrl Pts',(4.90874206400621,2.20000000000001,-1.78421661703847));
#9491=CARTESIAN_POINT('Ctrl Pts',(4.92440293385416,1.50000000000001,-1.77016310215219));
#9492=CARTESIAN_POINT('Ctrl Pts',(4.92440293385416,2.20000000000001,-1.77016310215219));
#9493=CARTESIAN_POINT('',(4.8083318288508,2.20000000000001,-1.81837744832262));
#9494=CARTESIAN_POINT('Ctrl Pts',(4.8083318288508,2.20000000000001,-1.81837744832262));
#9495=CARTESIAN_POINT('Ctrl Pts',(4.83154503938832,2.20000000000001,-1.81678824538206));
#9496=CARTESIAN_POINT('Ctrl Pts',(4.8758231254884,2.20000000000001,-1.81375691697023));
#9497=CARTESIAN_POINT('Ctrl Pts',(4.90874206400621,2.20000000000001,-1.78421661703847));
#9498=CARTESIAN_POINT('Ctrl Pts',(4.92440293385416,2.20000000000001,-1.77016310215219));
#9499=CARTESIAN_POINT('',(4.8083318288508,1.50000000000001,-1.81837744832262));
#9500=CARTESIAN_POINT('Ctrl Pts',(4.6154744441691,1.50000000000001,-1.71480603337511));
#9501=CARTESIAN_POINT('Ctrl Pts',(4.6154744441691,2.20000000000001,-1.71480603337511));
#9502=CARTESIAN_POINT('Ctrl Pts',(4.64361804471941,1.50000000000001,-1.74497500759011));
#9503=CARTESIAN_POINT('Ctrl Pts',(4.64361804471941,2.20000000000001,-1.74497500759011));
#9504=CARTESIAN_POINT('Ctrl Pts',(4.69645575420197,1.50000000000001,-1.80161521935368));
#9505=CARTESIAN_POINT('Ctrl Pts',(4.69645575420197,2.20000000000001,-1.80161521935368));
#9506=CARTESIAN_POINT('Ctrl Pts',(4.77269897474296,1.50000000000001,-1.81303862980179));
#9507=CARTESIAN_POINT('Ctrl Pts',(4.77269897474296,2.20000000000001,-1.81303862980179));
#9508=CARTESIAN_POINT('Ctrl Pts',(4.8083318288508,1.50000000000001,-1.81837744832262));
#9509=CARTESIAN_POINT('Ctrl Pts',(4.8083318288508,2.20000000000001,-1.81837744832262));
#9510=CARTESIAN_POINT('',(4.6154744441691,2.20000000000001,-1.71480603337511));
#9511=CARTESIAN_POINT('Ctrl Pts',(4.6154744441691,2.20000000000001,-1.71480603337511));
#9512=CARTESIAN_POINT('Ctrl Pts',(4.64361804471941,2.20000000000001,-1.74497500759011));
#9513=CARTESIAN_POINT('Ctrl Pts',(4.69645575420197,2.20000000000001,-1.80161521935368));
#9514=CARTESIAN_POINT('Ctrl Pts',(4.77269897474296,2.20000000000001,-1.81303862980179));
#9515=CARTESIAN_POINT('Ctrl Pts',(4.8083318288508,2.20000000000001,-1.81837744832262));
#9516=CARTESIAN_POINT('',(4.6154744441691,1.50000000000001,-1.71480603337511));
#9517=CARTESIAN_POINT('Origin',(4.6154744441691,1.50000000000001,-0.332663131954514));
#9518=CARTESIAN_POINT('',(4.6154744441691,2.20000000000001,-0.332663131954514));
#9519=CARTESIAN_POINT('',(4.6154744441691,2.20000000000001,-1.71480603337511));
#9520=CARTESIAN_POINT('',(4.6154744441691,1.50000000000001,-0.332663131954514));
#9521=CARTESIAN_POINT('Origin',(3.83690307690531,1.50000000000001,-0.332663131954514));
#9522=CARTESIAN_POINT('',(3.83690307690531,2.20000000000001,-0.332663131954514));
#9523=CARTESIAN_POINT('',(4.6154744441691,2.20000000000001,-0.332663131954514));
#9524=CARTESIAN_POINT('',(3.83690307690531,1.50000000000001,-0.332663131954514));
#9525=CARTESIAN_POINT('Origin',(3.83690307690531,1.50000000000001,-2.97552026629671));
#9526=CARTESIAN_POINT('',(3.83690307690531,2.20000000000001,-2.97552026629671));
#9527=CARTESIAN_POINT('',(3.83690307690531,2.20000000000001,-0.332663131954514));
#9528=CARTESIAN_POINT('',(3.83690307690531,1.50000000000001,-2.97552026629671));
#9529=CARTESIAN_POINT('Origin',(4.6154744441691,1.50000000000001,-2.97552026629671));
#9530=CARTESIAN_POINT('',(4.6154744441691,2.20000000000001,-2.97552026629671));
#9531=CARTESIAN_POINT('',(3.83690307690531,2.20000000000001,-2.97552026629671));
#9532=CARTESIAN_POINT('',(4.6154744441691,1.50000000000001,-2.97552026629671));
#9533=CARTESIAN_POINT('Origin',(4.6154744441691,1.50000000000001,-2.17194877386316));
#9534=CARTESIAN_POINT('',(4.6154744441691,2.20000000000001,-2.17194877386316));
#9535=CARTESIAN_POINT('',(4.6154744441691,2.20000000000001,-2.97552026629671));
#9536=CARTESIAN_POINT('',(4.6154744441691,1.50000000000001,-2.17194877386316));
#9537=CARTESIAN_POINT('Ctrl Pts',(4.83333180500894,1.50000000000001,-2.30766303658708));
#9538=CARTESIAN_POINT('Ctrl Pts',(4.83333180500894,2.20000000000001,-2.30766303658708));
#9539=CARTESIAN_POINT('Ctrl Pts',(4.79444364205551,1.50000000000001,-2.29096978860974));
#9540=CARTESIAN_POINT('Ctrl Pts',(4.79444364205551,2.20000000000001,-2.29096978860974));
#9541=CARTESIAN_POINT('Ctrl Pts',(4.7149379027517,1.50000000000001,-2.25684091953949));
#9542=CARTESIAN_POINT('Ctrl Pts',(4.7149379027517,2.20000000000001,-2.25684091953949));
#9543=CARTESIAN_POINT('Ctrl Pts',(4.64910625495496,1.50000000000001,-2.20065355269629));
#9544=CARTESIAN_POINT('Ctrl Pts',(4.64910625495496,2.20000000000001,-2.20065355269629));
#9545=CARTESIAN_POINT('Ctrl Pts',(4.6154744441691,1.50000000000001,-2.17194877386316));
#9546=CARTESIAN_POINT('Ctrl Pts',(4.6154744441691,2.20000000000001,-2.17194877386316));
#9547=CARTESIAN_POINT('',(4.83333180500894,2.20000000000001,-2.30766303658708));
#9548=CARTESIAN_POINT('Ctrl Pts',(4.83333180500894,2.20000000000001,-2.30766303658708));
#9549=CARTESIAN_POINT('Ctrl Pts',(4.79444364205551,2.20000000000001,-2.29096978860974));
#9550=CARTESIAN_POINT('Ctrl Pts',(4.7149379027517,2.20000000000001,-2.25684091953949));
#9551=CARTESIAN_POINT('Ctrl Pts',(4.64910625495496,2.20000000000001,-2.20065355269629));
#9552=CARTESIAN_POINT('Ctrl Pts',(4.6154744441691,2.20000000000001,-2.17194877386316));
#9553=CARTESIAN_POINT('',(4.83333180500894,1.50000000000001,-2.30766303658708));
#9554=CARTESIAN_POINT('Ctrl Pts',(5.10476003243357,1.50000000000001,-2.35052026629671));
#9555=CARTESIAN_POINT('Ctrl Pts',(5.10476003243357,2.20000000000001,-2.35052026629671));
#9556=CARTESIAN_POINT('Ctrl Pts',(5.05619077665309,1.50000000000001,-2.34913351343986));
#9557=CARTESIAN_POINT('Ctrl Pts',(5.05619077665309,2.20000000000001,-2.34913351343986));
#9558=CARTESIAN_POINT('Ctrl Pts',(4.9638215585604,1.50000000000001,-2.34649618093361));
#9559=CARTESIAN_POINT('Ctrl Pts',(4.9638215585604,2.20000000000001,-2.34649618093361));
#9560=CARTESIAN_POINT('Ctrl Pts',(4.87530493189925,1.50000000000001,-2.3201540441248));
#9561=CARTESIAN_POINT('Ctrl Pts',(4.87530493189925,2.20000000000001,-2.3201540441248));
#9562=CARTESIAN_POINT('Ctrl Pts',(4.83333180500894,1.50000000000001,-2.30766303658708));
#9563=CARTESIAN_POINT('Ctrl Pts',(4.83333180500894,2.20000000000001,-2.30766303658708));
#9564=CARTESIAN_POINT('Ctrl Pts',(5.10476003243357,2.20000000000001,-2.35052026629671));
#9565=CARTESIAN_POINT('Ctrl Pts',(5.05619077665309,2.20000000000001,-2.34913351343986));
#9566=CARTESIAN_POINT('Ctrl Pts',(4.9638215585604,2.20000000000001,-2.34649618093361));
#9567=CARTESIAN_POINT('Ctrl Pts',(4.87530493189925,2.20000000000001,-2.3201540441248));
#9568=CARTESIAN_POINT('Ctrl Pts',(4.83333180500894,2.20000000000001,-2.30766303658708));
#9569=CARTESIAN_POINT('Origin',(7.90118915918983,2.20000000000001,-1.61837734103426));
#9570=CARTESIAN_POINT('Ctrl Pts',(1.45297447993189,1.50000000000001,-2.17194877386316));
#9571=CARTESIAN_POINT('Ctrl Pts',(1.45297447993189,2.20000000000001,-2.17194877386316));
#9572=CARTESIAN_POINT('Ctrl Pts',(1.3885029851162,1.50000000000001,-2.22400641186738));
#9573=CARTESIAN_POINT('Ctrl Pts',(1.3885029851162,2.20000000000001,-2.22400641186738));
#9574=CARTESIAN_POINT('Ctrl Pts',(1.25384270032357,1.50000000000001,-2.33273812933912));
#9575=CARTESIAN_POINT('Ctrl Pts',(1.25384270032357,2.20000000000001,-2.33273812933912));
#9576=CARTESIAN_POINT('Ctrl Pts',(1.08071396897953,1.50000000000001,-2.34442745539355));
#9577=CARTESIAN_POINT('Ctrl Pts',(1.08071396897953,2.20000000000001,-2.34442745539355));
#9578=CARTESIAN_POINT('Ctrl Pts',(0.990474324959811,1.50000000000001,-2.35052026629671));
#9579=CARTESIAN_POINT('Ctrl Pts',(0.990474324959811,2.20000000000001,-2.35052026629671));
#9580=CARTESIAN_POINT('',(0.990474324959811,2.20000000000001,-2.35052026629671));
#9581=CARTESIAN_POINT('',(0.990474324959811,1.50000000000001,-2.35052026629671));
#9582=CARTESIAN_POINT('',(1.45297447993189,2.20000000000001,-2.17194877386316));
#9583=CARTESIAN_POINT('Ctrl Pts',(1.45297447993189,2.20000000000001,-2.17194877386316));
#9584=CARTESIAN_POINT('Ctrl Pts',(1.3885029851162,2.20000000000001,-2.22400641186738));
#9585=CARTESIAN_POINT('Ctrl Pts',(1.25384270032357,2.20000000000001,-2.33273812933912));
#9586=CARTESIAN_POINT('Ctrl Pts',(1.08071396897953,2.20000000000001,-2.34442745539355));
#9587=CARTESIAN_POINT('Ctrl Pts',(0.990474324959811,2.20000000000001,-2.35052026629671));
#9588=CARTESIAN_POINT('',(1.45297447993189,1.50000000000001,-2.17194877386316));
#9589=CARTESIAN_POINT('Ctrl Pts',(1.62618885590464,1.50000000000001,-1.67552031398042));
#9590=CARTESIAN_POINT('Ctrl Pts',(1.62618885590464,2.20000000000001,-1.67552031398042));
#9591=CARTESIAN_POINT('Ctrl Pts',(1.62115254501184,1.50000000000001,-1.77328906374346));
#9592=CARTESIAN_POINT('Ctrl Pts',(1.62115254501184,2.20000000000001,-1.77328906374346));
#9593=CARTESIAN_POINT('Ctrl Pts',(1.61172197311406,1.50000000000001,-1.95636259586312));
#9594=CARTESIAN_POINT('Ctrl Pts',(1.61172197311406,2.20000000000001,-1.95636259586312));
#9595=CARTESIAN_POINT('Ctrl Pts',(1.5034328054564,1.50000000000001,-2.10342411668556));
#9596=CARTESIAN_POINT('Ctrl Pts',(1.5034328054564,2.20000000000001,-2.10342411668556));
#9597=CARTESIAN_POINT('Ctrl Pts',(1.45297447993189,1.50000000000001,-2.17194877386316));
#9598=CARTESIAN_POINT('Ctrl Pts',(1.45297447993189,2.20000000000001,-2.17194877386316));
#9599=CARTESIAN_POINT('',(1.62618885590464,2.20000000000001,-1.67552031398042));
#9600=CARTESIAN_POINT('Ctrl Pts',(1.62618885590464,2.20000000000001,-1.67552031398042));
#9601=CARTESIAN_POINT('Ctrl Pts',(1.62115254501184,2.20000000000001,-1.77328906374346));
#9602=CARTESIAN_POINT('Ctrl Pts',(1.61172197311406,2.20000000000001,-1.95636259586312));
#9603=CARTESIAN_POINT('Ctrl Pts',(1.5034328054564,2.20000000000001,-2.10342411668556));
#9604=CARTESIAN_POINT('Ctrl Pts',(1.45297447993189,2.20000000000001,-2.17194877386316));
#9605=CARTESIAN_POINT('',(1.62618885590464,1.50000000000001,-1.67552031398042));
#9606=CARTESIAN_POINT('Origin',(1.62618885590464,1.50000000000001,-0.332663131954514));
#9607=CARTESIAN_POINT('',(1.62618885590464,2.20000000000001,-0.332663131954514));
#9608=CARTESIAN_POINT('',(1.62618885590464,2.20000000000001,-1.67552031398042));
#9609=CARTESIAN_POINT('',(1.62618885590464,1.50000000000001,-0.332663131954514));
#9610=CARTESIAN_POINT('Origin',(0.847617488640841,1.50000000000001,-0.332663131954514));
#9611=CARTESIAN_POINT('',(0.847617488640841,2.20000000000001,-0.332663131954514));
#9612=CARTESIAN_POINT('',(1.62618885590464,2.20000000000001,-0.332663131954514));
#9613=CARTESIAN_POINT('',(0.847617488640841,1.50000000000001,-0.332663131954514));
#9614=CARTESIAN_POINT('Origin',(0.847617488640841,1.50000000000001,-1.62552021265253));
#9615=CARTESIAN_POINT('',(0.847617488640841,2.20000000000001,-1.62552021265253));
#9616=CARTESIAN_POINT('',(0.847617488640841,2.20000000000001,-0.332663131954514));
#9617=CARTESIAN_POINT('',(0.847617488640841,1.50000000000001,-1.62552021265253));
#9618=CARTESIAN_POINT('Ctrl Pts',(0.694045823353823,1.50000000000001,-1.81837744832262));
#9619=CARTESIAN_POINT('Ctrl Pts',(0.694045823353823,2.20000000000001,-1.81837744832262));
#9620=CARTESIAN_POINT('Ctrl Pts',(0.738741741887965,1.50000000000001,-1.80779978057562));
#9621=CARTESIAN_POINT('Ctrl Pts',(0.738741741887965,2.20000000000001,-1.80779978057562));
#9622=CARTESIAN_POINT('Ctrl Pts',(0.837006985665076,1.50000000000001,-1.78454447821601));
#9623=CARTESIAN_POINT('Ctrl Pts',(0.837006985665076,2.20000000000001,-1.78454447821601));
#9624=CARTESIAN_POINT('Ctrl Pts',(0.843873957187045,1.50000000000001,-1.68162616176855));
#9625=CARTESIAN_POINT('Ctrl Pts',(0.843873957187045,2.20000000000001,-1.68162616176855));
#9626=CARTESIAN_POINT('Ctrl Pts',(0.847617488640841,1.50000000000001,-1.62552021265253));
#9627=CARTESIAN_POINT('Ctrl Pts',(0.847617488640841,2.20000000000001,-1.62552021265253));
#9628=CARTESIAN_POINT('',(0.694045823353823,2.20000000000001,-1.81837744832262));
#9629=CARTESIAN_POINT('Ctrl Pts',(0.694045823353823,2.20000000000001,-1.81837744832262));
#9630=CARTESIAN_POINT('Ctrl Pts',(0.738741741887965,2.20000000000001,-1.80779978057562));
#9631=CARTESIAN_POINT('Ctrl Pts',(0.837006985665076,2.20000000000001,-1.78454447821601));
#9632=CARTESIAN_POINT('Ctrl Pts',(0.843873957187045,2.20000000000001,-1.68162616176855));
#9633=CARTESIAN_POINT('Ctrl Pts',(0.847617488640841,2.20000000000001,-1.62552021265253));
#9634=CARTESIAN_POINT('',(0.694045823353823,1.50000000000001,-1.81837744832262));
#9635=CARTESIAN_POINT('Ctrl Pts',(0.501188736695345,1.50000000000001,-1.71123452306017));
#9636=CARTESIAN_POINT('Ctrl Pts',(0.501188736695345,2.20000000000001,-1.71123452306017));
#9637=CARTESIAN_POINT('Ctrl Pts',(0.53043433343345,1.50000000000001,-1.74238756108117));
#9638=CARTESIAN_POINT('Ctrl Pts',(0.53043433343345,2.20000000000001,-1.74238756108117));
#9639=CARTESIAN_POINT('Ctrl Pts',(0.583659863651722,1.50000000000001,-1.79908453948194));
#9640=CARTESIAN_POINT('Ctrl Pts',(0.583659863651722,2.20000000000001,-1.79908453948194));
#9641=CARTESIAN_POINT('Ctrl Pts',(0.659760063719764,1.50000000000001,-1.81238509171369));
#9642=CARTESIAN_POINT('Ctrl Pts',(0.659760063719764,2.20000000000001,-1.81238509171369));
#9643=CARTESIAN_POINT('Ctrl Pts',(0.694045823353823,1.50000000000001,-1.81837744832262));
#9644=CARTESIAN_POINT('Ctrl Pts',(0.694045823353823,2.20000000000001,-1.81837744832262));
#9645=CARTESIAN_POINT('',(0.501188736695345,2.20000000000001,-1.71123452306017));
#9646=CARTESIAN_POINT('Ctrl Pts',(0.501188736695345,2.20000000000001,-1.71123452306017));
#9647=CARTESIAN_POINT('Ctrl Pts',(0.53043433343345,2.20000000000001,-1.74238756108117));
#9648=CARTESIAN_POINT('Ctrl Pts',(0.583659863651722,2.20000000000001,-1.79908453948194));
#9649=CARTESIAN_POINT('Ctrl Pts',(0.659760063719764,2.20000000000001,-1.81238509171369));
#9650=CARTESIAN_POINT('Ctrl Pts',(0.694045823353823,2.20000000000001,-1.81837744832262));
#9651=CARTESIAN_POINT('',(0.501188736695345,1.50000000000001,-1.71123452306017));
#9652=CARTESIAN_POINT('Origin',(0.501188736695345,1.50000000000001,-0.332663131954514));
#9653=CARTESIAN_POINT('',(0.501188736695345,2.20000000000001,-0.332663131954514));
#9654=CARTESIAN_POINT('',(0.501188736695345,2.20000000000001,-1.71123452306017));
#9655=CARTESIAN_POINT('',(0.501188736695345,1.50000000000001,-0.332663131954514));
#9656=CARTESIAN_POINT('Origin',(-0.277382630568448,1.50000000000001,-0.332663131954514));
#9657=CARTESIAN_POINT('',(-0.277382630568448,2.20000000000001,-0.332663131954514));
#9658=CARTESIAN_POINT('',(0.501188736695345,2.20000000000001,-0.332663131954514));
#9659=CARTESIAN_POINT('',(-0.277382630568448,1.50000000000001,-0.332663131954514));
#9660=CARTESIAN_POINT('Origin',(-0.277382630568448,1.50000000000001,-2.27909169912561));
#9661=CARTESIAN_POINT('',(-0.277382630568448,2.20000000000001,-2.27909169912561));
#9662=CARTESIAN_POINT('',(-0.277382630568448,2.20000000000001,-0.332663131954514));
#9663=CARTESIAN_POINT('',(-0.277382630568448,1.50000000000001,-2.27909169912561));
#9664=CARTESIAN_POINT('Origin',(0.401188832062777,1.50000000000001,-2.27909169912561));
#9665=CARTESIAN_POINT('',(0.401188832062777,2.20000000000001,-2.27909169912561));
#9666=CARTESIAN_POINT('',(-0.277382630568448,2.20000000000001,-2.27909169912561));
#9667=CARTESIAN_POINT('',(0.401188832062777,1.50000000000001,-2.27909169912561));
#9668=CARTESIAN_POINT('Origin',(0.43690304114252,1.50000000000001,-2.12194882154688));
#9669=CARTESIAN_POINT('',(0.43690304114252,2.20000000000001,-2.12194882154688));
#9670=CARTESIAN_POINT('',(0.401188832062777,2.20000000000001,-2.27909169912561));
#9671=CARTESIAN_POINT('',(0.43690304114252,1.50000000000001,-2.12194882154688));
#9672=CARTESIAN_POINT('Ctrl Pts',(0.681545835274752,1.50000000000001,-2.29516304850801));
#9673=CARTESIAN_POINT('Ctrl Pts',(0.681545835274752,2.20000000000001,-2.29516304850801));
#9674=CARTESIAN_POINT('Ctrl Pts',(0.637378097626756,1.50000000000001,-2.27357699787584));
#9675=CARTESIAN_POINT('Ctrl Pts',(0.637378097626756,2.20000000000001,-2.27357699787584));
#9676=CARTESIAN_POINT('Ctrl Pts',(0.546468727193512,1.50000000000001,-2.22914695962596));
#9677=CARTESIAN_POINT('Ctrl Pts',(0.546468727193512,2.20000000000001,-2.22914695962596));
#9678=CARTESIAN_POINT('Ctrl Pts',(0.474107848543235,1.50000000000001,-2.15834968959868));
#9679=CARTESIAN_POINT('Ctrl Pts',(0.474107848543235,2.20000000000001,-2.15834968959868));
#9680=CARTESIAN_POINT('Ctrl Pts',(0.43690304114252,1.50000000000001,-2.12194882154688));
#9681=CARTESIAN_POINT('Ctrl Pts',(0.43690304114252,2.20000000000001,-2.12194882154688));
#9682=CARTESIAN_POINT('',(0.681545835274752,2.20000000000001,-2.29516304850801));
#9683=CARTESIAN_POINT('Ctrl Pts',(0.681545835274752,2.20000000000001,-2.29516304850801));
#9684=CARTESIAN_POINT('Ctrl Pts',(0.637378097626756,2.20000000000001,-2.27357699787584));
#9685=CARTESIAN_POINT('Ctrl Pts',(0.546468727193512,2.20000000000001,-2.22914695962596));
#9686=CARTESIAN_POINT('Ctrl Pts',(0.474107848543235,2.20000000000001,-2.15834968959868));
#9687=CARTESIAN_POINT('Ctrl Pts',(0.43690304114252,2.20000000000001,-2.12194882154688));
#9688=CARTESIAN_POINT('',(0.681545835274752,1.50000000000001,-2.29516304850801));
#9689=CARTESIAN_POINT('Ctrl Pts',(0.990474324959811,1.50000000000001,-2.35052026629671));
#9690=CARTESIAN_POINT('Ctrl Pts',(0.990474324959811,2.20000000000001,-2.35052026629671));
#9691=CARTESIAN_POINT('Ctrl Pts',(0.935050411144742,1.50000000000001,-2.3486941517433));
#9692=CARTESIAN_POINT('Ctrl Pts',(0.935050411144742,2.20000000000001,-2.3486941517433));
#9693=CARTESIAN_POINT('Ctrl Pts',(0.829318233749116,1.50000000000001,-2.34521047376721));
#9694=CARTESIAN_POINT('Ctrl Pts',(0.829318233749116,2.20000000000001,-2.34521047376721));
#9695=CARTESIAN_POINT('Ctrl Pts',(0.729188438217115,1.50000000000001,-2.31129860314831));
#9696=CARTESIAN_POINT('Ctrl Pts',(0.729188438217115,2.20000000000001,-2.31129860314831));
#9697=CARTESIAN_POINT('Ctrl Pts',(0.681545835274752,1.50000000000001,-2.29516304850801));
#9698=CARTESIAN_POINT('Ctrl Pts',(0.681545835274752,2.20000000000001,-2.29516304850801));
#9699=CARTESIAN_POINT('Ctrl Pts',(0.990474324959811,2.20000000000001,-2.35052026629671));
#9700=CARTESIAN_POINT('Ctrl Pts',(0.935050411144742,2.20000000000001,-2.3486941517433));
#9701=CARTESIAN_POINT('Ctrl Pts',(0.829318233749116,2.20000000000001,-2.34521047376721));
#9702=CARTESIAN_POINT('Ctrl Pts',(0.729188438217115,2.20000000000001,-2.31129860314831));
#9703=CARTESIAN_POINT('Ctrl Pts',(0.681545835274752,2.20000000000001,-2.29516304850801));
#9704=CARTESIAN_POINT('Origin',(7.90118915918983,2.20000000000001,-1.61837734103426));
#9705=CARTESIAN_POINT('Origin',(-16.6206537859449,0.,89.2032877509258));
#9706=CARTESIAN_POINT('',(-16.6206537859449,5.,95.2032877509258));
#9707=CARTESIAN_POINT('',(-22.6206537859449,5.,89.2032877509258));
#9708=CARTESIAN_POINT('Origin',(-16.6206537859449,5.,89.2032877509258));
#9709=CARTESIAN_POINT('',(-22.6206537859449,0.,89.2032877509258));
#9710=CARTESIAN_POINT('',(-22.6206537859449,0.,89.2032877509258));
#9711=CARTESIAN_POINT('',(-16.6206537859449,0.,95.2032877509258));
#9712=CARTESIAN_POINT('Origin',(-16.6206537859449,0.,89.2032877509258));
#9713=CARTESIAN_POINT('',(-16.6206537859449,0.,95.2032877509258));
#9714=CARTESIAN_POINT('Origin',(-22.6206537859449,0.,95.2032877509258));
#9715=CARTESIAN_POINT('',(91.3793462140551,0.,95.2032877509258));
#9716=CARTESIAN_POINT('',(97.3793462140551,0.,95.2032877509258));
#9717=CARTESIAN_POINT('',(91.3793462140551,5.,95.2032877509258));
#9718=CARTESIAN_POINT('',(91.3793462140551,0.,95.2032877509258));
#9719=CARTESIAN_POINT('',(97.3793462140551,5.,95.2032877509258));
#9720=CARTESIAN_POINT('Origin',(37.3793462140551,0.,35.2032877509258));
#9721=CARTESIAN_POINT('',(-22.6206537859449,0.,-18.7967122490742));
#9722=CARTESIAN_POINT('',(-22.6206537859449,0.,95.2032877509258));
#9723=CARTESIAN_POINT('',(-16.6206537859449,0.,-24.7967122490742));
#9724=CARTESIAN_POINT('Origin',(-16.6206537859449,0.,-18.7967122490742));
#9725=CARTESIAN_POINT('',(-7.42065378594489,0.,-24.7967122490742));
#9726=CARTESIAN_POINT('',(-22.6206537859449,0.,-24.7967122490742));
#9727=CARTESIAN_POINT('',(-7.42065378594489,0.,-15.2967122490742));
#9728=CARTESIAN_POINT('',(-7.42065378594489,0.,5.20328775092581));
#9729=CARTESIAN_POINT('',(11.5793462140551,0.,-15.2967122490742));
#9730=CARTESIAN_POINT('',(14.9793462140551,0.,-15.2967122490742));
#9731=CARTESIAN_POINT('',(11.5793462140551,0.,-24.7967122490742));
#9732=CARTESIAN_POINT('',(11.5793462140551,0.,9.95328775092581));
#9733=CARTESIAN_POINT('',(91.3793462140551,0.,-24.7967122490742));
#9734=CARTESIAN_POINT('',(-22.6206537859449,0.,-24.7967122490742));
#9735=CARTESIAN_POINT('',(97.3793462140551,0.,-18.7967122490742));
#9736=CARTESIAN_POINT('Origin',(91.3793462140551,0.,-18.7967122490742));
#9737=CARTESIAN_POINT('',(97.3793462140551,0.,89.2032877509258));
#9738=CARTESIAN_POINT('',(97.3793462140551,0.,-24.7967122490742));
#9739=CARTESIAN_POINT('Origin',(91.3793462140551,0.,89.2032877509258));
#9740=CARTESIAN_POINT('',(42.9863462140551,0.,53.4272877509258));
#9741=CARTESIAN_POINT('',(56.9863462140551,0.,53.4272877509258));
#9742=CARTESIAN_POINT('',(47.1828462140551,0.,53.4272877509258));
#9743=CARTESIAN_POINT('',(56.9863462140551,0.,39.4272877509258));
#9744=CARTESIAN_POINT('',(56.9863462140551,0.,37.3152877509258));
#9745=CARTESIAN_POINT('',(42.9863462140551,0.,39.4272877509258));
#9746=CARTESIAN_POINT('',(40.1828462140551,0.,39.4272877509258));
#9747=CARTESIAN_POINT('',(42.9863462140551,0.,44.3152877509258));
#9748=CARTESIAN_POINT('',(33.1743462140551,0.,29.1522877509258));
#9749=CARTESIAN_POINT('',(33.1743462140551,0.,15.1522877509258));
#9750=CARTESIAN_POINT('',(33.1743462140551,0.,25.1777877509258));
#9751=CARTESIAN_POINT('',(19.1743462140551,0.,15.1522877509258));
#9752=CARTESIAN_POINT('',(28.2768462140551,0.,15.1522877509258));
#9753=CARTESIAN_POINT('',(19.1743462140551,0.,29.1522877509258));
#9754=CARTESIAN_POINT('',(19.1743462140551,0.,32.1777877509258));
#9755=CARTESIAN_POINT('',(35.2768462140551,0.,29.1522877509258));
#9756=CARTESIAN_POINT('',(66.7993462140551,0.,53.4272877509258));
#9757=CARTESIAN_POINT('',(80.7993462140551,0.,53.4272877509258));
#9758=CARTESIAN_POINT('',(59.0893462140551,0.,53.4272877509258));
#9759=CARTESIAN_POINT('',(80.7993462140551,0.,39.4272877509258));
#9760=CARTESIAN_POINT('',(80.7993462140551,0.,37.3152877509258));
#9761=CARTESIAN_POINT('',(66.7993462140551,0.,39.4272877509258));
#9762=CARTESIAN_POINT('',(52.0893462140551,0.,39.4272877509258));
#9763=CARTESIAN_POINT('',(66.7993462140551,0.,44.3152877509258));
#9764=CARTESIAN_POINT('',(19.1733462140551,0.,53.4272877509258));
#9765=CARTESIAN_POINT('',(33.1733462140551,0.,53.4272877509258));
#9766=CARTESIAN_POINT('',(35.2763462140551,0.,53.4272877509258));
#9767=CARTESIAN_POINT('',(33.1733462140551,0.,39.4272877509258));
#9768=CARTESIAN_POINT('',(33.1733462140551,0.,37.3152877509258));
#9769=CARTESIAN_POINT('',(19.1733462140551,0.,39.4272877509258));
#9770=CARTESIAN_POINT('',(28.2763462140551,0.,39.4272877509258));
#9771=CARTESIAN_POINT('',(19.1733462140551,0.,44.3152877509258));
#9772=CARTESIAN_POINT('',(42.8863462140551,0.,29.1522877509258));
#9773=CARTESIAN_POINT('',(56.8863462140551,0.,29.1522877509258));
#9774=CARTESIAN_POINT('',(47.1328462140551,0.,29.1522877509258));
#9775=CARTESIAN_POINT('',(56.8863462140551,0.,15.1522877509258));
#9776=CARTESIAN_POINT('',(56.8863462140551,0.,25.1777877509258));
#9777=CARTESIAN_POINT('',(42.8863462140551,0.,15.1522877509258));
#9778=CARTESIAN_POINT('',(40.1328462140551,0.,15.1522877509258));
#9779=CARTESIAN_POINT('',(42.8863462140551,0.,32.1777877509258));
#9780=CARTESIAN_POINT('',(66.7983462140551,0.,29.1522877509258));
#9781=CARTESIAN_POINT('',(80.7983462140551,0.,29.1522877509258));
#9782=CARTESIAN_POINT('',(59.0888462140551,0.,29.1522877509258));
#9783=CARTESIAN_POINT('',(80.7983462140551,0.,15.1522877509258));
#9784=CARTESIAN_POINT('',(80.7983462140551,0.,25.1777877509258));
#9785=CARTESIAN_POINT('',(66.7983462140551,0.,15.1522877509258));
#9786=CARTESIAN_POINT('',(52.0888462140551,0.,15.1522877509258));
#9787=CARTESIAN_POINT('',(66.7983462140551,0.,32.1777877509258));
#9788=CARTESIAN_POINT('',(33.4603462140551,0.,77.2402877509258));
#9789=CARTESIAN_POINT('',(47.4603462140551,0.,77.2402877509258));
#9790=CARTESIAN_POINT('',(42.4198462140551,0.,77.2402877509258));
#9791=CARTESIAN_POINT('',(47.4603462140551,0.,63.2402877509258));
#9792=CARTESIAN_POINT('',(47.4603462140551,0.,49.2217877509258));
#9793=CARTESIAN_POINT('',(33.4603462140551,0.,63.2402877509258));
#9794=CARTESIAN_POINT('',(35.4198462140551,0.,63.2402877509258));
#9795=CARTESIAN_POINT('',(33.4603462140551,0.,56.2217877509258));
#9796=CARTESIAN_POINT('',(9.36034621405511,0.,77.2402877509258));
#9797=CARTESIAN_POINT('',(9.36034621405511,0.,63.2402877509258));
#9798=CARTESIAN_POINT('',(9.36034621405511,0.,49.2217877509258));
#9799=CARTESIAN_POINT('',(-4.63965378594489,0.,63.2402877509258));
#9800=CARTESIAN_POINT('',(16.3698462140551,0.,63.2402877509258));
#9801=CARTESIAN_POINT('',(-4.63965378594489,0.,77.2402877509258));
#9802=CARTESIAN_POINT('',(-4.63965378594489,0.,56.2217877509258));
#9803=CARTESIAN_POINT('',(23.3698462140551,0.,77.2402877509258));
#9804=CARTESIAN_POINT('',(55.5223462140551,0.,77.5202877509258));
#9805=CARTESIAN_POINT('',(73.0223462140551,0.,77.5202877509258));
#9806=CARTESIAN_POINT('',(55.2008462140551,0.,77.5202877509258));
#9807=CARTESIAN_POINT('',(73.0223462140551,0.,63.3202877509258));
#9808=CARTESIAN_POINT('',(73.0223462140551,0.,49.2617877509258));
#9809=CARTESIAN_POINT('',(55.5223462140551,0.,63.3202877509258));
#9810=CARTESIAN_POINT('',(46.4508462140551,0.,63.3202877509258));
#9811=CARTESIAN_POINT('',(55.5223462140551,0.,56.3617877509258));
#9812=CARTESIAN_POINT('',(27.4303462140551,0.,4.3522877509258));
#9813=CARTESIAN_POINT('',(65.9303462140551,0.,4.3522877509258));
#9814=CARTESIAN_POINT('',(51.6548462140551,0.,4.3522877509258));
#9815=CARTESIAN_POINT('',(65.9303462140551,0.,-8.1477122490742));
#9816=CARTESIAN_POINT('',(65.9303462140551,0.,13.5277877509258));
#9817=CARTESIAN_POINT('',(27.4303462140551,0.,-8.1477122490742));
#9818=CARTESIAN_POINT('',(32.4048462140551,0.,-8.14771224907419));
#9819=CARTESIAN_POINT('',(27.4303462140551,0.,19.7777877509258));
#9820=CARTESIAN_POINT('',(74.8803462140551,0.,-0.000712249074197313));
#9821=CARTESIAN_POINT('',(82.4803462140551,0.,-0.000712249074197313));
#9822=CARTESIAN_POINT('',(59.9298462140551,0.,-0.000712249074199534));
#9823=CARTESIAN_POINT('',(82.4803462140551,0.,-4.0007122490742));
#9824=CARTESIAN_POINT('',(82.4803462140551,0.,15.6012877509258));
#9825=CARTESIAN_POINT('',(74.8803462140551,0.,-4.0007122490742));
#9826=CARTESIAN_POINT('',(56.1298462140551,0.,-4.0007122490742));
#9827=CARTESIAN_POINT('',(74.8803462140551,0.,17.6012877509258));
#9828=CARTESIAN_POINT('',(90.0293462140551,0.,90.2032877509258));
#9829=CARTESIAN_POINT('Origin',(92.3793462140551,0.,90.2032877509258));
#9830=CARTESIAN_POINT('',(-19.9706537859449,0.,90.2032877509258));
#9831=CARTESIAN_POINT('Origin',(-17.6206537859449,0.,90.2032877509258));
#9832=CARTESIAN_POINT('',(-19.9706537859449,0.,-19.7967122490742));
#9833=CARTESIAN_POINT('Origin',(-17.6206537859449,0.,-19.7967122490742));
#9834=CARTESIAN_POINT('',(90.0293462140551,0.,-19.7967122490742));
#9835=CARTESIAN_POINT('Origin',(92.3793462140551,0.,-19.7967122490742));
#9836=CARTESIAN_POINT('Origin',(-16.6206537859449,0.,-18.7967122490742));
#9837=CARTESIAN_POINT('',(-22.6206537859449,5.,-18.7967122490742));
#9838=CARTESIAN_POINT('',(-16.6206537859449,5.,-24.7967122490742));
#9839=CARTESIAN_POINT('Origin',(-16.6206537859449,5.,-18.7967122490742));
#9840=CARTESIAN_POINT('',(-16.6206537859449,0.,-24.7967122490742));
#9841=CARTESIAN_POINT('',(-22.6206537859449,0.,-18.7967122490742));
#9842=CARTESIAN_POINT('Origin',(97.3793462140551,0.,-24.7967122490742));
#9843=CARTESIAN_POINT('',(91.3793462140551,5.,-24.7967122490742));
#9844=CARTESIAN_POINT('',(-22.6206537859449,5.,-24.7967122490742));
#9845=CARTESIAN_POINT('',(91.3793462140551,0.,-24.7967122490742));
#9846=CARTESIAN_POINT('',(11.5793462140551,4.,-24.7967122490742));
#9847=CARTESIAN_POINT('',(11.5793462140551,0.,-24.7967122490742));
#9848=CARTESIAN_POINT('',(-7.42065378594489,4.,-24.7967122490742));
#9849=CARTESIAN_POINT('',(49.7293462140551,4.,-24.7967122490742));
#9850=CARTESIAN_POINT('',(-7.42065378594489,0.,-24.7967122490742));
#9851=CARTESIAN_POINT('Origin',(91.3793462140551,0.,-18.7967122490742));
#9852=CARTESIAN_POINT('',(97.3793462140551,5.,-18.7967122490742));
#9853=CARTESIAN_POINT('Origin',(91.3793462140551,5.,-18.7967122490742));
#9854=CARTESIAN_POINT('',(97.3793462140551,0.,-18.7967122490742));
#9855=CARTESIAN_POINT('Origin',(91.3793462140551,0.,89.2032877509258));
#9856=CARTESIAN_POINT('',(97.3793462140551,5.,89.2032877509258));
#9857=CARTESIAN_POINT('Origin',(91.3793462140551,5.,89.2032877509258));
#9858=CARTESIAN_POINT('',(97.3793462140551,0.,89.2032877509258));
#9859=CARTESIAN_POINT('Origin',(-7.42065378594489,0.,-24.7967122490742));
#9860=CARTESIAN_POINT('',(-7.42065378594489,4.,-15.2967122490742));
#9861=CARTESIAN_POINT('',(-7.42065378594489,4.,-24.7967122490742));
#9862=CARTESIAN_POINT('',(-7.42065378594489,2.5,-15.2967122490742));
#9863=CARTESIAN_POINT('',(-7.42065378594489,0.,-15.2967122490742));
#9864=CARTESIAN_POINT('Origin',(11.5793462140551,0.,-15.2967122490742));
#9865=CARTESIAN_POINT('',(11.5793462140551,0.,-15.2967122490742));
#9866=CARTESIAN_POINT('',(11.5793462140551,4.,-15.2967122490742));
#9867=CARTESIAN_POINT('',(11.5793462140551,2.5,-15.2967122490742));
#9868=CARTESIAN_POINT('',(11.5793462140551,4.,-15.2967122490742));
#9869=CARTESIAN_POINT('Origin',(-7.42065378594489,0.,-15.2967122490742));
#9870=CARTESIAN_POINT('Origin',(2.07934621405511,4.,-20.0467122490742));
#9871=CARTESIAN_POINT('',(-5.52065378594489,4.,-15.2967122490742));
#9872=CARTESIAN_POINT('Origin',(-13.1206537859449,5.,-15.2967122490742));
#9873=CARTESIAN_POINT('',(87.8793462140551,5.,-15.2967122490742));
#9874=CARTESIAN_POINT('',(87.8793462140551,5.,-15.2967122490742));
#9875=CARTESIAN_POINT('',(-13.1206537859449,5.,-15.2967122490742));
#9876=CARTESIAN_POINT('',(12.1293462140551,5.,-15.2967122490742));
#9877=CARTESIAN_POINT('',(-13.1206537859449,5.,-15.2967122490742));
#9878=CARTESIAN_POINT('Origin',(42.9863462140551,5.,39.4272877509258));
#9879=CARTESIAN_POINT('',(42.9863462140551,5.,39.4272877509258));
#9880=CARTESIAN_POINT('',(56.9863462140551,5.,39.4272877509258));
#9881=CARTESIAN_POINT('Origin',(56.9863462140551,5.,39.4272877509258));
#9882=CARTESIAN_POINT('',(56.9863462140551,5.,53.4272877509258));
#9883=CARTESIAN_POINT('Origin',(56.9863462140551,5.,53.4272877509258));
#9884=CARTESIAN_POINT('',(42.9863462140551,5.,53.4272877509258));
#9885=CARTESIAN_POINT('Origin',(42.9863462140551,5.,53.4272877509258));
#9886=CARTESIAN_POINT('Origin',(19.1743462140551,5.,29.1522877509258));
#9887=CARTESIAN_POINT('',(19.1743462140551,5.,29.1522877509258));
#9888=CARTESIAN_POINT('',(19.1743462140551,5.,15.1522877509258));
#9889=CARTESIAN_POINT('Origin',(19.1743462140551,5.,15.1522877509258));
#9890=CARTESIAN_POINT('',(33.1743462140551,5.,15.1522877509258));
#9891=CARTESIAN_POINT('Origin',(33.1743462140551,5.,15.1522877509258));
#9892=CARTESIAN_POINT('',(33.1743462140551,5.,29.1522877509258));
#9893=CARTESIAN_POINT('Origin',(33.1743462140551,5.,29.1522877509258));
#9894=CARTESIAN_POINT('Origin',(66.7993462140551,5.,39.4272877509258));
#9895=CARTESIAN_POINT('',(66.7993462140551,5.,39.4272877509258));
#9896=CARTESIAN_POINT('',(80.7993462140551,5.,39.4272877509258));
#9897=CARTESIAN_POINT('Origin',(80.7993462140551,5.,39.4272877509258));
#9898=CARTESIAN_POINT('',(80.7993462140551,5.,53.4272877509258));
#9899=CARTESIAN_POINT('Origin',(80.7993462140551,5.,53.4272877509258));
#9900=CARTESIAN_POINT('',(66.7993462140551,5.,53.4272877509258));
#9901=CARTESIAN_POINT('Origin',(66.7993462140551,5.,53.4272877509258));
#9902=CARTESIAN_POINT('Origin',(19.1733462140551,5.,39.4272877509258));
#9903=CARTESIAN_POINT('',(19.1733462140551,5.,39.4272877509258));
#9904=CARTESIAN_POINT('',(33.1733462140551,5.,39.4272877509258));
#9905=CARTESIAN_POINT('Origin',(33.1733462140551,5.,39.4272877509258));
#9906=CARTESIAN_POINT('',(33.1733462140551,5.,53.4272877509258));
#9907=CARTESIAN_POINT('Origin',(33.1733462140551,5.,53.4272877509258));
#9908=CARTESIAN_POINT('',(19.1733462140551,5.,53.4272877509258));
#9909=CARTESIAN_POINT('Origin',(19.1733462140551,5.,53.4272877509258));
#9910=CARTESIAN_POINT('Origin',(42.8863462140551,5.,15.1522877509258));
#9911=CARTESIAN_POINT('',(42.8863462140551,5.,15.1522877509258));
#9912=CARTESIAN_POINT('',(56.8863462140551,5.,15.1522877509258));
#9913=CARTESIAN_POINT('Origin',(56.8863462140551,5.,15.1522877509258));
#9914=CARTESIAN_POINT('',(56.8863462140551,5.,29.1522877509258));
#9915=CARTESIAN_POINT('Origin',(56.8863462140551,5.,29.1522877509258));
#9916=CARTESIAN_POINT('',(42.8863462140551,5.,29.1522877509258));
#9917=CARTESIAN_POINT('Origin',(42.8863462140551,5.,29.1522877509258));
#9918=CARTESIAN_POINT('Origin',(66.7983462140551,5.,15.1522877509258));
#9919=CARTESIAN_POINT('',(66.7983462140551,5.,15.1522877509258));
#9920=CARTESIAN_POINT('',(80.7983462140551,5.,15.1522877509258));
#9921=CARTESIAN_POINT('Origin',(80.7983462140551,5.,15.1522877509258));
#9922=CARTESIAN_POINT('',(80.7983462140551,5.,29.1522877509258));
#9923=CARTESIAN_POINT('Origin',(80.7983462140551,5.,29.1522877509258));
#9924=CARTESIAN_POINT('',(66.7983462140551,5.,29.1522877509258));
#9925=CARTESIAN_POINT('Origin',(66.7983462140551,5.,29.1522877509258));
#9926=CARTESIAN_POINT('Origin',(33.4603462140551,5.,63.2402877509258));
#9927=CARTESIAN_POINT('',(33.4603462140551,5.,63.2402877509258));
#9928=CARTESIAN_POINT('',(47.4603462140551,5.,63.2402877509258));
#9929=CARTESIAN_POINT('Origin',(47.4603462140551,5.,63.2402877509258));
#9930=CARTESIAN_POINT('',(47.4603462140551,5.,77.2402877509258));
#9931=CARTESIAN_POINT('Origin',(47.4603462140551,5.,77.2402877509258));
#9932=CARTESIAN_POINT('',(33.4603462140551,5.,77.2402877509258));
#9933=CARTESIAN_POINT('Origin',(33.4603462140551,5.,77.2402877509258));
#9934=CARTESIAN_POINT('Origin',(-4.63965378594489,5.,77.2402877509258));
#9935=CARTESIAN_POINT('',(-4.63965378594489,5.,77.2402877509258));
#9936=CARTESIAN_POINT('',(-4.63965378594489,5.,63.2402877509258));
#9937=CARTESIAN_POINT('Origin',(-4.63965378594489,5.,63.2402877509258));
#9938=CARTESIAN_POINT('',(9.36034621405511,5.,63.2402877509258));
#9939=CARTESIAN_POINT('Origin',(9.36034621405511,5.,63.2402877509258));
#9940=CARTESIAN_POINT('',(9.36034621405511,5.,77.2402877509258));
#9941=CARTESIAN_POINT('Origin',(9.36034621405511,5.,77.2402877509258));
#9942=CARTESIAN_POINT('Origin',(87.8793462140551,5.,-15.2967122490742));
#9943=CARTESIAN_POINT('',(87.8793462140551,5.,85.7032877509258));
#9944=CARTESIAN_POINT('',(87.8793462140551,5.,9.95328775092581));
#9945=CARTESIAN_POINT('',(87.8793462140551,5.,85.7032877509258));
#9946=CARTESIAN_POINT('Origin',(-13.1206537859449,5.,85.7032877509258));
#9947=CARTESIAN_POINT('',(-13.1206537859449,5.,85.7032877509258));
#9948=CARTESIAN_POINT('',(-13.1206537859449,5.,60.4532877509258));
#9949=CARTESIAN_POINT('',(-13.1206537859449,5.,85.7032877509258));
#9950=CARTESIAN_POINT('Origin',(87.8793462140551,5.,85.7032877509258));
#9951=CARTESIAN_POINT('',(62.6293462140551,5.,85.7032877509258));
#9952=CARTESIAN_POINT('Origin',(37.3793462140551,1.5,35.2032877509258));
#9953=CARTESIAN_POINT('Origin',(55.5223462140551,5.,63.3202877509258));
#9954=CARTESIAN_POINT('',(55.5223462140551,5.,63.3202877509258));
#9955=CARTESIAN_POINT('',(73.0223462140551,5.,63.3202877509258));
#9956=CARTESIAN_POINT('Origin',(55.5223462140551,5.,77.5202877509258));
#9957=CARTESIAN_POINT('',(55.5223462140551,5.,77.5202877509258));
#9958=CARTESIAN_POINT('Origin',(27.4303462140551,5.,-8.1477122490742));
#9959=CARTESIAN_POINT('',(27.4303462140551,5.,-8.1477122490742));
#9960=CARTESIAN_POINT('',(65.9303462140551,5.,-8.1477122490742));
#9961=CARTESIAN_POINT('Origin',(27.4303462140551,5.,4.3522877509258));
#9962=CARTESIAN_POINT('',(27.4303462140551,5.,4.3522877509258));
#9963=CARTESIAN_POINT('Origin',(74.8803462140551,5.,-4.0007122490742));
#9964=CARTESIAN_POINT('',(74.8803462140551,5.,-4.0007122490742));
#9965=CARTESIAN_POINT('',(82.4803462140551,5.,-4.0007122490742));
#9966=CARTESIAN_POINT('Origin',(74.8803462140551,5.,-0.000712249074197313));
#9967=CARTESIAN_POINT('',(74.8803462140551,5.,-0.000712249074197313));
#9968=CARTESIAN_POINT('Origin',(73.0223462140551,5.,77.5202877509258));
#9969=CARTESIAN_POINT('',(73.0223462140551,5.,77.5202877509258));
#9970=CARTESIAN_POINT('Origin',(73.0223462140551,5.,63.3202877509258));
#9971=CARTESIAN_POINT('Origin',(65.9303462140551,5.,4.3522877509258));
#9972=CARTESIAN_POINT('',(65.9303462140551,5.,4.3522877509258));
#9973=CARTESIAN_POINT('Origin',(65.9303462140551,5.,-8.1477122490742));
#9974=CARTESIAN_POINT('Origin',(82.4803462140551,5.,-0.000712249074197313));
#9975=CARTESIAN_POINT('',(82.4803462140551,5.,-0.000712249074197313));
#9976=CARTESIAN_POINT('Origin',(82.4803462140551,5.,-4.0007122490742));
#9977=CARTESIAN_POINT('Origin',(-17.6206537859449,4.,90.2032877509258));
#9978=CARTESIAN_POINT('',(-19.9706537859449,4.,90.2032877509258));
#9979=CARTESIAN_POINT('Origin',(-17.6206537859449,4.,90.2032877509258));
#9980=CARTESIAN_POINT('Origin',(-17.6206537859449,4.,-19.7967122490742));
#9981=CARTESIAN_POINT('',(-19.9706537859449,4.,-19.7967122490742));
#9982=CARTESIAN_POINT('Origin',(-17.6206537859449,4.,-19.7967122490742));
#9983=CARTESIAN_POINT('Origin',(92.3793462140551,4.,90.2032877509258));
#9984=CARTESIAN_POINT('',(90.0293462140551,4.,90.2032877509258));
#9985=CARTESIAN_POINT('Origin',(92.3793462140551,4.,90.2032877509258));
#9986=CARTESIAN_POINT('Origin',(92.3793462140551,4.,-19.7967122490742));
#9987=CARTESIAN_POINT('',(90.0293462140551,4.,-19.7967122490742));
#9988=CARTESIAN_POINT('Origin',(92.3793462140551,4.,-19.7967122490742));
#9989=CARTESIAN_POINT('Origin',(92.3793462140551,0.,-19.7967122490742));
#9990=CARTESIAN_POINT('',(90.0293462140551,0.,-19.7967122490742));
#9991=CARTESIAN_POINT('Origin',(-17.6206537859449,0.,-19.7967122490742));
#9992=CARTESIAN_POINT('',(-19.9706537859449,0.,-19.7967122490742));
#9993=CARTESIAN_POINT('Origin',(-17.6206537859449,0.,90.2032877509258));
#9994=CARTESIAN_POINT('',(-19.9706537859449,0.,90.2032877509258));
#9995=CARTESIAN_POINT('Origin',(92.3793462140551,0.,90.2032877509258));
#9996=CARTESIAN_POINT('',(90.0293462140551,0.,90.2032877509258));
#9997=CARTESIAN_POINT('Origin',(-22.6206537859449,0.,-24.7967122490742));
#9998=CARTESIAN_POINT('',(-22.6206537859449,5.,95.2032877509258));
#9999=CARTESIAN_POINT('Origin',(97.3793462140551,0.,95.2032877509258));
#10000=CARTESIAN_POINT('',(97.3793462140551,5.,-24.7967122490742));
#10001=CARTESIAN_POINT('Origin',(37.3793462140551,5.,35.2032877509258));
#10002=CARTESIAN_POINT('',(0.,0.,0.));
#10003=UNCERTAINTY_MEASURE_WITH_UNIT(LENGTH_MEASURE(0.01),#10009,
'DISTANCE_ACCURACY_VALUE',
'Maximum model space distance between geometric entities at asserted c
onnectivities');
#10004=UNCERTAINTY_MEASURE_WITH_UNIT(LENGTH_MEASURE(0.01),#10009,
'DISTANCE_ACCURACY_VALUE',
'Maximum model space distance between geometric entities at asserted c
onnectivities');
#10005=UNCERTAINTY_MEASURE_WITH_UNIT(LENGTH_MEASURE(0.01),#10009,
'DISTANCE_ACCURACY_VALUE',
'Maximum model space distance between geometric entities at asserted c
onnectivities');
#10006=(
GEOMETRIC_REPRESENTATION_CONTEXT(3)
GLOBAL_UNCERTAINTY_ASSIGNED_CONTEXT((#10003))
GLOBAL_UNIT_ASSIGNED_CONTEXT((#10009,#10011,#10012))
REPRESENTATION_CONTEXT('','3D')
);
#10007=(
GEOMETRIC_REPRESENTATION_CONTEXT(3)
GLOBAL_UNCERTAINTY_ASSIGNED_CONTEXT((#10004))
GLOBAL_UNIT_ASSIGNED_CONTEXT((#10009,#10011,#10012))
REPRESENTATION_CONTEXT('','3D')
);
#10008=(
GEOMETRIC_REPRESENTATION_CONTEXT(3)
GLOBAL_UNCERTAINTY_ASSIGNED_CONTEXT((#10005))
GLOBAL_UNIT_ASSIGNED_CONTEXT((#10009,#10011,#10012))
REPRESENTATION_CONTEXT('','3D')
);
#10009=(
LENGTH_UNIT()
NAMED_UNIT(*)
SI_UNIT(.MILLI.,.METRE.)
);
#10010=(
LENGTH_UNIT()
NAMED_UNIT(*)
SI_UNIT($,.METRE.)
);
#10011=(
NAMED_UNIT(*)
PLANE_ANGLE_UNIT()
SI_UNIT($,.RADIAN.)
);
#10012=(
NAMED_UNIT(*)
SI_UNIT($,.STERADIAN.)
SOLID_ANGLE_UNIT()
);
#10013=SHAPE_DEFINITION_REPRESENTATION(#10015,#10018);
#10014=SHAPE_DEFINITION_REPRESENTATION(#10016,#10019);
#10015=PRODUCT_DEFINITION_SHAPE('',$,#10021);
#10016=PRODUCT_DEFINITION_SHAPE('',$,#10022);
#10017=PRODUCT_DEFINITION_SHAPE($,$,#14);
#10018=SHAPE_REPRESENTATION('',(#5357,#5533),#10006);
#10019=SHAPE_REPRESENTATION('',(#5358),#10007);
#10020=PRODUCT_DEFINITION_CONTEXT('part definition',#10028,'design');
#10021=PRODUCT_DEFINITION('2026-02-07-22-50-10-003','CaseLid (1)',#10023,
#10020);
#10022=PRODUCT_DEFINITION('2026-02-07-22-50-10-004','CaseLid',#10024,#10020);
#10023=PRODUCT_DEFINITION_FORMATION('',$,#10030);
#10024=PRODUCT_DEFINITION_FORMATION('',$,#10031);
#10025=PRODUCT_RELATED_PRODUCT_CATEGORY('CaseLid (1)','CaseLid (1)',(#10030));
#10026=PRODUCT_RELATED_PRODUCT_CATEGORY('CaseLid','CaseLid',(#10031));
#10027=APPLICATION_PROTOCOL_DEFINITION('international standard',
'automotive_design',2009,#10028);
#10028=APPLICATION_CONTEXT(
'Core Data for Automotive Mechanical Design Process');
#10029=PRODUCT_CONTEXT('part definition',#10028,'mechanical');
#10030=PRODUCT('2026-02-07-22-50-10-003','CaseLid (1)',$,(#10029));
#10031=PRODUCT('2026-02-07-22-50-10-004','CaseLid',$,(#10029));
#10032=PRESENTATION_STYLE_ASSIGNMENT((#10033));
#10033=SURFACE_STYLE_USAGE(.BOTH.,#10034);
#10034=SURFACE_SIDE_STYLE('',(#10035));
#10035=SURFACE_STYLE_FILL_AREA(#10036);
#10036=FILL_AREA_STYLE('Steel - Satin',(#10037));
#10037=FILL_AREA_STYLE_COLOUR('Steel - Satin',#10038);
#10038=COLOUR_RGB('Steel - Satin',0.627450980392157,0.627450980392157,0.627450980392157);
ENDSEC;
END-ISO-10303-21;
