ISO-10303-21;
HEADER;
/* Generated by software containing ST-Developer
 * from STEP Tools, Inc. (www.steptools.com) 
 */

FILE_DESCRIPTION(
/* description */ (''),
/* implementation_level */ '2;1');

FILE_NAME(
/* name */ 'CaseBottom.step',
/* time_stamp */ '2026-02-07T22:51:16-08:00',
/* author */ (''),
/* organization */ (''),
/* preprocessor_version */ 'ST-DEVELOPER v20.1',
/* originating_system */ 'Autodesk Translation Framework v14.24.0.0',
/* authorisation */ '');

FILE_SCHEMA (('AUTOMOTIVE_DESIGN { 1 0 10303 214 3 1 1 }'));
ENDSEC;

DATA;
#10=MECHANICAL_DESIGN_GEOMETRIC_PRESENTATION_REPRESENTATION('',(#13),#13400);
#11=SHAPE_REPRESENTATION_RELATIONSHIP('SRR','None',#13407,#12);
#12=ADVANCED_BREP_SHAPE_REPRESENTATION('',(#14),#13399);
#13=STYLED_ITEM('',(#13416),#14);
#14=MANIFOLD_SOLID_BREP('Body5',#6692);
#15=CYLINDRICAL_SURFACE('',#6838,6.);
#16=CYLINDRICAL_SURFACE('',#6849,6.);
#17=CYLINDRICAL_SURFACE('',#6850,6.);
#18=CYLINDRICAL_SURFACE('',#6852,6.);
#19=CYLINDRICAL_SURFACE('',#6859,3.);
#20=CYLINDRICAL_SURFACE('',#6861,3.);
#21=CYLINDRICAL_SURFACE('',#6863,3.);
#22=CYLINDRICAL_SURFACE('',#6865,3.);
#23=CYLINDRICAL_SURFACE('',#6869,1.7);
#24=CYLINDRICAL_SURFACE('',#6872,1.7);
#25=CYLINDRICAL_SURFACE('',#6875,1.7);
#26=CYLINDRICAL_SURFACE('',#6878,1.7);
#27=CIRCLE('',#6824,6.);
#28=CIRCLE('',#6828,6.);
#29=CIRCLE('',#6831,3.);
#30=CIRCLE('',#6833,3.);
#31=CIRCLE('',#6835,3.);
#32=CIRCLE('',#6837,3.);
#33=CIRCLE('',#6839,6.);
#34=CIRCLE('',#6842,6.);
#35=CIRCLE('',#6843,6.);
#36=CIRCLE('',#6844,6.);
#37=CIRCLE('',#6845,1.7);
#38=CIRCLE('',#6846,1.7);
#39=CIRCLE('',#6847,1.7);
#40=CIRCLE('',#6848,1.7);
#41=CIRCLE('',#6860,3.);
#42=CIRCLE('',#6862,3.);
#43=CIRCLE('',#6864,3.);
#44=CIRCLE('',#6866,3.);
#45=CIRCLE('',#6870,1.7);
#46=CIRCLE('',#6873,1.7);
#47=CIRCLE('',#6876,1.7);
#48=CIRCLE('',#6879,1.7);
#49=ELLIPSE('',#6815,6.09393353349007,6.);
#50=ELLIPSE('',#6816,6.09393353349007,6.);
#51=ELLIPSE('',#6817,6.09393353349007,6.);
#52=ELLIPSE('',#6818,6.09393353349007,6.);
#53=FACE_BOUND('',#1143,.T.);
#54=FACE_BOUND('',#1201,.T.);
#55=FACE_BOUND('',#1240,.T.);
#56=FACE_BOUND('',#1292,.T.);
#57=FACE_BOUND('',#1402,.T.);
#58=FACE_BOUND('',#1404,.T.);
#59=FACE_BOUND('',#1405,.T.);
#60=FACE_BOUND('',#1406,.T.);
#61=FACE_BOUND('',#1407,.T.);
#62=FACE_BOUND('',#1408,.T.);
#63=FACE_BOUND('',#1409,.T.);
#64=FACE_BOUND('',#1410,.T.);
#65=FACE_BOUND('',#1411,.T.);
#66=FACE_BOUND('',#1412,.T.);
#67=FACE_BOUND('',#1413,.T.);
#68=FACE_BOUND('',#1414,.T.);
#69=FACE_BOUND('',#1415,.T.);
#70=FACE_BOUND('',#1416,.T.);
#71=FACE_BOUND('',#1417,.T.);
#72=FACE_BOUND('',#1418,.T.);
#73=FACE_BOUND('',#1435,.T.);
#74=FACE_BOUND('',#1436,.T.);
#75=FACE_BOUND('',#1437,.T.);
#76=FACE_BOUND('',#1438,.T.);
#77=FACE_BOUND('',#1457,.T.);
#78=FACE_BOUND('',#1460,.T.);
#79=FACE_BOUND('',#1463,.T.);
#80=FACE_BOUND('',#1466,.T.);
#81=B_SPLINE_CURVE_WITH_KNOTS('',3,(#7797,#7798,#7799,#7800,#7801),
 .UNSPECIFIED.,.F.,.F.,(4,1,4),(0.,0.0209587746225553,0.0503785379285768),
 .UNSPECIFIED.);
#82=B_SPLINE_CURVE_WITH_KNOTS('',3,(#7804,#7805,#7806,#7807,#7808),
 .UNSPECIFIED.,.F.,.F.,(4,1,4),(0.,0.0209587746225553,0.0503785379285768),
 .UNSPECIFIED.);
#83=B_SPLINE_CURVE_WITH_KNOTS('',3,(#7820,#7821,#7822,#7823,#7824),
 .UNSPECIFIED.,.F.,.F.,(4,1,4),(0.,0.0185314621689419,0.0366968821497683),
 .UNSPECIFIED.);
#84=B_SPLINE_CURVE_WITH_KNOTS('',3,(#7827,#7828,#7829,#7830,#7831),
 .UNSPECIFIED.,.F.,.F.,(4,1,4),(0.,0.0185314621689419,0.0366968821497683),
 .UNSPECIFIED.);
#85=B_SPLINE_CURVE_WITH_KNOTS('',3,(#7843,#7844,#7845,#7846,#7847),
 .UNSPECIFIED.,.F.,.F.,(4,1,4),(0.,0.0107484844406691,0.0223213280797226),
 .UNSPECIFIED.);
#86=B_SPLINE_CURVE_WITH_KNOTS('',3,(#7850,#7851,#7852,#7853,#7854),
 .UNSPECIFIED.,.F.,.F.,(4,1,4),(0.,0.0107484844406691,0.0223213280797226),
 .UNSPECIFIED.);
#87=B_SPLINE_CURVE_WITH_KNOTS('',3,(#7866,#7867,#7868,#7869,#7870),
 .UNSPECIFIED.,.F.,.F.,(4,1,4),(0.,0.00972071395529874,0.0198136779098124),
 .UNSPECIFIED.);
#88=B_SPLINE_CURVE_WITH_KNOTS('',3,(#7873,#7874,#7875,#7876,#7877),
 .UNSPECIFIED.,.F.,.F.,(4,1,4),(0.,0.00972071395529874,0.0198136779098124),
 .UNSPECIFIED.);
#89=B_SPLINE_CURVE_WITH_KNOTS('',3,(#7889,#7890,#7891,#7892,#7893),
 .UNSPECIFIED.,.F.,.F.,(4,1,4),(0.,0.0164168254409241,0.0283823044273325),
 .UNSPECIFIED.);
#90=B_SPLINE_CURVE_WITH_KNOTS('',3,(#7896,#7897,#7898,#7899,#7900),
 .UNSPECIFIED.,.F.,.F.,(4,1,4),(0.,0.0164168254409241,0.0283823044273325),
 .UNSPECIFIED.);
#91=B_SPLINE_CURVE_WITH_KNOTS('',3,(#7930,#7931,#7932,#7933,#7934),
 .UNSPECIFIED.,.F.,.F.,(4,1,4),(0.,0.0117936272043697,0.0299176791224227),
 .UNSPECIFIED.);
#92=B_SPLINE_CURVE_WITH_KNOTS('',3,(#7937,#7938,#7939,#7940,#7941),
 .UNSPECIFIED.,.F.,.F.,(4,1,4),(0.,0.0117936272043697,0.0299176791224227),
 .UNSPECIFIED.);
#93=B_SPLINE_CURVE_WITH_KNOTS('',3,(#7953,#7954,#7955,#7956,#7957),
 .UNSPECIFIED.,.F.,.F.,(4,1,4),(0.,0.0119464705183837,0.0247443948915353),
 .UNSPECIFIED.);
#94=B_SPLINE_CURVE_WITH_KNOTS('',3,(#7960,#7961,#7962,#7963,#7964),
 .UNSPECIFIED.,.F.,.F.,(4,1,4),(0.,0.0119464705183837,0.0247443948915353),
 .UNSPECIFIED.);
#95=B_SPLINE_CURVE_WITH_KNOTS('',3,(#7976,#7977,#7978,#7979,#7980),
 .UNSPECIFIED.,.F.,.F.,(4,1,4),(0.,0.0137937673950654,0.0259427987114552),
 .UNSPECIFIED.);
#96=B_SPLINE_CURVE_WITH_KNOTS('',3,(#7983,#7984,#7985,#7986,#7987),
 .UNSPECIFIED.,.F.,.F.,(4,1,4),(0.,0.0137937673950654,0.0259427987114552),
 .UNSPECIFIED.);
#97=B_SPLINE_CURVE_WITH_KNOTS('',3,(#7999,#8000,#8001,#8002,#8003),
 .UNSPECIFIED.,.F.,.F.,(4,1,4),(0.,0.0157789954693587,0.0308290026424933),
 .UNSPECIFIED.);
#98=B_SPLINE_CURVE_WITH_KNOTS('',3,(#8006,#8007,#8008,#8009,#8010),
 .UNSPECIFIED.,.F.,.F.,(4,1,4),(0.,0.0157789954693587,0.0308290026424933),
 .UNSPECIFIED.);
#99=B_SPLINE_CURVE_WITH_KNOTS('',3,(#8022,#8023,#8024,#8025,#8026),
 .UNSPECIFIED.,.F.,.F.,(4,1,4),(0.,0.0331006212818218,0.0671810210575137),
 .UNSPECIFIED.);
#100=B_SPLINE_CURVE_WITH_KNOTS('',3,(#8029,#8030,#8031,#8032,#8033),
 .UNSPECIFIED.,.F.,.F.,(4,1,4),(0.,0.0331006212818218,0.0671810210575137),
 .UNSPECIFIED.);
#101=B_SPLINE_CURVE_WITH_KNOTS('',3,(#8076,#8077,#8078,#8079,#8080),
 .UNSPECIFIED.,.F.,.F.,(4,1,4),(0.,0.0149120262983205,0.0339693222389129),
 .UNSPECIFIED.);
#102=B_SPLINE_CURVE_WITH_KNOTS('',3,(#8083,#8084,#8085,#8086,#8087),
 .UNSPECIFIED.,.F.,.F.,(4,1,4),(0.,0.0149120262983205,0.0339693222389129),
 .UNSPECIFIED.);
#103=B_SPLINE_CURVE_WITH_KNOTS('',3,(#8099,#8100,#8101,#8102,#8103),
 .UNSPECIFIED.,.F.,.F.,(4,1,4),(0.,0.0132466148015594,0.0260741783326238),
 .UNSPECIFIED.);
#104=B_SPLINE_CURVE_WITH_KNOTS('',3,(#8106,#8107,#8108,#8109,#8110),
 .UNSPECIFIED.,.F.,.F.,(4,1,4),(0.,0.0132466148015594,0.0260741783326238),
 .UNSPECIFIED.);
#105=B_SPLINE_CURVE_WITH_KNOTS('',3,(#8122,#8123,#8124,#8125,#8126),
 .UNSPECIFIED.,.F.,.F.,(4,1,4),(0.,0.0133552495402468,0.026868791156466),
 .UNSPECIFIED.);
#106=B_SPLINE_CURVE_WITH_KNOTS('',3,(#8129,#8130,#8131,#8132,#8133),
 .UNSPECIFIED.,.F.,.F.,(4,1,4),(0.,0.0133552495402468,0.026868791156466),
 .UNSPECIFIED.);
#107=B_SPLINE_CURVE_WITH_KNOTS('',3,(#8145,#8146,#8147,#8148,#8149),
 .UNSPECIFIED.,.F.,.F.,(4,1,4),(0.,0.0143848715346022,0.0307752073248511),
 .UNSPECIFIED.);
#108=B_SPLINE_CURVE_WITH_KNOTS('',3,(#8152,#8153,#8154,#8155,#8156),
 .UNSPECIFIED.,.F.,.F.,(4,1,4),(0.,0.0143848715346022,0.0307752073248511),
 .UNSPECIFIED.);
#109=B_SPLINE_CURVE_WITH_KNOTS('',3,(#8168,#8169,#8170,#8171,#8172),
 .UNSPECIFIED.,.F.,.F.,(4,1,4),(0.,0.0200440656521797,0.0355849569485771),
 .UNSPECIFIED.);
#110=B_SPLINE_CURVE_WITH_KNOTS('',3,(#8175,#8176,#8177,#8178,#8179),
 .UNSPECIFIED.,.F.,.F.,(4,1,4),(0.,0.0200440656521797,0.0355849569485771),
 .UNSPECIFIED.);
#111=B_SPLINE_CURVE_WITH_KNOTS('',3,(#8209,#8210,#8211,#8212,#8213),
 .UNSPECIFIED.,.F.,.F.,(4,1,4),(0.,0.0177969578486036,0.041299535044271),
 .UNSPECIFIED.);
#112=B_SPLINE_CURVE_WITH_KNOTS('',3,(#8216,#8217,#8218,#8219,#8220),
 .UNSPECIFIED.,.F.,.F.,(4,1,4),(0.,0.0177969578486036,0.041299535044271),
 .UNSPECIFIED.);
#113=B_SPLINE_CURVE_WITH_KNOTS('',3,(#8232,#8233,#8234,#8235,#8236),
 .UNSPECIFIED.,.F.,.F.,(4,1,4),(0.,0.0158468916025036,0.0309414157361377),
 .UNSPECIFIED.);
#114=B_SPLINE_CURVE_WITH_KNOTS('',3,(#8239,#8240,#8241,#8242,#8243),
 .UNSPECIFIED.,.F.,.F.,(4,1,4),(0.,0.0158468916025036,0.0309414157361377),
 .UNSPECIFIED.);
#115=B_SPLINE_CURVE_WITH_KNOTS('',3,(#8255,#8256,#8257,#8258,#8259),
 .UNSPECIFIED.,.F.,.F.,(4,1,4),(0.,0.0189053800259294,0.036123018537233),
 .UNSPECIFIED.);
#116=B_SPLINE_CURVE_WITH_KNOTS('',3,(#8262,#8263,#8264,#8265,#8266),
 .UNSPECIFIED.,.F.,.F.,(4,1,4),(0.,0.0189053800259294,0.036123018537233),
 .UNSPECIFIED.);
#117=B_SPLINE_CURVE_WITH_KNOTS('',3,(#8278,#8279,#8280,#8281,#8282),
 .UNSPECIFIED.,.F.,.F.,(4,1,4),(0.,0.0306466969898012,0.0612155005475929),
 .UNSPECIFIED.);
#118=B_SPLINE_CURVE_WITH_KNOTS('',3,(#8285,#8286,#8287,#8288,#8289),
 .UNSPECIFIED.,.F.,.F.,(4,1,4),(0.,0.0306466969898012,0.0612155005475929),
 .UNSPECIFIED.);
#119=B_SPLINE_CURVE_WITH_KNOTS('',3,(#8349,#8350,#8351,#8352,#8353),
 .UNSPECIFIED.,.F.,.F.,(4,1,4),(0.,0.0192391292150888,0.0391044053097942),
 .UNSPECIFIED.);
#120=B_SPLINE_CURVE_WITH_KNOTS('',3,(#8357,#8358,#8359,#8360,#8361),
 .UNSPECIFIED.,.F.,.F.,(4,1,4),(0.,0.0192391292150888,0.0391044053097942),
 .UNSPECIFIED.);
#121=B_SPLINE_CURVE_WITH_KNOTS('',3,(#8374,#8375,#8376,#8377,#8378),
 .UNSPECIFIED.,.F.,.F.,(4,1,4),(0.,0.020634618343717,0.0404307614475718),
 .UNSPECIFIED.);
#122=B_SPLINE_CURVE_WITH_KNOTS('',3,(#8381,#8382,#8383,#8384,#8385),
 .UNSPECIFIED.,.F.,.F.,(4,1,4),(0.,0.020634618343717,0.0404307614475718),
 .UNSPECIFIED.);
#123=B_SPLINE_CURVE_WITH_KNOTS('',3,(#8397,#8398,#8399,#8400,#8401),
 .UNSPECIFIED.,.F.,.F.,(4,1,4),(0.,0.0324289006808604,0.0572177610399086),
 .UNSPECIFIED.);
#124=B_SPLINE_CURVE_WITH_KNOTS('',3,(#8404,#8405,#8406,#8407,#8408),
 .UNSPECIFIED.,.F.,.F.,(4,1,4),(0.,0.0324289006808604,0.0572177610399086),
 .UNSPECIFIED.);
#125=B_SPLINE_CURVE_WITH_KNOTS('',3,(#8420,#8421,#8422,#8423,#8424),
 .UNSPECIFIED.,.F.,.F.,(4,1,4),(0.,0.0233087182346652,0.0529561601208383),
 .UNSPECIFIED.);
#126=B_SPLINE_CURVE_WITH_KNOTS('',3,(#8427,#8428,#8429,#8430,#8431),
 .UNSPECIFIED.,.F.,.F.,(4,1,4),(0.,0.0233087182346652,0.0529561601208383),
 .UNSPECIFIED.);
#127=B_SPLINE_CURVE_WITH_KNOTS('',3,(#8443,#8444,#8445,#8446,#8447),
 .UNSPECIFIED.,.F.,.F.,(4,1,4),(0.,0.0190586266406274,0.0389367685193211),
 .UNSPECIFIED.);
#128=B_SPLINE_CURVE_WITH_KNOTS('',3,(#8450,#8451,#8452,#8453,#8454),
 .UNSPECIFIED.,.F.,.F.,(4,1,4),(0.,0.0190586266406274,0.0389367685193211),
 .UNSPECIFIED.);
#129=B_SPLINE_CURVE_WITH_KNOTS('',3,(#8466,#8467,#8468,#8469,#8470),
 .UNSPECIFIED.,.F.,.F.,(4,1,4),(0.,0.0205539977926365,0.0396758598832443),
 .UNSPECIFIED.);
#130=B_SPLINE_CURVE_WITH_KNOTS('',3,(#8473,#8474,#8475,#8476,#8477),
 .UNSPECIFIED.,.F.,.F.,(4,1,4),(0.,0.0205539977926365,0.0396758598832443),
 .UNSPECIFIED.);
#131=B_SPLINE_CURVE_WITH_KNOTS('',3,(#8489,#8490,#8491,#8492,#8493),
 .UNSPECIFIED.,.F.,.F.,(4,1,4),(0.,0.0306176700690333,0.0548702585396236),
 .UNSPECIFIED.);
#132=B_SPLINE_CURVE_WITH_KNOTS('',3,(#8496,#8497,#8498,#8499,#8500),
 .UNSPECIFIED.,.F.,.F.,(4,1,4),(0.,0.0306176700690333,0.0548702585396236),
 .UNSPECIFIED.);
#133=B_SPLINE_CURVE_WITH_KNOTS('',3,(#8511,#8512,#8513,#8514,#8515),
 .UNSPECIFIED.,.F.,.F.,(4,1,4),(0.,0.023864865002624,0.0552179824408004),
 .UNSPECIFIED.);
#134=B_SPLINE_CURVE_WITH_KNOTS('',3,(#8516,#8517,#8518,#8519,#8520),
 .UNSPECIFIED.,.F.,.F.,(4,1,4),(0.,0.023864865002624,0.0552179824408004),
 .UNSPECIFIED.);
#135=B_SPLINE_CURVE_WITH_KNOTS('',3,(#8553,#8554,#8555,#8556,#8557),
 .UNSPECIFIED.,.F.,.F.,(4,1,4),(0.,0.0140602762938601,0.0276838907299781),
 .UNSPECIFIED.);
#136=B_SPLINE_CURVE_WITH_KNOTS('',3,(#8560,#8561,#8562,#8563,#8564),
 .UNSPECIFIED.,.F.,.F.,(4,1,4),(0.,0.0140602762938601,0.0276838907299781),
 .UNSPECIFIED.);
#137=B_SPLINE_CURVE_WITH_KNOTS('',3,(#8576,#8577,#8578,#8579,#8580),
 .UNSPECIFIED.,.F.,.F.,(4,1,4),(0.,0.0155717718684547,0.0302045060462874),
 .UNSPECIFIED.);
#138=B_SPLINE_CURVE_WITH_KNOTS('',3,(#8583,#8584,#8585,#8586,#8587),
 .UNSPECIFIED.,.F.,.F.,(4,1,4),(0.,0.0155717718684547,0.0302045060462874),
 .UNSPECIFIED.);
#139=B_SPLINE_CURVE_WITH_KNOTS('',3,(#8599,#8600,#8601,#8602,#8603),
 .UNSPECIFIED.,.F.,.F.,(4,1,4),(0.,0.0210785000334953,0.0425547698209071),
 .UNSPECIFIED.);
#140=B_SPLINE_CURVE_WITH_KNOTS('',3,(#8606,#8607,#8608,#8609,#8610),
 .UNSPECIFIED.,.F.,.F.,(4,1,4),(0.,0.0210785000334953,0.0425547698209071),
 .UNSPECIFIED.);
#141=B_SPLINE_CURVE_WITH_KNOTS('',3,(#8622,#8623,#8624,#8625,#8626),
 .UNSPECIFIED.,.F.,.F.,(4,1,4),(0.,0.0225404782333112,0.0438940699965657),
 .UNSPECIFIED.);
#142=B_SPLINE_CURVE_WITH_KNOTS('',3,(#8629,#8630,#8631,#8632,#8633),
 .UNSPECIFIED.,.F.,.F.,(4,1,4),(0.,0.0225404782333112,0.0438940699965657),
 .UNSPECIFIED.);
#143=B_SPLINE_CURVE_WITH_KNOTS('',3,(#8645,#8646,#8647,#8648,#8649),
 .UNSPECIFIED.,.F.,.F.,(4,1,4),(0.,0.0259554615419842,0.0502614221934534),
 .UNSPECIFIED.);
#144=B_SPLINE_CURVE_WITH_KNOTS('',3,(#8652,#8653,#8654,#8655,#8656),
 .UNSPECIFIED.,.F.,.F.,(4,1,4),(0.,0.0259554615419842,0.0502614221934534),
 .UNSPECIFIED.);
#145=B_SPLINE_CURVE_WITH_KNOTS('',3,(#8668,#8669,#8670,#8671,#8672),
 .UNSPECIFIED.,.F.,.F.,(4,1,4),(0.,0.024186939886363,0.0505033704672065),
 .UNSPECIFIED.);
#146=B_SPLINE_CURVE_WITH_KNOTS('',3,(#8675,#8676,#8677,#8678,#8679),
 .UNSPECIFIED.,.F.,.F.,(4,1,4),(0.,0.024186939886363,0.0505033704672065),
 .UNSPECIFIED.);
#147=B_SPLINE_CURVE_WITH_KNOTS('',3,(#8691,#8692,#8693,#8694,#8695),
 .UNSPECIFIED.,.F.,.F.,(4,1,4),(0.,0.021547300542802,0.0440616489216659),
 .UNSPECIFIED.);
#148=B_SPLINE_CURVE_WITH_KNOTS('',3,(#8698,#8699,#8700,#8701,#8702),
 .UNSPECIFIED.,.F.,.F.,(4,1,4),(0.,0.021547300542802,0.0440616489216659),
 .UNSPECIFIED.);
#149=B_SPLINE_CURVE_WITH_KNOTS('',3,(#8714,#8715,#8716,#8717,#8718),
 .UNSPECIFIED.,.F.,.F.,(4,1,4),(0.,0.0209965917664927,0.0420326924204346),
 .UNSPECIFIED.);
#150=B_SPLINE_CURVE_WITH_KNOTS('',3,(#8721,#8722,#8723,#8724,#8725),
 .UNSPECIFIED.,.F.,.F.,(4,1,4),(0.,0.0209965917664927,0.0420326924204346),
 .UNSPECIFIED.);
#151=B_SPLINE_CURVE_WITH_KNOTS('',3,(#8737,#8738,#8739,#8740,#8741),
 .UNSPECIFIED.,.F.,.F.,(4,1,4),(0.,0.0293419940752258,0.0594785651245389),
 .UNSPECIFIED.);
#152=B_SPLINE_CURVE_WITH_KNOTS('',3,(#8744,#8745,#8746,#8747,#8748),
 .UNSPECIFIED.,.F.,.F.,(4,1,4),(0.,0.0293419940752258,0.0594785651245389),
 .UNSPECIFIED.);
#153=B_SPLINE_CURVE_WITH_KNOTS('',3,(#8844,#8845,#8846,#8847,#8848),
 .UNSPECIFIED.,.F.,.F.,(4,1,4),(0.,0.0168140865604653,0.0327538614768225),
 .UNSPECIFIED.);
#154=B_SPLINE_CURVE_WITH_KNOTS('',3,(#8852,#8853,#8854,#8855,#8856),
 .UNSPECIFIED.,.F.,.F.,(4,1,4),(0.,0.0168140865604653,0.0327538614768225),
 .UNSPECIFIED.);
#155=B_SPLINE_CURVE_WITH_KNOTS('',3,(#8869,#8870,#8871,#8872,#8873),
 .UNSPECIFIED.,.F.,.F.,(4,1,4),(0.,0.0203374803316547,0.0411314325520293),
 .UNSPECIFIED.);
#156=B_SPLINE_CURVE_WITH_KNOTS('',3,(#8876,#8877,#8878,#8879,#8880),
 .UNSPECIFIED.,.F.,.F.,(4,1,4),(0.,0.0203374803316547,0.0411314325520293),
 .UNSPECIFIED.);
#157=B_SPLINE_CURVE_WITH_KNOTS('',3,(#8892,#8893,#8894,#8895,#8896),
 .UNSPECIFIED.,.F.,.F.,(4,1,4),(0.,0.0316991865726367,0.0556474793454443),
 .UNSPECIFIED.);
#158=B_SPLINE_CURVE_WITH_KNOTS('',3,(#8899,#8900,#8901,#8902,#8903),
 .UNSPECIFIED.,.F.,.F.,(4,1,4),(0.,0.0316991865726367,0.0556474793454443),
 .UNSPECIFIED.);
#159=B_SPLINE_CURVE_WITH_KNOTS('',3,(#8915,#8916,#8917,#8918,#8919),
 .UNSPECIFIED.,.F.,.F.,(4,1,4),(0.,0.024061738022864,0.0554152623245643),
 .UNSPECIFIED.);
#160=B_SPLINE_CURVE_WITH_KNOTS('',3,(#8922,#8923,#8924,#8925,#8926),
 .UNSPECIFIED.,.F.,.F.,(4,1,4),(0.,0.024061738022864,0.0554152623245643),
 .UNSPECIFIED.);
#161=B_SPLINE_CURVE_WITH_KNOTS('',3,(#8938,#8939,#8940,#8941,#8942),
 .UNSPECIFIED.,.F.,.F.,(4,1,4),(0.,0.0214252391877216,0.0422429579150748),
 .UNSPECIFIED.);
#162=B_SPLINE_CURVE_WITH_KNOTS('',3,(#8945,#8946,#8947,#8948,#8949),
 .UNSPECIFIED.,.F.,.F.,(4,1,4),(0.,0.0214252391877216,0.0422429579150748),
 .UNSPECIFIED.);
#163=B_SPLINE_CURVE_WITH_KNOTS('',3,(#8961,#8962,#8963,#8964,#8965),
 .UNSPECIFIED.,.F.,.F.,(4,1,4),(0.,0.0138096245657653,0.0282128948025777),
 .UNSPECIFIED.);
#164=B_SPLINE_CURVE_WITH_KNOTS('',3,(#8968,#8969,#8970,#8971,#8972),
 .UNSPECIFIED.,.F.,.F.,(4,1,4),(0.,0.0138096245657653,0.0282128948025777),
 .UNSPECIFIED.);
#165=B_SPLINE_CURVE_WITH_KNOTS('',3,(#8984,#8985,#8986,#8987,#8988),
 .UNSPECIFIED.,.F.,.F.,(4,1,4),(0.,0.0170429183805372,0.0317375134820445),
 .UNSPECIFIED.);
#166=B_SPLINE_CURVE_WITH_KNOTS('',3,(#8991,#8992,#8993,#8994,#8995),
 .UNSPECIFIED.,.F.,.F.,(4,1,4),(0.,0.0170429183805372,0.0317375134820445),
 .UNSPECIFIED.);
#167=B_SPLINE_CURVE_WITH_KNOTS('',3,(#9013,#9014,#9015,#9016,#9017),
 .UNSPECIFIED.,.F.,.F.,(4,1,4),(0.,0.023724554017198,0.0495405885596778),
 .UNSPECIFIED.);
#168=B_SPLINE_CURVE_WITH_KNOTS('',3,(#9020,#9021,#9022,#9023,#9024),
 .UNSPECIFIED.,.F.,.F.,(4,1,4),(0.,0.023724554017198,0.0495405885596778),
 .UNSPECIFIED.);
#169=B_SPLINE_CURVE_WITH_KNOTS('',3,(#9036,#9037,#9038,#9039,#9040),
 .UNSPECIFIED.,.F.,.F.,(4,1,4),(0.,0.0270743530792451,0.0512633185959513),
 .UNSPECIFIED.);
#170=B_SPLINE_CURVE_WITH_KNOTS('',3,(#9043,#9044,#9045,#9046,#9047),
 .UNSPECIFIED.,.F.,.F.,(4,1,4),(0.,0.0270743530792451,0.0512633185959513),
 .UNSPECIFIED.);
#171=B_SPLINE_CURVE_WITH_KNOTS('',3,(#9059,#9060,#9061,#9062,#9063),
 .UNSPECIFIED.,.F.,.F.,(4,1,4),(0.,0.0223214538797829,0.0449777808929043),
 .UNSPECIFIED.);
#172=B_SPLINE_CURVE_WITH_KNOTS('',3,(#9066,#9067,#9068,#9069,#9070),
 .UNSPECIFIED.,.F.,.F.,(4,1,4),(0.,0.0223214538797829,0.0449777808929043),
 .UNSPECIFIED.);
#173=B_SPLINE_CURVE_WITH_KNOTS('',3,(#9082,#9083,#9084,#9085,#9086),
 .UNSPECIFIED.,.F.,.F.,(4,1,4),(0.,0.0228199556147179,0.0449418476050011),
 .UNSPECIFIED.);
#174=B_SPLINE_CURVE_WITH_KNOTS('',3,(#9089,#9090,#9091,#9092,#9093),
 .UNSPECIFIED.,.F.,.F.,(4,1,4),(0.,0.0228199556147179,0.0449418476050011),
 .UNSPECIFIED.);
#175=B_SPLINE_CURVE_WITH_KNOTS('',3,(#9105,#9106,#9107,#9108,#9109),
 .UNSPECIFIED.,.F.,.F.,(4,1,4),(0.,0.0276054716449626,0.0525274391281922),
 .UNSPECIFIED.);
#176=B_SPLINE_CURVE_WITH_KNOTS('',3,(#9112,#9113,#9114,#9115,#9116),
 .UNSPECIFIED.,.F.,.F.,(4,1,4),(0.,0.0276054716449626,0.0525274391281922),
 .UNSPECIFIED.);
#177=B_SPLINE_CURVE_WITH_KNOTS('',3,(#9128,#9129,#9130,#9131,#9132),
 .UNSPECIFIED.,.F.,.F.,(4,1,4),(0.,0.0340784022816836,0.0745707004266244),
 .UNSPECIFIED.);
#178=B_SPLINE_CURVE_WITH_KNOTS('',3,(#9135,#9136,#9137,#9138,#9139),
 .UNSPECIFIED.,.F.,.F.,(4,1,4),(0.,0.0340784022816836,0.0745707004266244),
 .UNSPECIFIED.);
#179=B_SPLINE_CURVE_WITH_KNOTS('',3,(#9151,#9152,#9153,#9154,#9155),
 .UNSPECIFIED.,.F.,.F.,(4,1,4),(0.,0.0340767478895454,0.0660258069360007),
 .UNSPECIFIED.);
#180=B_SPLINE_CURVE_WITH_KNOTS('',3,(#9158,#9159,#9160,#9161,#9162),
 .UNSPECIFIED.,.F.,.F.,(4,1,4),(0.,0.0340767478895454,0.0660258069360007),
 .UNSPECIFIED.);
#181=B_SPLINE_CURVE_WITH_KNOTS('',3,(#9174,#9175,#9176,#9177,#9178),
 .UNSPECIFIED.,.F.,.F.,(4,1,4),(0.,0.0262796043892083,0.0539823929997755),
 .UNSPECIFIED.);
#182=B_SPLINE_CURVE_WITH_KNOTS('',3,(#9181,#9182,#9183,#9184,#9185),
 .UNSPECIFIED.,.F.,.F.,(4,1,4),(0.,0.0262796043892083,0.0539823929997755),
 .UNSPECIFIED.);
#183=B_SPLINE_CURVE_WITH_KNOTS('',3,(#9197,#9198,#9199,#9200,#9201),
 .UNSPECIFIED.,.F.,.F.,(4,1,4),(0.,0.029177933499467,0.0559280982869503),
 .UNSPECIFIED.);
#184=B_SPLINE_CURVE_WITH_KNOTS('',3,(#9204,#9205,#9206,#9207,#9208),
 .UNSPECIFIED.,.F.,.F.,(4,1,4),(0.,0.029177933499467,0.0559280982869503),
 .UNSPECIFIED.);
#185=B_SPLINE_CURVE_WITH_KNOTS('',3,(#9225,#9226,#9227,#9228,#9229),
 .UNSPECIFIED.,.F.,.F.,(4,1,4),(0.,0.017197726924688,0.0379650428552005),
 .UNSPECIFIED.);
#186=B_SPLINE_CURVE_WITH_KNOTS('',3,(#9230,#9231,#9232,#9233,#9234),
 .UNSPECIFIED.,.F.,.F.,(4,1,4),(0.,0.017197726924688,0.0379650428552005),
 .UNSPECIFIED.);
#187=B_SPLINE_CURVE_WITH_KNOTS('',3,(#9248,#9249,#9250,#9251,#9252),
 .UNSPECIFIED.,.F.,.F.,(4,1,4),(0.,0.0190410403214479,0.0403058582205624),
 .UNSPECIFIED.);
#188=B_SPLINE_CURVE_WITH_KNOTS('',3,(#9256,#9257,#9258,#9259,#9260),
 .UNSPECIFIED.,.F.,.F.,(4,1,4),(0.,0.0190410403214479,0.0403058582205624),
 .UNSPECIFIED.);
#189=B_SPLINE_CURVE_WITH_KNOTS('',3,(#9273,#9274,#9275,#9276,#9277),
 .UNSPECIFIED.,.F.,.F.,(4,1,4),(0.,0.0202735804029501,0.0391667058092087),
 .UNSPECIFIED.);
#190=B_SPLINE_CURVE_WITH_KNOTS('',3,(#9280,#9281,#9282,#9283,#9284),
 .UNSPECIFIED.,.F.,.F.,(4,1,4),(0.,0.0202735804029501,0.0391667058092087),
 .UNSPECIFIED.);
#191=B_SPLINE_CURVE_WITH_KNOTS('',3,(#9296,#9297,#9298,#9299,#9300),
 .UNSPECIFIED.,.F.,.F.,(4,1,4),(0.,0.0304780217401112,0.0545490920839846),
 .UNSPECIFIED.);
#192=B_SPLINE_CURVE_WITH_KNOTS('',3,(#9303,#9304,#9305,#9306,#9307),
 .UNSPECIFIED.,.F.,.F.,(4,1,4),(0.,0.0304780217401112,0.0545490920839846),
 .UNSPECIFIED.);
#193=B_SPLINE_CURVE_WITH_KNOTS('',3,(#9319,#9320,#9321,#9322,#9323),
 .UNSPECIFIED.,.F.,.F.,(4,1,4),(0.,0.0246239564861943,0.0564034531563471),
 .UNSPECIFIED.);
#194=B_SPLINE_CURVE_WITH_KNOTS('',3,(#9326,#9327,#9328,#9329,#9330),
 .UNSPECIFIED.,.F.,.F.,(4,1,4),(0.,0.0246239564861943,0.0564034531563471),
 .UNSPECIFIED.);
#195=B_SPLINE_CURVE_WITH_KNOTS('',3,(#9342,#9343,#9344,#9345,#9346),
 .UNSPECIFIED.,.F.,.F.,(4,1,4),(0.,0.0194796115961259,0.040123506663949),
 .UNSPECIFIED.);
#196=B_SPLINE_CURVE_WITH_KNOTS('',3,(#9349,#9350,#9351,#9352,#9353),
 .UNSPECIFIED.,.F.,.F.,(4,1,4),(0.,0.0194796115961259,0.040123506663949),
 .UNSPECIFIED.);
#197=B_SPLINE_CURVE_WITH_KNOTS('',3,(#9365,#9366,#9367,#9368,#9369),
 .UNSPECIFIED.,.F.,.F.,(4,1,4),(0.,0.0200478326696734,0.0391410717923114),
 .UNSPECIFIED.);
#198=B_SPLINE_CURVE_WITH_KNOTS('',3,(#9372,#9373,#9374,#9375,#9376),
 .UNSPECIFIED.,.F.,.F.,(4,1,4),(0.,0.0200478326696734,0.0391410717923114),
 .UNSPECIFIED.);
#199=B_SPLINE_CURVE_WITH_KNOTS('',3,(#9388,#9389,#9390,#9391,#9392),
 .UNSPECIFIED.,.F.,.F.,(4,1,4),(0.,0.0306026005999858,0.054377981007379),
 .UNSPECIFIED.);
#200=B_SPLINE_CURVE_WITH_KNOTS('',3,(#9395,#9396,#9397,#9398,#9399),
 .UNSPECIFIED.,.F.,.F.,(4,1,4),(0.,0.0306026005999858,0.054377981007379),
 .UNSPECIFIED.);
#201=B_SPLINE_CURVE_WITH_KNOTS('',3,(#9410,#9411,#9412,#9413,#9414),
 .UNSPECIFIED.,.F.,.F.,(4,1,4),(0.,0.0251768743276191,0.0562094288504806),
 .UNSPECIFIED.);
#202=B_SPLINE_CURVE_WITH_KNOTS('',3,(#9415,#9416,#9417,#9418,#9419),
 .UNSPECIFIED.,.F.,.F.,(4,1,4),(0.,0.0251768743276191,0.0562094288504806),
 .UNSPECIFIED.);
#203=B_SPLINE_CURVE_WITH_KNOTS('',3,(#9440,#9441,#9442,#9443,#9444),
 .UNSPECIFIED.,.F.,.F.,(4,1,4),(0.,0.0133084501835787,0.0260152741211986),
 .UNSPECIFIED.);
#204=B_SPLINE_CURVE_WITH_KNOTS('',3,(#9447,#9448,#9449,#9450,#9451),
 .UNSPECIFIED.,.F.,.F.,(4,1,4),(0.,0.0133084501835787,0.0260152741211986),
 .UNSPECIFIED.);
#205=B_SPLINE_CURVE_WITH_KNOTS('',3,(#9463,#9464,#9465,#9466,#9467),
 .UNSPECIFIED.,.F.,.F.,(4,1,4),(0.,0.014649125849565,0.0285107455949678),
 .UNSPECIFIED.);
#206=B_SPLINE_CURVE_WITH_KNOTS('',3,(#9470,#9471,#9472,#9473,#9474),
 .UNSPECIFIED.,.F.,.F.,(4,1,4),(0.,0.014649125849565,0.0285107455949678),
 .UNSPECIFIED.);
#207=B_SPLINE_CURVE_WITH_KNOTS('',3,(#9486,#9487,#9488,#9489,#9490),
 .UNSPECIFIED.,.F.,.F.,(4,1,4),(0.,0.0214345864428909,0.0421329269506881),
 .UNSPECIFIED.);
#208=B_SPLINE_CURVE_WITH_KNOTS('',3,(#9493,#9494,#9495,#9496,#9497),
 .UNSPECIFIED.,.F.,.F.,(4,1,4),(0.,0.0214345864428909,0.0421329269506881),
 .UNSPECIFIED.);
#209=B_SPLINE_CURVE_WITH_KNOTS('',3,(#9509,#9510,#9511,#9512,#9513),
 .UNSPECIFIED.,.F.,.F.,(4,1,4),(0.,0.0231513247196153,0.0452782877801837),
 .UNSPECIFIED.);
#210=B_SPLINE_CURVE_WITH_KNOTS('',3,(#9516,#9517,#9518,#9519,#9520),
 .UNSPECIFIED.,.F.,.F.,(4,1,4),(0.,0.0231513247196153,0.0452782877801837),
 .UNSPECIFIED.);
#211=B_SPLINE_CURVE_WITH_KNOTS('',3,(#9532,#9533,#9534,#9535,#9536),
 .UNSPECIFIED.,.F.,.F.,(4,1,4),(0.,0.0265286476799592,0.0513244340249122),
 .UNSPECIFIED.);
#212=B_SPLINE_CURVE_WITH_KNOTS('',3,(#9539,#9540,#9541,#9542,#9543),
 .UNSPECIFIED.,.F.,.F.,(4,1,4),(0.,0.0265286476799592,0.0513244340249122),
 .UNSPECIFIED.);
#213=B_SPLINE_CURVE_WITH_KNOTS('',3,(#9555,#9556,#9557,#9558,#9559),
 .UNSPECIFIED.,.F.,.F.,(4,1,4),(0.,0.0237741661389329,0.0487529615650634),
 .UNSPECIFIED.);
#214=B_SPLINE_CURVE_WITH_KNOTS('',3,(#9562,#9563,#9564,#9565,#9566),
 .UNSPECIFIED.,.F.,.F.,(4,1,4),(0.,0.0237741661389329,0.0487529615650634),
 .UNSPECIFIED.);
#215=B_SPLINE_CURVE_WITH_KNOTS('',3,(#9578,#9579,#9580,#9581,#9582),
 .UNSPECIFIED.,.F.,.F.,(4,1,4),(0.,0.0211938856984714,0.0435071550479957),
 .UNSPECIFIED.);
#216=B_SPLINE_CURVE_WITH_KNOTS('',3,(#9585,#9586,#9587,#9588,#9589),
 .UNSPECIFIED.,.F.,.F.,(4,1,4),(0.,0.0211938856984714,0.0435071550479957),
 .UNSPECIFIED.);
#217=B_SPLINE_CURVE_WITH_KNOTS('',3,(#9601,#9602,#9603,#9604,#9605),
 .UNSPECIFIED.,.F.,.F.,(4,1,4),(0.,0.0220312356197721,0.0431249583327988),
 .UNSPECIFIED.);
#218=B_SPLINE_CURVE_WITH_KNOTS('',3,(#9608,#9609,#9610,#9611,#9612),
 .UNSPECIFIED.,.F.,.F.,(4,1,4),(0.,0.0220312356197721,0.0431249583327988),
 .UNSPECIFIED.);
#219=B_SPLINE_CURVE_WITH_KNOTS('',3,(#9624,#9625,#9626,#9627,#9628),
 .UNSPECIFIED.,.F.,.F.,(4,1,4),(0.,0.0147123742635529,0.0312166303473484),
 .UNSPECIFIED.);
#220=B_SPLINE_CURVE_WITH_KNOTS('',3,(#9631,#9632,#9633,#9634,#9635),
 .UNSPECIFIED.,.F.,.F.,(4,1,4),(0.,0.0147123742635529,0.0312166303473484),
 .UNSPECIFIED.);
#221=B_SPLINE_CURVE_WITH_KNOTS('',3,(#9647,#9648,#9649,#9650,#9651),
 .UNSPECIFIED.,.F.,.F.,(4,1,4),(0.,0.016030392872406,0.0306588769776862),
 .UNSPECIFIED.);
#222=B_SPLINE_CURVE_WITH_KNOTS('',3,(#9654,#9655,#9656,#9657,#9658),
 .UNSPECIFIED.,.F.,.F.,(4,1,4),(0.,0.016030392872406,0.0306588769776862),
 .UNSPECIFIED.);
#223=B_SPLINE_CURVE_WITH_KNOTS('',3,(#9693,#9694,#9695,#9696,#9697),
 .UNSPECIFIED.,.F.,.F.,(4,1,4),(0.,0.0133987778712236,0.0312622167156748),
 .UNSPECIFIED.);
#224=B_SPLINE_CURVE_WITH_KNOTS('',3,(#9701,#9702,#9703,#9704,#9705),
 .UNSPECIFIED.,.F.,.F.,(4,1,4),(0.,0.0133987778712236,0.0312622167156748),
 .UNSPECIFIED.);
#225=B_SPLINE_CURVE_WITH_KNOTS('',3,(#9718,#9719,#9720,#9721,#9722),
 .UNSPECIFIED.,.F.,.F.,(4,1,4),(0.,0.0150971825251295,0.0297316227406649),
 .UNSPECIFIED.);
#226=B_SPLINE_CURVE_WITH_KNOTS('',3,(#9725,#9726,#9727,#9728,#9729),
 .UNSPECIFIED.,.F.,.F.,(4,1,4),(0.,0.0150971825251295,0.0297316227406649),
 .UNSPECIFIED.);
#227=B_SPLINE_CURVE_WITH_KNOTS('',3,(#9741,#9742,#9743,#9744,#9745),
 .UNSPECIFIED.,.F.,.F.,(4,1,4),(0.,0.0168667827373943,0.0327638627504119),
 .UNSPECIFIED.);
#228=B_SPLINE_CURVE_WITH_KNOTS('',3,(#9748,#9749,#9750,#9751,#9752),
 .UNSPECIFIED.,.F.,.F.,(4,1,4),(0.,0.0168667827373943,0.0327638627504119),
 .UNSPECIFIED.);
#229=B_SPLINE_CURVE_WITH_KNOTS('',3,(#9764,#9765,#9766,#9767,#9768),
 .UNSPECIFIED.,.F.,.F.,(4,1,4),(0.,0.012989317553172,0.0288747081780221),
 .UNSPECIFIED.);
#230=B_SPLINE_CURVE_WITH_KNOTS('',3,(#9771,#9772,#9773,#9774,#9775),
 .UNSPECIFIED.,.F.,.F.,(4,1,4),(0.,0.012989317553172,0.0288747081780221),
 .UNSPECIFIED.);
#231=B_SPLINE_CURVE_WITH_KNOTS('',3,(#9787,#9788,#9789,#9790,#9791),
 .UNSPECIFIED.,.F.,.F.,(4,1,4),(0.,0.0114923925094719,0.0230417398628137),
 .UNSPECIFIED.);
#232=B_SPLINE_CURVE_WITH_KNOTS('',3,(#9794,#9795,#9796,#9797,#9798),
 .UNSPECIFIED.,.F.,.F.,(4,1,4),(0.,0.0114923925094719,0.0230417398628137),
 .UNSPECIFIED.);
#233=B_SPLINE_CURVE_WITH_KNOTS('',3,(#9810,#9811,#9812,#9813,#9814),
 .UNSPECIFIED.,.F.,.F.,(4,1,4),(0.,0.00763014138425846,0.0153566339185734),
 .UNSPECIFIED.);
#234=B_SPLINE_CURVE_WITH_KNOTS('',3,(#9817,#9818,#9819,#9820,#9821),
 .UNSPECIFIED.,.F.,.F.,(4,1,4),(0.,0.00763014138425846,0.0153566339185734),
 .UNSPECIFIED.);
#235=B_SPLINE_CURVE_WITH_KNOTS('',3,(#9833,#9834,#9835,#9836,#9837),
 .UNSPECIFIED.,.F.,.F.,(4,1,4),(0.,0.00811946919799954,0.0158643250498618),
 .UNSPECIFIED.);
#236=B_SPLINE_CURVE_WITH_KNOTS('',3,(#9840,#9841,#9842,#9843,#9844),
 .UNSPECIFIED.,.F.,.F.,(4,1,4),(0.,0.00811946919799954,0.0158643250498618),
 .UNSPECIFIED.);
#237=B_SPLINE_CURVE_WITH_KNOTS('',3,(#9856,#9857,#9858,#9859,#9860),
 .UNSPECIFIED.,.F.,.F.,(4,1,4),(0.,0.0164158772819799,0.0275149310867024),
 .UNSPECIFIED.);
#238=B_SPLINE_CURVE_WITH_KNOTS('',3,(#9863,#9864,#9865,#9866,#9867),
 .UNSPECIFIED.,.F.,.F.,(4,1,4),(0.,0.0164158772819799,0.0275149310867024),
 .UNSPECIFIED.);
#239=B_SPLINE_CURVE_WITH_KNOTS('',3,(#9879,#9880,#9881,#9882,#9883),
 .UNSPECIFIED.,.F.,.F.,(4,1,4),(0.,0.021822335068621,0.0515426102515129),
 .UNSPECIFIED.);
#240=B_SPLINE_CURVE_WITH_KNOTS('',3,(#9886,#9887,#9888,#9889,#9890),
 .UNSPECIFIED.,.F.,.F.,(4,1,4),(0.,0.021822335068621,0.0515426102515129),
 .UNSPECIFIED.);
#241=B_SPLINE_CURVE_WITH_KNOTS('',3,(#9914,#9915,#9916,#9917,#9918),
 .UNSPECIFIED.,.F.,.F.,(4,1,4),(0.,0.0114834479852141,0.023169345311399),
 .UNSPECIFIED.);
#242=B_SPLINE_CURVE_WITH_KNOTS('',3,(#9921,#9922,#9923,#9924,#9925),
 .UNSPECIFIED.,.F.,.F.,(4,1,4),(0.,0.0114834479852141,0.023169345311399),
 .UNSPECIFIED.);
#243=B_SPLINE_CURVE_WITH_KNOTS('',3,(#9937,#9938,#9939,#9940,#9941),
 .UNSPECIFIED.,.F.,.F.,(4,1,4),(0.,0.0349411928607443,0.0542035937424659),
 .UNSPECIFIED.);
#244=B_SPLINE_CURVE_WITH_KNOTS('',3,(#9944,#9945,#9946,#9947,#9948),
 .UNSPECIFIED.,.F.,.F.,(4,1,4),(0.,0.0349411928607443,0.0542035937424659),
 .UNSPECIFIED.);
#245=B_SPLINE_CURVE_WITH_KNOTS('',3,(#9966,#9967,#9968,#9969,#9970),
 .UNSPECIFIED.,.F.,.F.,(4,1,4),(0.,0.011059388750419,0.0283726396339477),
 .UNSPECIFIED.);
#246=B_SPLINE_CURVE_WITH_KNOTS('',3,(#9973,#9974,#9975,#9976,#9977),
 .UNSPECIFIED.,.F.,.F.,(4,1,4),(0.,0.011059388750419,0.0283726396339477),
 .UNSPECIFIED.);
#247=B_SPLINE_CURVE_WITH_KNOTS('',3,(#9989,#9990,#9991,#9992,#9993),
 .UNSPECIFIED.,.F.,.F.,(4,1,4),(0.,0.0110085920304809,0.0231357533842346),
 .UNSPECIFIED.);
#248=B_SPLINE_CURVE_WITH_KNOTS('',3,(#9996,#9997,#9998,#9999,#10000),
 .UNSPECIFIED.,.F.,.F.,(4,1,4),(0.,0.0110085920304809,0.0231357533842346),
 .UNSPECIFIED.);
#249=B_SPLINE_CURVE_WITH_KNOTS('',3,(#10012,#10013,#10014,#10015,#10016),
 .UNSPECIFIED.,.F.,.F.,(4,1,4),(0.,0.0140045609364766,0.0255651613013474),
 .UNSPECIFIED.);
#250=B_SPLINE_CURVE_WITH_KNOTS('',3,(#10019,#10020,#10021,#10022,#10023),
 .UNSPECIFIED.,.F.,.F.,(4,1,4),(0.,0.0140045609364766,0.0255651613013474),
 .UNSPECIFIED.);
#251=B_SPLINE_CURVE_WITH_KNOTS('',3,(#10035,#10036,#10037,#10038,#10039),
 .UNSPECIFIED.,.F.,.F.,(4,1,4),(0.,0.0210622572172526,0.038226857241948),
 .UNSPECIFIED.);
#252=B_SPLINE_CURVE_WITH_KNOTS('',3,(#10042,#10043,#10044,#10045,#10046),
 .UNSPECIFIED.,.F.,.F.,(4,1,4),(0.,0.0210622572172526,0.038226857241948),
 .UNSPECIFIED.);
#253=B_SPLINE_CURVE_WITH_KNOTS('',3,(#10058,#10059,#10060,#10061,#10062),
 .UNSPECIFIED.,.F.,.F.,(4,1,4),(0.,0.0197338678770531,0.0417479649998021),
 .UNSPECIFIED.);
#254=B_SPLINE_CURVE_WITH_KNOTS('',3,(#10065,#10066,#10067,#10068,#10069),
 .UNSPECIFIED.,.F.,.F.,(4,1,4),(0.,0.0197338678770531,0.0417479649998021),
 .UNSPECIFIED.);
#255=B_SPLINE_CURVE_WITH_KNOTS('',3,(#10081,#10082,#10083,#10084,#10085),
 .UNSPECIFIED.,.F.,.F.,(4,1,4),(0.,0.0155406322030265,0.0330053623689357),
 .UNSPECIFIED.);
#256=B_SPLINE_CURVE_WITH_KNOTS('',3,(#10088,#10089,#10090,#10091,#10092),
 .UNSPECIFIED.,.F.,.F.,(4,1,4),(0.,0.0155406322030265,0.0330053623689357),
 .UNSPECIFIED.);
#257=B_SPLINE_CURVE_WITH_KNOTS('',3,(#10104,#10105,#10106,#10107,#10108),
 .UNSPECIFIED.,.F.,.F.,(4,1,4),(0.,0.0182377797995474,0.0341373824391245),
 .UNSPECIFIED.);
#258=B_SPLINE_CURVE_WITH_KNOTS('',3,(#10111,#10112,#10113,#10114,#10115),
 .UNSPECIFIED.,.F.,.F.,(4,1,4),(0.,0.0182377797995474,0.0341373824391245),
 .UNSPECIFIED.);
#259=B_SPLINE_CURVE_WITH_KNOTS('',3,(#10133,#10134,#10135,#10136,#10137),
 .UNSPECIFIED.,.F.,.F.,(4,1,4),(0.,0.0138194789410335,0.0313368226624765),
 .UNSPECIFIED.);
#260=B_SPLINE_CURVE_WITH_KNOTS('',3,(#10140,#10141,#10142,#10143,#10144),
 .UNSPECIFIED.,.F.,.F.,(4,1,4),(0.,0.0138194789410335,0.0313368226624765),
 .UNSPECIFIED.);
#261=B_SPLINE_CURVE_WITH_KNOTS('',3,(#10156,#10157,#10158,#10159,#10160),
 .UNSPECIFIED.,.F.,.F.,(4,1,4),(0.,0.0189178008322136,0.0332485946410424),
 .UNSPECIFIED.);
#262=B_SPLINE_CURVE_WITH_KNOTS('',3,(#10163,#10164,#10165,#10166,#10167),
 .UNSPECIFIED.,.F.,.F.,(4,1,4),(0.,0.0189178008322136,0.0332485946410424),
 .UNSPECIFIED.);
#263=B_SPLINE_CURVE_WITH_KNOTS('',3,(#10179,#10180,#10181,#10182,#10183),
 .UNSPECIFIED.,.F.,.F.,(4,1,4),(0.,0.0165742497354113,0.0370757745379317),
 .UNSPECIFIED.);
#264=B_SPLINE_CURVE_WITH_KNOTS('',3,(#10186,#10187,#10188,#10189,#10190),
 .UNSPECIFIED.,.F.,.F.,(4,1,4),(0.,0.0165742497354113,0.0370757745379317),
 .UNSPECIFIED.);
#265=B_SPLINE_CURVE_WITH_KNOTS('',3,(#10202,#10203,#10204,#10205,#10206),
 .UNSPECIFIED.,.F.,.F.,(4,1,4),(0.,0.0161345209445665,0.0284492045795329),
 .UNSPECIFIED.);
#266=B_SPLINE_CURVE_WITH_KNOTS('',3,(#10209,#10210,#10211,#10212,#10213),
 .UNSPECIFIED.,.F.,.F.,(4,1,4),(0.,0.0161345209445665,0.0284492045795329),
 .UNSPECIFIED.);
#267=B_SPLINE_CURVE_WITH_KNOTS('',3,(#10225,#10226,#10227,#10228,#10229),
 .UNSPECIFIED.,.F.,.F.,(4,1,4),(0.,0.00516017093077386,0.00801690821521901),
 .UNSPECIFIED.);
#268=B_SPLINE_CURVE_WITH_KNOTS('',3,(#10232,#10233,#10234,#10235,#10236),
 .UNSPECIFIED.,.F.,.F.,(4,1,4),(0.,0.00516017093077386,0.00801690821521901),
 .UNSPECIFIED.);
#269=B_SPLINE_CURVE_WITH_KNOTS('',3,(#10248,#10249,#10250,#10251,#10252),
 .UNSPECIFIED.,.F.,.F.,(4,1,4),(0.,0.0326371964678345,0.0558197362377259),
 .UNSPECIFIED.);
#270=B_SPLINE_CURVE_WITH_KNOTS('',3,(#10255,#10256,#10257,#10258,#10259),
 .UNSPECIFIED.,.F.,.F.,(4,1,4),(0.,0.0326371964678345,0.0558197362377259),
 .UNSPECIFIED.);
#271=B_SPLINE_CURVE_WITH_KNOTS('',3,(#10271,#10272,#10273,#10274,#10275),
 .UNSPECIFIED.,.F.,.F.,(4,1,4),(0.,0.011580258135407,0.0276842840738173),
 .UNSPECIFIED.);
#272=B_SPLINE_CURVE_WITH_KNOTS('',3,(#10278,#10279,#10280,#10281,#10282),
 .UNSPECIFIED.,.F.,.F.,(4,1,4),(0.,0.011580258135407,0.0276842840738173),
 .UNSPECIFIED.);
#273=B_SPLINE_CURVE_WITH_KNOTS('',3,(#10294,#10295,#10296,#10297,#10298),
 .UNSPECIFIED.,.F.,.F.,(4,1,4),(0.,0.011948709533471,0.0243491900971553),
 .UNSPECIFIED.);
#274=B_SPLINE_CURVE_WITH_KNOTS('',3,(#10301,#10302,#10303,#10304,#10305),
 .UNSPECIFIED.,.F.,.F.,(4,1,4),(0.,0.011948709533471,0.0243491900971553),
 .UNSPECIFIED.);
#275=B_SPLINE_CURVE_WITH_KNOTS('',3,(#10317,#10318,#10319,#10320,#10321),
 .UNSPECIFIED.,.F.,.F.,(4,1,4),(0.,0.0121300337282133,0.0238989463699406),
 .UNSPECIFIED.);
#276=B_SPLINE_CURVE_WITH_KNOTS('',3,(#10324,#10325,#10326,#10327,#10328),
 .UNSPECIFIED.,.F.,.F.,(4,1,4),(0.,0.0121300337282133,0.0238989463699406),
 .UNSPECIFIED.);
#277=B_SPLINE_CURVE_WITH_KNOTS('',3,(#10340,#10341,#10342,#10343,#10344),
 .UNSPECIFIED.,.F.,.F.,(4,1,4),(0.,0.0128156314876559,0.0252491793338357),
 .UNSPECIFIED.);
#278=B_SPLINE_CURVE_WITH_KNOTS('',3,(#10347,#10348,#10349,#10350,#10351),
 .UNSPECIFIED.,.F.,.F.,(4,1,4),(0.,0.0128156314876559,0.0252491793338357),
 .UNSPECIFIED.);
#279=B_SPLINE_CURVE_WITH_KNOTS('',3,(#10363,#10364,#10365,#10366,#10367),
 .UNSPECIFIED.,.F.,.F.,(4,1,4),(0.,0.0205009906048999,0.0415418167802459),
 .UNSPECIFIED.);
#280=B_SPLINE_CURVE_WITH_KNOTS('',3,(#10370,#10371,#10372,#10373,#10374),
 .UNSPECIFIED.,.F.,.F.,(4,1,4),(0.,0.0205009906048999,0.0415418167802459),
 .UNSPECIFIED.);
#281=B_SPLINE_CURVE_WITH_KNOTS('',3,(#10386,#10387,#10388,#10389,#10390),
 .UNSPECIFIED.,.F.,.F.,(4,1,4),(0.,0.0266403908687989,0.0489827933679451),
 .UNSPECIFIED.);
#282=B_SPLINE_CURVE_WITH_KNOTS('',3,(#10393,#10394,#10395,#10396,#10397),
 .UNSPECIFIED.,.F.,.F.,(4,1,4),(0.,0.0266403908687989,0.0489827933679451),
 .UNSPECIFIED.);
#283=B_SPLINE_CURVE_WITH_KNOTS('',3,(#10409,#10410,#10411,#10412,#10413),
 .UNSPECIFIED.,.F.,.F.,(4,1,4),(0.,0.0169515384468408,0.0345156738892824),
 .UNSPECIFIED.);
#284=B_SPLINE_CURVE_WITH_KNOTS('',3,(#10416,#10417,#10418,#10419,#10420),
 .UNSPECIFIED.,.F.,.F.,(4,1,4),(0.,0.0169515384468408,0.0345156738892824),
 .UNSPECIFIED.);
#285=B_SPLINE_CURVE_WITH_KNOTS('',3,(#10432,#10433,#10434,#10435,#10436),
 .UNSPECIFIED.,.F.,.F.,(4,1,4),(0.,0.0208054109142064,0.0388231221300741),
 .UNSPECIFIED.);
#286=B_SPLINE_CURVE_WITH_KNOTS('',3,(#10439,#10440,#10441,#10442,#10443),
 .UNSPECIFIED.,.F.,.F.,(4,1,4),(0.,0.0208054109142064,0.0388231221300741),
 .UNSPECIFIED.);
#287=B_SPLINE_CURVE_WITH_KNOTS('',3,(#10454,#10455,#10456,#10457,#10458),
 .UNSPECIFIED.,.F.,.F.,(4,1,4),(0.,0.0110774450407445,0.0232607019376778),
 .UNSPECIFIED.);
#288=B_SPLINE_CURVE_WITH_KNOTS('',3,(#10459,#10460,#10461,#10462,#10463),
 .UNSPECIFIED.,.F.,.F.,(4,1,4),(0.,0.0110774450407445,0.0232607019376778),
 .UNSPECIFIED.);
#289=B_SPLINE_CURVE_WITH_KNOTS('',3,(#10550,#10551,#10552,#10553,#10554),
 .UNSPECIFIED.,.F.,.F.,(4,1,4),(0.,0.0133987778712236,0.0312622084648607),
 .UNSPECIFIED.);
#290=B_SPLINE_CURVE_WITH_KNOTS('',3,(#10558,#10559,#10560,#10561,#10562),
 .UNSPECIFIED.,.F.,.F.,(4,1,4),(0.,0.0133987778712236,0.0312622084648607),
 .UNSPECIFIED.);
#291=B_SPLINE_CURVE_WITH_KNOTS('',3,(#10575,#10576,#10577,#10578,#10579),
 .UNSPECIFIED.,.F.,.F.,(4,1,4),(0.,0.015097277119486,0.0297317173350214),
 .UNSPECIFIED.);
#292=B_SPLINE_CURVE_WITH_KNOTS('',3,(#10582,#10583,#10584,#10585,#10586),
 .UNSPECIFIED.,.F.,.F.,(4,1,4),(0.,0.015097277119486,0.0297317173350214),
 .UNSPECIFIED.);
#293=B_SPLINE_CURVE_WITH_KNOTS('',3,(#10598,#10599,#10600,#10601,#10602),
 .UNSPECIFIED.,.F.,.F.,(4,1,4),(0.,0.0168666643191063,0.0327637443321239),
 .UNSPECIFIED.);
#294=B_SPLINE_CURVE_WITH_KNOTS('',3,(#10605,#10606,#10607,#10608,#10609),
 .UNSPECIFIED.,.F.,.F.,(4,1,4),(0.,0.0168666643191063,0.0327637443321239),
 .UNSPECIFIED.);
#295=B_SPLINE_CURVE_WITH_KNOTS('',3,(#10621,#10622,#10623,#10624,#10625),
 .UNSPECIFIED.,.F.,.F.,(4,1,4),(0.,0.012989317553172,0.0288745899620126),
 .UNSPECIFIED.);
#296=B_SPLINE_CURVE_WITH_KNOTS('',3,(#10628,#10629,#10630,#10631,#10632),
 .UNSPECIFIED.,.F.,.F.,(4,1,4),(0.,0.012989317553172,0.0288745899620126),
 .UNSPECIFIED.);
#297=B_SPLINE_CURVE_WITH_KNOTS('',3,(#10644,#10645,#10646,#10647,#10648),
 .UNSPECIFIED.,.F.,.F.,(4,1,4),(0.,0.0114924166103171,0.0230418359107213),
 .UNSPECIFIED.);
#298=B_SPLINE_CURVE_WITH_KNOTS('',3,(#10651,#10652,#10653,#10654,#10655),
 .UNSPECIFIED.,.F.,.F.,(4,1,4),(0.,0.0114924166103171,0.0230418359107213),
 .UNSPECIFIED.);
#299=B_SPLINE_CURVE_WITH_KNOTS('',3,(#10667,#10668,#10669,#10670,#10671),
 .UNSPECIFIED.,.F.,.F.,(4,1,4),(0.,0.00763014138425846,0.0153566503622587),
 .UNSPECIFIED.);
#300=B_SPLINE_CURVE_WITH_KNOTS('',3,(#10674,#10675,#10676,#10677,#10678),
 .UNSPECIFIED.,.F.,.F.,(4,1,4),(0.,0.00763014138425846,0.0153566503622587),
 .UNSPECIFIED.);
#301=B_SPLINE_CURVE_WITH_KNOTS('',3,(#10690,#10691,#10692,#10693,#10694),
 .UNSPECIFIED.,.F.,.F.,(4,1,4),(0.,0.00811946919799954,0.0158643250498618),
 .UNSPECIFIED.);
#302=B_SPLINE_CURVE_WITH_KNOTS('',3,(#10697,#10698,#10699,#10700,#10701),
 .UNSPECIFIED.,.F.,.F.,(4,1,4),(0.,0.00811946919799954,0.0158643250498618),
 .UNSPECIFIED.);
#303=B_SPLINE_CURVE_WITH_KNOTS('',3,(#10713,#10714,#10715,#10716,#10717),
 .UNSPECIFIED.,.F.,.F.,(4,1,4),(0.,0.0164158772819799,0.0275149310867024),
 .UNSPECIFIED.);
#304=B_SPLINE_CURVE_WITH_KNOTS('',3,(#10720,#10721,#10722,#10723,#10724),
 .UNSPECIFIED.,.F.,.F.,(4,1,4),(0.,0.0164158772819799,0.0275149310867024),
 .UNSPECIFIED.);
#305=B_SPLINE_CURVE_WITH_KNOTS('',3,(#10736,#10737,#10738,#10739,#10740),
 .UNSPECIFIED.,.F.,.F.,(4,1,4),(0.,0.0218222209511547,0.0515424961340466),
 .UNSPECIFIED.);
#306=B_SPLINE_CURVE_WITH_KNOTS('',3,(#10743,#10744,#10745,#10746,#10747),
 .UNSPECIFIED.,.F.,.F.,(4,1,4),(0.,0.0218222209511547,0.0515424961340466),
 .UNSPECIFIED.);
#307=B_SPLINE_CURVE_WITH_KNOTS('',3,(#10771,#10772,#10773,#10774,#10775),
 .UNSPECIFIED.,.F.,.F.,(4,1,4),(0.,0.0114834479852141,0.0231692959492396),
 .UNSPECIFIED.);
#308=B_SPLINE_CURVE_WITH_KNOTS('',3,(#10778,#10779,#10780,#10781,#10782),
 .UNSPECIFIED.,.F.,.F.,(4,1,4),(0.,0.0114834479852141,0.0231692959492396),
 .UNSPECIFIED.);
#309=B_SPLINE_CURVE_WITH_KNOTS('',3,(#10794,#10795,#10796,#10797,#10798),
 .UNSPECIFIED.,.F.,.F.,(4,1,4),(0.,0.03494119453333,0.0542035954150516),
 .UNSPECIFIED.);
#310=B_SPLINE_CURVE_WITH_KNOTS('',3,(#10801,#10802,#10803,#10804,#10805),
 .UNSPECIFIED.,.F.,.F.,(4,1,4),(0.,0.03494119453333,0.0542035954150516),
 .UNSPECIFIED.);
#311=B_SPLINE_CURVE_WITH_KNOTS('',3,(#10823,#10824,#10825,#10826,#10827),
 .UNSPECIFIED.,.F.,.F.,(4,1,4),(0.,0.011059388750419,0.0283726369913562),
 .UNSPECIFIED.);
#312=B_SPLINE_CURVE_WITH_KNOTS('',3,(#10830,#10831,#10832,#10833,#10834),
 .UNSPECIFIED.,.F.,.F.,(4,1,4),(0.,0.011059388750419,0.0283726369913562),
 .UNSPECIFIED.);
#313=B_SPLINE_CURVE_WITH_KNOTS('',3,(#10846,#10847,#10848,#10849,#10850),
 .UNSPECIFIED.,.F.,.F.,(4,1,4),(0.,0.0110085292447573,0.0231356905985109),
 .UNSPECIFIED.);
#314=B_SPLINE_CURVE_WITH_KNOTS('',3,(#10853,#10854,#10855,#10856,#10857),
 .UNSPECIFIED.,.F.,.F.,(4,1,4),(0.,0.0110085292447573,0.0231356905985109),
 .UNSPECIFIED.);
#315=B_SPLINE_CURVE_WITH_KNOTS('',3,(#10869,#10870,#10871,#10872,#10873),
 .UNSPECIFIED.,.F.,.F.,(4,1,4),(0.,0.0140044538804807,0.0255651443667651),
 .UNSPECIFIED.);
#316=B_SPLINE_CURVE_WITH_KNOTS('',3,(#10876,#10877,#10878,#10879,#10880),
 .UNSPECIFIED.,.F.,.F.,(4,1,4),(0.,0.0140044538804807,0.0255651443667651),
 .UNSPECIFIED.);
#317=B_SPLINE_CURVE_WITH_KNOTS('',3,(#10892,#10893,#10894,#10895,#10896),
 .UNSPECIFIED.,.F.,.F.,(4,1,4),(0.,0.0210622572172526,0.038226857241948),
 .UNSPECIFIED.);
#318=B_SPLINE_CURVE_WITH_KNOTS('',3,(#10899,#10900,#10901,#10902,#10903),
 .UNSPECIFIED.,.F.,.F.,(4,1,4),(0.,0.0210622572172526,0.038226857241948),
 .UNSPECIFIED.);
#319=B_SPLINE_CURVE_WITH_KNOTS('',3,(#10915,#10916,#10917,#10918,#10919),
 .UNSPECIFIED.,.F.,.F.,(4,1,4),(0.,0.0197339835118917,0.0417480806346407),
 .UNSPECIFIED.);
#320=B_SPLINE_CURVE_WITH_KNOTS('',3,(#10922,#10923,#10924,#10925,#10926),
 .UNSPECIFIED.,.F.,.F.,(4,1,4),(0.,0.0197339835118917,0.0417480806346407),
 .UNSPECIFIED.);
#321=B_SPLINE_CURVE_WITH_KNOTS('',3,(#10938,#10939,#10940,#10941,#10942),
 .UNSPECIFIED.,.F.,.F.,(4,1,4),(0.,0.0155408081442751,0.0330053247139501),
 .UNSPECIFIED.);
#322=B_SPLINE_CURVE_WITH_KNOTS('',3,(#10945,#10946,#10947,#10948,#10949),
 .UNSPECIFIED.,.F.,.F.,(4,1,4),(0.,0.0155408081442751,0.0330053247139501),
 .UNSPECIFIED.);
#323=B_SPLINE_CURVE_WITH_KNOTS('',3,(#10961,#10962,#10963,#10964,#10965),
 .UNSPECIFIED.,.F.,.F.,(4,1,4),(0.,0.0182378505802636,0.0341373323919213),
 .UNSPECIFIED.);
#324=B_SPLINE_CURVE_WITH_KNOTS('',3,(#10968,#10969,#10970,#10971,#10972),
 .UNSPECIFIED.,.F.,.F.,(4,1,4),(0.,0.0182378505802636,0.0341373323919213),
 .UNSPECIFIED.);
#325=B_SPLINE_CURVE_WITH_KNOTS('',3,(#10990,#10991,#10992,#10993,#10994),
 .UNSPECIFIED.,.F.,.F.,(4,1,4),(0.,0.0138194789410335,0.0313368226624765),
 .UNSPECIFIED.);
#326=B_SPLINE_CURVE_WITH_KNOTS('',3,(#10997,#10998,#10999,#11000,#11001),
 .UNSPECIFIED.,.F.,.F.,(4,1,4),(0.,0.0138194789410335,0.0313368226624765),
 .UNSPECIFIED.);
#327=B_SPLINE_CURVE_WITH_KNOTS('',3,(#11013,#11014,#11015,#11016,#11017),
 .UNSPECIFIED.,.F.,.F.,(4,1,4),(0.,0.0189179194405437,0.0332488226540796),
 .UNSPECIFIED.);
#328=B_SPLINE_CURVE_WITH_KNOTS('',3,(#11020,#11021,#11022,#11023,#11024),
 .UNSPECIFIED.,.F.,.F.,(4,1,4),(0.,0.0189179194405437,0.0332488226540796),
 .UNSPECIFIED.);
#329=B_SPLINE_CURVE_WITH_KNOTS('',3,(#11036,#11037,#11038,#11039,#11040),
 .UNSPECIFIED.,.F.,.F.,(4,1,4),(0.,0.0165742497354113,0.0370757745379317),
 .UNSPECIFIED.);
#330=B_SPLINE_CURVE_WITH_KNOTS('',3,(#11043,#11044,#11045,#11046,#11047),
 .UNSPECIFIED.,.F.,.F.,(4,1,4),(0.,0.0165742497354113,0.0370757745379317),
 .UNSPECIFIED.);
#331=B_SPLINE_CURVE_WITH_KNOTS('',3,(#11059,#11060,#11061,#11062,#11063),
 .UNSPECIFIED.,.F.,.F.,(4,1,4),(0.,0.0161345370085417,0.0284490943539875),
 .UNSPECIFIED.);
#332=B_SPLINE_CURVE_WITH_KNOTS('',3,(#11066,#11067,#11068,#11069,#11070),
 .UNSPECIFIED.,.F.,.F.,(4,1,4),(0.,0.0161345370085417,0.0284490943539875),
 .UNSPECIFIED.);
#333=B_SPLINE_CURVE_WITH_KNOTS('',3,(#11082,#11083,#11084,#11085,#11086),
 .UNSPECIFIED.,.F.,.F.,(4,1,4),(0.,0.0051601738843848,0.00801691116882995),
 .UNSPECIFIED.);
#334=B_SPLINE_CURVE_WITH_KNOTS('',3,(#11089,#11090,#11091,#11092,#11093),
 .UNSPECIFIED.,.F.,.F.,(4,1,4),(0.,0.0051601738843848,0.00801691116882995),
 .UNSPECIFIED.);
#335=B_SPLINE_CURVE_WITH_KNOTS('',3,(#11105,#11106,#11107,#11108,#11109),
 .UNSPECIFIED.,.F.,.F.,(4,1,4),(0.,0.0326370785877304,0.0558196183576218),
 .UNSPECIFIED.);
#336=B_SPLINE_CURVE_WITH_KNOTS('',3,(#11112,#11113,#11114,#11115,#11116),
 .UNSPECIFIED.,.F.,.F.,(4,1,4),(0.,0.0326370785877304,0.0558196183576218),
 .UNSPECIFIED.);
#337=B_SPLINE_CURVE_WITH_KNOTS('',3,(#11128,#11129,#11130,#11131,#11132),
 .UNSPECIFIED.,.F.,.F.,(4,1,4),(0.,0.011580258135407,0.0276842840738173),
 .UNSPECIFIED.);
#338=B_SPLINE_CURVE_WITH_KNOTS('',3,(#11135,#11136,#11137,#11138,#11139),
 .UNSPECIFIED.,.F.,.F.,(4,1,4),(0.,0.011580258135407,0.0276842840738173),
 .UNSPECIFIED.);
#339=B_SPLINE_CURVE_WITH_KNOTS('',3,(#11151,#11152,#11153,#11154,#11155),
 .UNSPECIFIED.,.F.,.F.,(4,1,4),(0.,0.0119486055369803,0.0243490861006645),
 .UNSPECIFIED.);
#340=B_SPLINE_CURVE_WITH_KNOTS('',3,(#11158,#11159,#11160,#11161,#11162),
 .UNSPECIFIED.,.F.,.F.,(4,1,4),(0.,0.0119486055369803,0.0243490861006645),
 .UNSPECIFIED.);
#341=B_SPLINE_CURVE_WITH_KNOTS('',3,(#11174,#11175,#11176,#11177,#11178),
 .UNSPECIFIED.,.F.,.F.,(4,1,4),(0.,0.0121299650152711,0.023899057298876),
 .UNSPECIFIED.);
#342=B_SPLINE_CURVE_WITH_KNOTS('',3,(#11181,#11182,#11183,#11184,#11185),
 .UNSPECIFIED.,.F.,.F.,(4,1,4),(0.,0.0121299650152711,0.023899057298876),
 .UNSPECIFIED.);
#343=B_SPLINE_CURVE_WITH_KNOTS('',3,(#11197,#11198,#11199,#11200,#11201),
 .UNSPECIFIED.,.F.,.F.,(4,1,4),(0.,0.0128156314876559,0.0252491793338357),
 .UNSPECIFIED.);
#344=B_SPLINE_CURVE_WITH_KNOTS('',3,(#11204,#11205,#11206,#11207,#11208),
 .UNSPECIFIED.,.F.,.F.,(4,1,4),(0.,0.0128156314876559,0.0252491793338357),
 .UNSPECIFIED.);
#345=B_SPLINE_CURVE_WITH_KNOTS('',3,(#11220,#11221,#11222,#11223,#11224),
 .UNSPECIFIED.,.F.,.F.,(4,1,4),(0.,0.020500850786074,0.0415417223708335),
 .UNSPECIFIED.);
#346=B_SPLINE_CURVE_WITH_KNOTS('',3,(#11227,#11228,#11229,#11230,#11231),
 .UNSPECIFIED.,.F.,.F.,(4,1,4),(0.,0.020500850786074,0.0415417223708335),
 .UNSPECIFIED.);
#347=B_SPLINE_CURVE_WITH_KNOTS('',3,(#11243,#11244,#11245,#11246,#11247),
 .UNSPECIFIED.,.F.,.F.,(4,1,4),(0.,0.0266403908687989,0.0489826894135037),
 .UNSPECIFIED.);
#348=B_SPLINE_CURVE_WITH_KNOTS('',3,(#11250,#11251,#11252,#11253,#11254),
 .UNSPECIFIED.,.F.,.F.,(4,1,4),(0.,0.0266403908687989,0.0489826894135037),
 .UNSPECIFIED.);
#349=B_SPLINE_CURVE_WITH_KNOTS('',3,(#11266,#11267,#11268,#11269,#11270),
 .UNSPECIFIED.,.F.,.F.,(4,1,4),(0.,0.0169515384468408,0.0345159114459611),
 .UNSPECIFIED.);
#350=B_SPLINE_CURVE_WITH_KNOTS('',3,(#11273,#11274,#11275,#11276,#11277),
 .UNSPECIFIED.,.F.,.F.,(4,1,4),(0.,0.0169515384468408,0.0345159114459611),
 .UNSPECIFIED.);
#351=B_SPLINE_CURVE_WITH_KNOTS('',3,(#11289,#11290,#11291,#11292,#11293),
 .UNSPECIFIED.,.F.,.F.,(4,1,4),(0.,0.0208054109142064,0.0388229091644895),
 .UNSPECIFIED.);
#352=B_SPLINE_CURVE_WITH_KNOTS('',3,(#11296,#11297,#11298,#11299,#11300),
 .UNSPECIFIED.,.F.,.F.,(4,1,4),(0.,0.0208054109142064,0.0388229091644895),
 .UNSPECIFIED.);
#353=B_SPLINE_CURVE_WITH_KNOTS('',3,(#11311,#11312,#11313,#11314,#11315),
 .UNSPECIFIED.,.F.,.F.,(4,1,4),(0.,0.0110774450407445,0.0232607236290799),
 .UNSPECIFIED.);
#354=B_SPLINE_CURVE_WITH_KNOTS('',3,(#11316,#11317,#11318,#11319,#11320),
 .UNSPECIFIED.,.F.,.F.,(4,1,4),(0.,0.0110774450407445,0.0232607236290799),
 .UNSPECIFIED.);
#355=B_SPLINE_CURVE_WITH_KNOTS('',3,(#11334,#11335,#11336,#11337,#11338),
 .UNSPECIFIED.,.F.,.F.,(4,1,4),(0.,0.0313161233450995,0.0565425050083231),
 .UNSPECIFIED.);
#356=B_SPLINE_CURVE_WITH_KNOTS('',3,(#11342,#11343,#11344,#11345,#11346),
 .UNSPECIFIED.,.F.,.F.,(4,1,4),(0.,0.0313161233450995,0.0565425050083231),
 .UNSPECIFIED.);
#357=B_SPLINE_CURVE_WITH_KNOTS('',3,(#11359,#11360,#11361,#11362,#11363),
 .UNSPECIFIED.,.F.,.F.,(4,1,4),(0.,0.0188316830482821,0.0391247223109923),
 .UNSPECIFIED.);
#358=B_SPLINE_CURVE_WITH_KNOTS('',3,(#11366,#11367,#11368,#11369,#11370),
 .UNSPECIFIED.,.F.,.F.,(4,1,4),(0.,0.0188316830482821,0.0391247223109923),
 .UNSPECIFIED.);
#359=B_SPLINE_CURVE_WITH_KNOTS('',3,(#11382,#11383,#11384,#11385,#11386),
 .UNSPECIFIED.,.F.,.F.,(4,1,4),(0.,0.0162518900140388,0.0336349684735175),
 .UNSPECIFIED.);
#360=B_SPLINE_CURVE_WITH_KNOTS('',3,(#11389,#11390,#11391,#11392,#11393),
 .UNSPECIFIED.,.F.,.F.,(4,1,4),(0.,0.0162518900140388,0.0336349684735175),
 .UNSPECIFIED.);
#361=B_SPLINE_CURVE_WITH_KNOTS('',3,(#11405,#11406,#11407,#11408,#11409),
 .UNSPECIFIED.,.F.,.F.,(4,1,4),(0.,0.0150674132168816,0.0305988562883762),
 .UNSPECIFIED.);
#362=B_SPLINE_CURVE_WITH_KNOTS('',3,(#11412,#11413,#11414,#11415,#11416),
 .UNSPECIFIED.,.F.,.F.,(4,1,4),(0.,0.0150674132168816,0.0305988562883762),
 .UNSPECIFIED.);
#363=B_SPLINE_CURVE_WITH_KNOTS('',3,(#11428,#11429,#11430,#11431,#11432),
 .UNSPECIFIED.,.F.,.F.,(4,1,4),(0.,0.0130658616216833,0.0275919605957108),
 .UNSPECIFIED.);
#364=B_SPLINE_CURVE_WITH_KNOTS('',3,(#11435,#11436,#11437,#11438,#11439),
 .UNSPECIFIED.,.F.,.F.,(4,1,4),(0.,0.0130658616216833,0.0275919605957108),
 .UNSPECIFIED.);
#365=B_SPLINE_CURVE_WITH_KNOTS('',3,(#11451,#11452,#11453,#11454,#11455),
 .UNSPECIFIED.,.F.,.F.,(4,1,4),(0.,0.013351072264316,0.0261098776280357),
 .UNSPECIFIED.);
#366=B_SPLINE_CURVE_WITH_KNOTS('',3,(#11458,#11459,#11460,#11461,#11462),
 .UNSPECIFIED.,.F.,.F.,(4,1,4),(0.,0.013351072264316,0.0261098776280357),
 .UNSPECIFIED.);
#367=B_SPLINE_CURVE_WITH_KNOTS('',3,(#11474,#11475,#11476,#11477,#11478),
 .UNSPECIFIED.,.F.,.F.,(4,1,4),(0.,0.0287563398610945,0.047648007693361),
 .UNSPECIFIED.);
#368=B_SPLINE_CURVE_WITH_KNOTS('',3,(#11481,#11482,#11483,#11484,#11485),
 .UNSPECIFIED.,.F.,.F.,(4,1,4),(0.,0.0287563398610945,0.047648007693361),
 .UNSPECIFIED.);
#369=B_SPLINE_CURVE_WITH_KNOTS('',3,(#11497,#11498,#11499,#11500,#11501),
 .UNSPECIFIED.,.F.,.F.,(4,1,4),(0.,0.00950682991969162,0.0282291132016699),
 .UNSPECIFIED.);
#370=B_SPLINE_CURVE_WITH_KNOTS('',3,(#11504,#11505,#11506,#11507,#11508),
 .UNSPECIFIED.,.F.,.F.,(4,1,4),(0.,0.00950682991969162,0.0282291132016699),
 .UNSPECIFIED.);
#371=B_SPLINE_CURVE_WITH_KNOTS('',3,(#11520,#11521,#11522,#11523,#11524),
 .UNSPECIFIED.,.F.,.F.,(4,1,4),(0.,0.00660533717085572,0.014462429810288),
 .UNSPECIFIED.);
#372=B_SPLINE_CURVE_WITH_KNOTS('',3,(#11527,#11528,#11529,#11530,#11531),
 .UNSPECIFIED.,.F.,.F.,(4,1,4),(0.,0.00660533717085572,0.014462429810288),
 .UNSPECIFIED.);
#373=B_SPLINE_CURVE_WITH_KNOTS('',3,(#11543,#11544,#11545,#11546,#11547),
 .UNSPECIFIED.,.F.,.F.,(4,1,4),(0.,0.00574724125180499,0.0115486485742556),
 .UNSPECIFIED.);
#374=B_SPLINE_CURVE_WITH_KNOTS('',3,(#11550,#11551,#11552,#11553,#11554),
 .UNSPECIFIED.,.F.,.F.,(4,1,4),(0.,0.00574724125180499,0.0115486485742556),
 .UNSPECIFIED.);
#375=B_SPLINE_CURVE_WITH_KNOTS('',3,(#11566,#11567,#11568,#11569,#11570),
 .UNSPECIFIED.,.F.,.F.,(4,1,4),(0.,0.010175418323399,0.0192438043759476),
 .UNSPECIFIED.);
#376=B_SPLINE_CURVE_WITH_KNOTS('',3,(#11573,#11574,#11575,#11576,#11577),
 .UNSPECIFIED.,.F.,.F.,(4,1,4),(0.,0.010175418323399,0.0192438043759476),
 .UNSPECIFIED.);
#377=B_SPLINE_CURVE_WITH_KNOTS('',3,(#11589,#11590,#11591,#11592,#11593),
 .UNSPECIFIED.,.F.,.F.,(4,1,4),(0.,0.0182032139920869,0.0313586891977384),
 .UNSPECIFIED.);
#378=B_SPLINE_CURVE_WITH_KNOTS('',3,(#11596,#11597,#11598,#11599,#11600),
 .UNSPECIFIED.,.F.,.F.,(4,1,4),(0.,0.0182032139920869,0.0313586891977384),
 .UNSPECIFIED.);
#379=B_SPLINE_CURVE_WITH_KNOTS('',3,(#11612,#11613,#11614,#11615,#11616),
 .UNSPECIFIED.,.F.,.F.,(4,1,4),(0.,0.01321273403113,0.0292141872095602),
 .UNSPECIFIED.);
#380=B_SPLINE_CURVE_WITH_KNOTS('',3,(#11619,#11620,#11621,#11622,#11623),
 .UNSPECIFIED.,.F.,.F.,(4,1,4),(0.,0.01321273403113,0.0292141872095602),
 .UNSPECIFIED.);
#381=B_SPLINE_CURVE_WITH_KNOTS('',3,(#11635,#11636,#11637,#11638,#11639),
 .UNSPECIFIED.,.F.,.F.,(4,1,4),(0.,0.0130714778338509,0.0253124443209053),
 .UNSPECIFIED.);
#382=B_SPLINE_CURVE_WITH_KNOTS('',3,(#11642,#11643,#11644,#11645,#11646),
 .UNSPECIFIED.,.F.,.F.,(4,1,4),(0.,0.0130714778338509,0.0253124443209053),
 .UNSPECIFIED.);
#383=B_SPLINE_CURVE_WITH_KNOTS('',3,(#11664,#11665,#11666,#11667,#11668),
 .UNSPECIFIED.,.F.,.F.,(4,1,4),(0.,0.0138646000555658,0.0301817343492433),
 .UNSPECIFIED.);
#384=B_SPLINE_CURVE_WITH_KNOTS('',3,(#11671,#11672,#11673,#11674,#11675),
 .UNSPECIFIED.,.F.,.F.,(4,1,4),(0.,0.0138646000555658,0.0301817343492433),
 .UNSPECIFIED.);
#385=B_SPLINE_CURVE_WITH_KNOTS('',3,(#11687,#11688,#11689,#11690,#11691),
 .UNSPECIFIED.,.F.,.F.,(4,1,4),(0.,0.0157593770125932,0.0293278758906739),
 .UNSPECIFIED.);
#386=B_SPLINE_CURVE_WITH_KNOTS('',3,(#11694,#11695,#11696,#11697,#11698),
 .UNSPECIFIED.,.F.,.F.,(4,1,4),(0.,0.0157593770125932,0.0293278758906739),
 .UNSPECIFIED.);
#387=B_SPLINE_CURVE_WITH_KNOTS('',3,(#11710,#11711,#11712,#11713,#11714),
 .UNSPECIFIED.,.F.,.F.,(4,1,4),(0.,0.020074829005386,0.0380888465911168),
 .UNSPECIFIED.);
#388=B_SPLINE_CURVE_WITH_KNOTS('',3,(#11717,#11718,#11719,#11720,#11721),
 .UNSPECIFIED.,.F.,.F.,(4,1,4),(0.,0.020074829005386,0.0380888465911168),
 .UNSPECIFIED.);
#389=B_SPLINE_CURVE_WITH_KNOTS('',3,(#11733,#11734,#11735,#11736,#11737),
 .UNSPECIFIED.,.F.,.F.,(4,1,4),(0.,0.0131029736859919,0.0268401533361634),
 .UNSPECIFIED.);
#390=B_SPLINE_CURVE_WITH_KNOTS('',3,(#11740,#11741,#11742,#11743,#11744),
 .UNSPECIFIED.,.F.,.F.,(4,1,4),(0.,0.0131029736859919,0.0268401533361634),
 .UNSPECIFIED.);
#391=B_SPLINE_CURVE_WITH_KNOTS('',3,(#11756,#11757,#11758,#11759,#11760),
 .UNSPECIFIED.,.F.,.F.,(4,1,4),(0.,0.0097695182055613,0.0215582506478889),
 .UNSPECIFIED.);
#392=B_SPLINE_CURVE_WITH_KNOTS('',3,(#11763,#11764,#11765,#11766,#11767),
 .UNSPECIFIED.,.F.,.F.,(4,1,4),(0.,0.0097695182055613,0.0215582506478889),
 .UNSPECIFIED.);
#393=B_SPLINE_CURVE_WITH_KNOTS('',3,(#11779,#11780,#11781,#11782,#11783),
 .UNSPECIFIED.,.F.,.F.,(4,1,4),(0.,0.0114891882619243,0.0229906499492962),
 .UNSPECIFIED.);
#394=B_SPLINE_CURVE_WITH_KNOTS('',3,(#11786,#11787,#11788,#11789,#11790),
 .UNSPECIFIED.,.F.,.F.,(4,1,4),(0.,0.0114891882619243,0.0229906499492962),
 .UNSPECIFIED.);
#395=B_SPLINE_CURVE_WITH_KNOTS('',3,(#11802,#11803,#11804,#11805,#11806),
 .UNSPECIFIED.,.F.,.F.,(4,1,4),(0.,0.0117421636598945,0.0232816588266299),
 .UNSPECIFIED.);
#396=B_SPLINE_CURVE_WITH_KNOTS('',3,(#11809,#11810,#11811,#11812,#11813),
 .UNSPECIFIED.,.F.,.F.,(4,1,4),(0.,0.0117421636598945,0.0232816588266299),
 .UNSPECIFIED.);
#397=B_SPLINE_CURVE_WITH_KNOTS('',3,(#11825,#11826,#11827,#11828,#11829),
 .UNSPECIFIED.,.F.,.F.,(4,1,4),(0.,0.0126293743248367,0.0254662537858658),
 .UNSPECIFIED.);
#398=B_SPLINE_CURVE_WITH_KNOTS('',3,(#11832,#11833,#11834,#11835,#11836),
 .UNSPECIFIED.,.F.,.F.,(4,1,4),(0.,0.0126293743248367,0.0254662537858658),
 .UNSPECIFIED.);
#399=B_SPLINE_CURVE_WITH_KNOTS('',3,(#11848,#11849,#11850,#11851,#11852),
 .UNSPECIFIED.,.F.,.F.,(4,1,4),(0.,0.0136583497324005,0.0265138075321396),
 .UNSPECIFIED.);
#400=B_SPLINE_CURVE_WITH_KNOTS('',3,(#11855,#11856,#11857,#11858,#11859),
 .UNSPECIFIED.,.F.,.F.,(4,1,4),(0.,0.0136583497324005,0.0265138075321396),
 .UNSPECIFIED.);
#401=B_SPLINE_CURVE_WITH_KNOTS('',3,(#11871,#11872,#11873,#11874,#11875),
 .UNSPECIFIED.,.F.,.F.,(4,1,4),(0.,0.0296706293602392,0.0491233987124656),
 .UNSPECIFIED.);
#402=B_SPLINE_CURVE_WITH_KNOTS('',3,(#11878,#11879,#11880,#11881,#11882),
 .UNSPECIFIED.,.F.,.F.,(4,1,4),(0.,0.0296706293602392,0.0491233987124656),
 .UNSPECIFIED.);
#403=B_SPLINE_CURVE_WITH_KNOTS('',3,(#11894,#11895,#11896,#11897,#11898),
 .UNSPECIFIED.,.F.,.F.,(4,1,4),(0.,0.0119406744859982,0.0331164193261123),
 .UNSPECIFIED.);
#404=B_SPLINE_CURVE_WITH_KNOTS('',3,(#11901,#11902,#11903,#11904,#11905),
 .UNSPECIFIED.,.F.,.F.,(4,1,4),(0.,0.0119406744859982,0.0331164193261123),
 .UNSPECIFIED.);
#405=B_SPLINE_CURVE_WITH_KNOTS('',3,(#11917,#11918,#11919,#11920,#11921),
 .UNSPECIFIED.,.F.,.F.,(4,1,4),(0.,0.0095647166411839,0.0193645180877516),
 .UNSPECIFIED.);
#406=B_SPLINE_CURVE_WITH_KNOTS('',3,(#11924,#11925,#11926,#11927,#11928),
 .UNSPECIFIED.,.F.,.F.,(4,1,4),(0.,0.0095647166411839,0.0193645180877516),
 .UNSPECIFIED.);
#407=B_SPLINE_CURVE_WITH_KNOTS('',3,(#11940,#11941,#11942,#11943,#11944),
 .UNSPECIFIED.,.F.,.F.,(4,1,4),(0.,0.0121020985856446,0.0232496559396131),
 .UNSPECIFIED.);
#408=B_SPLINE_CURVE_WITH_KNOTS('',3,(#11947,#11948,#11949,#11950,#11951),
 .UNSPECIFIED.,.F.,.F.,(4,1,4),(0.,0.0121020985856446,0.0232496559396131),
 .UNSPECIFIED.);
#409=B_SPLINE_CURVE_WITH_KNOTS('',3,(#11963,#11964,#11965,#11966,#11967),
 .UNSPECIFIED.,.F.,.F.,(4,1,4),(0.,0.0185427724615569,0.0330234611575364),
 .UNSPECIFIED.);
#410=B_SPLINE_CURVE_WITH_KNOTS('',3,(#11970,#11971,#11972,#11973,#11974),
 .UNSPECIFIED.,.F.,.F.,(4,1,4),(0.,0.0185427724615569,0.0330234611575364),
 .UNSPECIFIED.);
#411=B_SPLINE_CURVE_WITH_KNOTS('',3,(#11986,#11987,#11988,#11989,#11990),
 .UNSPECIFIED.,.F.,.F.,(4,1,4),(0.,0.0157887987090325,0.0345983971193489),
 .UNSPECIFIED.);
#412=B_SPLINE_CURVE_WITH_KNOTS('',3,(#11993,#11994,#11995,#11996,#11997),
 .UNSPECIFIED.,.F.,.F.,(4,1,4),(0.,0.0157887987090325,0.0345983971193489),
 .UNSPECIFIED.);
#413=B_SPLINE_CURVE_WITH_KNOTS('',3,(#12009,#12010,#12011,#12012,#12013),
 .UNSPECIFIED.,.F.,.F.,(4,1,4),(0.,0.016826091824333,0.0319535669337802),
 .UNSPECIFIED.);
#414=B_SPLINE_CURVE_WITH_KNOTS('',3,(#12016,#12017,#12018,#12019,#12020),
 .UNSPECIFIED.,.F.,.F.,(4,1,4),(0.,0.016826091824333,0.0319535669337802),
 .UNSPECIFIED.);
#415=B_SPLINE_CURVE_WITH_KNOTS('',3,(#12037,#12038,#12039,#12040,#12041),
 .UNSPECIFIED.,.F.,.F.,(4,1,4),(0.,0.0236875887713218,0.050347753696418),
 .UNSPECIFIED.);
#416=B_SPLINE_CURVE_WITH_KNOTS('',3,(#12042,#12043,#12044,#12045,#12046),
 .UNSPECIFIED.,.F.,.F.,(4,1,4),(0.,0.0236875887713218,0.050347753696418),
 .UNSPECIFIED.);
#417=B_SPLINE_CURVE_WITH_KNOTS('',3,(#12117,#12118,#12119,#12120,#12121),
 .UNSPECIFIED.,.F.,.F.,(4,1,4),(0.,0.0154118648525046,0.035893045419652),
 .UNSPECIFIED.);
#418=B_SPLINE_CURVE_WITH_KNOTS('',3,(#12124,#12125,#12126,#12127,#12128),
 .UNSPECIFIED.,.F.,.F.,(4,1,4),(0.,0.0154118648525046,0.035893045419652),
 .UNSPECIFIED.);
#419=B_SPLINE_CURVE_WITH_KNOTS('',3,(#12140,#12141,#12142,#12143,#12144),
 .UNSPECIFIED.,.F.,.F.,(4,1,4),(0.,0.0132932246833938,0.0261522734058877),
 .UNSPECIFIED.);
#420=B_SPLINE_CURVE_WITH_KNOTS('',3,(#12147,#12148,#12149,#12150,#12151),
 .UNSPECIFIED.,.F.,.F.,(4,1,4),(0.,0.0132932246833938,0.0261522734058877),
 .UNSPECIFIED.);
#421=B_SPLINE_CURVE_WITH_KNOTS('',3,(#12163,#12164,#12165,#12166,#12167),
 .UNSPECIFIED.,.F.,.F.,(4,1,4),(0.,0.0135031394615571,0.0271148027413065),
 .UNSPECIFIED.);
#422=B_SPLINE_CURVE_WITH_KNOTS('',3,(#12170,#12171,#12172,#12173,#12174),
 .UNSPECIFIED.,.F.,.F.,(4,1,4),(0.,0.0135031394615571,0.0271148027413065),
 .UNSPECIFIED.);
#423=B_SPLINE_CURVE_WITH_KNOTS('',3,(#12186,#12187,#12188,#12189,#12190),
 .UNSPECIFIED.,.F.,.F.,(4,1,4),(0.,0.0116971824777326,0.0245185856072432),
 .UNSPECIFIED.);
#424=B_SPLINE_CURVE_WITH_KNOTS('',3,(#12193,#12194,#12195,#12196,#12197),
 .UNSPECIFIED.,.F.,.F.,(4,1,4),(0.,0.0116971824777326,0.0245185856072432),
 .UNSPECIFIED.);
#425=B_SPLINE_CURVE_WITH_KNOTS('',3,(#12209,#12210,#12211,#12212,#12213),
 .UNSPECIFIED.,.F.,.F.,(4,1,4),(0.,0.0117142385261147,0.023008404114861),
 .UNSPECIFIED.);
#426=B_SPLINE_CURVE_WITH_KNOTS('',3,(#12216,#12217,#12218,#12219,#12220),
 .UNSPECIFIED.,.F.,.F.,(4,1,4),(0.,0.0117142385261147,0.023008404114861),
 .UNSPECIFIED.);
#427=B_SPLINE_CURVE_WITH_KNOTS('',3,(#12232,#12233,#12234,#12235,#12236),
 .UNSPECIFIED.,.F.,.F.,(4,1,4),(0.,0.020128245411717,0.0324868992771287),
 .UNSPECIFIED.);
#428=B_SPLINE_CURVE_WITH_KNOTS('',3,(#12239,#12240,#12241,#12242,#12243),
 .UNSPECIFIED.,.F.,.F.,(4,1,4),(0.,0.020128245411717,0.0324868992771287),
 .UNSPECIFIED.);
#429=B_SPLINE_CURVE_WITH_KNOTS('',3,(#12273,#12274,#12275,#12276,#12277),
 .UNSPECIFIED.,.F.,.F.,(4,1,4),(0.,0.0117658561995246,0.028740288026646),
 .UNSPECIFIED.);
#430=B_SPLINE_CURVE_WITH_KNOTS('',3,(#12280,#12281,#12282,#12283,#12284),
 .UNSPECIFIED.,.F.,.F.,(4,1,4),(0.,0.0117658561995246,0.028740288026646),
 .UNSPECIFIED.);
#431=B_SPLINE_CURVE_WITH_KNOTS('',3,(#12296,#12297,#12298,#12299,#12300),
 .UNSPECIFIED.,.F.,.F.,(4,1,4),(0.,0.0118222672572825,0.0247975550041718),
 .UNSPECIFIED.);
#432=B_SPLINE_CURVE_WITH_KNOTS('',3,(#12303,#12304,#12305,#12306,#12307),
 .UNSPECIFIED.,.F.,.F.,(4,1,4),(0.,0.0118222672572825,0.0247975550041718),
 .UNSPECIFIED.);
#433=B_SPLINE_CURVE_WITH_KNOTS('',3,(#12319,#12320,#12321,#12322,#12323),
 .UNSPECIFIED.,.F.,.F.,(4,1,4),(0.,0.0139496456066952,0.0259930749265501),
 .UNSPECIFIED.);
#434=B_SPLINE_CURVE_WITH_KNOTS('',3,(#12326,#12327,#12328,#12329,#12330),
 .UNSPECIFIED.,.F.,.F.,(4,1,4),(0.,0.0139496456066952,0.0259930749265501),
 .UNSPECIFIED.);
#435=B_SPLINE_CURVE_WITH_KNOTS('',3,(#12342,#12343,#12344,#12345,#12346),
 .UNSPECIFIED.,.F.,.F.,(4,1,4),(0.,0.0155729036987666,0.0307208690022922),
 .UNSPECIFIED.);
#436=B_SPLINE_CURVE_WITH_KNOTS('',3,(#12349,#12350,#12351,#12352,#12353),
 .UNSPECIFIED.,.F.,.F.,(4,1,4),(0.,0.0155729036987666,0.0307208690022922),
 .UNSPECIFIED.);
#437=B_SPLINE_CURVE_WITH_KNOTS('',3,(#12365,#12366,#12367,#12368,#12369),
 .UNSPECIFIED.,.F.,.F.,(4,1,4),(0.,0.0339414878554325,0.0673634133608925),
 .UNSPECIFIED.);
#438=B_SPLINE_CURVE_WITH_KNOTS('',3,(#12372,#12373,#12374,#12375,#12376),
 .UNSPECIFIED.,.F.,.F.,(4,1,4),(0.,0.0339414878554325,0.0673634133608925),
 .UNSPECIFIED.);
#439=B_SPLINE_CURVE_WITH_KNOTS('',3,(#12399,#12400,#12401,#12402,#12403),
 .UNSPECIFIED.,.F.,.F.,(4,1,4),(0.,0.0313161825398203,0.0565425105627652),
 .UNSPECIFIED.);
#440=B_SPLINE_CURVE_WITH_KNOTS('',3,(#12407,#12408,#12409,#12410,#12411),
 .UNSPECIFIED.,.F.,.F.,(4,1,4),(0.,0.0313161825398203,0.0565425105627652),
 .UNSPECIFIED.);
#441=B_SPLINE_CURVE_WITH_KNOTS('',3,(#12424,#12425,#12426,#12427,#12428),
 .UNSPECIFIED.,.F.,.F.,(4,1,4),(0.,0.0188317399922764,0.0391247198997661),
 .UNSPECIFIED.);
#442=B_SPLINE_CURVE_WITH_KNOTS('',3,(#12431,#12432,#12433,#12434,#12435),
 .UNSPECIFIED.,.F.,.F.,(4,1,4),(0.,0.0188317399922764,0.0391247198997661),
 .UNSPECIFIED.);
#443=B_SPLINE_CURVE_WITH_KNOTS('',3,(#12447,#12448,#12449,#12450,#12451),
 .UNSPECIFIED.,.F.,.F.,(4,1,4),(0.,0.0162518499078607,0.0336349794585227),
 .UNSPECIFIED.);
#444=B_SPLINE_CURVE_WITH_KNOTS('',3,(#12454,#12455,#12456,#12457,#12458),
 .UNSPECIFIED.,.F.,.F.,(4,1,4),(0.,0.0162518499078607,0.0336349794585227),
 .UNSPECIFIED.);
#445=B_SPLINE_CURVE_WITH_KNOTS('',3,(#12470,#12471,#12472,#12473,#12474),
 .UNSPECIFIED.,.F.,.F.,(4,1,4),(0.,0.0150674043626898,0.0305988474341843),
 .UNSPECIFIED.);
#446=B_SPLINE_CURVE_WITH_KNOTS('',3,(#12477,#12478,#12479,#12480,#12481),
 .UNSPECIFIED.,.F.,.F.,(4,1,4),(0.,0.0150674043626898,0.0305988474341843),
 .UNSPECIFIED.);
#447=B_SPLINE_CURVE_WITH_KNOTS('',3,(#12493,#12494,#12495,#12496,#12497),
 .UNSPECIFIED.,.F.,.F.,(4,1,4),(0.,0.0130658365328343,0.0275919355068617),
 .UNSPECIFIED.);
#448=B_SPLINE_CURVE_WITH_KNOTS('',3,(#12500,#12501,#12502,#12503,#12504),
 .UNSPECIFIED.,.F.,.F.,(4,1,4),(0.,0.0130658365328343,0.0275919355068617),
 .UNSPECIFIED.);
#449=B_SPLINE_CURVE_WITH_KNOTS('',3,(#12516,#12517,#12518,#12519,#12520),
 .UNSPECIFIED.,.F.,.F.,(4,1,4),(0.,0.0133510209699461,0.0261098263336658),
 .UNSPECIFIED.);
#450=B_SPLINE_CURVE_WITH_KNOTS('',3,(#12523,#12524,#12525,#12526,#12527),
 .UNSPECIFIED.,.F.,.F.,(4,1,4),(0.,0.0133510209699461,0.0261098263336658),
 .UNSPECIFIED.);
#451=B_SPLINE_CURVE_WITH_KNOTS('',3,(#12539,#12540,#12541,#12542,#12543),
 .UNSPECIFIED.,.F.,.F.,(4,1,4),(0.,0.0287563971673886,0.047648064999655),
 .UNSPECIFIED.);
#452=B_SPLINE_CURVE_WITH_KNOTS('',3,(#12546,#12547,#12548,#12549,#12550),
 .UNSPECIFIED.,.F.,.F.,(4,1,4),(0.,0.0287563971673886,0.047648064999655),
 .UNSPECIFIED.);
#453=B_SPLINE_CURVE_WITH_KNOTS('',3,(#12562,#12563,#12564,#12565,#12566),
 .UNSPECIFIED.,.F.,.F.,(4,1,4),(0.,0.00950680145263366,0.028229084734612),
 .UNSPECIFIED.);
#454=B_SPLINE_CURVE_WITH_KNOTS('',3,(#12569,#12570,#12571,#12572,#12573),
 .UNSPECIFIED.,.F.,.F.,(4,1,4),(0.,0.00950680145263366,0.028229084734612),
 .UNSPECIFIED.);
#455=B_SPLINE_CURVE_WITH_KNOTS('',3,(#12585,#12586,#12587,#12588,#12589),
 .UNSPECIFIED.,.F.,.F.,(4,1,4),(0.,0.00660538064257479,0.0144624469234284),
 .UNSPECIFIED.);
#456=B_SPLINE_CURVE_WITH_KNOTS('',3,(#12592,#12593,#12594,#12595,#12596),
 .UNSPECIFIED.,.F.,.F.,(4,1,4),(0.,0.00660538064257479,0.0144624469234284),
 .UNSPECIFIED.);
#457=B_SPLINE_CURVE_WITH_KNOTS('',3,(#12608,#12609,#12610,#12611,#12612),
 .UNSPECIFIED.,.F.,.F.,(4,1,4),(0.,0.00574724125180499,0.0115486196648652),
 .UNSPECIFIED.);
#458=B_SPLINE_CURVE_WITH_KNOTS('',3,(#12615,#12616,#12617,#12618,#12619),
 .UNSPECIFIED.,.F.,.F.,(4,1,4),(0.,0.00574724125180499,0.0115486196648652),
 .UNSPECIFIED.);
#459=B_SPLINE_CURVE_WITH_KNOTS('',3,(#12631,#12632,#12633,#12634,#12635),
 .UNSPECIFIED.,.F.,.F.,(4,1,4),(0.,0.0101753587619844,0.0192437596659009),
 .UNSPECIFIED.);
#460=B_SPLINE_CURVE_WITH_KNOTS('',3,(#12638,#12639,#12640,#12641,#12642),
 .UNSPECIFIED.,.F.,.F.,(4,1,4),(0.,0.0101753587619844,0.0192437596659009),
 .UNSPECIFIED.);
#461=B_SPLINE_CURVE_WITH_KNOTS('',3,(#12654,#12655,#12656,#12657,#12658),
 .UNSPECIFIED.,.F.,.F.,(4,1,4),(0.,0.0182031546628767,0.031358602536176),
 .UNSPECIFIED.);
#462=B_SPLINE_CURVE_WITH_KNOTS('',3,(#12661,#12662,#12663,#12664,#12665),
 .UNSPECIFIED.,.F.,.F.,(4,1,4),(0.,0.0182031546628767,0.031358602536176),
 .UNSPECIFIED.);
#463=B_SPLINE_CURVE_WITH_KNOTS('',3,(#12677,#12678,#12679,#12680,#12681),
 .UNSPECIFIED.,.F.,.F.,(4,1,4),(0.,0.0132127874006425,0.0292142405790727),
 .UNSPECIFIED.);
#464=B_SPLINE_CURVE_WITH_KNOTS('',3,(#12684,#12685,#12686,#12687,#12688),
 .UNSPECIFIED.,.F.,.F.,(4,1,4),(0.,0.0132127874006425,0.0292142405790727),
 .UNSPECIFIED.);
#465=B_SPLINE_CURVE_WITH_KNOTS('',3,(#12700,#12701,#12702,#12703,#12704),
 .UNSPECIFIED.,.F.,.F.,(4,1,4),(0.,0.013071459657117,0.0253124261441714),
 .UNSPECIFIED.);
#466=B_SPLINE_CURVE_WITH_KNOTS('',3,(#12707,#12708,#12709,#12710,#12711),
 .UNSPECIFIED.,.F.,.F.,(4,1,4),(0.,0.013071459657117,0.0253124261441714),
 .UNSPECIFIED.);
#467=B_SPLINE_CURVE_WITH_KNOTS('',3,(#12729,#12730,#12731,#12732,#12733),
 .UNSPECIFIED.,.F.,.F.,(4,1,4),(0.,0.0138646000555658,0.0301817642499424),
 .UNSPECIFIED.);
#468=B_SPLINE_CURVE_WITH_KNOTS('',3,(#12736,#12737,#12738,#12739,#12740),
 .UNSPECIFIED.,.F.,.F.,(4,1,4),(0.,0.0138646000555658,0.0301817642499424),
 .UNSPECIFIED.);
#469=B_SPLINE_CURVE_WITH_KNOTS('',3,(#12752,#12753,#12754,#12755,#12756),
 .UNSPECIFIED.,.F.,.F.,(4,1,4),(0.,0.0157593770125932,0.0293277899282604),
 .UNSPECIFIED.);
#470=B_SPLINE_CURVE_WITH_KNOTS('',3,(#12759,#12760,#12761,#12762,#12763),
 .UNSPECIFIED.,.F.,.F.,(4,1,4),(0.,0.0157593770125932,0.0293277899282604),
 .UNSPECIFIED.);
#471=B_SPLINE_CURVE_WITH_KNOTS('',3,(#12775,#12776,#12777,#12778,#12779),
 .UNSPECIFIED.,.F.,.F.,(4,1,4),(0.,0.0200749478657769,0.0380889654515078),
 .UNSPECIFIED.);
#472=B_SPLINE_CURVE_WITH_KNOTS('',3,(#12782,#12783,#12784,#12785,#12786),
 .UNSPECIFIED.,.F.,.F.,(4,1,4),(0.,0.0200749478657769,0.0380889654515078),
 .UNSPECIFIED.);
#473=B_SPLINE_CURVE_WITH_KNOTS('',3,(#12798,#12799,#12800,#12801,#12802),
 .UNSPECIFIED.,.F.,.F.,(4,1,4),(0.,0.0131030028246487,0.0268401230030112),
 .UNSPECIFIED.);
#474=B_SPLINE_CURVE_WITH_KNOTS('',3,(#12805,#12806,#12807,#12808,#12809),
 .UNSPECIFIED.,.F.,.F.,(4,1,4),(0.,0.0131030028246487,0.0268401230030112),
 .UNSPECIFIED.);
#475=B_SPLINE_CURVE_WITH_KNOTS('',3,(#12821,#12822,#12823,#12824,#12825),
 .UNSPECIFIED.,.F.,.F.,(4,1,4),(0.,0.00976959565173172,0.0215582721570803),
 .UNSPECIFIED.);
#476=B_SPLINE_CURVE_WITH_KNOTS('',3,(#12828,#12829,#12830,#12831,#12832),
 .UNSPECIFIED.,.F.,.F.,(4,1,4),(0.,0.00976959565173172,0.0215582721570803),
 .UNSPECIFIED.);
#477=B_SPLINE_CURVE_WITH_KNOTS('',3,(#12844,#12845,#12846,#12847,#12848),
 .UNSPECIFIED.,.F.,.F.,(4,1,4),(0.,0.0114891543112712,0.0229906159986431),
 .UNSPECIFIED.);
#478=B_SPLINE_CURVE_WITH_KNOTS('',3,(#12851,#12852,#12853,#12854,#12855),
 .UNSPECIFIED.,.F.,.F.,(4,1,4),(0.,0.0114891543112712,0.0229906159986431),
 .UNSPECIFIED.);
#479=B_SPLINE_CURVE_WITH_KNOTS('',3,(#12867,#12868,#12869,#12870,#12871),
 .UNSPECIFIED.,.F.,.F.,(4,1,4),(0.,0.0117421671765913,0.0232816623433267),
 .UNSPECIFIED.);
#480=B_SPLINE_CURVE_WITH_KNOTS('',3,(#12874,#12875,#12876,#12877,#12878),
 .UNSPECIFIED.,.F.,.F.,(4,1,4),(0.,0.0117421671765913,0.0232816623433267),
 .UNSPECIFIED.);
#481=B_SPLINE_CURVE_WITH_KNOTS('',3,(#12890,#12891,#12892,#12893,#12894),
 .UNSPECIFIED.,.F.,.F.,(4,1,4),(0.,0.0126293504814925,0.0254662338520442),
 .UNSPECIFIED.);
#482=B_SPLINE_CURVE_WITH_KNOTS('',3,(#12897,#12898,#12899,#12900,#12901),
 .UNSPECIFIED.,.F.,.F.,(4,1,4),(0.,0.0126293504814925,0.0254662338520442),
 .UNSPECIFIED.);
#483=B_SPLINE_CURVE_WITH_KNOTS('',3,(#12913,#12914,#12915,#12916,#12917),
 .UNSPECIFIED.,.F.,.F.,(4,1,4),(0.,0.0136583497324005,0.0265138268048414),
 .UNSPECIFIED.);
#484=B_SPLINE_CURVE_WITH_KNOTS('',3,(#12920,#12921,#12922,#12923,#12924),
 .UNSPECIFIED.,.F.,.F.,(4,1,4),(0.,0.0136583497324005,0.0265138268048414),
 .UNSPECIFIED.);
#485=B_SPLINE_CURVE_WITH_KNOTS('',3,(#12936,#12937,#12938,#12939,#12940),
 .UNSPECIFIED.,.F.,.F.,(4,1,4),(0.,0.0296706580725507,0.0491234832691491),
 .UNSPECIFIED.);
#486=B_SPLINE_CURVE_WITH_KNOTS('',3,(#12943,#12944,#12945,#12946,#12947),
 .UNSPECIFIED.,.F.,.F.,(4,1,4),(0.,0.0296706580725507,0.0491234832691491),
 .UNSPECIFIED.);
#487=B_SPLINE_CURVE_WITH_KNOTS('',3,(#12959,#12960,#12961,#12962,#12963),
 .UNSPECIFIED.,.F.,.F.,(4,1,4),(0.,0.0119406195803554,0.0331163644204695),
 .UNSPECIFIED.);
#488=B_SPLINE_CURVE_WITH_KNOTS('',3,(#12966,#12967,#12968,#12969,#12970),
 .UNSPECIFIED.,.F.,.F.,(4,1,4),(0.,0.0119406195803554,0.0331163644204695),
 .UNSPECIFIED.);
#489=B_SPLINE_CURVE_WITH_KNOTS('',3,(#12982,#12983,#12984,#12985,#12986),
 .UNSPECIFIED.,.F.,.F.,(4,1,4),(0.,0.00956473072188826,0.0193644909388354),
 .UNSPECIFIED.);
#490=B_SPLINE_CURVE_WITH_KNOTS('',3,(#12989,#12990,#12991,#12992,#12993),
 .UNSPECIFIED.,.F.,.F.,(4,1,4),(0.,0.00956473072188826,0.0193644909388354),
 .UNSPECIFIED.);
#491=B_SPLINE_CURVE_WITH_KNOTS('',3,(#13005,#13006,#13007,#13008,#13009),
 .UNSPECIFIED.,.F.,.F.,(4,1,4),(0.,0.0121020607902395,0.023249618144208),
 .UNSPECIFIED.);
#492=B_SPLINE_CURVE_WITH_KNOTS('',3,(#13012,#13013,#13014,#13015,#13016),
 .UNSPECIFIED.,.F.,.F.,(4,1,4),(0.,0.0121020607902395,0.023249618144208),
 .UNSPECIFIED.);
#493=B_SPLINE_CURVE_WITH_KNOTS('',3,(#13028,#13029,#13030,#13031,#13032),
 .UNSPECIFIED.,.F.,.F.,(4,1,4),(0.,0.0185428908645794,0.033023579560559),
 .UNSPECIFIED.);
#494=B_SPLINE_CURVE_WITH_KNOTS('',3,(#13035,#13036,#13037,#13038,#13039),
 .UNSPECIFIED.,.F.,.F.,(4,1,4),(0.,0.0185428908645794,0.033023579560559),
 .UNSPECIFIED.);
#495=B_SPLINE_CURVE_WITH_KNOTS('',3,(#13051,#13052,#13053,#13054,#13055),
 .UNSPECIFIED.,.F.,.F.,(4,1,4),(0.,0.0157887987090325,0.0345983675667889),
 .UNSPECIFIED.);
#496=B_SPLINE_CURVE_WITH_KNOTS('',3,(#13058,#13059,#13060,#13061,#13062),
 .UNSPECIFIED.,.F.,.F.,(4,1,4),(0.,0.0157887987090325,0.0345983675667889),
 .UNSPECIFIED.);
#497=B_SPLINE_CURVE_WITH_KNOTS('',3,(#13074,#13075,#13076,#13077,#13078),
 .UNSPECIFIED.,.F.,.F.,(4,1,4),(0.,0.016826091824333,0.0319535669337802),
 .UNSPECIFIED.);
#498=B_SPLINE_CURVE_WITH_KNOTS('',3,(#13081,#13082,#13083,#13084,#13085),
 .UNSPECIFIED.,.F.,.F.,(4,1,4),(0.,0.016826091824333,0.0319535669337802),
 .UNSPECIFIED.);
#499=B_SPLINE_CURVE_WITH_KNOTS('',3,(#13102,#13103,#13104,#13105,#13106),
 .UNSPECIFIED.,.F.,.F.,(4,1,4),(0.,0.0236875887713218,0.050347753696418),
 .UNSPECIFIED.);
#500=B_SPLINE_CURVE_WITH_KNOTS('',3,(#13107,#13108,#13109,#13110,#13111),
 .UNSPECIFIED.,.F.,.F.,(4,1,4),(0.,0.0236875887713218,0.050347753696418),
 .UNSPECIFIED.);
#501=B_SPLINE_CURVE_WITH_KNOTS('',3,(#13125,#13126,#13127,#13128,#13129),
 .UNSPECIFIED.,.F.,.F.,(4,1,4),(0.,0.0246413230136129,0.049650770788649),
 .UNSPECIFIED.);
#502=B_SPLINE_CURVE_WITH_KNOTS('',3,(#13133,#13134,#13135,#13136,#13137),
 .UNSPECIFIED.,.F.,.F.,(4,1,4),(0.,0.0246413230136129,0.049650770788649),
 .UNSPECIFIED.);
#503=B_SPLINE_CURVE_WITH_KNOTS('',3,(#13150,#13151,#13152,#13153,#13154),
 .UNSPECIFIED.,.F.,.F.,(4,1,4),(0.,0.0305596208948385,0.0548023308567084),
 .UNSPECIFIED.);
#504=B_SPLINE_CURVE_WITH_KNOTS('',3,(#13157,#13158,#13159,#13160,#13161),
 .UNSPECIFIED.,.F.,.F.,(4,1,4),(0.,0.0305596208948385,0.0548023308567084),
 .UNSPECIFIED.);
#505=B_SPLINE_SURFACE_WITH_KNOTS('',3,1,((#7786,#7787),(#7788,#7789),(#7790,
#7791),(#7792,#7793),(#7794,#7795)),.UNSPECIFIED.,.F.,.F.,.F.,(4,1,4),(2,
2),(0.,0.0209587746225553,0.0503785379285768),(0.,0.0200000000000001),
 .UNSPECIFIED.);
#506=B_SPLINE_SURFACE_WITH_KNOTS('',3,1,((#7809,#7810),(#7811,#7812),(#7813,
#7814),(#7815,#7816),(#7817,#7818)),.UNSPECIFIED.,.F.,.F.,.F.,(4,1,4),(2,
2),(0.,0.0185314621689419,0.0366968821497683),(0.,0.0200000000000001),
 .UNSPECIFIED.);
#507=B_SPLINE_SURFACE_WITH_KNOTS('',3,1,((#7832,#7833),(#7834,#7835),(#7836,
#7837),(#7838,#7839),(#7840,#7841)),.UNSPECIFIED.,.F.,.F.,.F.,(4,1,4),(2,
2),(0.,0.0107484844406691,0.0223213280797226),(0.,0.0200000000000001),
 .UNSPECIFIED.);
#508=B_SPLINE_SURFACE_WITH_KNOTS('',3,1,((#7855,#7856),(#7857,#7858),(#7859,
#7860),(#7861,#7862),(#7863,#7864)),.UNSPECIFIED.,.F.,.F.,.F.,(4,1,4),(2,
2),(0.,0.00972071395529874,0.0198136779098124),(0.,0.0200000000000001),
 .UNSPECIFIED.);
#509=B_SPLINE_SURFACE_WITH_KNOTS('',3,1,((#7878,#7879),(#7880,#7881),(#7882,
#7883),(#7884,#7885),(#7886,#7887)),.UNSPECIFIED.,.F.,.F.,.F.,(4,1,4),(2,
2),(0.,0.0164168254409241,0.0283823044273325),(0.,0.0200000000000001),
 .UNSPECIFIED.);
#510=B_SPLINE_SURFACE_WITH_KNOTS('',3,1,((#7919,#7920),(#7921,#7922),(#7923,
#7924),(#7925,#7926),(#7927,#7928)),.UNSPECIFIED.,.F.,.F.,.F.,(4,1,4),(2,
2),(0.,0.0117936272043697,0.0299176791224227),(0.,0.0200000000000001),
 .UNSPECIFIED.);
#511=B_SPLINE_SURFACE_WITH_KNOTS('',3,1,((#7942,#7943),(#7944,#7945),(#7946,
#7947),(#7948,#7949),(#7950,#7951)),.UNSPECIFIED.,.F.,.F.,.F.,(4,1,4),(2,
2),(0.,0.0119464705183837,0.0247443948915353),(0.,0.0200000000000001),
 .UNSPECIFIED.);
#512=B_SPLINE_SURFACE_WITH_KNOTS('',3,1,((#7965,#7966),(#7967,#7968),(#7969,
#7970),(#7971,#7972),(#7973,#7974)),.UNSPECIFIED.,.F.,.F.,.F.,(4,1,4),(2,
2),(0.,0.0137937673950654,0.0259427987114552),(0.,0.0200000000000001),
 .UNSPECIFIED.);
#513=B_SPLINE_SURFACE_WITH_KNOTS('',3,1,((#7988,#7989),(#7990,#7991),(#7992,
#7993),(#7994,#7995),(#7996,#7997)),.UNSPECIFIED.,.F.,.F.,.F.,(4,1,4),(2,
2),(0.,0.0157789954693587,0.0308290026424933),(0.,0.0200000000000001),
 .UNSPECIFIED.);
#514=B_SPLINE_SURFACE_WITH_KNOTS('',3,1,((#8011,#8012),(#8013,#8014),(#8015,
#8016),(#8017,#8018),(#8019,#8020)),.UNSPECIFIED.,.F.,.F.,.F.,(4,1,4),(2,
2),(0.,0.0331006212818218,0.0671810210575137),(0.,0.0200000000000001),
 .UNSPECIFIED.);
#515=B_SPLINE_SURFACE_WITH_KNOTS('',3,1,((#8065,#8066),(#8067,#8068),(#8069,
#8070),(#8071,#8072),(#8073,#8074)),.UNSPECIFIED.,.F.,.F.,.F.,(4,1,4),(2,
2),(0.,0.0149120262983205,0.0339693222389129),(0.,0.0200000000000001),
 .UNSPECIFIED.);
#516=B_SPLINE_SURFACE_WITH_KNOTS('',3,1,((#8088,#8089),(#8090,#8091),(#8092,
#8093),(#8094,#8095),(#8096,#8097)),.UNSPECIFIED.,.F.,.F.,.F.,(4,1,4),(2,
2),(0.,0.0132466148015594,0.0260741783326238),(0.,0.0200000000000001),
 .UNSPECIFIED.);
#517=B_SPLINE_SURFACE_WITH_KNOTS('',3,1,((#8111,#8112),(#8113,#8114),(#8115,
#8116),(#8117,#8118),(#8119,#8120)),.UNSPECIFIED.,.F.,.F.,.F.,(4,1,4),(2,
2),(0.,0.0133552495402468,0.026868791156466),(0.,0.0200000000000001),
 .UNSPECIFIED.);
#518=B_SPLINE_SURFACE_WITH_KNOTS('',3,1,((#8134,#8135),(#8136,#8137),(#8138,
#8139),(#8140,#8141),(#8142,#8143)),.UNSPECIFIED.,.F.,.F.,.F.,(4,1,4),(2,
2),(0.,0.0143848715346022,0.0307752073248511),(0.,0.0200000000000001),
 .UNSPECIFIED.);
#519=B_SPLINE_SURFACE_WITH_KNOTS('',3,1,((#8157,#8158),(#8159,#8160),(#8161,
#8162),(#8163,#8164),(#8165,#8166)),.UNSPECIFIED.,.F.,.F.,.F.,(4,1,4),(2,
2),(0.,0.0200440656521797,0.0355849569485771),(0.,0.0200000000000001),
 .UNSPECIFIED.);
#520=B_SPLINE_SURFACE_WITH_KNOTS('',3,1,((#8198,#8199),(#8200,#8201),(#8202,
#8203),(#8204,#8205),(#8206,#8207)),.UNSPECIFIED.,.F.,.F.,.F.,(4,1,4),(2,
2),(0.,0.0177969578486036,0.041299535044271),(0.,0.0200000000000001),
 .UNSPECIFIED.);
#521=B_SPLINE_SURFACE_WITH_KNOTS('',3,1,((#8221,#8222),(#8223,#8224),(#8225,
#8226),(#8227,#8228),(#8229,#8230)),.UNSPECIFIED.,.F.,.F.,.F.,(4,1,4),(2,
2),(0.,0.0158468916025036,0.0309414157361377),(0.,0.0200000000000001),
 .UNSPECIFIED.);
#522=B_SPLINE_SURFACE_WITH_KNOTS('',3,1,((#8244,#8245),(#8246,#8247),(#8248,
#8249),(#8250,#8251),(#8252,#8253)),.UNSPECIFIED.,.F.,.F.,.F.,(4,1,4),(2,
2),(0.,0.0189053800259294,0.036123018537233),(0.,0.0200000000000001),
 .UNSPECIFIED.);
#523=B_SPLINE_SURFACE_WITH_KNOTS('',3,1,((#8267,#8268),(#8269,#8270),(#8271,
#8272),(#8273,#8274),(#8275,#8276)),.UNSPECIFIED.,.F.,.F.,.F.,(4,1,4),(2,
2),(0.,0.0306466969898012,0.0612155005475929),(0.,0.0200000000000001),
 .UNSPECIFIED.);
#524=B_SPLINE_SURFACE_WITH_KNOTS('',3,1,((#8337,#8338),(#8339,#8340),(#8341,
#8342),(#8343,#8344),(#8345,#8346)),.UNSPECIFIED.,.F.,.F.,.F.,(4,1,4),(2,
2),(0.,0.0192391292150888,0.0391044053097942),(0.,0.0200000000000001),
 .UNSPECIFIED.);
#525=B_SPLINE_SURFACE_WITH_KNOTS('',3,1,((#8363,#8364),(#8365,#8366),(#8367,
#8368),(#8369,#8370),(#8371,#8372)),.UNSPECIFIED.,.F.,.F.,.F.,(4,1,4),(2,
2),(0.,0.020634618343717,0.0404307614475718),(0.,0.0200000000000001),
 .UNSPECIFIED.);
#526=B_SPLINE_SURFACE_WITH_KNOTS('',3,1,((#8386,#8387),(#8388,#8389),(#8390,
#8391),(#8392,#8393),(#8394,#8395)),.UNSPECIFIED.,.F.,.F.,.F.,(4,1,4),(2,
2),(0.,0.0324289006808604,0.0572177610399086),(0.,0.0200000000000001),
 .UNSPECIFIED.);
#527=B_SPLINE_SURFACE_WITH_KNOTS('',3,1,((#8409,#8410),(#8411,#8412),(#8413,
#8414),(#8415,#8416),(#8417,#8418)),.UNSPECIFIED.,.F.,.F.,.F.,(4,1,4),(2,
2),(0.,0.0233087182346652,0.0529561601208383),(0.,0.0200000000000001),
 .UNSPECIFIED.);
#528=B_SPLINE_SURFACE_WITH_KNOTS('',3,1,((#8432,#8433),(#8434,#8435),(#8436,
#8437),(#8438,#8439),(#8440,#8441)),.UNSPECIFIED.,.F.,.F.,.F.,(4,1,4),(2,
2),(0.,0.0190586266406274,0.0389367685193211),(0.,0.0200000000000001),
 .UNSPECIFIED.);
#529=B_SPLINE_SURFACE_WITH_KNOTS('',3,1,((#8455,#8456),(#8457,#8458),(#8459,
#8460),(#8461,#8462),(#8463,#8464)),.UNSPECIFIED.,.F.,.F.,.F.,(4,1,4),(2,
2),(0.,0.0205539977926365,0.0396758598832443),(0.,0.0200000000000001),
 .UNSPECIFIED.);
#530=B_SPLINE_SURFACE_WITH_KNOTS('',3,1,((#8478,#8479),(#8480,#8481),(#8482,
#8483),(#8484,#8485),(#8486,#8487)),.UNSPECIFIED.,.F.,.F.,.F.,(4,1,4),(2,
2),(0.,0.0306176700690333,0.0548702585396236),(0.,0.0200000000000001),
 .UNSPECIFIED.);
#531=B_SPLINE_SURFACE_WITH_KNOTS('',3,1,((#8501,#8502),(#8503,#8504),(#8505,
#8506),(#8507,#8508),(#8509,#8510)),.UNSPECIFIED.,.F.,.F.,.F.,(4,1,4),(2,
2),(0.,0.023864865002624,0.0552179824408004),(0.,0.0200000000000001),
 .UNSPECIFIED.);
#532=B_SPLINE_SURFACE_WITH_KNOTS('',3,1,((#8542,#8543),(#8544,#8545),(#8546,
#8547),(#8548,#8549),(#8550,#8551)),.UNSPECIFIED.,.F.,.F.,.F.,(4,1,4),(2,
2),(0.,0.0140602762938601,0.0276838907299781),(0.,0.0200000000000001),
 .UNSPECIFIED.);
#533=B_SPLINE_SURFACE_WITH_KNOTS('',3,1,((#8565,#8566),(#8567,#8568),(#8569,
#8570),(#8571,#8572),(#8573,#8574)),.UNSPECIFIED.,.F.,.F.,.F.,(4,1,4),(2,
2),(0.,0.0155717718684547,0.0302045060462874),(0.,0.0200000000000001),
 .UNSPECIFIED.);
#534=B_SPLINE_SURFACE_WITH_KNOTS('',3,1,((#8588,#8589),(#8590,#8591),(#8592,
#8593),(#8594,#8595),(#8596,#8597)),.UNSPECIFIED.,.F.,.F.,.F.,(4,1,4),(2,
2),(0.,0.0210785000334953,0.0425547698209071),(0.,0.0200000000000001),
 .UNSPECIFIED.);
#535=B_SPLINE_SURFACE_WITH_KNOTS('',3,1,((#8611,#8612),(#8613,#8614),(#8615,
#8616),(#8617,#8618),(#8619,#8620)),.UNSPECIFIED.,.F.,.F.,.F.,(4,1,4),(2,
2),(0.,0.0225404782333112,0.0438940699965657),(0.,0.0200000000000001),
 .UNSPECIFIED.);
#536=B_SPLINE_SURFACE_WITH_KNOTS('',3,1,((#8634,#8635),(#8636,#8637),(#8638,
#8639),(#8640,#8641),(#8642,#8643)),.UNSPECIFIED.,.F.,.F.,.F.,(4,1,4),(2,
2),(0.,0.0259554615419842,0.0502614221934534),(0.,0.0200000000000001),
 .UNSPECIFIED.);
#537=B_SPLINE_SURFACE_WITH_KNOTS('',3,1,((#8657,#8658),(#8659,#8660),(#8661,
#8662),(#8663,#8664),(#8665,#8666)),.UNSPECIFIED.,.F.,.F.,.F.,(4,1,4),(2,
2),(0.,0.024186939886363,0.0505033704672065),(0.,0.0200000000000001),
 .UNSPECIFIED.);
#538=B_SPLINE_SURFACE_WITH_KNOTS('',3,1,((#8680,#8681),(#8682,#8683),(#8684,
#8685),(#8686,#8687),(#8688,#8689)),.UNSPECIFIED.,.F.,.F.,.F.,(4,1,4),(2,
2),(0.,0.021547300542802,0.0440616489216659),(0.,0.0200000000000001),
 .UNSPECIFIED.);
#539=B_SPLINE_SURFACE_WITH_KNOTS('',3,1,((#8703,#8704),(#8705,#8706),(#8707,
#8708),(#8709,#8710),(#8711,#8712)),.UNSPECIFIED.,.F.,.F.,.F.,(4,1,4),(2,
2),(0.,0.0209965917664927,0.0420326924204346),(0.,0.0200000000000001),
 .UNSPECIFIED.);
#540=B_SPLINE_SURFACE_WITH_KNOTS('',3,1,((#8726,#8727),(#8728,#8729),(#8730,
#8731),(#8732,#8733),(#8734,#8735)),.UNSPECIFIED.,.F.,.F.,.F.,(4,1,4),(2,
2),(0.,0.0293419940752258,0.0594785651245389),(0.,0.0200000000000001),
 .UNSPECIFIED.);
#541=B_SPLINE_SURFACE_WITH_KNOTS('',3,1,((#8832,#8833),(#8834,#8835),(#8836,
#8837),(#8838,#8839),(#8840,#8841)),.UNSPECIFIED.,.F.,.F.,.F.,(4,1,4),(2,
2),(0.,0.0168140865604653,0.0327538614768225),(0.,0.0200000000000001),
 .UNSPECIFIED.);
#542=B_SPLINE_SURFACE_WITH_KNOTS('',3,1,((#8858,#8859),(#8860,#8861),(#8862,
#8863),(#8864,#8865),(#8866,#8867)),.UNSPECIFIED.,.F.,.F.,.F.,(4,1,4),(2,
2),(0.,0.0203374803316547,0.0411314325520293),(0.,0.0200000000000001),
 .UNSPECIFIED.);
#543=B_SPLINE_SURFACE_WITH_KNOTS('',3,1,((#8881,#8882),(#8883,#8884),(#8885,
#8886),(#8887,#8888),(#8889,#8890)),.UNSPECIFIED.,.F.,.F.,.F.,(4,1,4),(2,
2),(0.,0.0316991865726367,0.0556474793454443),(0.,0.0200000000000001),
 .UNSPECIFIED.);
#544=B_SPLINE_SURFACE_WITH_KNOTS('',3,1,((#8904,#8905),(#8906,#8907),(#8908,
#8909),(#8910,#8911),(#8912,#8913)),.UNSPECIFIED.,.F.,.F.,.F.,(4,1,4),(2,
2),(0.,0.024061738022864,0.0554152623245643),(0.,0.0200000000000001),
 .UNSPECIFIED.);
#545=B_SPLINE_SURFACE_WITH_KNOTS('',3,1,((#8927,#8928),(#8929,#8930),(#8931,
#8932),(#8933,#8934),(#8935,#8936)),.UNSPECIFIED.,.F.,.F.,.F.,(4,1,4),(2,
2),(0.,0.0214252391877216,0.0422429579150748),(0.,0.0200000000000001),
 .UNSPECIFIED.);
#546=B_SPLINE_SURFACE_WITH_KNOTS('',3,1,((#8950,#8951),(#8952,#8953),(#8954,
#8955),(#8956,#8957),(#8958,#8959)),.UNSPECIFIED.,.F.,.F.,.F.,(4,1,4),(2,
2),(0.,0.0138096245657653,0.0282128948025777),(0.,0.0200000000000001),
 .UNSPECIFIED.);
#547=B_SPLINE_SURFACE_WITH_KNOTS('',3,1,((#8973,#8974),(#8975,#8976),(#8977,
#8978),(#8979,#8980),(#8981,#8982)),.UNSPECIFIED.,.F.,.F.,.F.,(4,1,4),(2,
2),(0.,0.0170429183805372,0.0317375134820445),(0.,0.0200000000000001),
 .UNSPECIFIED.);
#548=B_SPLINE_SURFACE_WITH_KNOTS('',3,1,((#9002,#9003),(#9004,#9005),(#9006,
#9007),(#9008,#9009),(#9010,#9011)),.UNSPECIFIED.,.F.,.F.,.F.,(4,1,4),(2,
2),(0.,0.023724554017198,0.0495405885596778),(0.,0.0200000000000001),
 .UNSPECIFIED.);
#549=B_SPLINE_SURFACE_WITH_KNOTS('',3,1,((#9025,#9026),(#9027,#9028),(#9029,
#9030),(#9031,#9032),(#9033,#9034)),.UNSPECIFIED.,.F.,.F.,.F.,(4,1,4),(2,
2),(0.,0.0270743530792451,0.0512633185959513),(0.,0.0200000000000001),
 .UNSPECIFIED.);
#550=B_SPLINE_SURFACE_WITH_KNOTS('',3,1,((#9048,#9049),(#9050,#9051),(#9052,
#9053),(#9054,#9055),(#9056,#9057)),.UNSPECIFIED.,.F.,.F.,.F.,(4,1,4),(2,
2),(0.,0.0223214538797829,0.0449777808929043),(0.,0.0200000000000001),
 .UNSPECIFIED.);
#551=B_SPLINE_SURFACE_WITH_KNOTS('',3,1,((#9071,#9072),(#9073,#9074),(#9075,
#9076),(#9077,#9078),(#9079,#9080)),.UNSPECIFIED.,.F.,.F.,.F.,(4,1,4),(2,
2),(0.,0.0228199556147179,0.0449418476050011),(0.,0.0200000000000001),
 .UNSPECIFIED.);
#552=B_SPLINE_SURFACE_WITH_KNOTS('',3,1,((#9094,#9095),(#9096,#9097),(#9098,
#9099),(#9100,#9101),(#9102,#9103)),.UNSPECIFIED.,.F.,.F.,.F.,(4,1,4),(2,
2),(0.,0.0276054716449626,0.0525274391281922),(0.,0.0200000000000001),
 .UNSPECIFIED.);
#553=B_SPLINE_SURFACE_WITH_KNOTS('',3,1,((#9117,#9118),(#9119,#9120),(#9121,
#9122),(#9123,#9124),(#9125,#9126)),.UNSPECIFIED.,.F.,.F.,.F.,(4,1,4),(2,
2),(0.,0.0340784022816836,0.0745707004266244),(0.,0.0200000000000001),
 .UNSPECIFIED.);
#554=B_SPLINE_SURFACE_WITH_KNOTS('',3,1,((#9140,#9141),(#9142,#9143),(#9144,
#9145),(#9146,#9147),(#9148,#9149)),.UNSPECIFIED.,.F.,.F.,.F.,(4,1,4),(2,
2),(0.,0.0340767478895454,0.0660258069360007),(0.,0.0200000000000001),
 .UNSPECIFIED.);
#555=B_SPLINE_SURFACE_WITH_KNOTS('',3,1,((#9163,#9164),(#9165,#9166),(#9167,
#9168),(#9169,#9170),(#9171,#9172)),.UNSPECIFIED.,.F.,.F.,.F.,(4,1,4),(2,
2),(0.,0.0262796043892083,0.0539823929997755),(0.,0.0200000000000001),
 .UNSPECIFIED.);
#556=B_SPLINE_SURFACE_WITH_KNOTS('',3,1,((#9186,#9187),(#9188,#9189),(#9190,
#9191),(#9192,#9193),(#9194,#9195)),.UNSPECIFIED.,.F.,.F.,.F.,(4,1,4),(2,
2),(0.,0.029177933499467,0.0559280982869503),(0.,0.0200000000000001),
 .UNSPECIFIED.);
#557=B_SPLINE_SURFACE_WITH_KNOTS('',3,1,((#9215,#9216),(#9217,#9218),(#9219,
#9220),(#9221,#9222),(#9223,#9224)),.UNSPECIFIED.,.F.,.F.,.F.,(4,1,4),(2,
2),(0.,0.017197726924688,0.0379650428552005),(0.,0.0200000000000001),
 .UNSPECIFIED.);
#558=B_SPLINE_SURFACE_WITH_KNOTS('',3,1,((#9236,#9237),(#9238,#9239),(#9240,
#9241),(#9242,#9243),(#9244,#9245)),.UNSPECIFIED.,.F.,.F.,.F.,(4,1,4),(2,
2),(0.,0.0190410403214479,0.0403058582205624),(0.,0.0200000000000001),
 .UNSPECIFIED.);
#559=B_SPLINE_SURFACE_WITH_KNOTS('',3,1,((#9262,#9263),(#9264,#9265),(#9266,
#9267),(#9268,#9269),(#9270,#9271)),.UNSPECIFIED.,.F.,.F.,.F.,(4,1,4),(2,
2),(0.,0.0202735804029501,0.0391667058092087),(0.,0.0200000000000001),
 .UNSPECIFIED.);
#560=B_SPLINE_SURFACE_WITH_KNOTS('',3,1,((#9285,#9286),(#9287,#9288),(#9289,
#9290),(#9291,#9292),(#9293,#9294)),.UNSPECIFIED.,.F.,.F.,.F.,(4,1,4),(2,
2),(0.,0.0304780217401112,0.0545490920839846),(0.,0.0200000000000001),
 .UNSPECIFIED.);
#561=B_SPLINE_SURFACE_WITH_KNOTS('',3,1,((#9308,#9309),(#9310,#9311),(#9312,
#9313),(#9314,#9315),(#9316,#9317)),.UNSPECIFIED.,.F.,.F.,.F.,(4,1,4),(2,
2),(0.,0.0246239564861943,0.0564034531563471),(0.,0.0200000000000001),
 .UNSPECIFIED.);
#562=B_SPLINE_SURFACE_WITH_KNOTS('',3,1,((#9331,#9332),(#9333,#9334),(#9335,
#9336),(#9337,#9338),(#9339,#9340)),.UNSPECIFIED.,.F.,.F.,.F.,(4,1,4),(2,
2),(0.,0.0194796115961259,0.040123506663949),(0.,0.0200000000000001),
 .UNSPECIFIED.);
#563=B_SPLINE_SURFACE_WITH_KNOTS('',3,1,((#9354,#9355),(#9356,#9357),(#9358,
#9359),(#9360,#9361),(#9362,#9363)),.UNSPECIFIED.,.F.,.F.,.F.,(4,1,4),(2,
2),(0.,0.0200478326696734,0.0391410717923114),(0.,0.0200000000000001),
 .UNSPECIFIED.);
#564=B_SPLINE_SURFACE_WITH_KNOTS('',3,1,((#9377,#9378),(#9379,#9380),(#9381,
#9382),(#9383,#9384),(#9385,#9386)),.UNSPECIFIED.,.F.,.F.,.F.,(4,1,4),(2,
2),(0.,0.0306026005999858,0.054377981007379),(0.,0.0200000000000001),
 .UNSPECIFIED.);
#565=B_SPLINE_SURFACE_WITH_KNOTS('',3,1,((#9400,#9401),(#9402,#9403),(#9404,
#9405),(#9406,#9407),(#9408,#9409)),.UNSPECIFIED.,.F.,.F.,.F.,(4,1,4),(2,
2),(0.,0.0251768743276191,0.0562094288504806),(0.,0.0200000000000001),
 .UNSPECIFIED.);
#566=B_SPLINE_SURFACE_WITH_KNOTS('',3,1,((#9429,#9430),(#9431,#9432),(#9433,
#9434),(#9435,#9436),(#9437,#9438)),.UNSPECIFIED.,.F.,.F.,.F.,(4,1,4),(2,
2),(0.,0.0133084501835787,0.0260152741211986),(0.,0.0200000000000001),
 .UNSPECIFIED.);
#567=B_SPLINE_SURFACE_WITH_KNOTS('',3,1,((#9452,#9453),(#9454,#9455),(#9456,
#9457),(#9458,#9459),(#9460,#9461)),.UNSPECIFIED.,.F.,.F.,.F.,(4,1,4),(2,
2),(0.,0.014649125849565,0.0285107455949678),(0.,0.0200000000000001),
 .UNSPECIFIED.);
#568=B_SPLINE_SURFACE_WITH_KNOTS('',3,1,((#9475,#9476),(#9477,#9478),(#9479,
#9480),(#9481,#9482),(#9483,#9484)),.UNSPECIFIED.,.F.,.F.,.F.,(4,1,4),(2,
2),(0.,0.0214345864428909,0.0421329269506881),(0.,0.0200000000000001),
 .UNSPECIFIED.);
#569=B_SPLINE_SURFACE_WITH_KNOTS('',3,1,((#9498,#9499),(#9500,#9501),(#9502,
#9503),(#9504,#9505),(#9506,#9507)),.UNSPECIFIED.,.F.,.F.,.F.,(4,1,4),(2,
2),(0.,0.0231513247196153,0.0452782877801837),(0.,0.0200000000000001),
 .UNSPECIFIED.);
#570=B_SPLINE_SURFACE_WITH_KNOTS('',3,1,((#9521,#9522),(#9523,#9524),(#9525,
#9526),(#9527,#9528),(#9529,#9530)),.UNSPECIFIED.,.F.,.F.,.F.,(4,1,4),(2,
2),(0.,0.0265286476799592,0.0513244340249122),(0.,0.0200000000000001),
 .UNSPECIFIED.);
#571=B_SPLINE_SURFACE_WITH_KNOTS('',3,1,((#9544,#9545),(#9546,#9547),(#9548,
#9549),(#9550,#9551),(#9552,#9553)),.UNSPECIFIED.,.F.,.F.,.F.,(4,1,4),(2,
2),(0.,0.0237741661389329,0.0487529615650634),(0.,0.0200000000000001),
 .UNSPECIFIED.);
#572=B_SPLINE_SURFACE_WITH_KNOTS('',3,1,((#9567,#9568),(#9569,#9570),(#9571,
#9572),(#9573,#9574),(#9575,#9576)),.UNSPECIFIED.,.F.,.F.,.F.,(4,1,4),(2,
2),(0.,0.0211938856984714,0.0435071550479957),(0.,0.0200000000000001),
 .UNSPECIFIED.);
#573=B_SPLINE_SURFACE_WITH_KNOTS('',3,1,((#9590,#9591),(#9592,#9593),(#9594,
#9595),(#9596,#9597),(#9598,#9599)),.UNSPECIFIED.,.F.,.F.,.F.,(4,1,4),(2,
2),(0.,0.0220312356197721,0.0431249583327988),(0.,0.0200000000000001),
 .UNSPECIFIED.);
#574=B_SPLINE_SURFACE_WITH_KNOTS('',3,1,((#9613,#9614),(#9615,#9616),(#9617,
#9618),(#9619,#9620),(#9621,#9622)),.UNSPECIFIED.,.F.,.F.,.F.,(4,1,4),(2,
2),(0.,0.0147123742635529,0.0312166303473484),(0.,0.0200000000000001),
 .UNSPECIFIED.);
#575=B_SPLINE_SURFACE_WITH_KNOTS('',3,1,((#9636,#9637),(#9638,#9639),(#9640,
#9641),(#9642,#9643),(#9644,#9645)),.UNSPECIFIED.,.F.,.F.,.F.,(4,1,4),(2,
2),(0.,0.016030392872406,0.0306588769776862),(0.,0.0200000000000001),
 .UNSPECIFIED.);
#576=B_SPLINE_SURFACE_WITH_KNOTS('',3,1,((#9681,#9682),(#9683,#9684),(#9685,
#9686),(#9687,#9688),(#9689,#9690)),.UNSPECIFIED.,.F.,.F.,.F.,(4,1,4),(2,
2),(0.,0.0133987778712236,0.0312622167156748),(0.,0.0200000000000001),
 .UNSPECIFIED.);
#577=B_SPLINE_SURFACE_WITH_KNOTS('',3,1,((#9707,#9708),(#9709,#9710),(#9711,
#9712),(#9713,#9714),(#9715,#9716)),.UNSPECIFIED.,.F.,.F.,.F.,(4,1,4),(2,
2),(0.,0.0150971825251295,0.0297316227406649),(0.,0.0200000000000001),
 .UNSPECIFIED.);
#578=B_SPLINE_SURFACE_WITH_KNOTS('',3,1,((#9730,#9731),(#9732,#9733),(#9734,
#9735),(#9736,#9737),(#9738,#9739)),.UNSPECIFIED.,.F.,.F.,.F.,(4,1,4),(2,
2),(0.,0.0168667827373943,0.0327638627504119),(0.,0.0200000000000001),
 .UNSPECIFIED.);
#579=B_SPLINE_SURFACE_WITH_KNOTS('',3,1,((#9753,#9754),(#9755,#9756),(#9757,
#9758),(#9759,#9760),(#9761,#9762)),.UNSPECIFIED.,.F.,.F.,.F.,(4,1,4),(2,
2),(0.,0.012989317553172,0.0288747081780221),(0.,0.0200000000000001),
 .UNSPECIFIED.);
#580=B_SPLINE_SURFACE_WITH_KNOTS('',3,1,((#9776,#9777),(#9778,#9779),(#9780,
#9781),(#9782,#9783),(#9784,#9785)),.UNSPECIFIED.,.F.,.F.,.F.,(4,1,4),(2,
2),(0.,0.0114923925094719,0.0230417398628137),(0.,0.0200000000000001),
 .UNSPECIFIED.);
#581=B_SPLINE_SURFACE_WITH_KNOTS('',3,1,((#9799,#9800),(#9801,#9802),(#9803,
#9804),(#9805,#9806),(#9807,#9808)),.UNSPECIFIED.,.F.,.F.,.F.,(4,1,4),(2,
2),(0.,0.00763014138425846,0.0153566339185734),(0.,0.0200000000000001),
 .UNSPECIFIED.);
#582=B_SPLINE_SURFACE_WITH_KNOTS('',3,1,((#9822,#9823),(#9824,#9825),(#9826,
#9827),(#9828,#9829),(#9830,#9831)),.UNSPECIFIED.,.F.,.F.,.F.,(4,1,4),(2,
2),(0.,0.00811946919799954,0.0158643250498618),(0.,0.0200000000000001),
 .UNSPECIFIED.);
#583=B_SPLINE_SURFACE_WITH_KNOTS('',3,1,((#9845,#9846),(#9847,#9848),(#9849,
#9850),(#9851,#9852),(#9853,#9854)),.UNSPECIFIED.,.F.,.F.,.F.,(4,1,4),(2,
2),(0.,0.0164158772819799,0.0275149310867024),(0.,0.0200000000000001),
 .UNSPECIFIED.);
#584=B_SPLINE_SURFACE_WITH_KNOTS('',3,1,((#9868,#9869),(#9870,#9871),(#9872,
#9873),(#9874,#9875),(#9876,#9877)),.UNSPECIFIED.,.F.,.F.,.F.,(4,1,4),(2,
2),(0.,0.021822335068621,0.0515426102515129),(0.,0.0200000000000001),
 .UNSPECIFIED.);
#585=B_SPLINE_SURFACE_WITH_KNOTS('',3,1,((#9903,#9904),(#9905,#9906),(#9907,
#9908),(#9909,#9910),(#9911,#9912)),.UNSPECIFIED.,.F.,.F.,.F.,(4,1,4),(2,
2),(0.,0.0114834479852141,0.023169345311399),(0.,0.0200000000000001),
 .UNSPECIFIED.);
#586=B_SPLINE_SURFACE_WITH_KNOTS('',3,1,((#9926,#9927),(#9928,#9929),(#9930,
#9931),(#9932,#9933),(#9934,#9935)),.UNSPECIFIED.,.F.,.F.,.F.,(4,1,4),(2,
2),(0.,0.0349411928607443,0.0542035937424659),(0.,0.0200000000000001),
 .UNSPECIFIED.);
#587=B_SPLINE_SURFACE_WITH_KNOTS('',3,1,((#9955,#9956),(#9957,#9958),(#9959,
#9960),(#9961,#9962),(#9963,#9964)),.UNSPECIFIED.,.F.,.F.,.F.,(4,1,4),(2,
2),(0.,0.011059388750419,0.0283726396339477),(0.,0.0200000000000001),
 .UNSPECIFIED.);
#588=B_SPLINE_SURFACE_WITH_KNOTS('',3,1,((#9978,#9979),(#9980,#9981),(#9982,
#9983),(#9984,#9985),(#9986,#9987)),.UNSPECIFIED.,.F.,.F.,.F.,(4,1,4),(2,
2),(0.,0.0110085920304809,0.0231357533842346),(0.,0.0200000000000001),
 .UNSPECIFIED.);
#589=B_SPLINE_SURFACE_WITH_KNOTS('',3,1,((#10001,#10002),(#10003,#10004),
(#10005,#10006),(#10007,#10008),(#10009,#10010)),.UNSPECIFIED.,.F.,.F.,
 .F.,(4,1,4),(2,2),(0.,0.0140045609364766,0.0255651613013474),(0.,0.0200000000000001),
 .UNSPECIFIED.);
#590=B_SPLINE_SURFACE_WITH_KNOTS('',3,1,((#10024,#10025),(#10026,#10027),
(#10028,#10029),(#10030,#10031),(#10032,#10033)),.UNSPECIFIED.,.F.,.F.,
 .F.,(4,1,4),(2,2),(0.,0.0210622572172526,0.038226857241948),(0.,0.0200000000000001),
 .UNSPECIFIED.);
#591=B_SPLINE_SURFACE_WITH_KNOTS('',3,1,((#10047,#10048),(#10049,#10050),
(#10051,#10052),(#10053,#10054),(#10055,#10056)),.UNSPECIFIED.,.F.,.F.,
 .F.,(4,1,4),(2,2),(0.,0.0197338678770531,0.0417479649998021),(0.,0.0200000000000001),
 .UNSPECIFIED.);
#592=B_SPLINE_SURFACE_WITH_KNOTS('',3,1,((#10070,#10071),(#10072,#10073),
(#10074,#10075),(#10076,#10077),(#10078,#10079)),.UNSPECIFIED.,.F.,.F.,
 .F.,(4,1,4),(2,2),(0.,0.0155406322030265,0.0330053623689357),(0.,0.0200000000000001),
 .UNSPECIFIED.);
#593=B_SPLINE_SURFACE_WITH_KNOTS('',3,1,((#10093,#10094),(#10095,#10096),
(#10097,#10098),(#10099,#10100),(#10101,#10102)),.UNSPECIFIED.,.F.,.F.,
 .F.,(4,1,4),(2,2),(0.,0.0182377797995474,0.0341373824391245),(0.,0.0200000000000001),
 .UNSPECIFIED.);
#594=B_SPLINE_SURFACE_WITH_KNOTS('',3,1,((#10122,#10123),(#10124,#10125),
(#10126,#10127),(#10128,#10129),(#10130,#10131)),.UNSPECIFIED.,.F.,.F.,
 .F.,(4,1,4),(2,2),(0.,0.0138194789410335,0.0313368226624765),(0.,0.0200000000000001),
 .UNSPECIFIED.);
#595=B_SPLINE_SURFACE_WITH_KNOTS('',3,1,((#10145,#10146),(#10147,#10148),
(#10149,#10150),(#10151,#10152),(#10153,#10154)),.UNSPECIFIED.,.F.,.F.,
 .F.,(4,1,4),(2,2),(0.,0.0189178008322136,0.0332485946410424),(0.,0.0200000000000001),
 .UNSPECIFIED.);
#596=B_SPLINE_SURFACE_WITH_KNOTS('',3,1,((#10168,#10169),(#10170,#10171),
(#10172,#10173),(#10174,#10175),(#10176,#10177)),.UNSPECIFIED.,.F.,.F.,
 .F.,(4,1,4),(2,2),(0.,0.0165742497354113,0.0370757745379317),(0.,0.0200000000000001),
 .UNSPECIFIED.);
#597=B_SPLINE_SURFACE_WITH_KNOTS('',3,1,((#10191,#10192),(#10193,#10194),
(#10195,#10196),(#10197,#10198),(#10199,#10200)),.UNSPECIFIED.,.F.,.F.,
 .F.,(4,1,4),(2,2),(0.,0.0161345209445665,0.0284492045795329),(0.,0.0200000000000001),
 .UNSPECIFIED.);
#598=B_SPLINE_SURFACE_WITH_KNOTS('',3,1,((#10214,#10215),(#10216,#10217),
(#10218,#10219),(#10220,#10221),(#10222,#10223)),.UNSPECIFIED.,.F.,.F.,
 .F.,(4,1,4),(2,2),(0.,0.00516017093077386,0.00801690821521901),(0.,0.0200000000000001),
 .UNSPECIFIED.);
#599=B_SPLINE_SURFACE_WITH_KNOTS('',3,1,((#10237,#10238),(#10239,#10240),
(#10241,#10242),(#10243,#10244),(#10245,#10246)),.UNSPECIFIED.,.F.,.F.,
 .F.,(4,1,4),(2,2),(0.,0.0326371964678345,0.0558197362377259),(0.,0.0200000000000001),
 .UNSPECIFIED.);
#600=B_SPLINE_SURFACE_WITH_KNOTS('',3,1,((#10260,#10261),(#10262,#10263),
(#10264,#10265),(#10266,#10267),(#10268,#10269)),.UNSPECIFIED.,.F.,.F.,
 .F.,(4,1,4),(2,2),(0.,0.011580258135407,0.0276842840738173),(0.,0.0200000000000001),
 .UNSPECIFIED.);
#601=B_SPLINE_SURFACE_WITH_KNOTS('',3,1,((#10283,#10284),(#10285,#10286),
(#10287,#10288),(#10289,#10290),(#10291,#10292)),.UNSPECIFIED.,.F.,.F.,
 .F.,(4,1,4),(2,2),(0.,0.011948709533471,0.0243491900971553),(0.,0.0200000000000001),
 .UNSPECIFIED.);
#602=B_SPLINE_SURFACE_WITH_KNOTS('',3,1,((#10306,#10307),(#10308,#10309),
(#10310,#10311),(#10312,#10313),(#10314,#10315)),.UNSPECIFIED.,.F.,.F.,
 .F.,(4,1,4),(2,2),(0.,0.0121300337282133,0.0238989463699406),(0.,0.0200000000000001),
 .UNSPECIFIED.);
#603=B_SPLINE_SURFACE_WITH_KNOTS('',3,1,((#10329,#10330),(#10331,#10332),
(#10333,#10334),(#10335,#10336),(#10337,#10338)),.UNSPECIFIED.,.F.,.F.,
 .F.,(4,1,4),(2,2),(0.,0.0128156314876559,0.0252491793338357),(0.,0.0200000000000001),
 .UNSPECIFIED.);
#604=B_SPLINE_SURFACE_WITH_KNOTS('',3,1,((#10352,#10353),(#10354,#10355),
(#10356,#10357),(#10358,#10359),(#10360,#10361)),.UNSPECIFIED.,.F.,.F.,
 .F.,(4,1,4),(2,2),(0.,0.0205009906048999,0.0415418167802459),(0.,0.0200000000000001),
 .UNSPECIFIED.);
#605=B_SPLINE_SURFACE_WITH_KNOTS('',3,1,((#10375,#10376),(#10377,#10378),
(#10379,#10380),(#10381,#10382),(#10383,#10384)),.UNSPECIFIED.,.F.,.F.,
 .F.,(4,1,4),(2,2),(0.,0.0266403908687989,0.0489827933679451),(0.,0.0200000000000001),
 .UNSPECIFIED.);
#606=B_SPLINE_SURFACE_WITH_KNOTS('',3,1,((#10398,#10399),(#10400,#10401),
(#10402,#10403),(#10404,#10405),(#10406,#10407)),.UNSPECIFIED.,.F.,.F.,
 .F.,(4,1,4),(2,2),(0.,0.0169515384468408,0.0345156738892824),(0.,0.0200000000000001),
 .UNSPECIFIED.);
#607=B_SPLINE_SURFACE_WITH_KNOTS('',3,1,((#10421,#10422),(#10423,#10424),
(#10425,#10426),(#10427,#10428),(#10429,#10430)),.UNSPECIFIED.,.F.,.F.,
 .F.,(4,1,4),(2,2),(0.,0.0208054109142064,0.0388231221300741),(0.,0.0200000000000001),
 .UNSPECIFIED.);
#608=B_SPLINE_SURFACE_WITH_KNOTS('',3,1,((#10444,#10445),(#10446,#10447),
(#10448,#10449),(#10450,#10451),(#10452,#10453)),.UNSPECIFIED.,.F.,.F.,
 .F.,(4,1,4),(2,2),(0.,0.0110774450407445,0.0232607019376778),(0.,0.0200000000000001),
 .UNSPECIFIED.);
#609=B_SPLINE_SURFACE_WITH_KNOTS('',3,1,((#10538,#10539),(#10540,#10541),
(#10542,#10543),(#10544,#10545),(#10546,#10547)),.UNSPECIFIED.,.F.,.F.,
 .F.,(4,1,4),(2,2),(0.,0.0133987778712236,0.0312622084648607),(0.,0.0200000000000001),
 .UNSPECIFIED.);
#610=B_SPLINE_SURFACE_WITH_KNOTS('',3,1,((#10564,#10565),(#10566,#10567),
(#10568,#10569),(#10570,#10571),(#10572,#10573)),.UNSPECIFIED.,.F.,.F.,
 .F.,(4,1,4),(2,2),(0.,0.015097277119486,0.0297317173350214),(0.,0.0200000000000001),
 .UNSPECIFIED.);
#611=B_SPLINE_SURFACE_WITH_KNOTS('',3,1,((#10587,#10588),(#10589,#10590),
(#10591,#10592),(#10593,#10594),(#10595,#10596)),.UNSPECIFIED.,.F.,.F.,
 .F.,(4,1,4),(2,2),(0.,0.0168666643191063,0.0327637443321239),(0.,0.0200000000000001),
 .UNSPECIFIED.);
#612=B_SPLINE_SURFACE_WITH_KNOTS('',3,1,((#10610,#10611),(#10612,#10613),
(#10614,#10615),(#10616,#10617),(#10618,#10619)),.UNSPECIFIED.,.F.,.F.,
 .F.,(4,1,4),(2,2),(0.,0.012989317553172,0.0288745899620126),(0.,0.0200000000000001),
 .UNSPECIFIED.);
#613=B_SPLINE_SURFACE_WITH_KNOTS('',3,1,((#10633,#10634),(#10635,#10636),
(#10637,#10638),(#10639,#10640),(#10641,#10642)),.UNSPECIFIED.,.F.,.F.,
 .F.,(4,1,4),(2,2),(0.,0.0114924166103171,0.0230418359107213),(0.,0.0200000000000001),
 .UNSPECIFIED.);
#614=B_SPLINE_SURFACE_WITH_KNOTS('',3,1,((#10656,#10657),(#10658,#10659),
(#10660,#10661),(#10662,#10663),(#10664,#10665)),.UNSPECIFIED.,.F.,.F.,
 .F.,(4,1,4),(2,2),(0.,0.00763014138425846,0.0153566503622587),(0.,0.0200000000000001),
 .UNSPECIFIED.);
#615=B_SPLINE_SURFACE_WITH_KNOTS('',3,1,((#10679,#10680),(#10681,#10682),
(#10683,#10684),(#10685,#10686),(#10687,#10688)),.UNSPECIFIED.,.F.,.F.,
 .F.,(4,1,4),(2,2),(0.,0.00811946919799954,0.0158643250498618),(0.,0.0200000000000001),
 .UNSPECIFIED.);
#616=B_SPLINE_SURFACE_WITH_KNOTS('',3,1,((#10702,#10703),(#10704,#10705),
(#10706,#10707),(#10708,#10709),(#10710,#10711)),.UNSPECIFIED.,.F.,.F.,
 .F.,(4,1,4),(2,2),(0.,0.0164158772819799,0.0275149310867024),(0.,0.0200000000000001),
 .UNSPECIFIED.);
#617=B_SPLINE_SURFACE_WITH_KNOTS('',3,1,((#10725,#10726),(#10727,#10728),
(#10729,#10730),(#10731,#10732),(#10733,#10734)),.UNSPECIFIED.,.F.,.F.,
 .F.,(4,1,4),(2,2),(0.,0.0218222209511547,0.0515424961340466),(0.,0.0200000000000001),
 .UNSPECIFIED.);
#618=B_SPLINE_SURFACE_WITH_KNOTS('',3,1,((#10760,#10761),(#10762,#10763),
(#10764,#10765),(#10766,#10767),(#10768,#10769)),.UNSPECIFIED.,.F.,.F.,
 .F.,(4,1,4),(2,2),(0.,0.0114834479852141,0.0231692959492396),(0.,0.0200000000000001),
 .UNSPECIFIED.);
#619=B_SPLINE_SURFACE_WITH_KNOTS('',3,1,((#10783,#10784),(#10785,#10786),
(#10787,#10788),(#10789,#10790),(#10791,#10792)),.UNSPECIFIED.,.F.,.F.,
 .F.,(4,1,4),(2,2),(0.,0.03494119453333,0.0542035954150516),(0.,0.0200000000000001),
 .UNSPECIFIED.);
#620=B_SPLINE_SURFACE_WITH_KNOTS('',3,1,((#10812,#10813),(#10814,#10815),
(#10816,#10817),(#10818,#10819),(#10820,#10821)),.UNSPECIFIED.,.F.,.F.,
 .F.,(4,1,4),(2,2),(0.,0.011059388750419,0.0283726369913562),(0.,0.0200000000000001),
 .UNSPECIFIED.);
#621=B_SPLINE_SURFACE_WITH_KNOTS('',3,1,((#10835,#10836),(#10837,#10838),
(#10839,#10840),(#10841,#10842),(#10843,#10844)),.UNSPECIFIED.,.F.,.F.,
 .F.,(4,1,4),(2,2),(0.,0.0110085292447573,0.0231356905985109),(0.,0.0200000000000001),
 .UNSPECIFIED.);
#622=B_SPLINE_SURFACE_WITH_KNOTS('',3,1,((#10858,#10859),(#10860,#10861),
(#10862,#10863),(#10864,#10865),(#10866,#10867)),.UNSPECIFIED.,.F.,.F.,
 .F.,(4,1,4),(2,2),(0.,0.0140044538804807,0.0255651443667651),(0.,0.0200000000000001),
 .UNSPECIFIED.);
#623=B_SPLINE_SURFACE_WITH_KNOTS('',3,1,((#10881,#10882),(#10883,#10884),
(#10885,#10886),(#10887,#10888),(#10889,#10890)),.UNSPECIFIED.,.F.,.F.,
 .F.,(4,1,4),(2,2),(0.,0.0210622572172526,0.038226857241948),(0.,0.0200000000000001),
 .UNSPECIFIED.);
#624=B_SPLINE_SURFACE_WITH_KNOTS('',3,1,((#10904,#10905),(#10906,#10907),
(#10908,#10909),(#10910,#10911),(#10912,#10913)),.UNSPECIFIED.,.F.,.F.,
 .F.,(4,1,4),(2,2),(0.,0.0197339835118917,0.0417480806346407),(0.,0.0200000000000001),
 .UNSPECIFIED.);
#625=B_SPLINE_SURFACE_WITH_KNOTS('',3,1,((#10927,#10928),(#10929,#10930),
(#10931,#10932),(#10933,#10934),(#10935,#10936)),.UNSPECIFIED.,.F.,.F.,
 .F.,(4,1,4),(2,2),(0.,0.0155408081442751,0.0330053247139501),(0.,0.0200000000000001),
 .UNSPECIFIED.);
#626=B_SPLINE_SURFACE_WITH_KNOTS('',3,1,((#10950,#10951),(#10952,#10953),
(#10954,#10955),(#10956,#10957),(#10958,#10959)),.UNSPECIFIED.,.F.,.F.,
 .F.,(4,1,4),(2,2),(0.,0.0182378505802636,0.0341373323919213),(0.,0.0200000000000001),
 .UNSPECIFIED.);
#627=B_SPLINE_SURFACE_WITH_KNOTS('',3,1,((#10979,#10980),(#10981,#10982),
(#10983,#10984),(#10985,#10986),(#10987,#10988)),.UNSPECIFIED.,.F.,.F.,
 .F.,(4,1,4),(2,2),(0.,0.0138194789410335,0.0313368226624765),(0.,0.0200000000000001),
 .UNSPECIFIED.);
#628=B_SPLINE_SURFACE_WITH_KNOTS('',3,1,((#11002,#11003),(#11004,#11005),
(#11006,#11007),(#11008,#11009),(#11010,#11011)),.UNSPECIFIED.,.F.,.F.,
 .F.,(4,1,4),(2,2),(0.,0.0189179194405437,0.0332488226540796),(0.,0.0200000000000001),
 .UNSPECIFIED.);
#629=B_SPLINE_SURFACE_WITH_KNOTS('',3,1,((#11025,#11026),(#11027,#11028),
(#11029,#11030),(#11031,#11032),(#11033,#11034)),.UNSPECIFIED.,.F.,.F.,
 .F.,(4,1,4),(2,2),(0.,0.0165742497354113,0.0370757745379317),(0.,0.0200000000000001),
 .UNSPECIFIED.);
#630=B_SPLINE_SURFACE_WITH_KNOTS('',3,1,((#11048,#11049),(#11050,#11051),
(#11052,#11053),(#11054,#11055),(#11056,#11057)),.UNSPECIFIED.,.F.,.F.,
 .F.,(4,1,4),(2,2),(0.,0.0161345370085417,0.0284490943539875),(0.,0.0200000000000001),
 .UNSPECIFIED.);
#631=B_SPLINE_SURFACE_WITH_KNOTS('',3,1,((#11071,#11072),(#11073,#11074),
(#11075,#11076),(#11077,#11078),(#11079,#11080)),.UNSPECIFIED.,.F.,.F.,
 .F.,(4,1,4),(2,2),(0.,0.0051601738843848,0.00801691116882995),(0.,0.0200000000000001),
 .UNSPECIFIED.);
#632=B_SPLINE_SURFACE_WITH_KNOTS('',3,1,((#11094,#11095),(#11096,#11097),
(#11098,#11099),(#11100,#11101),(#11102,#11103)),.UNSPECIFIED.,.F.,.F.,
 .F.,(4,1,4),(2,2),(0.,0.0326370785877304,0.0558196183576218),(0.,0.0200000000000001),
 .UNSPECIFIED.);
#633=B_SPLINE_SURFACE_WITH_KNOTS('',3,1,((#11117,#11118),(#11119,#11120),
(#11121,#11122),(#11123,#11124),(#11125,#11126)),.UNSPECIFIED.,.F.,.F.,
 .F.,(4,1,4),(2,2),(0.,0.011580258135407,0.0276842840738173),(0.,0.0200000000000001),
 .UNSPECIFIED.);
#634=B_SPLINE_SURFACE_WITH_KNOTS('',3,1,((#11140,#11141),(#11142,#11143),
(#11144,#11145),(#11146,#11147),(#11148,#11149)),.UNSPECIFIED.,.F.,.F.,
 .F.,(4,1,4),(2,2),(0.,0.0119486055369803,0.0243490861006645),(0.,0.0200000000000001),
 .UNSPECIFIED.);
#635=B_SPLINE_SURFACE_WITH_KNOTS('',3,1,((#11163,#11164),(#11165,#11166),
(#11167,#11168),(#11169,#11170),(#11171,#11172)),.UNSPECIFIED.,.F.,.F.,
 .F.,(4,1,4),(2,2),(0.,0.0121299650152711,0.023899057298876),(0.,0.0200000000000001),
 .UNSPECIFIED.);
#636=B_SPLINE_SURFACE_WITH_KNOTS('',3,1,((#11186,#11187),(#11188,#11189),
(#11190,#11191),(#11192,#11193),(#11194,#11195)),.UNSPECIFIED.,.F.,.F.,
 .F.,(4,1,4),(2,2),(0.,0.0128156314876559,0.0252491793338357),(0.,0.0200000000000001),
 .UNSPECIFIED.);
#637=B_SPLINE_SURFACE_WITH_KNOTS('',3,1,((#11209,#11210),(#11211,#11212),
(#11213,#11214),(#11215,#11216),(#11217,#11218)),.UNSPECIFIED.,.F.,.F.,
 .F.,(4,1,4),(2,2),(0.,0.020500850786074,0.0415417223708335),(0.,0.0200000000000001),
 .UNSPECIFIED.);
#638=B_SPLINE_SURFACE_WITH_KNOTS('',3,1,((#11232,#11233),(#11234,#11235),
(#11236,#11237),(#11238,#11239),(#11240,#11241)),.UNSPECIFIED.,.F.,.F.,
 .F.,(4,1,4),(2,2),(0.,0.0266403908687989,0.0489826894135037),(0.,0.0200000000000001),
 .UNSPECIFIED.);
#639=B_SPLINE_SURFACE_WITH_KNOTS('',3,1,((#11255,#11256),(#11257,#11258),
(#11259,#11260),(#11261,#11262),(#11263,#11264)),.UNSPECIFIED.,.F.,.F.,
 .F.,(4,1,4),(2,2),(0.,0.0169515384468408,0.0345159114459611),(0.,0.0200000000000001),
 .UNSPECIFIED.);
#640=B_SPLINE_SURFACE_WITH_KNOTS('',3,1,((#11278,#11279),(#11280,#11281),
(#11282,#11283),(#11284,#11285),(#11286,#11287)),.UNSPECIFIED.,.F.,.F.,
 .F.,(4,1,4),(2,2),(0.,0.0208054109142064,0.0388229091644895),(0.,0.0200000000000001),
 .UNSPECIFIED.);
#641=B_SPLINE_SURFACE_WITH_KNOTS('',3,1,((#11301,#11302),(#11303,#11304),
(#11305,#11306),(#11307,#11308),(#11309,#11310)),.UNSPECIFIED.,.F.,.F.,
 .F.,(4,1,4),(2,2),(0.,0.0110774450407445,0.0232607236290799),(0.,0.0200000000000001),
 .UNSPECIFIED.);
#642=B_SPLINE_SURFACE_WITH_KNOTS('',3,1,((#11322,#11323),(#11324,#11325),
(#11326,#11327),(#11328,#11329),(#11330,#11331)),.UNSPECIFIED.,.F.,.F.,
 .F.,(4,1,4),(2,2),(0.,0.0313161233450995,0.0565425050083231),(0.,0.0200000000000001),
 .UNSPECIFIED.);
#643=B_SPLINE_SURFACE_WITH_KNOTS('',3,1,((#11348,#11349),(#11350,#11351),
(#11352,#11353),(#11354,#11355),(#11356,#11357)),.UNSPECIFIED.,.F.,.F.,
 .F.,(4,1,4),(2,2),(0.,0.0188316830482821,0.0391247223109923),(0.,0.0200000000000001),
 .UNSPECIFIED.);
#644=B_SPLINE_SURFACE_WITH_KNOTS('',3,1,((#11371,#11372),(#11373,#11374),
(#11375,#11376),(#11377,#11378),(#11379,#11380)),.UNSPECIFIED.,.F.,.F.,
 .F.,(4,1,4),(2,2),(0.,0.0162518900140388,0.0336349684735175),(0.,0.0200000000000001),
 .UNSPECIFIED.);
#645=B_SPLINE_SURFACE_WITH_KNOTS('',3,1,((#11394,#11395),(#11396,#11397),
(#11398,#11399),(#11400,#11401),(#11402,#11403)),.UNSPECIFIED.,.F.,.F.,
 .F.,(4,1,4),(2,2),(0.,0.0150674132168816,0.0305988562883762),(0.,0.0200000000000001),
 .UNSPECIFIED.);
#646=B_SPLINE_SURFACE_WITH_KNOTS('',3,1,((#11417,#11418),(#11419,#11420),
(#11421,#11422),(#11423,#11424),(#11425,#11426)),.UNSPECIFIED.,.F.,.F.,
 .F.,(4,1,4),(2,2),(0.,0.0130658616216833,0.0275919605957108),(0.,0.0200000000000001),
 .UNSPECIFIED.);
#647=B_SPLINE_SURFACE_WITH_KNOTS('',3,1,((#11440,#11441),(#11442,#11443),
(#11444,#11445),(#11446,#11447),(#11448,#11449)),.UNSPECIFIED.,.F.,.F.,
 .F.,(4,1,4),(2,2),(0.,0.013351072264316,0.0261098776280357),(0.,0.0200000000000001),
 .UNSPECIFIED.);
#648=B_SPLINE_SURFACE_WITH_KNOTS('',3,1,((#11463,#11464),(#11465,#11466),
(#11467,#11468),(#11469,#11470),(#11471,#11472)),.UNSPECIFIED.,.F.,.F.,
 .F.,(4,1,4),(2,2),(0.,0.0287563398610945,0.047648007693361),(0.,0.0200000000000001),
 .UNSPECIFIED.);
#649=B_SPLINE_SURFACE_WITH_KNOTS('',3,1,((#11486,#11487),(#11488,#11489),
(#11490,#11491),(#11492,#11493),(#11494,#11495)),.UNSPECIFIED.,.F.,.F.,
 .F.,(4,1,4),(2,2),(0.,0.00950682991969162,0.0282291132016699),(0.,0.0200000000000001),
 .UNSPECIFIED.);
#650=B_SPLINE_SURFACE_WITH_KNOTS('',3,1,((#11509,#11510),(#11511,#11512),
(#11513,#11514),(#11515,#11516),(#11517,#11518)),.UNSPECIFIED.,.F.,.F.,
 .F.,(4,1,4),(2,2),(0.,0.00660533717085572,0.014462429810288),(0.,0.0200000000000001),
 .UNSPECIFIED.);
#651=B_SPLINE_SURFACE_WITH_KNOTS('',3,1,((#11532,#11533),(#11534,#11535),
(#11536,#11537),(#11538,#11539),(#11540,#11541)),.UNSPECIFIED.,.F.,.F.,
 .F.,(4,1,4),(2,2),(0.,0.00574724125180499,0.0115486485742556),(0.,0.0200000000000001),
 .UNSPECIFIED.);
#652=B_SPLINE_SURFACE_WITH_KNOTS('',3,1,((#11555,#11556),(#11557,#11558),
(#11559,#11560),(#11561,#11562),(#11563,#11564)),.UNSPECIFIED.,.F.,.F.,
 .F.,(4,1,4),(2,2),(0.,0.010175418323399,0.0192438043759476),(0.,0.0200000000000001),
 .UNSPECIFIED.);
#653=B_SPLINE_SURFACE_WITH_KNOTS('',3,1,((#11578,#11579),(#11580,#11581),
(#11582,#11583),(#11584,#11585),(#11586,#11587)),.UNSPECIFIED.,.F.,.F.,
 .F.,(4,1,4),(2,2),(0.,0.0182032139920869,0.0313586891977384),(0.,0.0200000000000001),
 .UNSPECIFIED.);
#654=B_SPLINE_SURFACE_WITH_KNOTS('',3,1,((#11601,#11602),(#11603,#11604),
(#11605,#11606),(#11607,#11608),(#11609,#11610)),.UNSPECIFIED.,.F.,.F.,
 .F.,(4,1,4),(2,2),(0.,0.01321273403113,0.0292141872095602),(0.,0.0200000000000001),
 .UNSPECIFIED.);
#655=B_SPLINE_SURFACE_WITH_KNOTS('',3,1,((#11624,#11625),(#11626,#11627),
(#11628,#11629),(#11630,#11631),(#11632,#11633)),.UNSPECIFIED.,.F.,.F.,
 .F.,(4,1,4),(2,2),(0.,0.0130714778338509,0.0253124443209053),(0.,0.0200000000000001),
 .UNSPECIFIED.);
#656=B_SPLINE_SURFACE_WITH_KNOTS('',3,1,((#11653,#11654),(#11655,#11656),
(#11657,#11658),(#11659,#11660),(#11661,#11662)),.UNSPECIFIED.,.F.,.F.,
 .F.,(4,1,4),(2,2),(0.,0.0138646000555658,0.0301817343492433),(0.,0.0200000000000001),
 .UNSPECIFIED.);
#657=B_SPLINE_SURFACE_WITH_KNOTS('',3,1,((#11676,#11677),(#11678,#11679),
(#11680,#11681),(#11682,#11683),(#11684,#11685)),.UNSPECIFIED.,.F.,.F.,
 .F.,(4,1,4),(2,2),(0.,0.0157593770125932,0.0293278758906739),(0.,0.0200000000000001),
 .UNSPECIFIED.);
#658=B_SPLINE_SURFACE_WITH_KNOTS('',3,1,((#11699,#11700),(#11701,#11702),
(#11703,#11704),(#11705,#11706),(#11707,#11708)),.UNSPECIFIED.,.F.,.F.,
 .F.,(4,1,4),(2,2),(0.,0.020074829005386,0.0380888465911168),(0.,0.0200000000000001),
 .UNSPECIFIED.);
#659=B_SPLINE_SURFACE_WITH_KNOTS('',3,1,((#11722,#11723),(#11724,#11725),
(#11726,#11727),(#11728,#11729),(#11730,#11731)),.UNSPECIFIED.,.F.,.F.,
 .F.,(4,1,4),(2,2),(0.,0.0131029736859919,0.0268401533361634),(0.,0.0200000000000001),
 .UNSPECIFIED.);
#660=B_SPLINE_SURFACE_WITH_KNOTS('',3,1,((#11745,#11746),(#11747,#11748),
(#11749,#11750),(#11751,#11752),(#11753,#11754)),.UNSPECIFIED.,.F.,.F.,
 .F.,(4,1,4),(2,2),(0.,0.0097695182055613,0.0215582506478889),(0.,0.0200000000000001),
 .UNSPECIFIED.);
#661=B_SPLINE_SURFACE_WITH_KNOTS('',3,1,((#11768,#11769),(#11770,#11771),
(#11772,#11773),(#11774,#11775),(#11776,#11777)),.UNSPECIFIED.,.F.,.F.,
 .F.,(4,1,4),(2,2),(0.,0.0114891882619243,0.0229906499492962),(0.,0.0200000000000001),
 .UNSPECIFIED.);
#662=B_SPLINE_SURFACE_WITH_KNOTS('',3,1,((#11791,#11792),(#11793,#11794),
(#11795,#11796),(#11797,#11798),(#11799,#11800)),.UNSPECIFIED.,.F.,.F.,
 .F.,(4,1,4),(2,2),(0.,0.0117421636598945,0.0232816588266299),(0.,0.0200000000000001),
 .UNSPECIFIED.);
#663=B_SPLINE_SURFACE_WITH_KNOTS('',3,1,((#11814,#11815),(#11816,#11817),
(#11818,#11819),(#11820,#11821),(#11822,#11823)),.UNSPECIFIED.,.F.,.F.,
 .F.,(4,1,4),(2,2),(0.,0.0126293743248367,0.0254662537858658),(0.,0.0200000000000001),
 .UNSPECIFIED.);
#664=B_SPLINE_SURFACE_WITH_KNOTS('',3,1,((#11837,#11838),(#11839,#11840),
(#11841,#11842),(#11843,#11844),(#11845,#11846)),.UNSPECIFIED.,.F.,.F.,
 .F.,(4,1,4),(2,2),(0.,0.0136583497324005,0.0265138075321396),(0.,0.0200000000000001),
 .UNSPECIFIED.);
#665=B_SPLINE_SURFACE_WITH_KNOTS('',3,1,((#11860,#11861),(#11862,#11863),
(#11864,#11865),(#11866,#11867),(#11868,#11869)),.UNSPECIFIED.,.F.,.F.,
 .F.,(4,1,4),(2,2),(0.,0.0296706293602392,0.0491233987124656),(0.,0.0200000000000001),
 .UNSPECIFIED.);
#666=B_SPLINE_SURFACE_WITH_KNOTS('',3,1,((#11883,#11884),(#11885,#11886),
(#11887,#11888),(#11889,#11890),(#11891,#11892)),.UNSPECIFIED.,.F.,.F.,
 .F.,(4,1,4),(2,2),(0.,0.0119406744859982,0.0331164193261123),(0.,0.0200000000000001),
 .UNSPECIFIED.);
#667=B_SPLINE_SURFACE_WITH_KNOTS('',3,1,((#11906,#11907),(#11908,#11909),
(#11910,#11911),(#11912,#11913),(#11914,#11915)),.UNSPECIFIED.,.F.,.F.,
 .F.,(4,1,4),(2,2),(0.,0.0095647166411839,0.0193645180877516),(0.,0.0200000000000001),
 .UNSPECIFIED.);
#668=B_SPLINE_SURFACE_WITH_KNOTS('',3,1,((#11929,#11930),(#11931,#11932),
(#11933,#11934),(#11935,#11936),(#11937,#11938)),.UNSPECIFIED.,.F.,.F.,
 .F.,(4,1,4),(2,2),(0.,0.0121020985856446,0.0232496559396131),(0.,0.0200000000000001),
 .UNSPECIFIED.);
#669=B_SPLINE_SURFACE_WITH_KNOTS('',3,1,((#11952,#11953),(#11954,#11955),
(#11956,#11957),(#11958,#11959),(#11960,#11961)),.UNSPECIFIED.,.F.,.F.,
 .F.,(4,1,4),(2,2),(0.,0.0185427724615569,0.0330234611575364),(0.,0.0200000000000001),
 .UNSPECIFIED.);
#670=B_SPLINE_SURFACE_WITH_KNOTS('',3,1,((#11975,#11976),(#11977,#11978),
(#11979,#11980),(#11981,#11982),(#11983,#11984)),.UNSPECIFIED.,.F.,.F.,
 .F.,(4,1,4),(2,2),(0.,0.0157887987090325,0.0345983971193489),(0.,0.0200000000000001),
 .UNSPECIFIED.);
#671=B_SPLINE_SURFACE_WITH_KNOTS('',3,1,((#11998,#11999),(#12000,#12001),
(#12002,#12003),(#12004,#12005),(#12006,#12007)),.UNSPECIFIED.,.F.,.F.,
 .F.,(4,1,4),(2,2),(0.,0.016826091824333,0.0319535669337802),(0.,0.0200000000000001),
 .UNSPECIFIED.);
#672=B_SPLINE_SURFACE_WITH_KNOTS('',3,1,((#12027,#12028),(#12029,#12030),
(#12031,#12032),(#12033,#12034),(#12035,#12036)),.UNSPECIFIED.,.F.,.F.,
 .F.,(4,1,4),(2,2),(0.,0.0236875887713218,0.050347753696418),(0.,0.0200000000000001),
 .UNSPECIFIED.);
#673=B_SPLINE_SURFACE_WITH_KNOTS('',3,1,((#12106,#12107),(#12108,#12109),
(#12110,#12111),(#12112,#12113),(#12114,#12115)),.UNSPECIFIED.,.F.,.F.,
 .F.,(4,1,4),(2,2),(0.,0.0154118648525046,0.035893045419652),(0.,0.0200000000000001),
 .UNSPECIFIED.);
#674=B_SPLINE_SURFACE_WITH_KNOTS('',3,1,((#12129,#12130),(#12131,#12132),
(#12133,#12134),(#12135,#12136),(#12137,#12138)),.UNSPECIFIED.,.F.,.F.,
 .F.,(4,1,4),(2,2),(0.,0.0132932246833938,0.0261522734058877),(0.,0.0200000000000001),
 .UNSPECIFIED.);
#675=B_SPLINE_SURFACE_WITH_KNOTS('',3,1,((#12152,#12153),(#12154,#12155),
(#12156,#12157),(#12158,#12159),(#12160,#12161)),.UNSPECIFIED.,.F.,.F.,
 .F.,(4,1,4),(2,2),(0.,0.0135031394615571,0.0271148027413065),(0.,0.0200000000000001),
 .UNSPECIFIED.);
#676=B_SPLINE_SURFACE_WITH_KNOTS('',3,1,((#12175,#12176),(#12177,#12178),
(#12179,#12180),(#12181,#12182),(#12183,#12184)),.UNSPECIFIED.,.F.,.F.,
 .F.,(4,1,4),(2,2),(0.,0.0116971824777326,0.0245185856072432),(0.,0.0200000000000001),
 .UNSPECIFIED.);
#677=B_SPLINE_SURFACE_WITH_KNOTS('',3,1,((#12198,#12199),(#12200,#12201),
(#12202,#12203),(#12204,#12205),(#12206,#12207)),.UNSPECIFIED.,.F.,.F.,
 .F.,(4,1,4),(2,2),(0.,0.0117142385261147,0.023008404114861),(0.,0.0200000000000001),
 .UNSPECIFIED.);
#678=B_SPLINE_SURFACE_WITH_KNOTS('',3,1,((#12221,#12222),(#12223,#12224),
(#12225,#12226),(#12227,#12228),(#12229,#12230)),.UNSPECIFIED.,.F.,.F.,
 .F.,(4,1,4),(2,2),(0.,0.020128245411717,0.0324868992771287),(0.,0.0200000000000001),
 .UNSPECIFIED.);
#679=B_SPLINE_SURFACE_WITH_KNOTS('',3,1,((#12262,#12263),(#12264,#12265),
(#12266,#12267),(#12268,#12269),(#12270,#12271)),.UNSPECIFIED.,.F.,.F.,
 .F.,(4,1,4),(2,2),(0.,0.0117658561995246,0.028740288026646),(0.,0.0200000000000001),
 .UNSPECIFIED.);
#680=B_SPLINE_SURFACE_WITH_KNOTS('',3,1,((#12285,#12286),(#12287,#12288),
(#12289,#12290),(#12291,#12292),(#12293,#12294)),.UNSPECIFIED.,.F.,.F.,
 .F.,(4,1,4),(2,2),(0.,0.0118222672572825,0.0247975550041718),(0.,0.0200000000000001),
 .UNSPECIFIED.);
#681=B_SPLINE_SURFACE_WITH_KNOTS('',3,1,((#12308,#12309),(#12310,#12311),
(#12312,#12313),(#12314,#12315),(#12316,#12317)),.UNSPECIFIED.,.F.,.F.,
 .F.,(4,1,4),(2,2),(0.,0.0139496456066952,0.0259930749265501),(0.,0.0200000000000001),
 .UNSPECIFIED.);
#682=B_SPLINE_SURFACE_WITH_KNOTS('',3,1,((#12331,#12332),(#12333,#12334),
(#12335,#12336),(#12337,#12338),(#12339,#12340)),.UNSPECIFIED.,.F.,.F.,
 .F.,(4,1,4),(2,2),(0.,0.0155729036987666,0.0307208690022922),(0.,0.0200000000000001),
 .UNSPECIFIED.);
#683=B_SPLINE_SURFACE_WITH_KNOTS('',3,1,((#12354,#12355),(#12356,#12357),
(#12358,#12359),(#12360,#12361),(#12362,#12363)),.UNSPECIFIED.,.F.,.F.,
 .F.,(4,1,4),(2,2),(0.,0.0339414878554325,0.0673634133608925),(0.,0.0200000000000001),
 .UNSPECIFIED.);
#684=B_SPLINE_SURFACE_WITH_KNOTS('',3,1,((#12387,#12388),(#12389,#12390),
(#12391,#12392),(#12393,#12394),(#12395,#12396)),.UNSPECIFIED.,.F.,.F.,
 .F.,(4,1,4),(2,2),(0.,0.0313161825398203,0.0565425105627652),(0.,0.0200000000000001),
 .UNSPECIFIED.);
#685=B_SPLINE_SURFACE_WITH_KNOTS('',3,1,((#12413,#12414),(#12415,#12416),
(#12417,#12418),(#12419,#12420),(#12421,#12422)),.UNSPECIFIED.,.F.,.F.,
 .F.,(4,1,4),(2,2),(0.,0.0188317399922764,0.0391247198997661),(0.,0.0200000000000001),
 .UNSPECIFIED.);
#686=B_SPLINE_SURFACE_WITH_KNOTS('',3,1,((#12436,#12437),(#12438,#12439),
(#12440,#12441),(#12442,#12443),(#12444,#12445)),.UNSPECIFIED.,.F.,.F.,
 .F.,(4,1,4),(2,2),(0.,0.0162518499078607,0.0336349794585227),(0.,0.0200000000000001),
 .UNSPECIFIED.);
#687=B_SPLINE_SURFACE_WITH_KNOTS('',3,1,((#12459,#12460),(#12461,#12462),
(#12463,#12464),(#12465,#12466),(#12467,#12468)),.UNSPECIFIED.,.F.,.F.,
 .F.,(4,1,4),(2,2),(0.,0.0150674043626898,0.0305988474341843),(0.,0.0200000000000001),
 .UNSPECIFIED.);
#688=B_SPLINE_SURFACE_WITH_KNOTS('',3,1,((#12482,#12483),(#12484,#12485),
(#12486,#12487),(#12488,#12489),(#12490,#12491)),.UNSPECIFIED.,.F.,.F.,
 .F.,(4,1,4),(2,2),(0.,0.0130658365328343,0.0275919355068617),(0.,0.0200000000000001),
 .UNSPECIFIED.);
#689=B_SPLINE_SURFACE_WITH_KNOTS('',3,1,((#12505,#12506),(#12507,#12508),
(#12509,#12510),(#12511,#12512),(#12513,#12514)),.UNSPECIFIED.,.F.,.F.,
 .F.,(4,1,4),(2,2),(0.,0.0133510209699461,0.0261098263336658),(0.,0.0200000000000001),
 .UNSPECIFIED.);
#690=B_SPLINE_SURFACE_WITH_KNOTS('',3,1,((#12528,#12529),(#12530,#12531),
(#12532,#12533),(#12534,#12535),(#12536,#12537)),.UNSPECIFIED.,.F.,.F.,
 .F.,(4,1,4),(2,2),(0.,0.0287563971673886,0.047648064999655),(0.,0.0200000000000001),
 .UNSPECIFIED.);
#691=B_SPLINE_SURFACE_WITH_KNOTS('',3,1,((#12551,#12552),(#12553,#12554),
(#12555,#12556),(#12557,#12558),(#12559,#12560)),.UNSPECIFIED.,.F.,.F.,
 .F.,(4,1,4),(2,2),(0.,0.00950680145263366,0.028229084734612),(0.,0.0200000000000001),
 .UNSPECIFIED.);
#692=B_SPLINE_SURFACE_WITH_KNOTS('',3,1,((#12574,#12575),(#12576,#12577),
(#12578,#12579),(#12580,#12581),(#12582,#12583)),.UNSPECIFIED.,.F.,.F.,
 .F.,(4,1,4),(2,2),(0.,0.00660538064257479,0.0144624469234284),(0.,0.0200000000000001),
 .UNSPECIFIED.);
#693=B_SPLINE_SURFACE_WITH_KNOTS('',3,1,((#12597,#12598),(#12599,#12600),
(#12601,#12602),(#12603,#12604),(#12605,#12606)),.UNSPECIFIED.,.F.,.F.,
 .F.,(4,1,4),(2,2),(0.,0.00574724125180499,0.0115486196648652),(0.,0.0200000000000001),
 .UNSPECIFIED.);
#694=B_SPLINE_SURFACE_WITH_KNOTS('',3,1,((#12620,#12621),(#12622,#12623),
(#12624,#12625),(#12626,#12627),(#12628,#12629)),.UNSPECIFIED.,.F.,.F.,
 .F.,(4,1,4),(2,2),(0.,0.0101753587619844,0.0192437596659009),(0.,0.0200000000000001),
 .UNSPECIFIED.);
#695=B_SPLINE_SURFACE_WITH_KNOTS('',3,1,((#12643,#12644),(#12645,#12646),
(#12647,#12648),(#12649,#12650),(#12651,#12652)),.UNSPECIFIED.,.F.,.F.,
 .F.,(4,1,4),(2,2),(0.,0.0182031546628767,0.031358602536176),(0.,0.0200000000000001),
 .UNSPECIFIED.);
#696=B_SPLINE_SURFACE_WITH_KNOTS('',3,1,((#12666,#12667),(#12668,#12669),
(#12670,#12671),(#12672,#12673),(#12674,#12675)),.UNSPECIFIED.,.F.,.F.,
 .F.,(4,1,4),(2,2),(0.,0.0132127874006425,0.0292142405790727),(0.,0.0200000000000001),
 .UNSPECIFIED.);
#697=B_SPLINE_SURFACE_WITH_KNOTS('',3,1,((#12689,#12690),(#12691,#12692),
(#12693,#12694),(#12695,#12696),(#12697,#12698)),.UNSPECIFIED.,.F.,.F.,
 .F.,(4,1,4),(2,2),(0.,0.013071459657117,0.0253124261441714),(0.,0.0200000000000001),
 .UNSPECIFIED.);
#698=B_SPLINE_SURFACE_WITH_KNOTS('',3,1,((#12718,#12719),(#12720,#12721),
(#12722,#12723),(#12724,#12725),(#12726,#12727)),.UNSPECIFIED.,.F.,.F.,
 .F.,(4,1,4),(2,2),(0.,0.0138646000555658,0.0301817642499424),(0.,0.0200000000000001),
 .UNSPECIFIED.);
#699=B_SPLINE_SURFACE_WITH_KNOTS('',3,1,((#12741,#12742),(#12743,#12744),
(#12745,#12746),(#12747,#12748),(#12749,#12750)),.UNSPECIFIED.,.F.,.F.,
 .F.,(4,1,4),(2,2),(0.,0.0157593770125932,0.0293277899282604),(0.,0.0200000000000001),
 .UNSPECIFIED.);
#700=B_SPLINE_SURFACE_WITH_KNOTS('',3,1,((#12764,#12765),(#12766,#12767),
(#12768,#12769),(#12770,#12771),(#12772,#12773)),.UNSPECIFIED.,.F.,.F.,
 .F.,(4,1,4),(2,2),(0.,0.0200749478657769,0.0380889654515078),(0.,0.0200000000000001),
 .UNSPECIFIED.);
#701=B_SPLINE_SURFACE_WITH_KNOTS('',3,1,((#12787,#12788),(#12789,#12790),
(#12791,#12792),(#12793,#12794),(#12795,#12796)),.UNSPECIFIED.,.F.,.F.,
 .F.,(4,1,4),(2,2),(0.,0.0131030028246487,0.0268401230030112),(0.,0.0200000000000001),
 .UNSPECIFIED.);
#702=B_SPLINE_SURFACE_WITH_KNOTS('',3,1,((#12810,#12811),(#12812,#12813),
(#12814,#12815),(#12816,#12817),(#12818,#12819)),.UNSPECIFIED.,.F.,.F.,
 .F.,(4,1,4),(2,2),(0.,0.00976959565173172,0.0215582721570803),(0.,0.0200000000000001),
 .UNSPECIFIED.);
#703=B_SPLINE_SURFACE_WITH_KNOTS('',3,1,((#12833,#12834),(#12835,#12836),
(#12837,#12838),(#12839,#12840),(#12841,#12842)),.UNSPECIFIED.,.F.,.F.,
 .F.,(4,1,4),(2,2),(0.,0.0114891543112712,0.0229906159986431),(0.,0.0200000000000001),
 .UNSPECIFIED.);
#704=B_SPLINE_SURFACE_WITH_KNOTS('',3,1,((#12856,#12857),(#12858,#12859),
(#12860,#12861),(#12862,#12863),(#12864,#12865)),.UNSPECIFIED.,.F.,.F.,
 .F.,(4,1,4),(2,2),(0.,0.0117421671765913,0.0232816623433267),(0.,0.0200000000000001),
 .UNSPECIFIED.);
#705=B_SPLINE_SURFACE_WITH_KNOTS('',3,1,((#12879,#12880),(#12881,#12882),
(#12883,#12884),(#12885,#12886),(#12887,#12888)),.UNSPECIFIED.,.F.,.F.,
 .F.,(4,1,4),(2,2),(0.,0.0126293504814925,0.0254662338520442),(0.,0.0200000000000001),
 .UNSPECIFIED.);
#706=B_SPLINE_SURFACE_WITH_KNOTS('',3,1,((#12902,#12903),(#12904,#12905),
(#12906,#12907),(#12908,#12909),(#12910,#12911)),.UNSPECIFIED.,.F.,.F.,
 .F.,(4,1,4),(2,2),(0.,0.0136583497324005,0.0265138268048414),(0.,0.0200000000000001),
 .UNSPECIFIED.);
#707=B_SPLINE_SURFACE_WITH_KNOTS('',3,1,((#12925,#12926),(#12927,#12928),
(#12929,#12930),(#12931,#12932),(#12933,#12934)),.UNSPECIFIED.,.F.,.F.,
 .F.,(4,1,4),(2,2),(0.,0.0296706580725507,0.0491234832691491),(0.,0.0200000000000001),
 .UNSPECIFIED.);
#708=B_SPLINE_SURFACE_WITH_KNOTS('',3,1,((#12948,#12949),(#12950,#12951),
(#12952,#12953),(#12954,#12955),(#12956,#12957)),.UNSPECIFIED.,.F.,.F.,
 .F.,(4,1,4),(2,2),(0.,0.0119406195803554,0.0331163644204695),(0.,0.0200000000000001),
 .UNSPECIFIED.);
#709=B_SPLINE_SURFACE_WITH_KNOTS('',3,1,((#12971,#12972),(#12973,#12974),
(#12975,#12976),(#12977,#12978),(#12979,#12980)),.UNSPECIFIED.,.F.,.F.,
 .F.,(4,1,4),(2,2),(0.,0.00956473072188826,0.0193644909388354),(0.,0.0200000000000001),
 .UNSPECIFIED.);
#710=B_SPLINE_SURFACE_WITH_KNOTS('',3,1,((#12994,#12995),(#12996,#12997),
(#12998,#12999),(#13000,#13001),(#13002,#13003)),.UNSPECIFIED.,.F.,.F.,
 .F.,(4,1,4),(2,2),(0.,0.0121020607902395,0.023249618144208),(0.,0.0200000000000001),
 .UNSPECIFIED.);
#711=B_SPLINE_SURFACE_WITH_KNOTS('',3,1,((#13017,#13018),(#13019,#13020),
(#13021,#13022),(#13023,#13024),(#13025,#13026)),.UNSPECIFIED.,.F.,.F.,
 .F.,(4,1,4),(2,2),(0.,0.0185428908645794,0.033023579560559),(0.,0.0200000000000001),
 .UNSPECIFIED.);
#712=B_SPLINE_SURFACE_WITH_KNOTS('',3,1,((#13040,#13041),(#13042,#13043),
(#13044,#13045),(#13046,#13047),(#13048,#13049)),.UNSPECIFIED.,.F.,.F.,
 .F.,(4,1,4),(2,2),(0.,0.0157887987090325,0.0345983675667889),(0.,0.0200000000000001),
 .UNSPECIFIED.);
#713=B_SPLINE_SURFACE_WITH_KNOTS('',3,1,((#13063,#13064),(#13065,#13066),
(#13067,#13068),(#13069,#13070),(#13071,#13072)),.UNSPECIFIED.,.F.,.F.,
 .F.,(4,1,4),(2,2),(0.,0.016826091824333,0.0319535669337802),(0.,0.0200000000000001),
 .UNSPECIFIED.);
#714=B_SPLINE_SURFACE_WITH_KNOTS('',3,1,((#13092,#13093),(#13094,#13095),
(#13096,#13097),(#13098,#13099),(#13100,#13101)),.UNSPECIFIED.,.F.,.F.,
 .F.,(4,1,4),(2,2),(0.,0.0236875887713218,0.050347753696418),(0.,0.0200000000000001),
 .UNSPECIFIED.);
#715=B_SPLINE_SURFACE_WITH_KNOTS('',3,1,((#13113,#13114),(#13115,#13116),
(#13117,#13118),(#13119,#13120),(#13121,#13122)),.UNSPECIFIED.,.F.,.F.,
 .F.,(4,1,4),(2,2),(0.,0.0246413230136129,0.049650770788649),(0.,0.0200000000000001),
 .UNSPECIFIED.);
#716=B_SPLINE_SURFACE_WITH_KNOTS('',3,1,((#13139,#13140),(#13141,#13142),
(#13143,#13144),(#13145,#13146),(#13147,#13148)),.UNSPECIFIED.,.F.,.F.,
 .F.,(4,1,4),(2,2),(0.,0.0305596208948385,0.0548023308567084),(0.,0.0200000000000001),
 .UNSPECIFIED.);
#717=FACE_OUTER_BOUND('',#1078,.T.);
#718=FACE_OUTER_BOUND('',#1079,.T.);
#719=FACE_OUTER_BOUND('',#1080,.T.);
#720=FACE_OUTER_BOUND('',#1081,.T.);
#721=FACE_OUTER_BOUND('',#1082,.T.);
#722=FACE_OUTER_BOUND('',#1083,.T.);
#723=FACE_OUTER_BOUND('',#1084,.T.);
#724=FACE_OUTER_BOUND('',#1085,.T.);
#725=FACE_OUTER_BOUND('',#1086,.T.);
#726=FACE_OUTER_BOUND('',#1087,.T.);
#727=FACE_OUTER_BOUND('',#1088,.T.);
#728=FACE_OUTER_BOUND('',#1089,.T.);
#729=FACE_OUTER_BOUND('',#1090,.T.);
#730=FACE_OUTER_BOUND('',#1091,.T.);
#731=FACE_OUTER_BOUND('',#1092,.T.);
#732=FACE_OUTER_BOUND('',#1093,.T.);
#733=FACE_OUTER_BOUND('',#1094,.T.);
#734=FACE_OUTER_BOUND('',#1095,.T.);
#735=FACE_OUTER_BOUND('',#1096,.T.);
#736=FACE_OUTER_BOUND('',#1097,.T.);
#737=FACE_OUTER_BOUND('',#1098,.T.);
#738=FACE_OUTER_BOUND('',#1099,.T.);
#739=FACE_OUTER_BOUND('',#1100,.T.);
#740=FACE_OUTER_BOUND('',#1101,.T.);
#741=FACE_OUTER_BOUND('',#1102,.T.);
#742=FACE_OUTER_BOUND('',#1103,.T.);
#743=FACE_OUTER_BOUND('',#1104,.T.);
#744=FACE_OUTER_BOUND('',#1105,.T.);
#745=FACE_OUTER_BOUND('',#1106,.T.);
#746=FACE_OUTER_BOUND('',#1107,.T.);
#747=FACE_OUTER_BOUND('',#1108,.T.);
#748=FACE_OUTER_BOUND('',#1109,.T.);
#749=FACE_OUTER_BOUND('',#1110,.T.);
#750=FACE_OUTER_BOUND('',#1111,.T.);
#751=FACE_OUTER_BOUND('',#1112,.T.);
#752=FACE_OUTER_BOUND('',#1113,.T.);
#753=FACE_OUTER_BOUND('',#1114,.T.);
#754=FACE_OUTER_BOUND('',#1115,.T.);
#755=FACE_OUTER_BOUND('',#1116,.T.);
#756=FACE_OUTER_BOUND('',#1117,.T.);
#757=FACE_OUTER_BOUND('',#1118,.T.);
#758=FACE_OUTER_BOUND('',#1119,.T.);
#759=FACE_OUTER_BOUND('',#1120,.T.);
#760=FACE_OUTER_BOUND('',#1121,.T.);
#761=FACE_OUTER_BOUND('',#1122,.T.);
#762=FACE_OUTER_BOUND('',#1123,.T.);
#763=FACE_OUTER_BOUND('',#1124,.T.);
#764=FACE_OUTER_BOUND('',#1125,.T.);
#765=FACE_OUTER_BOUND('',#1126,.T.);
#766=FACE_OUTER_BOUND('',#1127,.T.);
#767=FACE_OUTER_BOUND('',#1128,.T.);
#768=FACE_OUTER_BOUND('',#1129,.T.);
#769=FACE_OUTER_BOUND('',#1130,.T.);
#770=FACE_OUTER_BOUND('',#1131,.T.);
#771=FACE_OUTER_BOUND('',#1132,.T.);
#772=FACE_OUTER_BOUND('',#1133,.T.);
#773=FACE_OUTER_BOUND('',#1134,.T.);
#774=FACE_OUTER_BOUND('',#1135,.T.);
#775=FACE_OUTER_BOUND('',#1136,.T.);
#776=FACE_OUTER_BOUND('',#1137,.T.);
#777=FACE_OUTER_BOUND('',#1138,.T.);
#778=FACE_OUTER_BOUND('',#1139,.T.);
#779=FACE_OUTER_BOUND('',#1140,.T.);
#780=FACE_OUTER_BOUND('',#1141,.T.);
#781=FACE_OUTER_BOUND('',#1142,.T.);
#782=FACE_OUTER_BOUND('',#1144,.T.);
#783=FACE_OUTER_BOUND('',#1145,.T.);
#784=FACE_OUTER_BOUND('',#1146,.T.);
#785=FACE_OUTER_BOUND('',#1147,.T.);
#786=FACE_OUTER_BOUND('',#1148,.T.);
#787=FACE_OUTER_BOUND('',#1149,.T.);
#788=FACE_OUTER_BOUND('',#1150,.T.);
#789=FACE_OUTER_BOUND('',#1151,.T.);
#790=FACE_OUTER_BOUND('',#1152,.T.);
#791=FACE_OUTER_BOUND('',#1153,.T.);
#792=FACE_OUTER_BOUND('',#1154,.T.);
#793=FACE_OUTER_BOUND('',#1155,.T.);
#794=FACE_OUTER_BOUND('',#1156,.T.);
#795=FACE_OUTER_BOUND('',#1157,.T.);
#796=FACE_OUTER_BOUND('',#1158,.T.);
#797=FACE_OUTER_BOUND('',#1159,.T.);
#798=FACE_OUTER_BOUND('',#1160,.T.);
#799=FACE_OUTER_BOUND('',#1161,.T.);
#800=FACE_OUTER_BOUND('',#1162,.T.);
#801=FACE_OUTER_BOUND('',#1163,.T.);
#802=FACE_OUTER_BOUND('',#1164,.T.);
#803=FACE_OUTER_BOUND('',#1165,.T.);
#804=FACE_OUTER_BOUND('',#1166,.T.);
#805=FACE_OUTER_BOUND('',#1167,.T.);
#806=FACE_OUTER_BOUND('',#1168,.T.);
#807=FACE_OUTER_BOUND('',#1169,.T.);
#808=FACE_OUTER_BOUND('',#1170,.T.);
#809=FACE_OUTER_BOUND('',#1171,.T.);
#810=FACE_OUTER_BOUND('',#1172,.T.);
#811=FACE_OUTER_BOUND('',#1173,.T.);
#812=FACE_OUTER_BOUND('',#1174,.T.);
#813=FACE_OUTER_BOUND('',#1175,.T.);
#814=FACE_OUTER_BOUND('',#1176,.T.);
#815=FACE_OUTER_BOUND('',#1177,.T.);
#816=FACE_OUTER_BOUND('',#1178,.T.);
#817=FACE_OUTER_BOUND('',#1179,.T.);
#818=FACE_OUTER_BOUND('',#1180,.T.);
#819=FACE_OUTER_BOUND('',#1181,.T.);
#820=FACE_OUTER_BOUND('',#1182,.T.);
#821=FACE_OUTER_BOUND('',#1183,.T.);
#822=FACE_OUTER_BOUND('',#1184,.T.);
#823=FACE_OUTER_BOUND('',#1185,.T.);
#824=FACE_OUTER_BOUND('',#1186,.T.);
#825=FACE_OUTER_BOUND('',#1187,.T.);
#826=FACE_OUTER_BOUND('',#1188,.T.);
#827=FACE_OUTER_BOUND('',#1189,.T.);
#828=FACE_OUTER_BOUND('',#1190,.T.);
#829=FACE_OUTER_BOUND('',#1191,.T.);
#830=FACE_OUTER_BOUND('',#1192,.T.);
#831=FACE_OUTER_BOUND('',#1193,.T.);
#832=FACE_OUTER_BOUND('',#1194,.T.);
#833=FACE_OUTER_BOUND('',#1195,.T.);
#834=FACE_OUTER_BOUND('',#1196,.T.);
#835=FACE_OUTER_BOUND('',#1197,.T.);
#836=FACE_OUTER_BOUND('',#1198,.T.);
#837=FACE_OUTER_BOUND('',#1199,.T.);
#838=FACE_OUTER_BOUND('',#1200,.T.);
#839=FACE_OUTER_BOUND('',#1202,.T.);
#840=FACE_OUTER_BOUND('',#1203,.T.);
#841=FACE_OUTER_BOUND('',#1204,.T.);
#842=FACE_OUTER_BOUND('',#1205,.T.);
#843=FACE_OUTER_BOUND('',#1206,.T.);
#844=FACE_OUTER_BOUND('',#1207,.T.);
#845=FACE_OUTER_BOUND('',#1208,.T.);
#846=FACE_OUTER_BOUND('',#1209,.T.);
#847=FACE_OUTER_BOUND('',#1210,.T.);
#848=FACE_OUTER_BOUND('',#1211,.T.);
#849=FACE_OUTER_BOUND('',#1212,.T.);
#850=FACE_OUTER_BOUND('',#1213,.T.);
#851=FACE_OUTER_BOUND('',#1214,.T.);
#852=FACE_OUTER_BOUND('',#1215,.T.);
#853=FACE_OUTER_BOUND('',#1216,.T.);
#854=FACE_OUTER_BOUND('',#1217,.T.);
#855=FACE_OUTER_BOUND('',#1218,.T.);
#856=FACE_OUTER_BOUND('',#1219,.T.);
#857=FACE_OUTER_BOUND('',#1220,.T.);
#858=FACE_OUTER_BOUND('',#1221,.T.);
#859=FACE_OUTER_BOUND('',#1222,.T.);
#860=FACE_OUTER_BOUND('',#1223,.T.);
#861=FACE_OUTER_BOUND('',#1224,.T.);
#862=FACE_OUTER_BOUND('',#1225,.T.);
#863=FACE_OUTER_BOUND('',#1226,.T.);
#864=FACE_OUTER_BOUND('',#1227,.T.);
#865=FACE_OUTER_BOUND('',#1228,.T.);
#866=FACE_OUTER_BOUND('',#1229,.T.);
#867=FACE_OUTER_BOUND('',#1230,.T.);
#868=FACE_OUTER_BOUND('',#1231,.T.);
#869=FACE_OUTER_BOUND('',#1232,.T.);
#870=FACE_OUTER_BOUND('',#1233,.T.);
#871=FACE_OUTER_BOUND('',#1234,.T.);
#872=FACE_OUTER_BOUND('',#1235,.T.);
#873=FACE_OUTER_BOUND('',#1236,.T.);
#874=FACE_OUTER_BOUND('',#1237,.T.);
#875=FACE_OUTER_BOUND('',#1238,.T.);
#876=FACE_OUTER_BOUND('',#1239,.T.);
#877=FACE_OUTER_BOUND('',#1241,.T.);
#878=FACE_OUTER_BOUND('',#1242,.T.);
#879=FACE_OUTER_BOUND('',#1243,.T.);
#880=FACE_OUTER_BOUND('',#1244,.T.);
#881=FACE_OUTER_BOUND('',#1245,.T.);
#882=FACE_OUTER_BOUND('',#1246,.T.);
#883=FACE_OUTER_BOUND('',#1247,.T.);
#884=FACE_OUTER_BOUND('',#1248,.T.);
#885=FACE_OUTER_BOUND('',#1249,.T.);
#886=FACE_OUTER_BOUND('',#1250,.T.);
#887=FACE_OUTER_BOUND('',#1251,.T.);
#888=FACE_OUTER_BOUND('',#1252,.T.);
#889=FACE_OUTER_BOUND('',#1253,.T.);
#890=FACE_OUTER_BOUND('',#1254,.T.);
#891=FACE_OUTER_BOUND('',#1255,.T.);
#892=FACE_OUTER_BOUND('',#1256,.T.);
#893=FACE_OUTER_BOUND('',#1257,.T.);
#894=FACE_OUTER_BOUND('',#1258,.T.);
#895=FACE_OUTER_BOUND('',#1259,.T.);
#896=FACE_OUTER_BOUND('',#1260,.T.);
#897=FACE_OUTER_BOUND('',#1261,.T.);
#898=FACE_OUTER_BOUND('',#1262,.T.);
#899=FACE_OUTER_BOUND('',#1263,.T.);
#900=FACE_OUTER_BOUND('',#1264,.T.);
#901=FACE_OUTER_BOUND('',#1265,.T.);
#902=FACE_OUTER_BOUND('',#1266,.T.);
#903=FACE_OUTER_BOUND('',#1267,.T.);
#904=FACE_OUTER_BOUND('',#1268,.T.);
#905=FACE_OUTER_BOUND('',#1269,.T.);
#906=FACE_OUTER_BOUND('',#1270,.T.);
#907=FACE_OUTER_BOUND('',#1271,.T.);
#908=FACE_OUTER_BOUND('',#1272,.T.);
#909=FACE_OUTER_BOUND('',#1273,.T.);
#910=FACE_OUTER_BOUND('',#1274,.T.);
#911=FACE_OUTER_BOUND('',#1275,.T.);
#912=FACE_OUTER_BOUND('',#1276,.T.);
#913=FACE_OUTER_BOUND('',#1277,.T.);
#914=FACE_OUTER_BOUND('',#1278,.T.);
#915=FACE_OUTER_BOUND('',#1279,.T.);
#916=FACE_OUTER_BOUND('',#1280,.T.);
#917=FACE_OUTER_BOUND('',#1281,.T.);
#918=FACE_OUTER_BOUND('',#1282,.T.);
#919=FACE_OUTER_BOUND('',#1283,.T.);
#920=FACE_OUTER_BOUND('',#1284,.T.);
#921=FACE_OUTER_BOUND('',#1285,.T.);
#922=FACE_OUTER_BOUND('',#1286,.T.);
#923=FACE_OUTER_BOUND('',#1287,.T.);
#924=FACE_OUTER_BOUND('',#1288,.T.);
#925=FACE_OUTER_BOUND('',#1289,.T.);
#926=FACE_OUTER_BOUND('',#1290,.T.);
#927=FACE_OUTER_BOUND('',#1291,.T.);
#928=FACE_OUTER_BOUND('',#1293,.T.);
#929=FACE_OUTER_BOUND('',#1294,.T.);
#930=FACE_OUTER_BOUND('',#1295,.T.);
#931=FACE_OUTER_BOUND('',#1296,.T.);
#932=FACE_OUTER_BOUND('',#1297,.T.);
#933=FACE_OUTER_BOUND('',#1298,.T.);
#934=FACE_OUTER_BOUND('',#1299,.T.);
#935=FACE_OUTER_BOUND('',#1300,.T.);
#936=FACE_OUTER_BOUND('',#1301,.T.);
#937=FACE_OUTER_BOUND('',#1302,.T.);
#938=FACE_OUTER_BOUND('',#1303,.T.);
#939=FACE_OUTER_BOUND('',#1304,.T.);
#940=FACE_OUTER_BOUND('',#1305,.T.);
#941=FACE_OUTER_BOUND('',#1306,.T.);
#942=FACE_OUTER_BOUND('',#1307,.T.);
#943=FACE_OUTER_BOUND('',#1308,.T.);
#944=FACE_OUTER_BOUND('',#1309,.T.);
#945=FACE_OUTER_BOUND('',#1310,.T.);
#946=FACE_OUTER_BOUND('',#1311,.T.);
#947=FACE_OUTER_BOUND('',#1312,.T.);
#948=FACE_OUTER_BOUND('',#1313,.T.);
#949=FACE_OUTER_BOUND('',#1314,.T.);
#950=FACE_OUTER_BOUND('',#1315,.T.);
#951=FACE_OUTER_BOUND('',#1316,.T.);
#952=FACE_OUTER_BOUND('',#1317,.T.);
#953=FACE_OUTER_BOUND('',#1318,.T.);
#954=FACE_OUTER_BOUND('',#1319,.T.);
#955=FACE_OUTER_BOUND('',#1320,.T.);
#956=FACE_OUTER_BOUND('',#1321,.T.);
#957=FACE_OUTER_BOUND('',#1322,.T.);
#958=FACE_OUTER_BOUND('',#1323,.T.);
#959=FACE_OUTER_BOUND('',#1324,.T.);
#960=FACE_OUTER_BOUND('',#1325,.T.);
#961=FACE_OUTER_BOUND('',#1326,.T.);
#962=FACE_OUTER_BOUND('',#1327,.T.);
#963=FACE_OUTER_BOUND('',#1328,.T.);
#964=FACE_OUTER_BOUND('',#1329,.T.);
#965=FACE_OUTER_BOUND('',#1330,.T.);
#966=FACE_OUTER_BOUND('',#1331,.T.);
#967=FACE_OUTER_BOUND('',#1332,.T.);
#968=FACE_OUTER_BOUND('',#1333,.T.);
#969=FACE_OUTER_BOUND('',#1334,.T.);
#970=FACE_OUTER_BOUND('',#1335,.T.);
#971=FACE_OUTER_BOUND('',#1336,.T.);
#972=FACE_OUTER_BOUND('',#1337,.T.);
#973=FACE_OUTER_BOUND('',#1338,.T.);
#974=FACE_OUTER_BOUND('',#1339,.T.);
#975=FACE_OUTER_BOUND('',#1340,.T.);
#976=FACE_OUTER_BOUND('',#1341,.T.);
#977=FACE_OUTER_BOUND('',#1342,.T.);
#978=FACE_OUTER_BOUND('',#1343,.T.);
#979=FACE_OUTER_BOUND('',#1344,.T.);
#980=FACE_OUTER_BOUND('',#1345,.T.);
#981=FACE_OUTER_BOUND('',#1346,.T.);
#982=FACE_OUTER_BOUND('',#1347,.T.);
#983=FACE_OUTER_BOUND('',#1348,.T.);
#984=FACE_OUTER_BOUND('',#1349,.T.);
#985=FACE_OUTER_BOUND('',#1350,.T.);
#986=FACE_OUTER_BOUND('',#1351,.T.);
#987=FACE_OUTER_BOUND('',#1352,.T.);
#988=FACE_OUTER_BOUND('',#1353,.T.);
#989=FACE_OUTER_BOUND('',#1354,.T.);
#990=FACE_OUTER_BOUND('',#1355,.T.);
#991=FACE_OUTER_BOUND('',#1356,.T.);
#992=FACE_OUTER_BOUND('',#1357,.T.);
#993=FACE_OUTER_BOUND('',#1358,.T.);
#994=FACE_OUTER_BOUND('',#1359,.T.);
#995=FACE_OUTER_BOUND('',#1360,.T.);
#996=FACE_OUTER_BOUND('',#1361,.T.);
#997=FACE_OUTER_BOUND('',#1362,.T.);
#998=FACE_OUTER_BOUND('',#1363,.T.);
#999=FACE_OUTER_BOUND('',#1364,.T.);
#1000=FACE_OUTER_BOUND('',#1365,.T.);
#1001=FACE_OUTER_BOUND('',#1366,.T.);
#1002=FACE_OUTER_BOUND('',#1367,.T.);
#1003=FACE_OUTER_BOUND('',#1368,.T.);
#1004=FACE_OUTER_BOUND('',#1369,.T.);
#1005=FACE_OUTER_BOUND('',#1370,.T.);
#1006=FACE_OUTER_BOUND('',#1371,.T.);
#1007=FACE_OUTER_BOUND('',#1372,.T.);
#1008=FACE_OUTER_BOUND('',#1373,.T.);
#1009=FACE_OUTER_BOUND('',#1374,.T.);
#1010=FACE_OUTER_BOUND('',#1375,.T.);
#1011=FACE_OUTER_BOUND('',#1376,.T.);
#1012=FACE_OUTER_BOUND('',#1377,.T.);
#1013=FACE_OUTER_BOUND('',#1378,.T.);
#1014=FACE_OUTER_BOUND('',#1379,.T.);
#1015=FACE_OUTER_BOUND('',#1380,.T.);
#1016=FACE_OUTER_BOUND('',#1381,.T.);
#1017=FACE_OUTER_BOUND('',#1382,.T.);
#1018=FACE_OUTER_BOUND('',#1383,.T.);
#1019=FACE_OUTER_BOUND('',#1384,.T.);
#1020=FACE_OUTER_BOUND('',#1385,.T.);
#1021=FACE_OUTER_BOUND('',#1386,.T.);
#1022=FACE_OUTER_BOUND('',#1387,.T.);
#1023=FACE_OUTER_BOUND('',#1388,.T.);
#1024=FACE_OUTER_BOUND('',#1389,.T.);
#1025=FACE_OUTER_BOUND('',#1390,.T.);
#1026=FACE_OUTER_BOUND('',#1391,.T.);
#1027=FACE_OUTER_BOUND('',#1392,.T.);
#1028=FACE_OUTER_BOUND('',#1393,.T.);
#1029=FACE_OUTER_BOUND('',#1394,.T.);
#1030=FACE_OUTER_BOUND('',#1395,.T.);
#1031=FACE_OUTER_BOUND('',#1396,.T.);
#1032=FACE_OUTER_BOUND('',#1397,.T.);
#1033=FACE_OUTER_BOUND('',#1398,.T.);
#1034=FACE_OUTER_BOUND('',#1399,.T.);
#1035=FACE_OUTER_BOUND('',#1400,.T.);
#1036=FACE_OUTER_BOUND('',#1401,.T.);
#1037=FACE_OUTER_BOUND('',#1403,.T.);
#1038=FACE_OUTER_BOUND('',#1419,.T.);
#1039=FACE_OUTER_BOUND('',#1420,.T.);
#1040=FACE_OUTER_BOUND('',#1421,.T.);
#1041=FACE_OUTER_BOUND('',#1422,.T.);
#1042=FACE_OUTER_BOUND('',#1423,.T.);
#1043=FACE_OUTER_BOUND('',#1424,.T.);
#1044=FACE_OUTER_BOUND('',#1425,.T.);
#1045=FACE_OUTER_BOUND('',#1426,.T.);
#1046=FACE_OUTER_BOUND('',#1427,.T.);
#1047=FACE_OUTER_BOUND('',#1428,.T.);
#1048=FACE_OUTER_BOUND('',#1429,.T.);
#1049=FACE_OUTER_BOUND('',#1430,.T.);
#1050=FACE_OUTER_BOUND('',#1431,.T.);
#1051=FACE_OUTER_BOUND('',#1432,.T.);
#1052=FACE_OUTER_BOUND('',#1433,.T.);
#1053=FACE_OUTER_BOUND('',#1434,.T.);
#1054=FACE_OUTER_BOUND('',#1439,.T.);
#1055=FACE_OUTER_BOUND('',#1440,.T.);
#1056=FACE_OUTER_BOUND('',#1441,.T.);
#1057=FACE_OUTER_BOUND('',#1442,.T.);
#1058=FACE_OUTER_BOUND('',#1443,.T.);
#1059=FACE_OUTER_BOUND('',#1444,.T.);
#1060=FACE_OUTER_BOUND('',#1445,.T.);
#1061=FACE_OUTER_BOUND('',#1446,.T.);
#1062=FACE_OUTER_BOUND('',#1447,.T.);
#1063=FACE_OUTER_BOUND('',#1448,.T.);
#1064=FACE_OUTER_BOUND('',#1449,.T.);
#1065=FACE_OUTER_BOUND('',#1450,.T.);
#1066=FACE_OUTER_BOUND('',#1451,.T.);
#1067=FACE_OUTER_BOUND('',#1452,.T.);
#1068=FACE_OUTER_BOUND('',#1453,.T.);
#1069=FACE_OUTER_BOUND('',#1454,.T.);
#1070=FACE_OUTER_BOUND('',#1455,.T.);
#1071=FACE_OUTER_BOUND('',#1456,.T.);
#1072=FACE_OUTER_BOUND('',#1458,.T.);
#1073=FACE_OUTER_BOUND('',#1459,.T.);
#1074=FACE_OUTER_BOUND('',#1461,.T.);
#1075=FACE_OUTER_BOUND('',#1462,.T.);
#1076=FACE_OUTER_BOUND('',#1464,.T.);
#1077=FACE_OUTER_BOUND('',#1465,.T.);
#1078=EDGE_LOOP('',(#4208,#4209,#4210,#4211));
#1079=EDGE_LOOP('',(#4212,#4213,#4214,#4215));
#1080=EDGE_LOOP('',(#4216,#4217,#4218,#4219));
#1081=EDGE_LOOP('',(#4220,#4221,#4222,#4223));
#1082=EDGE_LOOP('',(#4224,#4225,#4226,#4227));
#1083=EDGE_LOOP('',(#4228,#4229,#4230,#4231));
#1084=EDGE_LOOP('',(#4232,#4233,#4234,#4235));
#1085=EDGE_LOOP('',(#4236,#4237,#4238,#4239));
#1086=EDGE_LOOP('',(#4240,#4241,#4242,#4243));
#1087=EDGE_LOOP('',(#4244,#4245,#4246,#4247));
#1088=EDGE_LOOP('',(#4248,#4249,#4250,#4251));
#1089=EDGE_LOOP('',(#4252,#4253,#4254,#4255));
#1090=EDGE_LOOP('',(#4256,#4257,#4258,#4259));
#1091=EDGE_LOOP('',(#4260,#4261,#4262,#4263));
#1092=EDGE_LOOP('',(#4264,#4265,#4266,#4267));
#1093=EDGE_LOOP('',(#4268,#4269,#4270,#4271));
#1094=EDGE_LOOP('',(#4272,#4273,#4274,#4275));
#1095=EDGE_LOOP('',(#4276,#4277,#4278,#4279));
#1096=EDGE_LOOP('',(#4280,#4281,#4282,#4283,#4284,#4285,#4286,#4287,#4288,
#4289,#4290,#4291,#4292,#4293,#4294,#4295,#4296,#4297));
#1097=EDGE_LOOP('',(#4298,#4299,#4300,#4301));
#1098=EDGE_LOOP('',(#4302,#4303,#4304,#4305));
#1099=EDGE_LOOP('',(#4306,#4307,#4308,#4309));
#1100=EDGE_LOOP('',(#4310,#4311,#4312,#4313));
#1101=EDGE_LOOP('',(#4314,#4315,#4316,#4317));
#1102=EDGE_LOOP('',(#4318,#4319,#4320,#4321));
#1103=EDGE_LOOP('',(#4322,#4323,#4324,#4325));
#1104=EDGE_LOOP('',(#4326,#4327,#4328,#4329));
#1105=EDGE_LOOP('',(#4330,#4331,#4332,#4333));
#1106=EDGE_LOOP('',(#4334,#4335,#4336,#4337));
#1107=EDGE_LOOP('',(#4338,#4339,#4340,#4341));
#1108=EDGE_LOOP('',(#4342,#4343,#4344,#4345));
#1109=EDGE_LOOP('',(#4346,#4347,#4348,#4349));
#1110=EDGE_LOOP('',(#4350,#4351,#4352,#4353));
#1111=EDGE_LOOP('',(#4354,#4355,#4356,#4357));
#1112=EDGE_LOOP('',(#4358,#4359,#4360,#4361));
#1113=EDGE_LOOP('',(#4362,#4363,#4364,#4365));
#1114=EDGE_LOOP('',(#4366,#4367,#4368,#4369,#4370,#4371,#4372,#4373,#4374,
#4375,#4376,#4377,#4378,#4379,#4380,#4381,#4382));
#1115=EDGE_LOOP('',(#4383,#4384,#4385,#4386));
#1116=EDGE_LOOP('',(#4387,#4388,#4389,#4390));
#1117=EDGE_LOOP('',(#4391,#4392,#4393,#4394));
#1118=EDGE_LOOP('',(#4395,#4396,#4397,#4398));
#1119=EDGE_LOOP('',(#4399,#4400,#4401,#4402));
#1120=EDGE_LOOP('',(#4403,#4404,#4405,#4406));
#1121=EDGE_LOOP('',(#4407,#4408,#4409,#4410));
#1122=EDGE_LOOP('',(#4411,#4412,#4413,#4414));
#1123=EDGE_LOOP('',(#4415,#4416,#4417,#4418));
#1124=EDGE_LOOP('',(#4419,#4420,#4421,#4422));
#1125=EDGE_LOOP('',(#4423,#4424,#4425,#4426));
#1126=EDGE_LOOP('',(#4427,#4428,#4429,#4430));
#1127=EDGE_LOOP('',(#4431,#4432,#4433,#4434));
#1128=EDGE_LOOP('',(#4435,#4436,#4437,#4438));
#1129=EDGE_LOOP('',(#4439,#4440,#4441,#4442));
#1130=EDGE_LOOP('',(#4443,#4444,#4445,#4446));
#1131=EDGE_LOOP('',(#4447,#4448,#4449,#4450));
#1132=EDGE_LOOP('',(#4451,#4452,#4453,#4454));
#1133=EDGE_LOOP('',(#4455,#4456,#4457,#4458));
#1134=EDGE_LOOP('',(#4459,#4460,#4461,#4462));
#1135=EDGE_LOOP('',(#4463,#4464,#4465,#4466));
#1136=EDGE_LOOP('',(#4467,#4468,#4469,#4470));
#1137=EDGE_LOOP('',(#4471,#4472,#4473,#4474));
#1138=EDGE_LOOP('',(#4475,#4476,#4477,#4478));
#1139=EDGE_LOOP('',(#4479,#4480,#4481,#4482));
#1140=EDGE_LOOP('',(#4483,#4484,#4485,#4486));
#1141=EDGE_LOOP('',(#4487,#4488,#4489,#4490));
#1142=EDGE_LOOP('',(#4491,#4492,#4493,#4494,#4495,#4496,#4497,#4498,#4499,
#4500,#4501,#4502,#4503,#4504));
#1143=EDGE_LOOP('',(#4505,#4506,#4507,#4508,#4509,#4510,#4511,#4512));
#1144=EDGE_LOOP('',(#4513,#4514,#4515,#4516));
#1145=EDGE_LOOP('',(#4517,#4518,#4519,#4520));
#1146=EDGE_LOOP('',(#4521,#4522,#4523,#4524));
#1147=EDGE_LOOP('',(#4525,#4526,#4527,#4528));
#1148=EDGE_LOOP('',(#4529,#4530,#4531,#4532));
#1149=EDGE_LOOP('',(#4533,#4534,#4535,#4536));
#1150=EDGE_LOOP('',(#4537,#4538,#4539,#4540));
#1151=EDGE_LOOP('',(#4541,#4542,#4543,#4544));
#1152=EDGE_LOOP('',(#4545,#4546,#4547,#4548));
#1153=EDGE_LOOP('',(#4549,#4550,#4551,#4552));
#1154=EDGE_LOOP('',(#4553,#4554,#4555,#4556));
#1155=EDGE_LOOP('',(#4557,#4558,#4559,#4560));
#1156=EDGE_LOOP('',(#4561,#4562,#4563,#4564,#4565,#4566,#4567,#4568,#4569,
#4570,#4571,#4572));
#1157=EDGE_LOOP('',(#4573,#4574,#4575,#4576));
#1158=EDGE_LOOP('',(#4577,#4578,#4579,#4580));
#1159=EDGE_LOOP('',(#4581,#4582,#4583,#4584));
#1160=EDGE_LOOP('',(#4585,#4586,#4587,#4588));
#1161=EDGE_LOOP('',(#4589,#4590,#4591,#4592));
#1162=EDGE_LOOP('',(#4593,#4594,#4595,#4596));
#1163=EDGE_LOOP('',(#4597,#4598,#4599,#4600));
#1164=EDGE_LOOP('',(#4601,#4602,#4603,#4604));
#1165=EDGE_LOOP('',(#4605,#4606,#4607,#4608));
#1166=EDGE_LOOP('',(#4609,#4610,#4611,#4612));
#1167=EDGE_LOOP('',(#4613,#4614,#4615,#4616));
#1168=EDGE_LOOP('',(#4617,#4618,#4619,#4620));
#1169=EDGE_LOOP('',(#4621,#4622,#4623,#4624));
#1170=EDGE_LOOP('',(#4625,#4626,#4627,#4628));
#1171=EDGE_LOOP('',(#4629,#4630,#4631,#4632));
#1172=EDGE_LOOP('',(#4633,#4634,#4635,#4636));
#1173=EDGE_LOOP('',(#4637,#4638,#4639,#4640));
#1174=EDGE_LOOP('',(#4641,#4642,#4643,#4644));
#1175=EDGE_LOOP('',(#4645,#4646,#4647,#4648));
#1176=EDGE_LOOP('',(#4649,#4650,#4651,#4652,#4653,#4654,#4655,#4656,#4657,
#4658,#4659,#4660,#4661,#4662,#4663,#4664,#4665,#4666,#4667));
#1177=EDGE_LOOP('',(#4668,#4669,#4670,#4671));
#1178=EDGE_LOOP('',(#4672,#4673,#4674,#4675));
#1179=EDGE_LOOP('',(#4676,#4677,#4678,#4679));
#1180=EDGE_LOOP('',(#4680,#4681,#4682,#4683));
#1181=EDGE_LOOP('',(#4684,#4685,#4686,#4687));
#1182=EDGE_LOOP('',(#4688,#4689,#4690,#4691));
#1183=EDGE_LOOP('',(#4692,#4693,#4694,#4695));
#1184=EDGE_LOOP('',(#4696,#4697,#4698,#4699));
#1185=EDGE_LOOP('',(#4700,#4701,#4702,#4703));
#1186=EDGE_LOOP('',(#4704,#4705,#4706,#4707));
#1187=EDGE_LOOP('',(#4708,#4709,#4710,#4711));
#1188=EDGE_LOOP('',(#4712,#4713,#4714,#4715));
#1189=EDGE_LOOP('',(#4716,#4717,#4718,#4719));
#1190=EDGE_LOOP('',(#4720,#4721,#4722,#4723));
#1191=EDGE_LOOP('',(#4724,#4725,#4726,#4727));
#1192=EDGE_LOOP('',(#4728,#4729,#4730,#4731));
#1193=EDGE_LOOP('',(#4732,#4733,#4734,#4735));
#1194=EDGE_LOOP('',(#4736,#4737,#4738,#4739));
#1195=EDGE_LOOP('',(#4740,#4741,#4742,#4743));
#1196=EDGE_LOOP('',(#4744,#4745,#4746,#4747));
#1197=EDGE_LOOP('',(#4748,#4749,#4750,#4751));
#1198=EDGE_LOOP('',(#4752,#4753,#4754,#4755));
#1199=EDGE_LOOP('',(#4756,#4757,#4758,#4759));
#1200=EDGE_LOOP('',(#4760,#4761,#4762,#4763,#4764,#4765,#4766,#4767,#4768,
#4769,#4770,#4771,#4772,#4773,#4774));
#1201=EDGE_LOOP('',(#4775,#4776,#4777,#4778,#4779,#4780,#4781,#4782));
#1202=EDGE_LOOP('',(#4783,#4784,#4785,#4786));
#1203=EDGE_LOOP('',(#4787,#4788,#4789,#4790));
#1204=EDGE_LOOP('',(#4791,#4792,#4793,#4794));
#1205=EDGE_LOOP('',(#4795,#4796,#4797,#4798));
#1206=EDGE_LOOP('',(#4799,#4800,#4801,#4802));
#1207=EDGE_LOOP('',(#4803,#4804,#4805,#4806));
#1208=EDGE_LOOP('',(#4807,#4808,#4809,#4810));
#1209=EDGE_LOOP('',(#4811,#4812,#4813,#4814));
#1210=EDGE_LOOP('',(#4815,#4816,#4817,#4818));
#1211=EDGE_LOOP('',(#4819,#4820,#4821,#4822));
#1212=EDGE_LOOP('',(#4823,#4824,#4825,#4826));
#1213=EDGE_LOOP('',(#4827,#4828,#4829,#4830));
#1214=EDGE_LOOP('',(#4831,#4832,#4833,#4834));
#1215=EDGE_LOOP('',(#4835,#4836,#4837,#4838));
#1216=EDGE_LOOP('',(#4839,#4840,#4841,#4842));
#1217=EDGE_LOOP('',(#4843,#4844,#4845,#4846));
#1218=EDGE_LOOP('',(#4847,#4848,#4849,#4850));
#1219=EDGE_LOOP('',(#4851,#4852,#4853,#4854));
#1220=EDGE_LOOP('',(#4855,#4856,#4857,#4858));
#1221=EDGE_LOOP('',(#4859,#4860,#4861,#4862));
#1222=EDGE_LOOP('',(#4863,#4864,#4865,#4866));
#1223=EDGE_LOOP('',(#4867,#4868,#4869,#4870));
#1224=EDGE_LOOP('',(#4871,#4872,#4873,#4874));
#1225=EDGE_LOOP('',(#4875,#4876,#4877,#4878));
#1226=EDGE_LOOP('',(#4879,#4880,#4881,#4882));
#1227=EDGE_LOOP('',(#4883,#4884,#4885,#4886));
#1228=EDGE_LOOP('',(#4887,#4888,#4889,#4890));
#1229=EDGE_LOOP('',(#4891,#4892,#4893,#4894));
#1230=EDGE_LOOP('',(#4895,#4896,#4897,#4898));
#1231=EDGE_LOOP('',(#4899,#4900,#4901,#4902));
#1232=EDGE_LOOP('',(#4903,#4904,#4905,#4906));
#1233=EDGE_LOOP('',(#4907,#4908,#4909,#4910));
#1234=EDGE_LOOP('',(#4911,#4912,#4913,#4914));
#1235=EDGE_LOOP('',(#4915,#4916,#4917,#4918));
#1236=EDGE_LOOP('',(#4919,#4920,#4921,#4922));
#1237=EDGE_LOOP('',(#4923,#4924,#4925,#4926));
#1238=EDGE_LOOP('',(#4927,#4928,#4929,#4930));
#1239=EDGE_LOOP('',(#4931,#4932,#4933,#4934,#4935,#4936,#4937,#4938,#4939,
#4940,#4941,#4942,#4943,#4944,#4945,#4946,#4947,#4948,#4949,#4950,#4951,
#4952,#4953,#4954,#4955,#4956,#4957));
#1240=EDGE_LOOP('',(#4958,#4959,#4960,#4961,#4962,#4963,#4964,#4965,#4966,
#4967));
#1241=EDGE_LOOP('',(#4968,#4969,#4970,#4971));
#1242=EDGE_LOOP('',(#4972,#4973,#4974,#4975));
#1243=EDGE_LOOP('',(#4976,#4977,#4978,#4979));
#1244=EDGE_LOOP('',(#4980,#4981,#4982,#4983));
#1245=EDGE_LOOP('',(#4984,#4985,#4986,#4987));
#1246=EDGE_LOOP('',(#4988,#4989,#4990,#4991));
#1247=EDGE_LOOP('',(#4992,#4993,#4994,#4995));
#1248=EDGE_LOOP('',(#4996,#4997,#4998,#4999));
#1249=EDGE_LOOP('',(#5000,#5001,#5002,#5003));
#1250=EDGE_LOOP('',(#5004,#5005,#5006,#5007));
#1251=EDGE_LOOP('',(#5008,#5009,#5010,#5011));
#1252=EDGE_LOOP('',(#5012,#5013,#5014,#5015));
#1253=EDGE_LOOP('',(#5016,#5017,#5018,#5019,#5020,#5021,#5022,#5023,#5024,
#5025,#5026,#5027));
#1254=EDGE_LOOP('',(#5028,#5029,#5030,#5031));
#1255=EDGE_LOOP('',(#5032,#5033,#5034,#5035));
#1256=EDGE_LOOP('',(#5036,#5037,#5038,#5039));
#1257=EDGE_LOOP('',(#5040,#5041,#5042,#5043));
#1258=EDGE_LOOP('',(#5044,#5045,#5046,#5047));
#1259=EDGE_LOOP('',(#5048,#5049,#5050,#5051));
#1260=EDGE_LOOP('',(#5052,#5053,#5054,#5055));
#1261=EDGE_LOOP('',(#5056,#5057,#5058,#5059));
#1262=EDGE_LOOP('',(#5060,#5061,#5062,#5063));
#1263=EDGE_LOOP('',(#5064,#5065,#5066,#5067));
#1264=EDGE_LOOP('',(#5068,#5069,#5070,#5071));
#1265=EDGE_LOOP('',(#5072,#5073,#5074,#5075));
#1266=EDGE_LOOP('',(#5076,#5077,#5078,#5079));
#1267=EDGE_LOOP('',(#5080,#5081,#5082,#5083));
#1268=EDGE_LOOP('',(#5084,#5085,#5086,#5087));
#1269=EDGE_LOOP('',(#5088,#5089,#5090,#5091));
#1270=EDGE_LOOP('',(#5092,#5093,#5094,#5095));
#1271=EDGE_LOOP('',(#5096,#5097,#5098,#5099));
#1272=EDGE_LOOP('',(#5100,#5101,#5102,#5103));
#1273=EDGE_LOOP('',(#5104,#5105,#5106,#5107));
#1274=EDGE_LOOP('',(#5108,#5109,#5110,#5111));
#1275=EDGE_LOOP('',(#5112,#5113,#5114,#5115));
#1276=EDGE_LOOP('',(#5116,#5117,#5118,#5119));
#1277=EDGE_LOOP('',(#5120,#5121,#5122,#5123));
#1278=EDGE_LOOP('',(#5124,#5125,#5126,#5127));
#1279=EDGE_LOOP('',(#5128,#5129,#5130,#5131));
#1280=EDGE_LOOP('',(#5132,#5133,#5134,#5135));
#1281=EDGE_LOOP('',(#5136,#5137,#5138,#5139));
#1282=EDGE_LOOP('',(#5140,#5141,#5142,#5143));
#1283=EDGE_LOOP('',(#5144,#5145,#5146,#5147));
#1284=EDGE_LOOP('',(#5148,#5149,#5150,#5151));
#1285=EDGE_LOOP('',(#5152,#5153,#5154,#5155));
#1286=EDGE_LOOP('',(#5156,#5157,#5158,#5159));
#1287=EDGE_LOOP('',(#5160,#5161,#5162,#5163));
#1288=EDGE_LOOP('',(#5164,#5165,#5166,#5167));
#1289=EDGE_LOOP('',(#5168,#5169,#5170,#5171));
#1290=EDGE_LOOP('',(#5172,#5173,#5174,#5175));
#1291=EDGE_LOOP('',(#5176,#5177,#5178,#5179,#5180,#5181,#5182,#5183,#5184,
#5185,#5186,#5187,#5188,#5189,#5190,#5191,#5192,#5193,#5194,#5195,#5196,
#5197,#5198,#5199,#5200,#5201,#5202));
#1292=EDGE_LOOP('',(#5203,#5204,#5205,#5206,#5207,#5208,#5209,#5210,#5211,
#5212));
#1293=EDGE_LOOP('',(#5213,#5214,#5215,#5216));
#1294=EDGE_LOOP('',(#5217,#5218,#5219,#5220));
#1295=EDGE_LOOP('',(#5221,#5222,#5223,#5224));
#1296=EDGE_LOOP('',(#5225,#5226,#5227,#5228));
#1297=EDGE_LOOP('',(#5229,#5230,#5231,#5232));
#1298=EDGE_LOOP('',(#5233,#5234,#5235,#5236));
#1299=EDGE_LOOP('',(#5237,#5238,#5239,#5240));
#1300=EDGE_LOOP('',(#5241,#5242,#5243,#5244));
#1301=EDGE_LOOP('',(#5245,#5246,#5247,#5248));
#1302=EDGE_LOOP('',(#5249,#5250,#5251,#5252));
#1303=EDGE_LOOP('',(#5253,#5254,#5255,#5256));
#1304=EDGE_LOOP('',(#5257,#5258,#5259,#5260));
#1305=EDGE_LOOP('',(#5261,#5262,#5263,#5264));
#1306=EDGE_LOOP('',(#5265,#5266,#5267,#5268));
#1307=EDGE_LOOP('',(#5269,#5270,#5271,#5272));
#1308=EDGE_LOOP('',(#5273,#5274,#5275,#5276));
#1309=EDGE_LOOP('',(#5277,#5278,#5279,#5280));
#1310=EDGE_LOOP('',(#5281,#5282,#5283,#5284));
#1311=EDGE_LOOP('',(#5285,#5286,#5287,#5288));
#1312=EDGE_LOOP('',(#5289,#5290,#5291,#5292));
#1313=EDGE_LOOP('',(#5293,#5294,#5295,#5296));
#1314=EDGE_LOOP('',(#5297,#5298,#5299,#5300));
#1315=EDGE_LOOP('',(#5301,#5302,#5303,#5304));
#1316=EDGE_LOOP('',(#5305,#5306,#5307,#5308));
#1317=EDGE_LOOP('',(#5309,#5310,#5311,#5312));
#1318=EDGE_LOOP('',(#5313,#5314,#5315,#5316));
#1319=EDGE_LOOP('',(#5317,#5318,#5319,#5320));
#1320=EDGE_LOOP('',(#5321,#5322,#5323,#5324));
#1321=EDGE_LOOP('',(#5325,#5326,#5327,#5328));
#1322=EDGE_LOOP('',(#5329,#5330,#5331,#5332));
#1323=EDGE_LOOP('',(#5333,#5334,#5335,#5336));
#1324=EDGE_LOOP('',(#5337,#5338,#5339,#5340));
#1325=EDGE_LOOP('',(#5341,#5342,#5343,#5344));
#1326=EDGE_LOOP('',(#5345,#5346,#5347,#5348,#5349,#5350,#5351,#5352,#5353,
#5354,#5355,#5356,#5357,#5358,#5359,#5360,#5361,#5362,#5363,#5364,#5365,
#5366,#5367,#5368,#5369,#5370,#5371,#5372,#5373,#5374,#5375,#5376,#5377));
#1327=EDGE_LOOP('',(#5378,#5379,#5380,#5381));
#1328=EDGE_LOOP('',(#5382,#5383,#5384,#5385));
#1329=EDGE_LOOP('',(#5386,#5387,#5388,#5389));
#1330=EDGE_LOOP('',(#5390,#5391,#5392,#5393));
#1331=EDGE_LOOP('',(#5394,#5395,#5396,#5397));
#1332=EDGE_LOOP('',(#5398,#5399,#5400,#5401));
#1333=EDGE_LOOP('',(#5402,#5403,#5404,#5405,#5406,#5407));
#1334=EDGE_LOOP('',(#5408,#5409,#5410,#5411));
#1335=EDGE_LOOP('',(#5412,#5413,#5414,#5415));
#1336=EDGE_LOOP('',(#5416,#5417,#5418,#5419));
#1337=EDGE_LOOP('',(#5420,#5421,#5422,#5423));
#1338=EDGE_LOOP('',(#5424,#5425,#5426,#5427));
#1339=EDGE_LOOP('',(#5428,#5429,#5430,#5431));
#1340=EDGE_LOOP('',(#5432,#5433,#5434,#5435));
#1341=EDGE_LOOP('',(#5436,#5437,#5438,#5439));
#1342=EDGE_LOOP('',(#5440,#5441,#5442,#5443));
#1343=EDGE_LOOP('',(#5444,#5445,#5446,#5447));
#1344=EDGE_LOOP('',(#5448,#5449,#5450,#5451));
#1345=EDGE_LOOP('',(#5452,#5453,#5454,#5455));
#1346=EDGE_LOOP('',(#5456,#5457,#5458,#5459));
#1347=EDGE_LOOP('',(#5460,#5461,#5462,#5463));
#1348=EDGE_LOOP('',(#5464,#5465,#5466,#5467));
#1349=EDGE_LOOP('',(#5468,#5469,#5470,#5471));
#1350=EDGE_LOOP('',(#5472,#5473,#5474,#5475));
#1351=EDGE_LOOP('',(#5476,#5477,#5478,#5479));
#1352=EDGE_LOOP('',(#5480,#5481,#5482,#5483));
#1353=EDGE_LOOP('',(#5484,#5485,#5486,#5487,#5488,#5489,#5490,#5491,#5492,
#5493,#5494,#5495,#5496,#5497,#5498,#5499,#5500,#5501,#5502));
#1354=EDGE_LOOP('',(#5503,#5504,#5505,#5506));
#1355=EDGE_LOOP('',(#5507,#5508,#5509,#5510));
#1356=EDGE_LOOP('',(#5511,#5512,#5513,#5514));
#1357=EDGE_LOOP('',(#5515,#5516,#5517,#5518));
#1358=EDGE_LOOP('',(#5519,#5520,#5521,#5522));
#1359=EDGE_LOOP('',(#5523,#5524,#5525,#5526));
#1360=EDGE_LOOP('',(#5527,#5528,#5529,#5530));
#1361=EDGE_LOOP('',(#5531,#5532,#5533,#5534));
#1362=EDGE_LOOP('',(#5535,#5536,#5537,#5538));
#1363=EDGE_LOOP('',(#5539,#5540,#5541,#5542));
#1364=EDGE_LOOP('',(#5543,#5544,#5545,#5546));
#1365=EDGE_LOOP('',(#5547,#5548,#5549,#5550));
#1366=EDGE_LOOP('',(#5551,#5552,#5553,#5554));
#1367=EDGE_LOOP('',(#5555,#5556,#5557,#5558));
#1368=EDGE_LOOP('',(#5559,#5560,#5561,#5562));
#1369=EDGE_LOOP('',(#5563,#5564,#5565,#5566));
#1370=EDGE_LOOP('',(#5567,#5568,#5569,#5570));
#1371=EDGE_LOOP('',(#5571,#5572,#5573,#5574));
#1372=EDGE_LOOP('',(#5575,#5576,#5577,#5578));
#1373=EDGE_LOOP('',(#5579,#5580,#5581,#5582));
#1374=EDGE_LOOP('',(#5583,#5584,#5585,#5586));
#1375=EDGE_LOOP('',(#5587,#5588,#5589,#5590));
#1376=EDGE_LOOP('',(#5591,#5592,#5593,#5594));
#1377=EDGE_LOOP('',(#5595,#5596,#5597,#5598));
#1378=EDGE_LOOP('',(#5599,#5600,#5601,#5602));
#1379=EDGE_LOOP('',(#5603,#5604,#5605,#5606));
#1380=EDGE_LOOP('',(#5607,#5608,#5609,#5610));
#1381=EDGE_LOOP('',(#5611,#5612,#5613,#5614));
#1382=EDGE_LOOP('',(#5615,#5616,#5617,#5618));
#1383=EDGE_LOOP('',(#5619,#5620,#5621,#5622));
#1384=EDGE_LOOP('',(#5623,#5624,#5625,#5626));
#1385=EDGE_LOOP('',(#5627,#5628,#5629,#5630));
#1386=EDGE_LOOP('',(#5631,#5632,#5633,#5634));
#1387=EDGE_LOOP('',(#5635,#5636,#5637,#5638,#5639,#5640,#5641,#5642,#5643,
#5644,#5645,#5646,#5647,#5648,#5649,#5650,#5651,#5652,#5653,#5654,#5655,
#5656,#5657,#5658,#5659,#5660,#5661,#5662,#5663,#5664,#5665,#5666,#5667));
#1388=EDGE_LOOP('',(#5668,#5669,#5670,#5671));
#1389=EDGE_LOOP('',(#5672,#5673,#5674,#5675));
#1390=EDGE_LOOP('',(#5676,#5677,#5678,#5679));
#1391=EDGE_LOOP('',(#5680,#5681,#5682,#5683));
#1392=EDGE_LOOP('',(#5684,#5685,#5686,#5687));
#1393=EDGE_LOOP('',(#5688,#5689,#5690,#5691));
#1394=EDGE_LOOP('',(#5692,#5693,#5694,#5695));
#1395=EDGE_LOOP('',(#5696,#5697,#5698,#5699));
#1396=EDGE_LOOP('',(#5700,#5701,#5702,#5703));
#1397=EDGE_LOOP('',(#5704,#5705,#5706,#5707));
#1398=EDGE_LOOP('',(#5708,#5709,#5710,#5711));
#1399=EDGE_LOOP('',(#5712,#5713,#5714,#5715));
#1400=EDGE_LOOP('',(#5716,#5717,#5718,#5719));
#1401=EDGE_LOOP('',(#5720,#5721,#5722,#5723,#5724,#5725,#5726,#5727));
#1402=EDGE_LOOP('',(#5728,#5729,#5730,#5731,#5732));
#1403=EDGE_LOOP('',(#5733,#5734,#5735,#5736,#5737,#5738,#5739,#5740,#5741,
#5742));
#1404=EDGE_LOOP('',(#5743,#5744,#5745,#5746,#5747,#5748,#5749,#5750));
#1405=EDGE_LOOP('',(#5751,#5752,#5753,#5754,#5755,#5756,#5757,#5758,#5759,
#5760,#5761,#5762,#5763,#5764,#5765,#5766,#5767,#5768,#5769,#5770,#5771,
#5772,#5773,#5774,#5775,#5776,#5777,#5778,#5779,#5780,#5781,#5782,#5783));
#1406=EDGE_LOOP('',(#5784,#5785,#5786,#5787,#5788,#5789,#5790,#5791,#5792,
#5793,#5794,#5795,#5796,#5797,#5798,#5799,#5800,#5801,#5802));
#1407=EDGE_LOOP('',(#5803,#5804,#5805,#5806,#5807,#5808));
#1408=EDGE_LOOP('',(#5809,#5810,#5811,#5812,#5813,#5814,#5815,#5816,#5817,
#5818,#5819,#5820,#5821,#5822,#5823,#5824,#5825,#5826,#5827,#5828,#5829,
#5830,#5831,#5832,#5833,#5834,#5835,#5836,#5837,#5838,#5839,#5840,#5841));
#1409=EDGE_LOOP('',(#5842,#5843,#5844,#5845,#5846,#5847,#5848,#5849,#5850,
#5851,#5852,#5853,#5854,#5855,#5856,#5857,#5858,#5859,#5860,#5861,#5862,
#5863,#5864,#5865,#5866,#5867,#5868));
#1410=EDGE_LOOP('',(#5869,#5870,#5871,#5872,#5873,#5874,#5875,#5876,#5877,
#5878,#5879,#5880));
#1411=EDGE_LOOP('',(#5881,#5882,#5883,#5884,#5885,#5886,#5887,#5888,#5889,
#5890,#5891,#5892,#5893,#5894,#5895,#5896,#5897,#5898,#5899,#5900,#5901,
#5902,#5903,#5904,#5905,#5906,#5907));
#1412=EDGE_LOOP('',(#5908,#5909,#5910,#5911,#5912,#5913,#5914,#5915,#5916,
#5917,#5918,#5919,#5920,#5921,#5922));
#1413=EDGE_LOOP('',(#5923,#5924,#5925,#5926,#5927,#5928,#5929,#5930,#5931,
#5932,#5933,#5934,#5935,#5936,#5937,#5938,#5939,#5940,#5941));
#1414=EDGE_LOOP('',(#5942,#5943,#5944,#5945,#5946,#5947,#5948,#5949,#5950,
#5951,#5952,#5953));
#1415=EDGE_LOOP('',(#5954,#5955,#5956,#5957,#5958,#5959,#5960,#5961,#5962,
#5963,#5964,#5965,#5966,#5967));
#1416=EDGE_LOOP('',(#5968,#5969,#5970,#5971));
#1417=EDGE_LOOP('',(#5972,#5973,#5974,#5975,#5976,#5977,#5978,#5979,#5980,
#5981,#5982,#5983,#5984,#5985,#5986,#5987,#5988));
#1418=EDGE_LOOP('',(#5989,#5990,#5991,#5992,#5993,#5994,#5995,#5996,#5997,
#5998,#5999,#6000,#6001,#6002,#6003,#6004,#6005,#6006));
#1419=EDGE_LOOP('',(#6007,#6008,#6009,#6010,#6011));
#1420=EDGE_LOOP('',(#6012,#6013,#6014,#6015,#6016,#6017,#6018,#6019,#6020,
#6021));
#1421=EDGE_LOOP('',(#6022,#6023,#6024,#6025,#6026,#6027,#6028,#6029,#6030,
#6031));
#1422=EDGE_LOOP('',(#6032,#6033,#6034,#6035,#6036,#6037,#6038,#6039));
#1423=EDGE_LOOP('',(#6040,#6041,#6042));
#1424=EDGE_LOOP('',(#6043,#6044,#6045,#6046,#6047));
#1425=EDGE_LOOP('',(#6048,#6049,#6050,#6051,#6052,#6053,#6054,#6055));
#1426=EDGE_LOOP('',(#6056,#6057,#6058));
#1427=EDGE_LOOP('',(#6059,#6060,#6061,#6062,#6063));
#1428=EDGE_LOOP('',(#6064));
#1429=EDGE_LOOP('',(#6065));
#1430=EDGE_LOOP('',(#6066));
#1431=EDGE_LOOP('',(#6067));
#1432=EDGE_LOOP('',(#6068,#6069,#6070,#6071));
#1433=EDGE_LOOP('',(#6072,#6073,#6074,#6075,#6076,#6077,#6078,#6079));
#1434=EDGE_LOOP('',(#6080,#6081,#6082,#6083,#6084,#6085,#6086,#6087,#6088,
#6089,#6090,#6091,#6092,#6093,#6094,#6095));
#1435=EDGE_LOOP('',(#6096));
#1436=EDGE_LOOP('',(#6097));
#1437=EDGE_LOOP('',(#6098));
#1438=EDGE_LOOP('',(#6099));
#1439=EDGE_LOOP('',(#6100,#6101,#6102,#6103));
#1440=EDGE_LOOP('',(#6104,#6105,#6106,#6107,#6108));
#1441=EDGE_LOOP('',(#6109,#6110,#6111,#6112));
#1442=EDGE_LOOP('',(#6113,#6114,#6115,#6116,#6117));
#1443=EDGE_LOOP('',(#6118,#6119,#6120,#6121));
#1444=EDGE_LOOP('',(#6122,#6123,#6124,#6125));
#1445=EDGE_LOOP('',(#6126,#6127,#6128,#6129));
#1446=EDGE_LOOP('',(#6130,#6131,#6132,#6133));
#1447=EDGE_LOOP('',(#6134,#6135,#6136,#6137,#6138,#6139,#6140,#6141));
#1448=EDGE_LOOP('',(#6142,#6143,#6144,#6145));
#1449=EDGE_LOOP('',(#6146,#6147,#6148,#6149));
#1450=EDGE_LOOP('',(#6150,#6151,#6152,#6153));
#1451=EDGE_LOOP('',(#6154,#6155,#6156,#6157));
#1452=EDGE_LOOP('',(#6158,#6159,#6160,#6161));
#1453=EDGE_LOOP('',(#6162,#6163,#6164,#6165));
#1454=EDGE_LOOP('',(#6166,#6167,#6168,#6169));
#1455=EDGE_LOOP('',(#6170,#6171,#6172,#6173));
#1456=EDGE_LOOP('',(#6174));
#1457=EDGE_LOOP('',(#6175));
#1458=EDGE_LOOP('',(#6176,#6177,#6178,#6179));
#1459=EDGE_LOOP('',(#6180));
#1460=EDGE_LOOP('',(#6181));
#1461=EDGE_LOOP('',(#6182,#6183,#6184,#6185));
#1462=EDGE_LOOP('',(#6186));
#1463=EDGE_LOOP('',(#6187));
#1464=EDGE_LOOP('',(#6188,#6189,#6190,#6191));
#1465=EDGE_LOOP('',(#6192));
#1466=EDGE_LOOP('',(#6193));
#1467=LINE('',#7780,#2010);
#1468=LINE('',#7782,#2011);
#1469=LINE('',#7784,#2012);
#1470=LINE('',#7785,#2013);
#1471=LINE('',#7803,#2014);
#1472=LINE('',#7826,#2015);
#1473=LINE('',#7849,#2016);
#1474=LINE('',#7872,#2017);
#1475=LINE('',#7895,#2018);
#1476=LINE('',#7903,#2019);
#1477=LINE('',#7905,#2020);
#1478=LINE('',#7906,#2021);
#1479=LINE('',#7909,#2022);
#1480=LINE('',#7911,#2023);
#1481=LINE('',#7912,#2024);
#1482=LINE('',#7915,#2025);
#1483=LINE('',#7917,#2026);
#1484=LINE('',#7918,#2027);
#1485=LINE('',#7936,#2028);
#1486=LINE('',#7959,#2029);
#1487=LINE('',#7982,#2030);
#1488=LINE('',#8005,#2031);
#1489=LINE('',#8028,#2032);
#1490=LINE('',#8036,#2033);
#1491=LINE('',#8038,#2034);
#1492=LINE('',#8039,#2035);
#1493=LINE('',#8042,#2036);
#1494=LINE('',#8044,#2037);
#1495=LINE('',#8045,#2038);
#1496=LINE('',#8048,#2039);
#1497=LINE('',#8050,#2040);
#1498=LINE('',#8051,#2041);
#1499=LINE('',#8053,#2042);
#1500=LINE('',#8054,#2043);
#1501=LINE('',#8059,#2044);
#1502=LINE('',#8061,#2045);
#1503=LINE('',#8063,#2046);
#1504=LINE('',#8064,#2047);
#1505=LINE('',#8082,#2048);
#1506=LINE('',#8105,#2049);
#1507=LINE('',#8128,#2050);
#1508=LINE('',#8151,#2051);
#1509=LINE('',#8174,#2052);
#1510=LINE('',#8182,#2053);
#1511=LINE('',#8184,#2054);
#1512=LINE('',#8185,#2055);
#1513=LINE('',#8188,#2056);
#1514=LINE('',#8190,#2057);
#1515=LINE('',#8191,#2058);
#1516=LINE('',#8194,#2059);
#1517=LINE('',#8196,#2060);
#1518=LINE('',#8197,#2061);
#1519=LINE('',#8215,#2062);
#1520=LINE('',#8238,#2063);
#1521=LINE('',#8261,#2064);
#1522=LINE('',#8284,#2065);
#1523=LINE('',#8292,#2066);
#1524=LINE('',#8294,#2067);
#1525=LINE('',#8295,#2068);
#1526=LINE('',#8298,#2069);
#1527=LINE('',#8300,#2070);
#1528=LINE('',#8301,#2071);
#1529=LINE('',#8304,#2072);
#1530=LINE('',#8306,#2073);
#1531=LINE('',#8307,#2074);
#1532=LINE('',#8309,#2075);
#1533=LINE('',#8310,#2076);
#1534=LINE('',#8315,#2077);
#1535=LINE('',#8317,#2078);
#1536=LINE('',#8319,#2079);
#1537=LINE('',#8320,#2080);
#1538=LINE('',#8323,#2081);
#1539=LINE('',#8325,#2082);
#1540=LINE('',#8326,#2083);
#1541=LINE('',#8329,#2084);
#1542=LINE('',#8331,#2085);
#1543=LINE('',#8332,#2086);
#1544=LINE('',#8334,#2087);
#1545=LINE('',#8335,#2088);
#1546=LINE('',#8355,#2089);
#1547=LINE('',#8362,#2090);
#1548=LINE('',#8380,#2091);
#1549=LINE('',#8403,#2092);
#1550=LINE('',#8426,#2093);
#1551=LINE('',#8449,#2094);
#1552=LINE('',#8472,#2095);
#1553=LINE('',#8495,#2096);
#1554=LINE('',#8524,#2097);
#1555=LINE('',#8526,#2098);
#1556=LINE('',#8528,#2099);
#1557=LINE('',#8529,#2100);
#1558=LINE('',#8532,#2101);
#1559=LINE('',#8534,#2102);
#1560=LINE('',#8535,#2103);
#1561=LINE('',#8538,#2104);
#1562=LINE('',#8540,#2105);
#1563=LINE('',#8541,#2106);
#1564=LINE('',#8559,#2107);
#1565=LINE('',#8582,#2108);
#1566=LINE('',#8605,#2109);
#1567=LINE('',#8628,#2110);
#1568=LINE('',#8651,#2111);
#1569=LINE('',#8674,#2112);
#1570=LINE('',#8697,#2113);
#1571=LINE('',#8720,#2114);
#1572=LINE('',#8743,#2115);
#1573=LINE('',#8751,#2116);
#1574=LINE('',#8753,#2117);
#1575=LINE('',#8754,#2118);
#1576=LINE('',#8756,#2119);
#1577=LINE('',#8757,#2120);
#1578=LINE('',#8762,#2121);
#1579=LINE('',#8764,#2122);
#1580=LINE('',#8766,#2123);
#1581=LINE('',#8767,#2124);
#1582=LINE('',#8770,#2125);
#1583=LINE('',#8772,#2126);
#1584=LINE('',#8773,#2127);
#1585=LINE('',#8776,#2128);
#1586=LINE('',#8778,#2129);
#1587=LINE('',#8779,#2130);
#1588=LINE('',#8782,#2131);
#1589=LINE('',#8784,#2132);
#1590=LINE('',#8785,#2133);
#1591=LINE('',#8788,#2134);
#1592=LINE('',#8790,#2135);
#1593=LINE('',#8791,#2136);
#1594=LINE('',#8794,#2137);
#1595=LINE('',#8796,#2138);
#1596=LINE('',#8797,#2139);
#1597=LINE('',#8800,#2140);
#1598=LINE('',#8802,#2141);
#1599=LINE('',#8803,#2142);
#1600=LINE('',#8806,#2143);
#1601=LINE('',#8808,#2144);
#1602=LINE('',#8809,#2145);
#1603=LINE('',#8812,#2146);
#1604=LINE('',#8814,#2147);
#1605=LINE('',#8815,#2148);
#1606=LINE('',#8818,#2149);
#1607=LINE('',#8820,#2150);
#1608=LINE('',#8821,#2151);
#1609=LINE('',#8824,#2152);
#1610=LINE('',#8826,#2153);
#1611=LINE('',#8827,#2154);
#1612=LINE('',#8829,#2155);
#1613=LINE('',#8830,#2156);
#1614=LINE('',#8850,#2157);
#1615=LINE('',#8857,#2158);
#1616=LINE('',#8875,#2159);
#1617=LINE('',#8898,#2160);
#1618=LINE('',#8921,#2161);
#1619=LINE('',#8944,#2162);
#1620=LINE('',#8967,#2163);
#1621=LINE('',#8990,#2164);
#1622=LINE('',#8998,#2165);
#1623=LINE('',#9000,#2166);
#1624=LINE('',#9001,#2167);
#1625=LINE('',#9019,#2168);
#1626=LINE('',#9042,#2169);
#1627=LINE('',#9065,#2170);
#1628=LINE('',#9088,#2171);
#1629=LINE('',#9111,#2172);
#1630=LINE('',#9134,#2173);
#1631=LINE('',#9157,#2174);
#1632=LINE('',#9180,#2175);
#1633=LINE('',#9203,#2176);
#1634=LINE('',#9211,#2177);
#1635=LINE('',#9213,#2178);
#1636=LINE('',#9214,#2179);
#1637=LINE('',#9254,#2180);
#1638=LINE('',#9261,#2181);
#1639=LINE('',#9279,#2182);
#1640=LINE('',#9302,#2183);
#1641=LINE('',#9325,#2184);
#1642=LINE('',#9348,#2185);
#1643=LINE('',#9371,#2186);
#1644=LINE('',#9394,#2187);
#1645=LINE('',#9423,#2188);
#1646=LINE('',#9425,#2189);
#1647=LINE('',#9427,#2190);
#1648=LINE('',#9428,#2191);
#1649=LINE('',#9446,#2192);
#1650=LINE('',#9469,#2193);
#1651=LINE('',#9492,#2194);
#1652=LINE('',#9515,#2195);
#1653=LINE('',#9538,#2196);
#1654=LINE('',#9561,#2197);
#1655=LINE('',#9584,#2198);
#1656=LINE('',#9607,#2199);
#1657=LINE('',#9630,#2200);
#1658=LINE('',#9653,#2201);
#1659=LINE('',#9661,#2202);
#1660=LINE('',#9663,#2203);
#1661=LINE('',#9664,#2204);
#1662=LINE('',#9667,#2205);
#1663=LINE('',#9669,#2206);
#1664=LINE('',#9670,#2207);
#1665=LINE('',#9673,#2208);
#1666=LINE('',#9675,#2209);
#1667=LINE('',#9676,#2210);
#1668=LINE('',#9678,#2211);
#1669=LINE('',#9679,#2212);
#1670=LINE('',#9699,#2213);
#1671=LINE('',#9706,#2214);
#1672=LINE('',#9724,#2215);
#1673=LINE('',#9747,#2216);
#1674=LINE('',#9770,#2217);
#1675=LINE('',#9793,#2218);
#1676=LINE('',#9816,#2219);
#1677=LINE('',#9839,#2220);
#1678=LINE('',#9862,#2221);
#1679=LINE('',#9885,#2222);
#1680=LINE('',#9892,#2223);
#1681=LINE('',#9893,#2224);
#1682=LINE('',#9897,#2225);
#1683=LINE('',#9899,#2226);
#1684=LINE('',#9901,#2227);
#1685=LINE('',#9902,#2228);
#1686=LINE('',#9920,#2229);
#1687=LINE('',#9943,#2230);
#1688=LINE('',#9951,#2231);
#1689=LINE('',#9953,#2232);
#1690=LINE('',#9954,#2233);
#1691=LINE('',#9972,#2234);
#1692=LINE('',#9995,#2235);
#1693=LINE('',#10018,#2236);
#1694=LINE('',#10041,#2237);
#1695=LINE('',#10064,#2238);
#1696=LINE('',#10087,#2239);
#1697=LINE('',#10110,#2240);
#1698=LINE('',#10118,#2241);
#1699=LINE('',#10120,#2242);
#1700=LINE('',#10121,#2243);
#1701=LINE('',#10139,#2244);
#1702=LINE('',#10162,#2245);
#1703=LINE('',#10185,#2246);
#1704=LINE('',#10208,#2247);
#1705=LINE('',#10231,#2248);
#1706=LINE('',#10254,#2249);
#1707=LINE('',#10277,#2250);
#1708=LINE('',#10300,#2251);
#1709=LINE('',#10323,#2252);
#1710=LINE('',#10346,#2253);
#1711=LINE('',#10369,#2254);
#1712=LINE('',#10392,#2255);
#1713=LINE('',#10415,#2256);
#1714=LINE('',#10438,#2257);
#1715=LINE('',#10468,#2258);
#1716=LINE('',#10470,#2259);
#1717=LINE('',#10472,#2260);
#1718=LINE('',#10473,#2261);
#1719=LINE('',#10476,#2262);
#1720=LINE('',#10478,#2263);
#1721=LINE('',#10479,#2264);
#1722=LINE('',#10482,#2265);
#1723=LINE('',#10484,#2266);
#1724=LINE('',#10485,#2267);
#1725=LINE('',#10488,#2268);
#1726=LINE('',#10490,#2269);
#1727=LINE('',#10491,#2270);
#1728=LINE('',#10494,#2271);
#1729=LINE('',#10496,#2272);
#1730=LINE('',#10497,#2273);
#1731=LINE('',#10500,#2274);
#1732=LINE('',#10502,#2275);
#1733=LINE('',#10503,#2276);
#1734=LINE('',#10506,#2277);
#1735=LINE('',#10508,#2278);
#1736=LINE('',#10509,#2279);
#1737=LINE('',#10512,#2280);
#1738=LINE('',#10514,#2281);
#1739=LINE('',#10515,#2282);
#1740=LINE('',#10518,#2283);
#1741=LINE('',#10520,#2284);
#1742=LINE('',#10521,#2285);
#1743=LINE('',#10524,#2286);
#1744=LINE('',#10526,#2287);
#1745=LINE('',#10527,#2288);
#1746=LINE('',#10530,#2289);
#1747=LINE('',#10532,#2290);
#1748=LINE('',#10533,#2291);
#1749=LINE('',#10535,#2292);
#1750=LINE('',#10536,#2293);
#1751=LINE('',#10556,#2294);
#1752=LINE('',#10563,#2295);
#1753=LINE('',#10581,#2296);
#1754=LINE('',#10604,#2297);
#1755=LINE('',#10627,#2298);
#1756=LINE('',#10650,#2299);
#1757=LINE('',#10673,#2300);
#1758=LINE('',#10696,#2301);
#1759=LINE('',#10719,#2302);
#1760=LINE('',#10742,#2303);
#1761=LINE('',#10749,#2304);
#1762=LINE('',#10750,#2305);
#1763=LINE('',#10754,#2306);
#1764=LINE('',#10756,#2307);
#1765=LINE('',#10758,#2308);
#1766=LINE('',#10759,#2309);
#1767=LINE('',#10777,#2310);
#1768=LINE('',#10800,#2311);
#1769=LINE('',#10808,#2312);
#1770=LINE('',#10810,#2313);
#1771=LINE('',#10811,#2314);
#1772=LINE('',#10829,#2315);
#1773=LINE('',#10852,#2316);
#1774=LINE('',#10875,#2317);
#1775=LINE('',#10898,#2318);
#1776=LINE('',#10921,#2319);
#1777=LINE('',#10944,#2320);
#1778=LINE('',#10967,#2321);
#1779=LINE('',#10975,#2322);
#1780=LINE('',#10977,#2323);
#1781=LINE('',#10978,#2324);
#1782=LINE('',#10996,#2325);
#1783=LINE('',#11019,#2326);
#1784=LINE('',#11042,#2327);
#1785=LINE('',#11065,#2328);
#1786=LINE('',#11088,#2329);
#1787=LINE('',#11111,#2330);
#1788=LINE('',#11134,#2331);
#1789=LINE('',#11157,#2332);
#1790=LINE('',#11180,#2333);
#1791=LINE('',#11203,#2334);
#1792=LINE('',#11226,#2335);
#1793=LINE('',#11249,#2336);
#1794=LINE('',#11272,#2337);
#1795=LINE('',#11295,#2338);
#1796=LINE('',#11340,#2339);
#1797=LINE('',#11347,#2340);
#1798=LINE('',#11365,#2341);
#1799=LINE('',#11388,#2342);
#1800=LINE('',#11411,#2343);
#1801=LINE('',#11434,#2344);
#1802=LINE('',#11457,#2345);
#1803=LINE('',#11480,#2346);
#1804=LINE('',#11503,#2347);
#1805=LINE('',#11526,#2348);
#1806=LINE('',#11549,#2349);
#1807=LINE('',#11572,#2350);
#1808=LINE('',#11595,#2351);
#1809=LINE('',#11618,#2352);
#1810=LINE('',#11641,#2353);
#1811=LINE('',#11649,#2354);
#1812=LINE('',#11651,#2355);
#1813=LINE('',#11652,#2356);
#1814=LINE('',#11670,#2357);
#1815=LINE('',#11693,#2358);
#1816=LINE('',#11716,#2359);
#1817=LINE('',#11739,#2360);
#1818=LINE('',#11762,#2361);
#1819=LINE('',#11785,#2362);
#1820=LINE('',#11808,#2363);
#1821=LINE('',#11831,#2364);
#1822=LINE('',#11854,#2365);
#1823=LINE('',#11877,#2366);
#1824=LINE('',#11900,#2367);
#1825=LINE('',#11923,#2368);
#1826=LINE('',#11946,#2369);
#1827=LINE('',#11969,#2370);
#1828=LINE('',#11992,#2371);
#1829=LINE('',#12015,#2372);
#1830=LINE('',#12023,#2373);
#1831=LINE('',#12025,#2374);
#1832=LINE('',#12026,#2375);
#1833=LINE('',#12051,#2376);
#1834=LINE('',#12053,#2377);
#1835=LINE('',#12055,#2378);
#1836=LINE('',#12056,#2379);
#1837=LINE('',#12059,#2380);
#1838=LINE('',#12061,#2381);
#1839=LINE('',#12062,#2382);
#1840=LINE('',#12065,#2383);
#1841=LINE('',#12067,#2384);
#1842=LINE('',#12068,#2385);
#1843=LINE('',#12071,#2386);
#1844=LINE('',#12073,#2387);
#1845=LINE('',#12074,#2388);
#1846=LINE('',#12077,#2389);
#1847=LINE('',#12079,#2390);
#1848=LINE('',#12080,#2391);
#1849=LINE('',#12082,#2392);
#1850=LINE('',#12083,#2393);
#1851=LINE('',#12088,#2394);
#1852=LINE('',#12090,#2395);
#1853=LINE('',#12092,#2396);
#1854=LINE('',#12093,#2397);
#1855=LINE('',#12096,#2398);
#1856=LINE('',#12098,#2399);
#1857=LINE('',#12099,#2400);
#1858=LINE('',#12102,#2401);
#1859=LINE('',#12104,#2402);
#1860=LINE('',#12105,#2403);
#1861=LINE('',#12123,#2404);
#1862=LINE('',#12146,#2405);
#1863=LINE('',#12169,#2406);
#1864=LINE('',#12192,#2407);
#1865=LINE('',#12215,#2408);
#1866=LINE('',#12238,#2409);
#1867=LINE('',#12246,#2410);
#1868=LINE('',#12248,#2411);
#1869=LINE('',#12249,#2412);
#1870=LINE('',#12252,#2413);
#1871=LINE('',#12254,#2414);
#1872=LINE('',#12255,#2415);
#1873=LINE('',#12258,#2416);
#1874=LINE('',#12260,#2417);
#1875=LINE('',#12261,#2418);
#1876=LINE('',#12279,#2419);
#1877=LINE('',#12302,#2420);
#1878=LINE('',#12325,#2421);
#1879=LINE('',#12348,#2422);
#1880=LINE('',#12371,#2423);
#1881=LINE('',#12379,#2424);
#1882=LINE('',#12381,#2425);
#1883=LINE('',#12382,#2426);
#1884=LINE('',#12384,#2427);
#1885=LINE('',#12385,#2428);
#1886=LINE('',#12405,#2429);
#1887=LINE('',#12412,#2430);
#1888=LINE('',#12430,#2431);
#1889=LINE('',#12453,#2432);
#1890=LINE('',#12476,#2433);
#1891=LINE('',#12499,#2434);
#1892=LINE('',#12522,#2435);
#1893=LINE('',#12545,#2436);
#1894=LINE('',#12568,#2437);
#1895=LINE('',#12591,#2438);
#1896=LINE('',#12614,#2439);
#1897=LINE('',#12637,#2440);
#1898=LINE('',#12660,#2441);
#1899=LINE('',#12683,#2442);
#1900=LINE('',#12706,#2443);
#1901=LINE('',#12714,#2444);
#1902=LINE('',#12716,#2445);
#1903=LINE('',#12717,#2446);
#1904=LINE('',#12735,#2447);
#1905=LINE('',#12758,#2448);
#1906=LINE('',#12781,#2449);
#1907=LINE('',#12804,#2450);
#1908=LINE('',#12827,#2451);
#1909=LINE('',#12850,#2452);
#1910=LINE('',#12873,#2453);
#1911=LINE('',#12896,#2454);
#1912=LINE('',#12919,#2455);
#1913=LINE('',#12942,#2456);
#1914=LINE('',#12965,#2457);
#1915=LINE('',#12988,#2458);
#1916=LINE('',#13011,#2459);
#1917=LINE('',#13034,#2460);
#1918=LINE('',#13057,#2461);
#1919=LINE('',#13080,#2462);
#1920=LINE('',#13088,#2463);
#1921=LINE('',#13090,#2464);
#1922=LINE('',#13091,#2465);
#1923=LINE('',#13131,#2466);
#1924=LINE('',#13138,#2467);
#1925=LINE('',#13156,#2468);
#1926=LINE('',#13164,#2469);
#1927=LINE('',#13166,#2470);
#1928=LINE('',#13167,#2471);
#1929=LINE('',#13170,#2472);
#1930=LINE('',#13172,#2473);
#1931=LINE('',#13173,#2474);
#1932=LINE('',#13175,#2475);
#1933=LINE('',#13176,#2476);
#1934=LINE('',#13180,#2477);
#1935=LINE('',#13182,#2478);
#1936=LINE('',#13184,#2479);
#1937=LINE('',#13185,#2480);
#1938=LINE('',#13188,#2481);
#1939=LINE('',#13190,#2482);
#1940=LINE('',#13191,#2483);
#1941=LINE('',#13194,#2484);
#1942=LINE('',#13196,#2485);
#1943=LINE('',#13197,#2486);
#1944=LINE('',#13200,#2487);
#1945=LINE('',#13202,#2488);
#1946=LINE('',#13203,#2489);
#1947=LINE('',#13206,#2490);
#1948=LINE('',#13208,#2491);
#1949=LINE('',#13209,#2492);
#1950=LINE('',#13212,#2493);
#1951=LINE('',#13214,#2494);
#1952=LINE('',#13215,#2495);
#1953=LINE('',#13218,#2496);
#1954=LINE('',#13220,#2497);
#1955=LINE('',#13221,#2498);
#1956=LINE('',#13223,#2499);
#1957=LINE('',#13224,#2500);
#1958=LINE('',#13229,#2501);
#1959=LINE('',#13233,#2502);
#1960=LINE('',#13237,#2503);
#1961=LINE('',#13239,#2504);
#1962=LINE('',#13243,#2505);
#1963=LINE('',#13246,#2506);
#1964=LINE('',#13253,#2507);
#1965=LINE('',#13257,#2508);
#1966=LINE('',#13259,#2509);
#1967=LINE('',#13260,#2510);
#1968=LINE('',#13265,#2511);
#1969=LINE('',#13268,#2512);
#1970=LINE('',#13270,#2513);
#1971=LINE('',#13271,#2514);
#1972=LINE('',#13287,#2515);
#1973=LINE('',#13290,#2516);
#1974=LINE('',#13292,#2517);
#1975=LINE('',#13294,#2518);
#1976=LINE('',#13296,#2519);
#1977=LINE('',#13298,#2520);
#1978=LINE('',#13299,#2521);
#1979=LINE('',#13304,#2522);
#1980=LINE('',#13308,#2523);
#1981=LINE('',#13310,#2524);
#1982=LINE('',#13312,#2525);
#1983=LINE('',#13314,#2526);
#1984=LINE('',#13316,#2527);
#1985=LINE('',#13318,#2528);
#1986=LINE('',#13319,#2529);
#1987=LINE('',#13330,#2530);
#1988=LINE('',#13332,#2531);
#1989=LINE('',#13336,#2532);
#1990=LINE('',#13337,#2533);
#1991=LINE('',#13340,#2534);
#1992=LINE('',#13341,#2535);
#1993=LINE('',#13343,#2536);
#1994=LINE('',#13347,#2537);
#1995=LINE('',#13349,#2538);
#1996=LINE('',#13351,#2539);
#1997=LINE('',#13352,#2540);
#1998=LINE('',#13354,#2541);
#1999=LINE('',#13355,#2542);
#2000=LINE('',#13357,#2543);
#2001=LINE('',#13361,#2544);
#2002=LINE('',#13365,#2545);
#2003=LINE('',#13369,#2546);
#2004=LINE('',#13373,#2547);
#2005=LINE('',#13375,#2548);
#2006=LINE('',#13379,#2549);
#2007=LINE('',#13384,#2550);
#2008=LINE('',#13389,#2551);
#2009=LINE('',#13394,#2552);
#2010=VECTOR('',#6885,10.);
#2011=VECTOR('',#6886,10.);
#2012=VECTOR('',#6887,10.);
#2013=VECTOR('',#6888,10.);
#2014=VECTOR('',#6889,10.);
#2015=VECTOR('',#6890,10.);
#2016=VECTOR('',#6891,10.);
#2017=VECTOR('',#6892,10.);
#2018=VECTOR('',#6893,10.);
#2019=VECTOR('',#6896,10.);
#2020=VECTOR('',#6897,10.);
#2021=VECTOR('',#6898,10.);
#2022=VECTOR('',#6901,10.);
#2023=VECTOR('',#6902,10.);
#2024=VECTOR('',#6903,10.);
#2025=VECTOR('',#6906,10.);
#2026=VECTOR('',#6907,10.);
#2027=VECTOR('',#6908,10.);
#2028=VECTOR('',#6909,10.);
#2029=VECTOR('',#6910,10.);
#2030=VECTOR('',#6911,10.);
#2031=VECTOR('',#6912,10.);
#2032=VECTOR('',#6913,10.);
#2033=VECTOR('',#6916,10.);
#2034=VECTOR('',#6917,10.);
#2035=VECTOR('',#6918,10.);
#2036=VECTOR('',#6921,10.);
#2037=VECTOR('',#6922,10.);
#2038=VECTOR('',#6923,10.);
#2039=VECTOR('',#6926,10.);
#2040=VECTOR('',#6927,10.);
#2041=VECTOR('',#6928,10.);
#2042=VECTOR('',#6931,10.);
#2043=VECTOR('',#6932,10.);
#2044=VECTOR('',#6937,10.);
#2045=VECTOR('',#6938,10.);
#2046=VECTOR('',#6939,10.);
#2047=VECTOR('',#6940,10.);
#2048=VECTOR('',#6941,10.);
#2049=VECTOR('',#6942,10.);
#2050=VECTOR('',#6943,10.);
#2051=VECTOR('',#6944,10.);
#2052=VECTOR('',#6945,10.);
#2053=VECTOR('',#6948,10.);
#2054=VECTOR('',#6949,10.);
#2055=VECTOR('',#6950,10.);
#2056=VECTOR('',#6953,10.);
#2057=VECTOR('',#6954,10.);
#2058=VECTOR('',#6955,10.);
#2059=VECTOR('',#6958,10.);
#2060=VECTOR('',#6959,10.);
#2061=VECTOR('',#6960,10.);
#2062=VECTOR('',#6961,10.);
#2063=VECTOR('',#6962,10.);
#2064=VECTOR('',#6963,10.);
#2065=VECTOR('',#6964,10.);
#2066=VECTOR('',#6967,10.);
#2067=VECTOR('',#6968,10.);
#2068=VECTOR('',#6969,10.);
#2069=VECTOR('',#6972,10.);
#2070=VECTOR('',#6973,10.);
#2071=VECTOR('',#6974,10.);
#2072=VECTOR('',#6977,10.);
#2073=VECTOR('',#6978,10.);
#2074=VECTOR('',#6979,10.);
#2075=VECTOR('',#6982,10.);
#2076=VECTOR('',#6983,10.);
#2077=VECTOR('',#6988,10.);
#2078=VECTOR('',#6989,10.);
#2079=VECTOR('',#6990,10.);
#2080=VECTOR('',#6991,10.);
#2081=VECTOR('',#6994,10.);
#2082=VECTOR('',#6995,10.);
#2083=VECTOR('',#6996,10.);
#2084=VECTOR('',#6999,10.);
#2085=VECTOR('',#7000,10.);
#2086=VECTOR('',#7001,10.);
#2087=VECTOR('',#7004,10.);
#2088=VECTOR('',#7005,10.);
#2089=VECTOR('',#7008,10.);
#2090=VECTOR('',#7009,10.);
#2091=VECTOR('',#7010,10.);
#2092=VECTOR('',#7011,10.);
#2093=VECTOR('',#7012,10.);
#2094=VECTOR('',#7013,10.);
#2095=VECTOR('',#7014,10.);
#2096=VECTOR('',#7015,10.);
#2097=VECTOR('',#7018,10.);
#2098=VECTOR('',#7019,10.);
#2099=VECTOR('',#7020,10.);
#2100=VECTOR('',#7021,10.);
#2101=VECTOR('',#7024,10.);
#2102=VECTOR('',#7025,10.);
#2103=VECTOR('',#7026,10.);
#2104=VECTOR('',#7029,10.);
#2105=VECTOR('',#7030,10.);
#2106=VECTOR('',#7031,10.);
#2107=VECTOR('',#7032,10.);
#2108=VECTOR('',#7033,10.);
#2109=VECTOR('',#7034,10.);
#2110=VECTOR('',#7035,10.);
#2111=VECTOR('',#7036,10.);
#2112=VECTOR('',#7037,10.);
#2113=VECTOR('',#7038,10.);
#2114=VECTOR('',#7039,10.);
#2115=VECTOR('',#7040,10.);
#2116=VECTOR('',#7043,10.);
#2117=VECTOR('',#7044,10.);
#2118=VECTOR('',#7045,10.);
#2119=VECTOR('',#7048,10.);
#2120=VECTOR('',#7049,10.);
#2121=VECTOR('',#7054,10.);
#2122=VECTOR('',#7055,10.);
#2123=VECTOR('',#7056,10.);
#2124=VECTOR('',#7057,10.);
#2125=VECTOR('',#7060,10.);
#2126=VECTOR('',#7061,10.);
#2127=VECTOR('',#7062,10.);
#2128=VECTOR('',#7065,10.);
#2129=VECTOR('',#7066,10.);
#2130=VECTOR('',#7067,10.);
#2131=VECTOR('',#7070,10.);
#2132=VECTOR('',#7071,10.);
#2133=VECTOR('',#7072,10.);
#2134=VECTOR('',#7075,10.);
#2135=VECTOR('',#7076,10.);
#2136=VECTOR('',#7077,10.);
#2137=VECTOR('',#7080,10.);
#2138=VECTOR('',#7081,10.);
#2139=VECTOR('',#7082,10.);
#2140=VECTOR('',#7085,10.);
#2141=VECTOR('',#7086,10.);
#2142=VECTOR('',#7087,10.);
#2143=VECTOR('',#7090,10.);
#2144=VECTOR('',#7091,10.);
#2145=VECTOR('',#7092,10.);
#2146=VECTOR('',#7095,10.);
#2147=VECTOR('',#7096,10.);
#2148=VECTOR('',#7097,10.);
#2149=VECTOR('',#7100,10.);
#2150=VECTOR('',#7101,10.);
#2151=VECTOR('',#7102,10.);
#2152=VECTOR('',#7105,10.);
#2153=VECTOR('',#7106,10.);
#2154=VECTOR('',#7107,10.);
#2155=VECTOR('',#7110,10.);
#2156=VECTOR('',#7111,10.);
#2157=VECTOR('',#7114,10.);
#2158=VECTOR('',#7115,10.);
#2159=VECTOR('',#7116,10.);
#2160=VECTOR('',#7117,10.);
#2161=VECTOR('',#7118,10.);
#2162=VECTOR('',#7119,10.);
#2163=VECTOR('',#7120,10.);
#2164=VECTOR('',#7121,10.);
#2165=VECTOR('',#7124,10.);
#2166=VECTOR('',#7125,10.);
#2167=VECTOR('',#7126,10.);
#2168=VECTOR('',#7127,10.);
#2169=VECTOR('',#7128,10.);
#2170=VECTOR('',#7129,10.);
#2171=VECTOR('',#7130,10.);
#2172=VECTOR('',#7131,10.);
#2173=VECTOR('',#7132,10.);
#2174=VECTOR('',#7133,10.);
#2175=VECTOR('',#7134,10.);
#2176=VECTOR('',#7135,10.);
#2177=VECTOR('',#7138,10.);
#2178=VECTOR('',#7139,10.);
#2179=VECTOR('',#7140,10.);
#2180=VECTOR('',#7143,10.);
#2181=VECTOR('',#7144,10.);
#2182=VECTOR('',#7145,10.);
#2183=VECTOR('',#7146,10.);
#2184=VECTOR('',#7147,10.);
#2185=VECTOR('',#7148,10.);
#2186=VECTOR('',#7149,10.);
#2187=VECTOR('',#7150,10.);
#2188=VECTOR('',#7153,10.);
#2189=VECTOR('',#7154,10.);
#2190=VECTOR('',#7155,10.);
#2191=VECTOR('',#7156,10.);
#2192=VECTOR('',#7157,10.);
#2193=VECTOR('',#7158,10.);
#2194=VECTOR('',#7159,10.);
#2195=VECTOR('',#7160,10.);
#2196=VECTOR('',#7161,10.);
#2197=VECTOR('',#7162,10.);
#2198=VECTOR('',#7163,10.);
#2199=VECTOR('',#7164,10.);
#2200=VECTOR('',#7165,10.);
#2201=VECTOR('',#7166,10.);
#2202=VECTOR('',#7169,10.);
#2203=VECTOR('',#7170,10.);
#2204=VECTOR('',#7171,10.);
#2205=VECTOR('',#7174,10.);
#2206=VECTOR('',#7175,10.);
#2207=VECTOR('',#7176,10.);
#2208=VECTOR('',#7179,10.);
#2209=VECTOR('',#7180,10.);
#2210=VECTOR('',#7181,10.);
#2211=VECTOR('',#7184,10.);
#2212=VECTOR('',#7185,10.);
#2213=VECTOR('',#7188,10.);
#2214=VECTOR('',#7189,10.);
#2215=VECTOR('',#7190,10.);
#2216=VECTOR('',#7191,10.);
#2217=VECTOR('',#7192,10.);
#2218=VECTOR('',#7193,10.);
#2219=VECTOR('',#7194,10.);
#2220=VECTOR('',#7195,10.);
#2221=VECTOR('',#7196,10.);
#2222=VECTOR('',#7197,10.);
#2223=VECTOR('',#7200,10.);
#2224=VECTOR('',#7201,10.);
#2225=VECTOR('',#7204,10.);
#2226=VECTOR('',#7205,10.);
#2227=VECTOR('',#7206,10.);
#2228=VECTOR('',#7207,10.);
#2229=VECTOR('',#7208,10.);
#2230=VECTOR('',#7209,10.);
#2231=VECTOR('',#7212,10.);
#2232=VECTOR('',#7213,10.);
#2233=VECTOR('',#7214,10.);
#2234=VECTOR('',#7215,10.);
#2235=VECTOR('',#7216,10.);
#2236=VECTOR('',#7217,10.);
#2237=VECTOR('',#7218,10.);
#2238=VECTOR('',#7219,10.);
#2239=VECTOR('',#7220,10.);
#2240=VECTOR('',#7221,10.);
#2241=VECTOR('',#7224,10.);
#2242=VECTOR('',#7225,10.);
#2243=VECTOR('',#7226,10.);
#2244=VECTOR('',#7227,10.);
#2245=VECTOR('',#7228,10.);
#2246=VECTOR('',#7229,10.);
#2247=VECTOR('',#7230,10.);
#2248=VECTOR('',#7231,10.);
#2249=VECTOR('',#7232,10.);
#2250=VECTOR('',#7233,10.);
#2251=VECTOR('',#7234,10.);
#2252=VECTOR('',#7235,10.);
#2253=VECTOR('',#7236,10.);
#2254=VECTOR('',#7237,10.);
#2255=VECTOR('',#7238,10.);
#2256=VECTOR('',#7239,10.);
#2257=VECTOR('',#7240,10.);
#2258=VECTOR('',#7245,10.);
#2259=VECTOR('',#7246,10.);
#2260=VECTOR('',#7247,10.);
#2261=VECTOR('',#7248,10.);
#2262=VECTOR('',#7251,10.);
#2263=VECTOR('',#7252,10.);
#2264=VECTOR('',#7253,10.);
#2265=VECTOR('',#7256,10.);
#2266=VECTOR('',#7257,10.);
#2267=VECTOR('',#7258,10.);
#2268=VECTOR('',#7261,10.);
#2269=VECTOR('',#7262,10.);
#2270=VECTOR('',#7263,10.);
#2271=VECTOR('',#7266,10.);
#2272=VECTOR('',#7267,10.);
#2273=VECTOR('',#7268,10.);
#2274=VECTOR('',#7271,10.);
#2275=VECTOR('',#7272,10.);
#2276=VECTOR('',#7273,10.);
#2277=VECTOR('',#7276,10.);
#2278=VECTOR('',#7277,10.);
#2279=VECTOR('',#7278,10.);
#2280=VECTOR('',#7281,10.);
#2281=VECTOR('',#7282,10.);
#2282=VECTOR('',#7283,10.);
#2283=VECTOR('',#7286,10.);
#2284=VECTOR('',#7287,10.);
#2285=VECTOR('',#7288,10.);
#2286=VECTOR('',#7291,10.);
#2287=VECTOR('',#7292,10.);
#2288=VECTOR('',#7293,10.);
#2289=VECTOR('',#7296,10.);
#2290=VECTOR('',#7297,10.);
#2291=VECTOR('',#7298,10.);
#2292=VECTOR('',#7301,10.);
#2293=VECTOR('',#7302,10.);
#2294=VECTOR('',#7305,10.);
#2295=VECTOR('',#7306,10.);
#2296=VECTOR('',#7307,10.);
#2297=VECTOR('',#7308,10.);
#2298=VECTOR('',#7309,10.);
#2299=VECTOR('',#7310,10.);
#2300=VECTOR('',#7311,10.);
#2301=VECTOR('',#7312,10.);
#2302=VECTOR('',#7313,10.);
#2303=VECTOR('',#7314,10.);
#2304=VECTOR('',#7317,10.);
#2305=VECTOR('',#7318,10.);
#2306=VECTOR('',#7321,10.);
#2307=VECTOR('',#7322,10.);
#2308=VECTOR('',#7323,10.);
#2309=VECTOR('',#7324,10.);
#2310=VECTOR('',#7325,10.);
#2311=VECTOR('',#7326,10.);
#2312=VECTOR('',#7329,10.);
#2313=VECTOR('',#7330,10.);
#2314=VECTOR('',#7331,10.);
#2315=VECTOR('',#7332,10.);
#2316=VECTOR('',#7333,10.);
#2317=VECTOR('',#7334,10.);
#2318=VECTOR('',#7335,10.);
#2319=VECTOR('',#7336,10.);
#2320=VECTOR('',#7337,10.);
#2321=VECTOR('',#7338,10.);
#2322=VECTOR('',#7341,10.);
#2323=VECTOR('',#7342,10.);
#2324=VECTOR('',#7343,10.);
#2325=VECTOR('',#7344,10.);
#2326=VECTOR('',#7345,10.);
#2327=VECTOR('',#7346,10.);
#2328=VECTOR('',#7347,10.);
#2329=VECTOR('',#7348,10.);
#2330=VECTOR('',#7349,10.);
#2331=VECTOR('',#7350,10.);
#2332=VECTOR('',#7351,10.);
#2333=VECTOR('',#7352,10.);
#2334=VECTOR('',#7353,10.);
#2335=VECTOR('',#7354,10.);
#2336=VECTOR('',#7355,10.);
#2337=VECTOR('',#7356,10.);
#2338=VECTOR('',#7357,10.);
#2339=VECTOR('',#7360,10.);
#2340=VECTOR('',#7361,10.);
#2341=VECTOR('',#7362,10.);
#2342=VECTOR('',#7363,10.);
#2343=VECTOR('',#7364,10.);
#2344=VECTOR('',#7365,10.);
#2345=VECTOR('',#7366,10.);
#2346=VECTOR('',#7367,10.);
#2347=VECTOR('',#7368,10.);
#2348=VECTOR('',#7369,10.);
#2349=VECTOR('',#7370,10.);
#2350=VECTOR('',#7371,10.);
#2351=VECTOR('',#7372,10.);
#2352=VECTOR('',#7373,10.);
#2353=VECTOR('',#7374,10.);
#2354=VECTOR('',#7377,10.);
#2355=VECTOR('',#7378,10.);
#2356=VECTOR('',#7379,10.);
#2357=VECTOR('',#7380,10.);
#2358=VECTOR('',#7381,10.);
#2359=VECTOR('',#7382,10.);
#2360=VECTOR('',#7383,10.);
#2361=VECTOR('',#7384,10.);
#2362=VECTOR('',#7385,10.);
#2363=VECTOR('',#7386,10.);
#2364=VECTOR('',#7387,10.);
#2365=VECTOR('',#7388,10.);
#2366=VECTOR('',#7389,10.);
#2367=VECTOR('',#7390,10.);
#2368=VECTOR('',#7391,10.);
#2369=VECTOR('',#7392,10.);
#2370=VECTOR('',#7393,10.);
#2371=VECTOR('',#7394,10.);
#2372=VECTOR('',#7395,10.);
#2373=VECTOR('',#7398,10.);
#2374=VECTOR('',#7399,10.);
#2375=VECTOR('',#7400,10.);
#2376=VECTOR('',#7405,10.);
#2377=VECTOR('',#7406,10.);
#2378=VECTOR('',#7407,10.);
#2379=VECTOR('',#7408,10.);
#2380=VECTOR('',#7411,10.);
#2381=VECTOR('',#7412,10.);
#2382=VECTOR('',#7413,10.);
#2383=VECTOR('',#7416,10.);
#2384=VECTOR('',#7417,10.);
#2385=VECTOR('',#7418,10.);
#2386=VECTOR('',#7421,10.);
#2387=VECTOR('',#7422,10.);
#2388=VECTOR('',#7423,10.);
#2389=VECTOR('',#7426,10.);
#2390=VECTOR('',#7427,10.);
#2391=VECTOR('',#7428,10.);
#2392=VECTOR('',#7431,10.);
#2393=VECTOR('',#7432,10.);
#2394=VECTOR('',#7437,10.);
#2395=VECTOR('',#7438,10.);
#2396=VECTOR('',#7439,10.);
#2397=VECTOR('',#7440,10.);
#2398=VECTOR('',#7443,10.);
#2399=VECTOR('',#7444,10.);
#2400=VECTOR('',#7445,10.);
#2401=VECTOR('',#7448,10.);
#2402=VECTOR('',#7449,10.);
#2403=VECTOR('',#7450,10.);
#2404=VECTOR('',#7451,10.);
#2405=VECTOR('',#7452,10.);
#2406=VECTOR('',#7453,10.);
#2407=VECTOR('',#7454,10.);
#2408=VECTOR('',#7455,10.);
#2409=VECTOR('',#7456,10.);
#2410=VECTOR('',#7459,10.);
#2411=VECTOR('',#7460,10.);
#2412=VECTOR('',#7461,10.);
#2413=VECTOR('',#7464,10.);
#2414=VECTOR('',#7465,10.);
#2415=VECTOR('',#7466,10.);
#2416=VECTOR('',#7469,10.);
#2417=VECTOR('',#7470,10.);
#2418=VECTOR('',#7471,10.);
#2419=VECTOR('',#7472,10.);
#2420=VECTOR('',#7473,10.);
#2421=VECTOR('',#7474,10.);
#2422=VECTOR('',#7475,10.);
#2423=VECTOR('',#7476,10.);
#2424=VECTOR('',#7479,10.);
#2425=VECTOR('',#7480,10.);
#2426=VECTOR('',#7481,10.);
#2427=VECTOR('',#7484,10.);
#2428=VECTOR('',#7485,10.);
#2429=VECTOR('',#7488,10.);
#2430=VECTOR('',#7489,10.);
#2431=VECTOR('',#7490,10.);
#2432=VECTOR('',#7491,10.);
#2433=VECTOR('',#7492,10.);
#2434=VECTOR('',#7493,10.);
#2435=VECTOR('',#7494,10.);
#2436=VECTOR('',#7495,10.);
#2437=VECTOR('',#7496,10.);
#2438=VECTOR('',#7497,10.);
#2439=VECTOR('',#7498,10.);
#2440=VECTOR('',#7499,10.);
#2441=VECTOR('',#7500,10.);
#2442=VECTOR('',#7501,10.);
#2443=VECTOR('',#7502,10.);
#2444=VECTOR('',#7505,10.);
#2445=VECTOR('',#7506,10.);
#2446=VECTOR('',#7507,10.);
#2447=VECTOR('',#7508,10.);
#2448=VECTOR('',#7509,10.);
#2449=VECTOR('',#7510,10.);
#2450=VECTOR('',#7511,10.);
#2451=VECTOR('',#7512,10.);
#2452=VECTOR('',#7513,10.);
#2453=VECTOR('',#7514,10.);
#2454=VECTOR('',#7515,10.);
#2455=VECTOR('',#7516,10.);
#2456=VECTOR('',#7517,10.);
#2457=VECTOR('',#7518,10.);
#2458=VECTOR('',#7519,10.);
#2459=VECTOR('',#7520,10.);
#2460=VECTOR('',#7521,10.);
#2461=VECTOR('',#7522,10.);
#2462=VECTOR('',#7523,10.);
#2463=VECTOR('',#7526,10.);
#2464=VECTOR('',#7527,10.);
#2465=VECTOR('',#7528,10.);
#2466=VECTOR('',#7531,10.);
#2467=VECTOR('',#7532,10.);
#2468=VECTOR('',#7533,10.);
#2469=VECTOR('',#7536,10.);
#2470=VECTOR('',#7537,10.);
#2471=VECTOR('',#7538,10.);
#2472=VECTOR('',#7541,10.);
#2473=VECTOR('',#7542,10.);
#2474=VECTOR('',#7543,10.);
#2475=VECTOR('',#7546,10.);
#2476=VECTOR('',#7547,10.);
#2477=VECTOR('',#7550,10.);
#2478=VECTOR('',#7551,10.);
#2479=VECTOR('',#7552,10.);
#2480=VECTOR('',#7553,10.);
#2481=VECTOR('',#7556,10.);
#2482=VECTOR('',#7557,10.);
#2483=VECTOR('',#7558,10.);
#2484=VECTOR('',#7561,10.);
#2485=VECTOR('',#7562,10.);
#2486=VECTOR('',#7563,10.);
#2487=VECTOR('',#7566,10.);
#2488=VECTOR('',#7567,10.);
#2489=VECTOR('',#7568,10.);
#2490=VECTOR('',#7571,10.);
#2491=VECTOR('',#7572,10.);
#2492=VECTOR('',#7573,10.);
#2493=VECTOR('',#7576,10.);
#2494=VECTOR('',#7577,10.);
#2495=VECTOR('',#7578,10.);
#2496=VECTOR('',#7581,10.);
#2497=VECTOR('',#7582,10.);
#2498=VECTOR('',#7583,10.);
#2499=VECTOR('',#7586,10.);
#2500=VECTOR('',#7587,10.);
#2501=VECTOR('',#7592,10.);
#2502=VECTOR('',#7595,10.);
#2503=VECTOR('',#7598,10.);
#2504=VECTOR('',#7599,10.);
#2505=VECTOR('',#7602,10.);
#2506=VECTOR('',#7605,10.);
#2507=VECTOR('',#7616,10.);
#2508=VECTOR('',#7621,10.);
#2509=VECTOR('',#7622,10.);
#2510=VECTOR('',#7623,10.);
#2511=VECTOR('',#7630,10.);
#2512=VECTOR('',#7633,10.);
#2513=VECTOR('',#7634,10.);
#2514=VECTOR('',#7635,10.);
#2515=VECTOR('',#7656,10.);
#2516=VECTOR('',#7659,10.);
#2517=VECTOR('',#7660,10.);
#2518=VECTOR('',#7661,10.);
#2519=VECTOR('',#7662,10.);
#2520=VECTOR('',#7663,10.);
#2521=VECTOR('',#7664,10.);
#2522=VECTOR('',#7669,10.);
#2523=VECTOR('',#7674,10.);
#2524=VECTOR('',#7675,10.);
#2525=VECTOR('',#7676,10.);
#2526=VECTOR('',#7677,10.);
#2527=VECTOR('',#7678,10.);
#2528=VECTOR('',#7679,10.);
#2529=VECTOR('',#7680,10.);
#2530=VECTOR('',#7693,10.);
#2531=VECTOR('',#7696,10.);
#2532=VECTOR('',#7701,10.);
#2533=VECTOR('',#7702,10.);
#2534=VECTOR('',#7705,10.);
#2535=VECTOR('',#7706,10.);
#2536=VECTOR('',#7709,10.);
#2537=VECTOR('',#7712,10.);
#2538=VECTOR('',#7713,10.);
#2539=VECTOR('',#7714,10.);
#2540=VECTOR('',#7715,10.);
#2541=VECTOR('',#7718,10.);
#2542=VECTOR('',#7719,10.);
#2543=VECTOR('',#7722,10.);
#2544=VECTOR('',#7727,3.);
#2545=VECTOR('',#7732,3.);
#2546=VECTOR('',#7737,3.);
#2547=VECTOR('',#7742,3.);
#2548=VECTOR('',#7745,10.);
#2549=VECTOR('',#7750,1.7);
#2550=VECTOR('',#7757,1.7);
#2551=VECTOR('',#7764,1.7);
#2552=VECTOR('',#7771,1.7);
#2553=VERTEX_POINT('',#7778);
#2554=VERTEX_POINT('',#7779);
#2555=VERTEX_POINT('',#7781);
#2556=VERTEX_POINT('',#7783);
#2557=VERTEX_POINT('',#7796);
#2558=VERTEX_POINT('',#7802);
#2559=VERTEX_POINT('',#7819);
#2560=VERTEX_POINT('',#7825);
#2561=VERTEX_POINT('',#7842);
#2562=VERTEX_POINT('',#7848);
#2563=VERTEX_POINT('',#7865);
#2564=VERTEX_POINT('',#7871);
#2565=VERTEX_POINT('',#7888);
#2566=VERTEX_POINT('',#7894);
#2567=VERTEX_POINT('',#7902);
#2568=VERTEX_POINT('',#7904);
#2569=VERTEX_POINT('',#7908);
#2570=VERTEX_POINT('',#7910);
#2571=VERTEX_POINT('',#7914);
#2572=VERTEX_POINT('',#7916);
#2573=VERTEX_POINT('',#7929);
#2574=VERTEX_POINT('',#7935);
#2575=VERTEX_POINT('',#7952);
#2576=VERTEX_POINT('',#7958);
#2577=VERTEX_POINT('',#7975);
#2578=VERTEX_POINT('',#7981);
#2579=VERTEX_POINT('',#7998);
#2580=VERTEX_POINT('',#8004);
#2581=VERTEX_POINT('',#8021);
#2582=VERTEX_POINT('',#8027);
#2583=VERTEX_POINT('',#8035);
#2584=VERTEX_POINT('',#8037);
#2585=VERTEX_POINT('',#8041);
#2586=VERTEX_POINT('',#8043);
#2587=VERTEX_POINT('',#8047);
#2588=VERTEX_POINT('',#8049);
#2589=VERTEX_POINT('',#8057);
#2590=VERTEX_POINT('',#8058);
#2591=VERTEX_POINT('',#8060);
#2592=VERTEX_POINT('',#8062);
#2593=VERTEX_POINT('',#8075);
#2594=VERTEX_POINT('',#8081);
#2595=VERTEX_POINT('',#8098);
#2596=VERTEX_POINT('',#8104);
#2597=VERTEX_POINT('',#8121);
#2598=VERTEX_POINT('',#8127);
#2599=VERTEX_POINT('',#8144);
#2600=VERTEX_POINT('',#8150);
#2601=VERTEX_POINT('',#8167);
#2602=VERTEX_POINT('',#8173);
#2603=VERTEX_POINT('',#8181);
#2604=VERTEX_POINT('',#8183);
#2605=VERTEX_POINT('',#8187);
#2606=VERTEX_POINT('',#8189);
#2607=VERTEX_POINT('',#8193);
#2608=VERTEX_POINT('',#8195);
#2609=VERTEX_POINT('',#8208);
#2610=VERTEX_POINT('',#8214);
#2611=VERTEX_POINT('',#8231);
#2612=VERTEX_POINT('',#8237);
#2613=VERTEX_POINT('',#8254);
#2614=VERTEX_POINT('',#8260);
#2615=VERTEX_POINT('',#8277);
#2616=VERTEX_POINT('',#8283);
#2617=VERTEX_POINT('',#8291);
#2618=VERTEX_POINT('',#8293);
#2619=VERTEX_POINT('',#8297);
#2620=VERTEX_POINT('',#8299);
#2621=VERTEX_POINT('',#8303);
#2622=VERTEX_POINT('',#8305);
#2623=VERTEX_POINT('',#8313);
#2624=VERTEX_POINT('',#8314);
#2625=VERTEX_POINT('',#8316);
#2626=VERTEX_POINT('',#8318);
#2627=VERTEX_POINT('',#8322);
#2628=VERTEX_POINT('',#8324);
#2629=VERTEX_POINT('',#8328);
#2630=VERTEX_POINT('',#8330);
#2631=VERTEX_POINT('',#8347);
#2632=VERTEX_POINT('',#8348);
#2633=VERTEX_POINT('',#8354);
#2634=VERTEX_POINT('',#8356);
#2635=VERTEX_POINT('',#8373);
#2636=VERTEX_POINT('',#8379);
#2637=VERTEX_POINT('',#8396);
#2638=VERTEX_POINT('',#8402);
#2639=VERTEX_POINT('',#8419);
#2640=VERTEX_POINT('',#8425);
#2641=VERTEX_POINT('',#8442);
#2642=VERTEX_POINT('',#8448);
#2643=VERTEX_POINT('',#8465);
#2644=VERTEX_POINT('',#8471);
#2645=VERTEX_POINT('',#8488);
#2646=VERTEX_POINT('',#8494);
#2647=VERTEX_POINT('',#8522);
#2648=VERTEX_POINT('',#8523);
#2649=VERTEX_POINT('',#8525);
#2650=VERTEX_POINT('',#8527);
#2651=VERTEX_POINT('',#8531);
#2652=VERTEX_POINT('',#8533);
#2653=VERTEX_POINT('',#8537);
#2654=VERTEX_POINT('',#8539);
#2655=VERTEX_POINT('',#8552);
#2656=VERTEX_POINT('',#8558);
#2657=VERTEX_POINT('',#8575);
#2658=VERTEX_POINT('',#8581);
#2659=VERTEX_POINT('',#8598);
#2660=VERTEX_POINT('',#8604);
#2661=VERTEX_POINT('',#8621);
#2662=VERTEX_POINT('',#8627);
#2663=VERTEX_POINT('',#8644);
#2664=VERTEX_POINT('',#8650);
#2665=VERTEX_POINT('',#8667);
#2666=VERTEX_POINT('',#8673);
#2667=VERTEX_POINT('',#8690);
#2668=VERTEX_POINT('',#8696);
#2669=VERTEX_POINT('',#8713);
#2670=VERTEX_POINT('',#8719);
#2671=VERTEX_POINT('',#8736);
#2672=VERTEX_POINT('',#8742);
#2673=VERTEX_POINT('',#8750);
#2674=VERTEX_POINT('',#8752);
#2675=VERTEX_POINT('',#8760);
#2676=VERTEX_POINT('',#8761);
#2677=VERTEX_POINT('',#8763);
#2678=VERTEX_POINT('',#8765);
#2679=VERTEX_POINT('',#8769);
#2680=VERTEX_POINT('',#8771);
#2681=VERTEX_POINT('',#8775);
#2682=VERTEX_POINT('',#8777);
#2683=VERTEX_POINT('',#8781);
#2684=VERTEX_POINT('',#8783);
#2685=VERTEX_POINT('',#8787);
#2686=VERTEX_POINT('',#8789);
#2687=VERTEX_POINT('',#8793);
#2688=VERTEX_POINT('',#8795);
#2689=VERTEX_POINT('',#8799);
#2690=VERTEX_POINT('',#8801);
#2691=VERTEX_POINT('',#8805);
#2692=VERTEX_POINT('',#8807);
#2693=VERTEX_POINT('',#8811);
#2694=VERTEX_POINT('',#8813);
#2695=VERTEX_POINT('',#8817);
#2696=VERTEX_POINT('',#8819);
#2697=VERTEX_POINT('',#8823);
#2698=VERTEX_POINT('',#8825);
#2699=VERTEX_POINT('',#8842);
#2700=VERTEX_POINT('',#8843);
#2701=VERTEX_POINT('',#8849);
#2702=VERTEX_POINT('',#8851);
#2703=VERTEX_POINT('',#8868);
#2704=VERTEX_POINT('',#8874);
#2705=VERTEX_POINT('',#8891);
#2706=VERTEX_POINT('',#8897);
#2707=VERTEX_POINT('',#8914);
#2708=VERTEX_POINT('',#8920);
#2709=VERTEX_POINT('',#8937);
#2710=VERTEX_POINT('',#8943);
#2711=VERTEX_POINT('',#8960);
#2712=VERTEX_POINT('',#8966);
#2713=VERTEX_POINT('',#8983);
#2714=VERTEX_POINT('',#8989);
#2715=VERTEX_POINT('',#8997);
#2716=VERTEX_POINT('',#8999);
#2717=VERTEX_POINT('',#9012);
#2718=VERTEX_POINT('',#9018);
#2719=VERTEX_POINT('',#9035);
#2720=VERTEX_POINT('',#9041);
#2721=VERTEX_POINT('',#9058);
#2722=VERTEX_POINT('',#9064);
#2723=VERTEX_POINT('',#9081);
#2724=VERTEX_POINT('',#9087);
#2725=VERTEX_POINT('',#9104);
#2726=VERTEX_POINT('',#9110);
#2727=VERTEX_POINT('',#9127);
#2728=VERTEX_POINT('',#9133);
#2729=VERTEX_POINT('',#9150);
#2730=VERTEX_POINT('',#9156);
#2731=VERTEX_POINT('',#9173);
#2732=VERTEX_POINT('',#9179);
#2733=VERTEX_POINT('',#9196);
#2734=VERTEX_POINT('',#9202);
#2735=VERTEX_POINT('',#9210);
#2736=VERTEX_POINT('',#9212);
#2737=VERTEX_POINT('',#9246);
#2738=VERTEX_POINT('',#9247);
#2739=VERTEX_POINT('',#9253);
#2740=VERTEX_POINT('',#9255);
#2741=VERTEX_POINT('',#9272);
#2742=VERTEX_POINT('',#9278);
#2743=VERTEX_POINT('',#9295);
#2744=VERTEX_POINT('',#9301);
#2745=VERTEX_POINT('',#9318);
#2746=VERTEX_POINT('',#9324);
#2747=VERTEX_POINT('',#9341);
#2748=VERTEX_POINT('',#9347);
#2749=VERTEX_POINT('',#9364);
#2750=VERTEX_POINT('',#9370);
#2751=VERTEX_POINT('',#9387);
#2752=VERTEX_POINT('',#9393);
#2753=VERTEX_POINT('',#9421);
#2754=VERTEX_POINT('',#9422);
#2755=VERTEX_POINT('',#9424);
#2756=VERTEX_POINT('',#9426);
#2757=VERTEX_POINT('',#9439);
#2758=VERTEX_POINT('',#9445);
#2759=VERTEX_POINT('',#9462);
#2760=VERTEX_POINT('',#9468);
#2761=VERTEX_POINT('',#9485);
#2762=VERTEX_POINT('',#9491);
#2763=VERTEX_POINT('',#9508);
#2764=VERTEX_POINT('',#9514);
#2765=VERTEX_POINT('',#9531);
#2766=VERTEX_POINT('',#9537);
#2767=VERTEX_POINT('',#9554);
#2768=VERTEX_POINT('',#9560);
#2769=VERTEX_POINT('',#9577);
#2770=VERTEX_POINT('',#9583);
#2771=VERTEX_POINT('',#9600);
#2772=VERTEX_POINT('',#9606);
#2773=VERTEX_POINT('',#9623);
#2774=VERTEX_POINT('',#9629);
#2775=VERTEX_POINT('',#9646);
#2776=VERTEX_POINT('',#9652);
#2777=VERTEX_POINT('',#9660);
#2778=VERTEX_POINT('',#9662);
#2779=VERTEX_POINT('',#9666);
#2780=VERTEX_POINT('',#9668);
#2781=VERTEX_POINT('',#9672);
#2782=VERTEX_POINT('',#9674);
#2783=VERTEX_POINT('',#9691);
#2784=VERTEX_POINT('',#9692);
#2785=VERTEX_POINT('',#9698);
#2786=VERTEX_POINT('',#9700);
#2787=VERTEX_POINT('',#9717);
#2788=VERTEX_POINT('',#9723);
#2789=VERTEX_POINT('',#9740);
#2790=VERTEX_POINT('',#9746);
#2791=VERTEX_POINT('',#9763);
#2792=VERTEX_POINT('',#9769);
#2793=VERTEX_POINT('',#9786);
#2794=VERTEX_POINT('',#9792);
#2795=VERTEX_POINT('',#9809);
#2796=VERTEX_POINT('',#9815);
#2797=VERTEX_POINT('',#9832);
#2798=VERTEX_POINT('',#9838);
#2799=VERTEX_POINT('',#9855);
#2800=VERTEX_POINT('',#9861);
#2801=VERTEX_POINT('',#9878);
#2802=VERTEX_POINT('',#9884);
#2803=VERTEX_POINT('',#9895);
#2804=VERTEX_POINT('',#9896);
#2805=VERTEX_POINT('',#9898);
#2806=VERTEX_POINT('',#9900);
#2807=VERTEX_POINT('',#9913);
#2808=VERTEX_POINT('',#9919);
#2809=VERTEX_POINT('',#9936);
#2810=VERTEX_POINT('',#9942);
#2811=VERTEX_POINT('',#9950);
#2812=VERTEX_POINT('',#9952);
#2813=VERTEX_POINT('',#9965);
#2814=VERTEX_POINT('',#9971);
#2815=VERTEX_POINT('',#9988);
#2816=VERTEX_POINT('',#9994);
#2817=VERTEX_POINT('',#10011);
#2818=VERTEX_POINT('',#10017);
#2819=VERTEX_POINT('',#10034);
#2820=VERTEX_POINT('',#10040);
#2821=VERTEX_POINT('',#10057);
#2822=VERTEX_POINT('',#10063);
#2823=VERTEX_POINT('',#10080);
#2824=VERTEX_POINT('',#10086);
#2825=VERTEX_POINT('',#10103);
#2826=VERTEX_POINT('',#10109);
#2827=VERTEX_POINT('',#10117);
#2828=VERTEX_POINT('',#10119);
#2829=VERTEX_POINT('',#10132);
#2830=VERTEX_POINT('',#10138);
#2831=VERTEX_POINT('',#10155);
#2832=VERTEX_POINT('',#10161);
#2833=VERTEX_POINT('',#10178);
#2834=VERTEX_POINT('',#10184);
#2835=VERTEX_POINT('',#10201);
#2836=VERTEX_POINT('',#10207);
#2837=VERTEX_POINT('',#10224);
#2838=VERTEX_POINT('',#10230);
#2839=VERTEX_POINT('',#10247);
#2840=VERTEX_POINT('',#10253);
#2841=VERTEX_POINT('',#10270);
#2842=VERTEX_POINT('',#10276);
#2843=VERTEX_POINT('',#10293);
#2844=VERTEX_POINT('',#10299);
#2845=VERTEX_POINT('',#10316);
#2846=VERTEX_POINT('',#10322);
#2847=VERTEX_POINT('',#10339);
#2848=VERTEX_POINT('',#10345);
#2849=VERTEX_POINT('',#10362);
#2850=VERTEX_POINT('',#10368);
#2851=VERTEX_POINT('',#10385);
#2852=VERTEX_POINT('',#10391);
#2853=VERTEX_POINT('',#10408);
#2854=VERTEX_POINT('',#10414);
#2855=VERTEX_POINT('',#10431);
#2856=VERTEX_POINT('',#10437);
#2857=VERTEX_POINT('',#10466);
#2858=VERTEX_POINT('',#10467);
#2859=VERTEX_POINT('',#10469);
#2860=VERTEX_POINT('',#10471);
#2861=VERTEX_POINT('',#10475);
#2862=VERTEX_POINT('',#10477);
#2863=VERTEX_POINT('',#10481);
#2864=VERTEX_POINT('',#10483);
#2865=VERTEX_POINT('',#10487);
#2866=VERTEX_POINT('',#10489);
#2867=VERTEX_POINT('',#10493);
#2868=VERTEX_POINT('',#10495);
#2869=VERTEX_POINT('',#10499);
#2870=VERTEX_POINT('',#10501);
#2871=VERTEX_POINT('',#10505);
#2872=VERTEX_POINT('',#10507);
#2873=VERTEX_POINT('',#10511);
#2874=VERTEX_POINT('',#10513);
#2875=VERTEX_POINT('',#10517);
#2876=VERTEX_POINT('',#10519);
#2877=VERTEX_POINT('',#10523);
#2878=VERTEX_POINT('',#10525);
#2879=VERTEX_POINT('',#10529);
#2880=VERTEX_POINT('',#10531);
#2881=VERTEX_POINT('',#10548);
#2882=VERTEX_POINT('',#10549);
#2883=VERTEX_POINT('',#10555);
#2884=VERTEX_POINT('',#10557);
#2885=VERTEX_POINT('',#10574);
#2886=VERTEX_POINT('',#10580);
#2887=VERTEX_POINT('',#10597);
#2888=VERTEX_POINT('',#10603);
#2889=VERTEX_POINT('',#10620);
#2890=VERTEX_POINT('',#10626);
#2891=VERTEX_POINT('',#10643);
#2892=VERTEX_POINT('',#10649);
#2893=VERTEX_POINT('',#10666);
#2894=VERTEX_POINT('',#10672);
#2895=VERTEX_POINT('',#10689);
#2896=VERTEX_POINT('',#10695);
#2897=VERTEX_POINT('',#10712);
#2898=VERTEX_POINT('',#10718);
#2899=VERTEX_POINT('',#10735);
#2900=VERTEX_POINT('',#10741);
#2901=VERTEX_POINT('',#10752);
#2902=VERTEX_POINT('',#10753);
#2903=VERTEX_POINT('',#10755);
#2904=VERTEX_POINT('',#10757);
#2905=VERTEX_POINT('',#10770);
#2906=VERTEX_POINT('',#10776);
#2907=VERTEX_POINT('',#10793);
#2908=VERTEX_POINT('',#10799);
#2909=VERTEX_POINT('',#10807);
#2910=VERTEX_POINT('',#10809);
#2911=VERTEX_POINT('',#10822);
#2912=VERTEX_POINT('',#10828);
#2913=VERTEX_POINT('',#10845);
#2914=VERTEX_POINT('',#10851);
#2915=VERTEX_POINT('',#10868);
#2916=VERTEX_POINT('',#10874);
#2917=VERTEX_POINT('',#10891);
#2918=VERTEX_POINT('',#10897);
#2919=VERTEX_POINT('',#10914);
#2920=VERTEX_POINT('',#10920);
#2921=VERTEX_POINT('',#10937);
#2922=VERTEX_POINT('',#10943);
#2923=VERTEX_POINT('',#10960);
#2924=VERTEX_POINT('',#10966);
#2925=VERTEX_POINT('',#10974);
#2926=VERTEX_POINT('',#10976);
#2927=VERTEX_POINT('',#10989);
#2928=VERTEX_POINT('',#10995);
#2929=VERTEX_POINT('',#11012);
#2930=VERTEX_POINT('',#11018);
#2931=VERTEX_POINT('',#11035);
#2932=VERTEX_POINT('',#11041);
#2933=VERTEX_POINT('',#11058);
#2934=VERTEX_POINT('',#11064);
#2935=VERTEX_POINT('',#11081);
#2936=VERTEX_POINT('',#11087);
#2937=VERTEX_POINT('',#11104);
#2938=VERTEX_POINT('',#11110);
#2939=VERTEX_POINT('',#11127);
#2940=VERTEX_POINT('',#11133);
#2941=VERTEX_POINT('',#11150);
#2942=VERTEX_POINT('',#11156);
#2943=VERTEX_POINT('',#11173);
#2944=VERTEX_POINT('',#11179);
#2945=VERTEX_POINT('',#11196);
#2946=VERTEX_POINT('',#11202);
#2947=VERTEX_POINT('',#11219);
#2948=VERTEX_POINT('',#11225);
#2949=VERTEX_POINT('',#11242);
#2950=VERTEX_POINT('',#11248);
#2951=VERTEX_POINT('',#11265);
#2952=VERTEX_POINT('',#11271);
#2953=VERTEX_POINT('',#11288);
#2954=VERTEX_POINT('',#11294);
#2955=VERTEX_POINT('',#11332);
#2956=VERTEX_POINT('',#11333);
#2957=VERTEX_POINT('',#11339);
#2958=VERTEX_POINT('',#11341);
#2959=VERTEX_POINT('',#11358);
#2960=VERTEX_POINT('',#11364);
#2961=VERTEX_POINT('',#11381);
#2962=VERTEX_POINT('',#11387);
#2963=VERTEX_POINT('',#11404);
#2964=VERTEX_POINT('',#11410);
#2965=VERTEX_POINT('',#11427);
#2966=VERTEX_POINT('',#11433);
#2967=VERTEX_POINT('',#11450);
#2968=VERTEX_POINT('',#11456);
#2969=VERTEX_POINT('',#11473);
#2970=VERTEX_POINT('',#11479);
#2971=VERTEX_POINT('',#11496);
#2972=VERTEX_POINT('',#11502);
#2973=VERTEX_POINT('',#11519);
#2974=VERTEX_POINT('',#11525);
#2975=VERTEX_POINT('',#11542);
#2976=VERTEX_POINT('',#11548);
#2977=VERTEX_POINT('',#11565);
#2978=VERTEX_POINT('',#11571);
#2979=VERTEX_POINT('',#11588);
#2980=VERTEX_POINT('',#11594);
#2981=VERTEX_POINT('',#11611);
#2982=VERTEX_POINT('',#11617);
#2983=VERTEX_POINT('',#11634);
#2984=VERTEX_POINT('',#11640);
#2985=VERTEX_POINT('',#11648);
#2986=VERTEX_POINT('',#11650);
#2987=VERTEX_POINT('',#11663);
#2988=VERTEX_POINT('',#11669);
#2989=VERTEX_POINT('',#11686);
#2990=VERTEX_POINT('',#11692);
#2991=VERTEX_POINT('',#11709);
#2992=VERTEX_POINT('',#11715);
#2993=VERTEX_POINT('',#11732);
#2994=VERTEX_POINT('',#11738);
#2995=VERTEX_POINT('',#11755);
#2996=VERTEX_POINT('',#11761);
#2997=VERTEX_POINT('',#11778);
#2998=VERTEX_POINT('',#11784);
#2999=VERTEX_POINT('',#11801);
#3000=VERTEX_POINT('',#11807);
#3001=VERTEX_POINT('',#11824);
#3002=VERTEX_POINT('',#11830);
#3003=VERTEX_POINT('',#11847);
#3004=VERTEX_POINT('',#11853);
#3005=VERTEX_POINT('',#11870);
#3006=VERTEX_POINT('',#11876);
#3007=VERTEX_POINT('',#11893);
#3008=VERTEX_POINT('',#11899);
#3009=VERTEX_POINT('',#11916);
#3010=VERTEX_POINT('',#11922);
#3011=VERTEX_POINT('',#11939);
#3012=VERTEX_POINT('',#11945);
#3013=VERTEX_POINT('',#11962);
#3014=VERTEX_POINT('',#11968);
#3015=VERTEX_POINT('',#11985);
#3016=VERTEX_POINT('',#11991);
#3017=VERTEX_POINT('',#12008);
#3018=VERTEX_POINT('',#12014);
#3019=VERTEX_POINT('',#12022);
#3020=VERTEX_POINT('',#12024);
#3021=VERTEX_POINT('',#12049);
#3022=VERTEX_POINT('',#12050);
#3023=VERTEX_POINT('',#12052);
#3024=VERTEX_POINT('',#12054);
#3025=VERTEX_POINT('',#12058);
#3026=VERTEX_POINT('',#12060);
#3027=VERTEX_POINT('',#12064);
#3028=VERTEX_POINT('',#12066);
#3029=VERTEX_POINT('',#12070);
#3030=VERTEX_POINT('',#12072);
#3031=VERTEX_POINT('',#12076);
#3032=VERTEX_POINT('',#12078);
#3033=VERTEX_POINT('',#12086);
#3034=VERTEX_POINT('',#12087);
#3035=VERTEX_POINT('',#12089);
#3036=VERTEX_POINT('',#12091);
#3037=VERTEX_POINT('',#12095);
#3038=VERTEX_POINT('',#12097);
#3039=VERTEX_POINT('',#12101);
#3040=VERTEX_POINT('',#12103);
#3041=VERTEX_POINT('',#12116);
#3042=VERTEX_POINT('',#12122);
#3043=VERTEX_POINT('',#12139);
#3044=VERTEX_POINT('',#12145);
#3045=VERTEX_POINT('',#12162);
#3046=VERTEX_POINT('',#12168);
#3047=VERTEX_POINT('',#12185);
#3048=VERTEX_POINT('',#12191);
#3049=VERTEX_POINT('',#12208);
#3050=VERTEX_POINT('',#12214);
#3051=VERTEX_POINT('',#12231);
#3052=VERTEX_POINT('',#12237);
#3053=VERTEX_POINT('',#12245);
#3054=VERTEX_POINT('',#12247);
#3055=VERTEX_POINT('',#12251);
#3056=VERTEX_POINT('',#12253);
#3057=VERTEX_POINT('',#12257);
#3058=VERTEX_POINT('',#12259);
#3059=VERTEX_POINT('',#12272);
#3060=VERTEX_POINT('',#12278);
#3061=VERTEX_POINT('',#12295);
#3062=VERTEX_POINT('',#12301);
#3063=VERTEX_POINT('',#12318);
#3064=VERTEX_POINT('',#12324);
#3065=VERTEX_POINT('',#12341);
#3066=VERTEX_POINT('',#12347);
#3067=VERTEX_POINT('',#12364);
#3068=VERTEX_POINT('',#12370);
#3069=VERTEX_POINT('',#12378);
#3070=VERTEX_POINT('',#12380);
#3071=VERTEX_POINT('',#12397);
#3072=VERTEX_POINT('',#12398);
#3073=VERTEX_POINT('',#12404);
#3074=VERTEX_POINT('',#12406);
#3075=VERTEX_POINT('',#12423);
#3076=VERTEX_POINT('',#12429);
#3077=VERTEX_POINT('',#12446);
#3078=VERTEX_POINT('',#12452);
#3079=VERTEX_POINT('',#12469);
#3080=VERTEX_POINT('',#12475);
#3081=VERTEX_POINT('',#12492);
#3082=VERTEX_POINT('',#12498);
#3083=VERTEX_POINT('',#12515);
#3084=VERTEX_POINT('',#12521);
#3085=VERTEX_POINT('',#12538);
#3086=VERTEX_POINT('',#12544);
#3087=VERTEX_POINT('',#12561);
#3088=VERTEX_POINT('',#12567);
#3089=VERTEX_POINT('',#12584);
#3090=VERTEX_POINT('',#12590);
#3091=VERTEX_POINT('',#12607);
#3092=VERTEX_POINT('',#12613);
#3093=VERTEX_POINT('',#12630);
#3094=VERTEX_POINT('',#12636);
#3095=VERTEX_POINT('',#12653);
#3096=VERTEX_POINT('',#12659);
#3097=VERTEX_POINT('',#12676);
#3098=VERTEX_POINT('',#12682);
#3099=VERTEX_POINT('',#12699);
#3100=VERTEX_POINT('',#12705);
#3101=VERTEX_POINT('',#12713);
#3102=VERTEX_POINT('',#12715);
#3103=VERTEX_POINT('',#12728);
#3104=VERTEX_POINT('',#12734);
#3105=VERTEX_POINT('',#12751);
#3106=VERTEX_POINT('',#12757);
#3107=VERTEX_POINT('',#12774);
#3108=VERTEX_POINT('',#12780);
#3109=VERTEX_POINT('',#12797);
#3110=VERTEX_POINT('',#12803);
#3111=VERTEX_POINT('',#12820);
#3112=VERTEX_POINT('',#12826);
#3113=VERTEX_POINT('',#12843);
#3114=VERTEX_POINT('',#12849);
#3115=VERTEX_POINT('',#12866);
#3116=VERTEX_POINT('',#12872);
#3117=VERTEX_POINT('',#12889);
#3118=VERTEX_POINT('',#12895);
#3119=VERTEX_POINT('',#12912);
#3120=VERTEX_POINT('',#12918);
#3121=VERTEX_POINT('',#12935);
#3122=VERTEX_POINT('',#12941);
#3123=VERTEX_POINT('',#12958);
#3124=VERTEX_POINT('',#12964);
#3125=VERTEX_POINT('',#12981);
#3126=VERTEX_POINT('',#12987);
#3127=VERTEX_POINT('',#13004);
#3128=VERTEX_POINT('',#13010);
#3129=VERTEX_POINT('',#13027);
#3130=VERTEX_POINT('',#13033);
#3131=VERTEX_POINT('',#13050);
#3132=VERTEX_POINT('',#13056);
#3133=VERTEX_POINT('',#13073);
#3134=VERTEX_POINT('',#13079);
#3135=VERTEX_POINT('',#13087);
#3136=VERTEX_POINT('',#13089);
#3137=VERTEX_POINT('',#13123);
#3138=VERTEX_POINT('',#13124);
#3139=VERTEX_POINT('',#13130);
#3140=VERTEX_POINT('',#13132);
#3141=VERTEX_POINT('',#13149);
#3142=VERTEX_POINT('',#13155);
#3143=VERTEX_POINT('',#13163);
#3144=VERTEX_POINT('',#13165);
#3145=VERTEX_POINT('',#13169);
#3146=VERTEX_POINT('',#13171);
#3147=VERTEX_POINT('',#13178);
#3148=VERTEX_POINT('',#13179);
#3149=VERTEX_POINT('',#13181);
#3150=VERTEX_POINT('',#13183);
#3151=VERTEX_POINT('',#13187);
#3152=VERTEX_POINT('',#13189);
#3153=VERTEX_POINT('',#13193);
#3154=VERTEX_POINT('',#13195);
#3155=VERTEX_POINT('',#13199);
#3156=VERTEX_POINT('',#13201);
#3157=VERTEX_POINT('',#13205);
#3158=VERTEX_POINT('',#13207);
#3159=VERTEX_POINT('',#13211);
#3160=VERTEX_POINT('',#13213);
#3161=VERTEX_POINT('',#13217);
#3162=VERTEX_POINT('',#13219);
#3163=VERTEX_POINT('',#13227);
#3164=VERTEX_POINT('',#13228);
#3165=VERTEX_POINT('',#13230);
#3166=VERTEX_POINT('',#13232);
#3167=VERTEX_POINT('',#13234);
#3168=VERTEX_POINT('',#13236);
#3169=VERTEX_POINT('',#13238);
#3170=VERTEX_POINT('',#13240);
#3171=VERTEX_POINT('',#13242);
#3172=VERTEX_POINT('',#13244);
#3173=VERTEX_POINT('',#13252);
#3174=VERTEX_POINT('',#13256);
#3175=VERTEX_POINT('',#13258);
#3176=VERTEX_POINT('',#13263);
#3177=VERTEX_POINT('',#13267);
#3178=VERTEX_POINT('',#13269);
#3179=VERTEX_POINT('',#13273);
#3180=VERTEX_POINT('',#13276);
#3181=VERTEX_POINT('',#13279);
#3182=VERTEX_POINT('',#13282);
#3183=VERTEX_POINT('',#13285);
#3184=VERTEX_POINT('',#13289);
#3185=VERTEX_POINT('',#13291);
#3186=VERTEX_POINT('',#13293);
#3187=VERTEX_POINT('',#13295);
#3188=VERTEX_POINT('',#13297);
#3189=VERTEX_POINT('',#13301);
#3190=VERTEX_POINT('',#13303);
#3191=VERTEX_POINT('',#13307);
#3192=VERTEX_POINT('',#13309);
#3193=VERTEX_POINT('',#13311);
#3194=VERTEX_POINT('',#13313);
#3195=VERTEX_POINT('',#13315);
#3196=VERTEX_POINT('',#13317);
#3197=VERTEX_POINT('',#13320);
#3198=VERTEX_POINT('',#13322);
#3199=VERTEX_POINT('',#13324);
#3200=VERTEX_POINT('',#13326);
#3201=VERTEX_POINT('',#13335);
#3202=VERTEX_POINT('',#13339);
#3203=VERTEX_POINT('',#13345);
#3204=VERTEX_POINT('',#13346);
#3205=VERTEX_POINT('',#13348);
#3206=VERTEX_POINT('',#13350);
#3207=VERTEX_POINT('',#13359);
#3208=VERTEX_POINT('',#13363);
#3209=VERTEX_POINT('',#13367);
#3210=VERTEX_POINT('',#13371);
#3211=VERTEX_POINT('',#13378);
#3212=VERTEX_POINT('',#13383);
#3213=VERTEX_POINT('',#13388);
#3214=VERTEX_POINT('',#13393);
#3215=EDGE_CURVE('',#2553,#2554,#1467,.T.);
#3216=EDGE_CURVE('',#2553,#2555,#1468,.T.);
#3217=EDGE_CURVE('',#2555,#2556,#1469,.T.);
#3218=EDGE_CURVE('',#2554,#2556,#1470,.T.);
#3219=EDGE_CURVE('',#2557,#2553,#81,.T.);
#3220=EDGE_CURVE('',#2557,#2558,#1471,.T.);
#3221=EDGE_CURVE('',#2558,#2555,#82,.T.);
#3222=EDGE_CURVE('',#2559,#2557,#83,.T.);
#3223=EDGE_CURVE('',#2559,#2560,#1472,.T.);
#3224=EDGE_CURVE('',#2560,#2558,#84,.T.);
#3225=EDGE_CURVE('',#2561,#2559,#85,.T.);
#3226=EDGE_CURVE('',#2561,#2562,#1473,.T.);
#3227=EDGE_CURVE('',#2562,#2560,#86,.T.);
#3228=EDGE_CURVE('',#2563,#2561,#87,.T.);
#3229=EDGE_CURVE('',#2563,#2564,#1474,.T.);
#3230=EDGE_CURVE('',#2564,#2562,#88,.T.);
#3231=EDGE_CURVE('',#2565,#2563,#89,.T.);
#3232=EDGE_CURVE('',#2565,#2566,#1475,.T.);
#3233=EDGE_CURVE('',#2566,#2564,#90,.T.);
#3234=EDGE_CURVE('',#2567,#2565,#1476,.T.);
#3235=EDGE_CURVE('',#2567,#2568,#1477,.T.);
#3236=EDGE_CURVE('',#2568,#2566,#1478,.T.);
#3237=EDGE_CURVE('',#2569,#2567,#1479,.T.);
#3238=EDGE_CURVE('',#2569,#2570,#1480,.T.);
#3239=EDGE_CURVE('',#2570,#2568,#1481,.T.);
#3240=EDGE_CURVE('',#2571,#2569,#1482,.T.);
#3241=EDGE_CURVE('',#2571,#2572,#1483,.T.);
#3242=EDGE_CURVE('',#2572,#2570,#1484,.T.);
#3243=EDGE_CURVE('',#2573,#2571,#91,.T.);
#3244=EDGE_CURVE('',#2573,#2574,#1485,.T.);
#3245=EDGE_CURVE('',#2574,#2572,#92,.T.);
#3246=EDGE_CURVE('',#2575,#2573,#93,.T.);
#3247=EDGE_CURVE('',#2575,#2576,#1486,.T.);
#3248=EDGE_CURVE('',#2576,#2574,#94,.T.);
#3249=EDGE_CURVE('',#2577,#2575,#95,.T.);
#3250=EDGE_CURVE('',#2577,#2578,#1487,.T.);
#3251=EDGE_CURVE('',#2578,#2576,#96,.T.);
#3252=EDGE_CURVE('',#2579,#2577,#97,.T.);
#3253=EDGE_CURVE('',#2579,#2580,#1488,.T.);
#3254=EDGE_CURVE('',#2580,#2578,#98,.T.);
#3255=EDGE_CURVE('',#2581,#2579,#99,.T.);
#3256=EDGE_CURVE('',#2581,#2582,#1489,.T.);
#3257=EDGE_CURVE('',#2582,#2580,#100,.T.);
#3258=EDGE_CURVE('',#2583,#2581,#1490,.T.);
#3259=EDGE_CURVE('',#2583,#2584,#1491,.T.);
#3260=EDGE_CURVE('',#2584,#2582,#1492,.T.);
#3261=EDGE_CURVE('',#2585,#2583,#1493,.T.);
#3262=EDGE_CURVE('',#2585,#2586,#1494,.T.);
#3263=EDGE_CURVE('',#2586,#2584,#1495,.T.);
#3264=EDGE_CURVE('',#2587,#2585,#1496,.T.);
#3265=EDGE_CURVE('',#2587,#2588,#1497,.T.);
#3266=EDGE_CURVE('',#2588,#2586,#1498,.T.);
#3267=EDGE_CURVE('',#2554,#2587,#1499,.T.);
#3268=EDGE_CURVE('',#2556,#2588,#1500,.T.);
#3269=EDGE_CURVE('',#2589,#2590,#1501,.T.);
#3270=EDGE_CURVE('',#2589,#2591,#1502,.T.);
#3271=EDGE_CURVE('',#2591,#2592,#1503,.T.);
#3272=EDGE_CURVE('',#2590,#2592,#1504,.T.);
#3273=EDGE_CURVE('',#2593,#2589,#101,.T.);
#3274=EDGE_CURVE('',#2593,#2594,#1505,.T.);
#3275=EDGE_CURVE('',#2594,#2591,#102,.T.);
#3276=EDGE_CURVE('',#2595,#2593,#103,.T.);
#3277=EDGE_CURVE('',#2595,#2596,#1506,.T.);
#3278=EDGE_CURVE('',#2596,#2594,#104,.T.);
#3279=EDGE_CURVE('',#2597,#2595,#105,.T.);
#3280=EDGE_CURVE('',#2597,#2598,#1507,.T.);
#3281=EDGE_CURVE('',#2598,#2596,#106,.T.);
#3282=EDGE_CURVE('',#2599,#2597,#107,.T.);
#3283=EDGE_CURVE('',#2599,#2600,#1508,.T.);
#3284=EDGE_CURVE('',#2600,#2598,#108,.T.);
#3285=EDGE_CURVE('',#2601,#2599,#109,.T.);
#3286=EDGE_CURVE('',#2601,#2602,#1509,.T.);
#3287=EDGE_CURVE('',#2602,#2600,#110,.T.);
#3288=EDGE_CURVE('',#2603,#2601,#1510,.T.);
#3289=EDGE_CURVE('',#2603,#2604,#1511,.T.);
#3290=EDGE_CURVE('',#2604,#2602,#1512,.T.);
#3291=EDGE_CURVE('',#2605,#2603,#1513,.T.);
#3292=EDGE_CURVE('',#2605,#2606,#1514,.T.);
#3293=EDGE_CURVE('',#2606,#2604,#1515,.T.);
#3294=EDGE_CURVE('',#2607,#2605,#1516,.T.);
#3295=EDGE_CURVE('',#2607,#2608,#1517,.T.);
#3296=EDGE_CURVE('',#2608,#2606,#1518,.T.);
#3297=EDGE_CURVE('',#2609,#2607,#111,.T.);
#3298=EDGE_CURVE('',#2609,#2610,#1519,.T.);
#3299=EDGE_CURVE('',#2610,#2608,#112,.T.);
#3300=EDGE_CURVE('',#2611,#2609,#113,.T.);
#3301=EDGE_CURVE('',#2611,#2612,#1520,.T.);
#3302=EDGE_CURVE('',#2612,#2610,#114,.T.);
#3303=EDGE_CURVE('',#2613,#2611,#115,.T.);
#3304=EDGE_CURVE('',#2613,#2614,#1521,.T.);
#3305=EDGE_CURVE('',#2614,#2612,#116,.T.);
#3306=EDGE_CURVE('',#2615,#2613,#117,.T.);
#3307=EDGE_CURVE('',#2615,#2616,#1522,.T.);
#3308=EDGE_CURVE('',#2616,#2614,#118,.T.);
#3309=EDGE_CURVE('',#2617,#2615,#1523,.T.);
#3310=EDGE_CURVE('',#2617,#2618,#1524,.T.);
#3311=EDGE_CURVE('',#2618,#2616,#1525,.T.);
#3312=EDGE_CURVE('',#2619,#2617,#1526,.T.);
#3313=EDGE_CURVE('',#2619,#2620,#1527,.T.);
#3314=EDGE_CURVE('',#2620,#2618,#1528,.T.);
#3315=EDGE_CURVE('',#2621,#2619,#1529,.T.);
#3316=EDGE_CURVE('',#2621,#2622,#1530,.T.);
#3317=EDGE_CURVE('',#2622,#2620,#1531,.T.);
#3318=EDGE_CURVE('',#2590,#2621,#1532,.T.);
#3319=EDGE_CURVE('',#2592,#2622,#1533,.T.);
#3320=EDGE_CURVE('',#2623,#2624,#1534,.T.);
#3321=EDGE_CURVE('',#2623,#2625,#1535,.T.);
#3322=EDGE_CURVE('',#2625,#2626,#1536,.T.);
#3323=EDGE_CURVE('',#2624,#2626,#1537,.T.);
#3324=EDGE_CURVE('',#2627,#2623,#1538,.T.);
#3325=EDGE_CURVE('',#2627,#2628,#1539,.T.);
#3326=EDGE_CURVE('',#2628,#2625,#1540,.T.);
#3327=EDGE_CURVE('',#2629,#2627,#1541,.T.);
#3328=EDGE_CURVE('',#2629,#2630,#1542,.T.);
#3329=EDGE_CURVE('',#2630,#2628,#1543,.T.);
#3330=EDGE_CURVE('',#2624,#2629,#1544,.T.);
#3331=EDGE_CURVE('',#2626,#2630,#1545,.T.);
#3332=EDGE_CURVE('',#2631,#2632,#119,.T.);
#3333=EDGE_CURVE('',#2631,#2633,#1546,.T.);
#3334=EDGE_CURVE('',#2633,#2634,#120,.T.);
#3335=EDGE_CURVE('',#2632,#2634,#1547,.T.);
#3336=EDGE_CURVE('',#2635,#2631,#121,.T.);
#3337=EDGE_CURVE('',#2635,#2636,#1548,.T.);
#3338=EDGE_CURVE('',#2636,#2633,#122,.T.);
#3339=EDGE_CURVE('',#2637,#2635,#123,.T.);
#3340=EDGE_CURVE('',#2637,#2638,#1549,.T.);
#3341=EDGE_CURVE('',#2638,#2636,#124,.T.);
#3342=EDGE_CURVE('',#2639,#2637,#125,.T.);
#3343=EDGE_CURVE('',#2639,#2640,#1550,.T.);
#3344=EDGE_CURVE('',#2640,#2638,#126,.T.);
#3345=EDGE_CURVE('',#2641,#2639,#127,.T.);
#3346=EDGE_CURVE('',#2641,#2642,#1551,.T.);
#3347=EDGE_CURVE('',#2642,#2640,#128,.T.);
#3348=EDGE_CURVE('',#2643,#2641,#129,.T.);
#3349=EDGE_CURVE('',#2643,#2644,#1552,.T.);
#3350=EDGE_CURVE('',#2644,#2642,#130,.T.);
#3351=EDGE_CURVE('',#2645,#2643,#131,.T.);
#3352=EDGE_CURVE('',#2645,#2646,#1553,.T.);
#3353=EDGE_CURVE('',#2646,#2644,#132,.T.);
#3354=EDGE_CURVE('',#2632,#2645,#133,.T.);
#3355=EDGE_CURVE('',#2634,#2646,#134,.T.);
#3356=EDGE_CURVE('',#2647,#2648,#1554,.T.);
#3357=EDGE_CURVE('',#2647,#2649,#1555,.T.);
#3358=EDGE_CURVE('',#2649,#2650,#1556,.T.);
#3359=EDGE_CURVE('',#2648,#2650,#1557,.T.);
#3360=EDGE_CURVE('',#2651,#2647,#1558,.T.);
#3361=EDGE_CURVE('',#2651,#2652,#1559,.T.);
#3362=EDGE_CURVE('',#2652,#2649,#1560,.T.);
#3363=EDGE_CURVE('',#2653,#2651,#1561,.T.);
#3364=EDGE_CURVE('',#2653,#2654,#1562,.T.);
#3365=EDGE_CURVE('',#2654,#2652,#1563,.T.);
#3366=EDGE_CURVE('',#2655,#2653,#135,.T.);
#3367=EDGE_CURVE('',#2655,#2656,#1564,.T.);
#3368=EDGE_CURVE('',#2656,#2654,#136,.T.);
#3369=EDGE_CURVE('',#2657,#2655,#137,.T.);
#3370=EDGE_CURVE('',#2657,#2658,#1565,.T.);
#3371=EDGE_CURVE('',#2658,#2656,#138,.T.);
#3372=EDGE_CURVE('',#2659,#2657,#139,.T.);
#3373=EDGE_CURVE('',#2659,#2660,#1566,.T.);
#3374=EDGE_CURVE('',#2660,#2658,#140,.T.);
#3375=EDGE_CURVE('',#2661,#2659,#141,.T.);
#3376=EDGE_CURVE('',#2661,#2662,#1567,.T.);
#3377=EDGE_CURVE('',#2662,#2660,#142,.T.);
#3378=EDGE_CURVE('',#2663,#2661,#143,.T.);
#3379=EDGE_CURVE('',#2663,#2664,#1568,.T.);
#3380=EDGE_CURVE('',#2664,#2662,#144,.T.);
#3381=EDGE_CURVE('',#2665,#2663,#145,.T.);
#3382=EDGE_CURVE('',#2665,#2666,#1569,.T.);
#3383=EDGE_CURVE('',#2666,#2664,#146,.T.);
#3384=EDGE_CURVE('',#2667,#2665,#147,.T.);
#3385=EDGE_CURVE('',#2667,#2668,#1570,.T.);
#3386=EDGE_CURVE('',#2668,#2666,#148,.T.);
#3387=EDGE_CURVE('',#2669,#2667,#149,.T.);
#3388=EDGE_CURVE('',#2669,#2670,#1571,.T.);
#3389=EDGE_CURVE('',#2670,#2668,#150,.T.);
#3390=EDGE_CURVE('',#2671,#2669,#151,.T.);
#3391=EDGE_CURVE('',#2671,#2672,#1572,.T.);
#3392=EDGE_CURVE('',#2672,#2670,#152,.T.);
#3393=EDGE_CURVE('',#2673,#2671,#1573,.T.);
#3394=EDGE_CURVE('',#2673,#2674,#1574,.T.);
#3395=EDGE_CURVE('',#2674,#2672,#1575,.T.);
#3396=EDGE_CURVE('',#2648,#2673,#1576,.T.);
#3397=EDGE_CURVE('',#2650,#2674,#1577,.T.);
#3398=EDGE_CURVE('',#2675,#2676,#1578,.T.);
#3399=EDGE_CURVE('',#2675,#2677,#1579,.T.);
#3400=EDGE_CURVE('',#2677,#2678,#1580,.T.);
#3401=EDGE_CURVE('',#2676,#2678,#1581,.T.);
#3402=EDGE_CURVE('',#2679,#2675,#1582,.T.);
#3403=EDGE_CURVE('',#2679,#2680,#1583,.T.);
#3404=EDGE_CURVE('',#2680,#2677,#1584,.T.);
#3405=EDGE_CURVE('',#2681,#2679,#1585,.T.);
#3406=EDGE_CURVE('',#2681,#2682,#1586,.T.);
#3407=EDGE_CURVE('',#2682,#2680,#1587,.T.);
#3408=EDGE_CURVE('',#2683,#2681,#1588,.T.);
#3409=EDGE_CURVE('',#2683,#2684,#1589,.T.);
#3410=EDGE_CURVE('',#2684,#2682,#1590,.T.);
#3411=EDGE_CURVE('',#2685,#2683,#1591,.T.);
#3412=EDGE_CURVE('',#2685,#2686,#1592,.T.);
#3413=EDGE_CURVE('',#2686,#2684,#1593,.T.);
#3414=EDGE_CURVE('',#2687,#2685,#1594,.T.);
#3415=EDGE_CURVE('',#2687,#2688,#1595,.T.);
#3416=EDGE_CURVE('',#2688,#2686,#1596,.T.);
#3417=EDGE_CURVE('',#2689,#2687,#1597,.T.);
#3418=EDGE_CURVE('',#2689,#2690,#1598,.T.);
#3419=EDGE_CURVE('',#2690,#2688,#1599,.T.);
#3420=EDGE_CURVE('',#2691,#2689,#1600,.T.);
#3421=EDGE_CURVE('',#2691,#2692,#1601,.T.);
#3422=EDGE_CURVE('',#2692,#2690,#1602,.T.);
#3423=EDGE_CURVE('',#2693,#2691,#1603,.T.);
#3424=EDGE_CURVE('',#2693,#2694,#1604,.T.);
#3425=EDGE_CURVE('',#2694,#2692,#1605,.T.);
#3426=EDGE_CURVE('',#2695,#2693,#1606,.T.);
#3427=EDGE_CURVE('',#2695,#2696,#1607,.T.);
#3428=EDGE_CURVE('',#2696,#2694,#1608,.T.);
#3429=EDGE_CURVE('',#2697,#2695,#1609,.T.);
#3430=EDGE_CURVE('',#2697,#2698,#1610,.T.);
#3431=EDGE_CURVE('',#2698,#2696,#1611,.T.);
#3432=EDGE_CURVE('',#2676,#2697,#1612,.T.);
#3433=EDGE_CURVE('',#2678,#2698,#1613,.T.);
#3434=EDGE_CURVE('',#2699,#2700,#153,.T.);
#3435=EDGE_CURVE('',#2699,#2701,#1614,.T.);
#3436=EDGE_CURVE('',#2701,#2702,#154,.T.);
#3437=EDGE_CURVE('',#2700,#2702,#1615,.T.);
#3438=EDGE_CURVE('',#2703,#2699,#155,.T.);
#3439=EDGE_CURVE('',#2703,#2704,#1616,.T.);
#3440=EDGE_CURVE('',#2704,#2701,#156,.T.);
#3441=EDGE_CURVE('',#2705,#2703,#157,.T.);
#3442=EDGE_CURVE('',#2705,#2706,#1617,.T.);
#3443=EDGE_CURVE('',#2706,#2704,#158,.T.);
#3444=EDGE_CURVE('',#2707,#2705,#159,.T.);
#3445=EDGE_CURVE('',#2707,#2708,#1618,.T.);
#3446=EDGE_CURVE('',#2708,#2706,#160,.T.);
#3447=EDGE_CURVE('',#2709,#2707,#161,.T.);
#3448=EDGE_CURVE('',#2709,#2710,#1619,.T.);
#3449=EDGE_CURVE('',#2710,#2708,#162,.T.);
#3450=EDGE_CURVE('',#2711,#2709,#163,.T.);
#3451=EDGE_CURVE('',#2711,#2712,#1620,.T.);
#3452=EDGE_CURVE('',#2712,#2710,#164,.T.);
#3453=EDGE_CURVE('',#2713,#2711,#165,.T.);
#3454=EDGE_CURVE('',#2713,#2714,#1621,.T.);
#3455=EDGE_CURVE('',#2714,#2712,#166,.T.);
#3456=EDGE_CURVE('',#2715,#2713,#1622,.T.);
#3457=EDGE_CURVE('',#2715,#2716,#1623,.T.);
#3458=EDGE_CURVE('',#2716,#2714,#1624,.T.);
#3459=EDGE_CURVE('',#2717,#2715,#167,.T.);
#3460=EDGE_CURVE('',#2717,#2718,#1625,.T.);
#3461=EDGE_CURVE('',#2718,#2716,#168,.T.);
#3462=EDGE_CURVE('',#2719,#2717,#169,.T.);
#3463=EDGE_CURVE('',#2719,#2720,#1626,.T.);
#3464=EDGE_CURVE('',#2720,#2718,#170,.T.);
#3465=EDGE_CURVE('',#2721,#2719,#171,.T.);
#3466=EDGE_CURVE('',#2721,#2722,#1627,.T.);
#3467=EDGE_CURVE('',#2722,#2720,#172,.T.);
#3468=EDGE_CURVE('',#2723,#2721,#173,.T.);
#3469=EDGE_CURVE('',#2723,#2724,#1628,.T.);
#3470=EDGE_CURVE('',#2724,#2722,#174,.T.);
#3471=EDGE_CURVE('',#2725,#2723,#175,.T.);
#3472=EDGE_CURVE('',#2725,#2726,#1629,.T.);
#3473=EDGE_CURVE('',#2726,#2724,#176,.T.);
#3474=EDGE_CURVE('',#2727,#2725,#177,.T.);
#3475=EDGE_CURVE('',#2727,#2728,#1630,.T.);
#3476=EDGE_CURVE('',#2728,#2726,#178,.T.);
#3477=EDGE_CURVE('',#2729,#2727,#179,.T.);
#3478=EDGE_CURVE('',#2729,#2730,#1631,.T.);
#3479=EDGE_CURVE('',#2730,#2728,#180,.T.);
#3480=EDGE_CURVE('',#2731,#2729,#181,.T.);
#3481=EDGE_CURVE('',#2731,#2732,#1632,.T.);
#3482=EDGE_CURVE('',#2732,#2730,#182,.T.);
#3483=EDGE_CURVE('',#2733,#2731,#183,.T.);
#3484=EDGE_CURVE('',#2733,#2734,#1633,.T.);
#3485=EDGE_CURVE('',#2734,#2732,#184,.T.);
#3486=EDGE_CURVE('',#2735,#2733,#1634,.T.);
#3487=EDGE_CURVE('',#2735,#2736,#1635,.T.);
#3488=EDGE_CURVE('',#2736,#2734,#1636,.T.);
#3489=EDGE_CURVE('',#2700,#2735,#185,.T.);
#3490=EDGE_CURVE('',#2702,#2736,#186,.T.);
#3491=EDGE_CURVE('',#2737,#2738,#187,.T.);
#3492=EDGE_CURVE('',#2737,#2739,#1637,.T.);
#3493=EDGE_CURVE('',#2739,#2740,#188,.T.);
#3494=EDGE_CURVE('',#2738,#2740,#1638,.T.);
#3495=EDGE_CURVE('',#2741,#2737,#189,.T.);
#3496=EDGE_CURVE('',#2741,#2742,#1639,.T.);
#3497=EDGE_CURVE('',#2742,#2739,#190,.T.);
#3498=EDGE_CURVE('',#2743,#2741,#191,.T.);
#3499=EDGE_CURVE('',#2743,#2744,#1640,.T.);
#3500=EDGE_CURVE('',#2744,#2742,#192,.T.);
#3501=EDGE_CURVE('',#2745,#2743,#193,.T.);
#3502=EDGE_CURVE('',#2745,#2746,#1641,.T.);
#3503=EDGE_CURVE('',#2746,#2744,#194,.T.);
#3504=EDGE_CURVE('',#2747,#2745,#195,.T.);
#3505=EDGE_CURVE('',#2747,#2748,#1642,.T.);
#3506=EDGE_CURVE('',#2748,#2746,#196,.T.);
#3507=EDGE_CURVE('',#2749,#2747,#197,.T.);
#3508=EDGE_CURVE('',#2749,#2750,#1643,.T.);
#3509=EDGE_CURVE('',#2750,#2748,#198,.T.);
#3510=EDGE_CURVE('',#2751,#2749,#199,.T.);
#3511=EDGE_CURVE('',#2751,#2752,#1644,.T.);
#3512=EDGE_CURVE('',#2752,#2750,#200,.T.);
#3513=EDGE_CURVE('',#2738,#2751,#201,.T.);
#3514=EDGE_CURVE('',#2740,#2752,#202,.T.);
#3515=EDGE_CURVE('',#2753,#2754,#1645,.T.);
#3516=EDGE_CURVE('',#2753,#2755,#1646,.T.);
#3517=EDGE_CURVE('',#2755,#2756,#1647,.T.);
#3518=EDGE_CURVE('',#2754,#2756,#1648,.T.);
#3519=EDGE_CURVE('',#2757,#2753,#203,.T.);
#3520=EDGE_CURVE('',#2757,#2758,#1649,.T.);
#3521=EDGE_CURVE('',#2758,#2755,#204,.T.);
#3522=EDGE_CURVE('',#2759,#2757,#205,.T.);
#3523=EDGE_CURVE('',#2759,#2760,#1650,.T.);
#3524=EDGE_CURVE('',#2760,#2758,#206,.T.);
#3525=EDGE_CURVE('',#2761,#2759,#207,.T.);
#3526=EDGE_CURVE('',#2761,#2762,#1651,.T.);
#3527=EDGE_CURVE('',#2762,#2760,#208,.T.);
#3528=EDGE_CURVE('',#2763,#2761,#209,.T.);
#3529=EDGE_CURVE('',#2763,#2764,#1652,.T.);
#3530=EDGE_CURVE('',#2764,#2762,#210,.T.);
#3531=EDGE_CURVE('',#2765,#2763,#211,.T.);
#3532=EDGE_CURVE('',#2765,#2766,#1653,.T.);
#3533=EDGE_CURVE('',#2766,#2764,#212,.T.);
#3534=EDGE_CURVE('',#2767,#2765,#213,.T.);
#3535=EDGE_CURVE('',#2767,#2768,#1654,.T.);
#3536=EDGE_CURVE('',#2768,#2766,#214,.T.);
#3537=EDGE_CURVE('',#2769,#2767,#215,.T.);
#3538=EDGE_CURVE('',#2769,#2770,#1655,.T.);
#3539=EDGE_CURVE('',#2770,#2768,#216,.T.);
#3540=EDGE_CURVE('',#2771,#2769,#217,.T.);
#3541=EDGE_CURVE('',#2771,#2772,#1656,.T.);
#3542=EDGE_CURVE('',#2772,#2770,#218,.T.);
#3543=EDGE_CURVE('',#2773,#2771,#219,.T.);
#3544=EDGE_CURVE('',#2773,#2774,#1657,.T.);
#3545=EDGE_CURVE('',#2774,#2772,#220,.T.);
#3546=EDGE_CURVE('',#2775,#2773,#221,.T.);
#3547=EDGE_CURVE('',#2775,#2776,#1658,.T.);
#3548=EDGE_CURVE('',#2776,#2774,#222,.T.);
#3549=EDGE_CURVE('',#2777,#2775,#1659,.T.);
#3550=EDGE_CURVE('',#2777,#2778,#1660,.T.);
#3551=EDGE_CURVE('',#2778,#2776,#1661,.T.);
#3552=EDGE_CURVE('',#2779,#2777,#1662,.T.);
#3553=EDGE_CURVE('',#2779,#2780,#1663,.T.);
#3554=EDGE_CURVE('',#2780,#2778,#1664,.T.);
#3555=EDGE_CURVE('',#2781,#2779,#1665,.T.);
#3556=EDGE_CURVE('',#2781,#2782,#1666,.T.);
#3557=EDGE_CURVE('',#2782,#2780,#1667,.T.);
#3558=EDGE_CURVE('',#2754,#2781,#1668,.T.);
#3559=EDGE_CURVE('',#2756,#2782,#1669,.T.);
#3560=EDGE_CURVE('',#2783,#2784,#223,.T.);
#3561=EDGE_CURVE('',#2783,#2785,#1670,.T.);
#3562=EDGE_CURVE('',#2785,#2786,#224,.T.);
#3563=EDGE_CURVE('',#2784,#2786,#1671,.T.);
#3564=EDGE_CURVE('',#2787,#2783,#225,.T.);
#3565=EDGE_CURVE('',#2787,#2788,#1672,.T.);
#3566=EDGE_CURVE('',#2788,#2785,#226,.T.);
#3567=EDGE_CURVE('',#2789,#2787,#227,.T.);
#3568=EDGE_CURVE('',#2789,#2790,#1673,.T.);
#3569=EDGE_CURVE('',#2790,#2788,#228,.T.);
#3570=EDGE_CURVE('',#2791,#2789,#229,.T.);
#3571=EDGE_CURVE('',#2791,#2792,#1674,.T.);
#3572=EDGE_CURVE('',#2792,#2790,#230,.T.);
#3573=EDGE_CURVE('',#2793,#2791,#231,.T.);
#3574=EDGE_CURVE('',#2793,#2794,#1675,.T.);
#3575=EDGE_CURVE('',#2794,#2792,#232,.T.);
#3576=EDGE_CURVE('',#2795,#2793,#233,.T.);
#3577=EDGE_CURVE('',#2795,#2796,#1676,.T.);
#3578=EDGE_CURVE('',#2796,#2794,#234,.T.);
#3579=EDGE_CURVE('',#2797,#2795,#235,.T.);
#3580=EDGE_CURVE('',#2797,#2798,#1677,.T.);
#3581=EDGE_CURVE('',#2798,#2796,#236,.T.);
#3582=EDGE_CURVE('',#2799,#2797,#237,.T.);
#3583=EDGE_CURVE('',#2799,#2800,#1678,.T.);
#3584=EDGE_CURVE('',#2800,#2798,#238,.T.);
#3585=EDGE_CURVE('',#2801,#2799,#239,.T.);
#3586=EDGE_CURVE('',#2801,#2802,#1679,.T.);
#3587=EDGE_CURVE('',#2802,#2800,#240,.T.);
#3588=EDGE_CURVE('',#2784,#2801,#1680,.T.);
#3589=EDGE_CURVE('',#2786,#2802,#1681,.T.);
#3590=EDGE_CURVE('',#2803,#2804,#1682,.T.);
#3591=EDGE_CURVE('',#2803,#2805,#1683,.T.);
#3592=EDGE_CURVE('',#2805,#2806,#1684,.T.);
#3593=EDGE_CURVE('',#2804,#2806,#1685,.T.);
#3594=EDGE_CURVE('',#2807,#2803,#241,.T.);
#3595=EDGE_CURVE('',#2807,#2808,#1686,.T.);
#3596=EDGE_CURVE('',#2808,#2805,#242,.T.);
#3597=EDGE_CURVE('',#2809,#2807,#243,.T.);
#3598=EDGE_CURVE('',#2809,#2810,#1687,.T.);
#3599=EDGE_CURVE('',#2810,#2808,#244,.T.);
#3600=EDGE_CURVE('',#2811,#2809,#1688,.T.);
#3601=EDGE_CURVE('',#2811,#2812,#1689,.T.);
#3602=EDGE_CURVE('',#2812,#2810,#1690,.T.);
#3603=EDGE_CURVE('',#2813,#2811,#245,.T.);
#3604=EDGE_CURVE('',#2813,#2814,#1691,.T.);
#3605=EDGE_CURVE('',#2814,#2812,#246,.T.);
#3606=EDGE_CURVE('',#2815,#2813,#247,.T.);
#3607=EDGE_CURVE('',#2815,#2816,#1692,.T.);
#3608=EDGE_CURVE('',#2816,#2814,#248,.T.);
#3609=EDGE_CURVE('',#2817,#2815,#249,.T.);
#3610=EDGE_CURVE('',#2817,#2818,#1693,.T.);
#3611=EDGE_CURVE('',#2818,#2816,#250,.T.);
#3612=EDGE_CURVE('',#2819,#2817,#251,.T.);
#3613=EDGE_CURVE('',#2819,#2820,#1694,.T.);
#3614=EDGE_CURVE('',#2820,#2818,#252,.T.);
#3615=EDGE_CURVE('',#2821,#2819,#253,.T.);
#3616=EDGE_CURVE('',#2821,#2822,#1695,.T.);
#3617=EDGE_CURVE('',#2822,#2820,#254,.T.);
#3618=EDGE_CURVE('',#2823,#2821,#255,.T.);
#3619=EDGE_CURVE('',#2823,#2824,#1696,.T.);
#3620=EDGE_CURVE('',#2824,#2822,#256,.T.);
#3621=EDGE_CURVE('',#2825,#2823,#257,.T.);
#3622=EDGE_CURVE('',#2825,#2826,#1697,.T.);
#3623=EDGE_CURVE('',#2826,#2824,#258,.T.);
#3624=EDGE_CURVE('',#2827,#2825,#1698,.T.);
#3625=EDGE_CURVE('',#2827,#2828,#1699,.T.);
#3626=EDGE_CURVE('',#2828,#2826,#1700,.T.);
#3627=EDGE_CURVE('',#2829,#2827,#259,.T.);
#3628=EDGE_CURVE('',#2829,#2830,#1701,.T.);
#3629=EDGE_CURVE('',#2830,#2828,#260,.T.);
#3630=EDGE_CURVE('',#2831,#2829,#261,.T.);
#3631=EDGE_CURVE('',#2831,#2832,#1702,.T.);
#3632=EDGE_CURVE('',#2832,#2830,#262,.T.);
#3633=EDGE_CURVE('',#2833,#2831,#263,.T.);
#3634=EDGE_CURVE('',#2833,#2834,#1703,.T.);
#3635=EDGE_CURVE('',#2834,#2832,#264,.T.);
#3636=EDGE_CURVE('',#2835,#2833,#265,.T.);
#3637=EDGE_CURVE('',#2835,#2836,#1704,.T.);
#3638=EDGE_CURVE('',#2836,#2834,#266,.T.);
#3639=EDGE_CURVE('',#2837,#2835,#267,.T.);
#3640=EDGE_CURVE('',#2837,#2838,#1705,.T.);
#3641=EDGE_CURVE('',#2838,#2836,#268,.T.);
#3642=EDGE_CURVE('',#2839,#2837,#269,.T.);
#3643=EDGE_CURVE('',#2839,#2840,#1706,.T.);
#3644=EDGE_CURVE('',#2840,#2838,#270,.T.);
#3645=EDGE_CURVE('',#2841,#2839,#271,.T.);
#3646=EDGE_CURVE('',#2841,#2842,#1707,.T.);
#3647=EDGE_CURVE('',#2842,#2840,#272,.T.);
#3648=EDGE_CURVE('',#2843,#2841,#273,.T.);
#3649=EDGE_CURVE('',#2843,#2844,#1708,.T.);
#3650=EDGE_CURVE('',#2844,#2842,#274,.T.);
#3651=EDGE_CURVE('',#2845,#2843,#275,.T.);
#3652=EDGE_CURVE('',#2845,#2846,#1709,.T.);
#3653=EDGE_CURVE('',#2846,#2844,#276,.T.);
#3654=EDGE_CURVE('',#2847,#2845,#277,.T.);
#3655=EDGE_CURVE('',#2847,#2848,#1710,.T.);
#3656=EDGE_CURVE('',#2848,#2846,#278,.T.);
#3657=EDGE_CURVE('',#2849,#2847,#279,.T.);
#3658=EDGE_CURVE('',#2849,#2850,#1711,.T.);
#3659=EDGE_CURVE('',#2850,#2848,#280,.T.);
#3660=EDGE_CURVE('',#2851,#2849,#281,.T.);
#3661=EDGE_CURVE('',#2851,#2852,#1712,.T.);
#3662=EDGE_CURVE('',#2852,#2850,#282,.T.);
#3663=EDGE_CURVE('',#2853,#2851,#283,.T.);
#3664=EDGE_CURVE('',#2853,#2854,#1713,.T.);
#3665=EDGE_CURVE('',#2854,#2852,#284,.T.);
#3666=EDGE_CURVE('',#2855,#2853,#285,.T.);
#3667=EDGE_CURVE('',#2855,#2856,#1714,.T.);
#3668=EDGE_CURVE('',#2856,#2854,#286,.T.);
#3669=EDGE_CURVE('',#2804,#2855,#287,.T.);
#3670=EDGE_CURVE('',#2806,#2856,#288,.T.);
#3671=EDGE_CURVE('',#2857,#2858,#1715,.T.);
#3672=EDGE_CURVE('',#2857,#2859,#1716,.T.);
#3673=EDGE_CURVE('',#2859,#2860,#1717,.T.);
#3674=EDGE_CURVE('',#2858,#2860,#1718,.T.);
#3675=EDGE_CURVE('',#2861,#2857,#1719,.T.);
#3676=EDGE_CURVE('',#2861,#2862,#1720,.T.);
#3677=EDGE_CURVE('',#2862,#2859,#1721,.T.);
#3678=EDGE_CURVE('',#2863,#2861,#1722,.T.);
#3679=EDGE_CURVE('',#2863,#2864,#1723,.T.);
#3680=EDGE_CURVE('',#2864,#2862,#1724,.T.);
#3681=EDGE_CURVE('',#2865,#2863,#1725,.T.);
#3682=EDGE_CURVE('',#2865,#2866,#1726,.T.);
#3683=EDGE_CURVE('',#2866,#2864,#1727,.T.);
#3684=EDGE_CURVE('',#2867,#2865,#1728,.T.);
#3685=EDGE_CURVE('',#2867,#2868,#1729,.T.);
#3686=EDGE_CURVE('',#2868,#2866,#1730,.T.);
#3687=EDGE_CURVE('',#2869,#2867,#1731,.T.);
#3688=EDGE_CURVE('',#2869,#2870,#1732,.T.);
#3689=EDGE_CURVE('',#2870,#2868,#1733,.T.);
#3690=EDGE_CURVE('',#2871,#2869,#1734,.T.);
#3691=EDGE_CURVE('',#2871,#2872,#1735,.T.);
#3692=EDGE_CURVE('',#2872,#2870,#1736,.T.);
#3693=EDGE_CURVE('',#2873,#2871,#1737,.T.);
#3694=EDGE_CURVE('',#2873,#2874,#1738,.T.);
#3695=EDGE_CURVE('',#2874,#2872,#1739,.T.);
#3696=EDGE_CURVE('',#2875,#2873,#1740,.T.);
#3697=EDGE_CURVE('',#2875,#2876,#1741,.T.);
#3698=EDGE_CURVE('',#2876,#2874,#1742,.T.);
#3699=EDGE_CURVE('',#2877,#2875,#1743,.T.);
#3700=EDGE_CURVE('',#2877,#2878,#1744,.T.);
#3701=EDGE_CURVE('',#2878,#2876,#1745,.T.);
#3702=EDGE_CURVE('',#2879,#2877,#1746,.T.);
#3703=EDGE_CURVE('',#2879,#2880,#1747,.T.);
#3704=EDGE_CURVE('',#2880,#2878,#1748,.T.);
#3705=EDGE_CURVE('',#2858,#2879,#1749,.T.);
#3706=EDGE_CURVE('',#2860,#2880,#1750,.T.);
#3707=EDGE_CURVE('',#2881,#2882,#289,.T.);
#3708=EDGE_CURVE('',#2881,#2883,#1751,.T.);
#3709=EDGE_CURVE('',#2883,#2884,#290,.T.);
#3710=EDGE_CURVE('',#2882,#2884,#1752,.T.);
#3711=EDGE_CURVE('',#2885,#2881,#291,.T.);
#3712=EDGE_CURVE('',#2885,#2886,#1753,.T.);
#3713=EDGE_CURVE('',#2886,#2883,#292,.T.);
#3714=EDGE_CURVE('',#2887,#2885,#293,.T.);
#3715=EDGE_CURVE('',#2887,#2888,#1754,.T.);
#3716=EDGE_CURVE('',#2888,#2886,#294,.T.);
#3717=EDGE_CURVE('',#2889,#2887,#295,.T.);
#3718=EDGE_CURVE('',#2889,#2890,#1755,.T.);
#3719=EDGE_CURVE('',#2890,#2888,#296,.T.);
#3720=EDGE_CURVE('',#2891,#2889,#297,.T.);
#3721=EDGE_CURVE('',#2891,#2892,#1756,.T.);
#3722=EDGE_CURVE('',#2892,#2890,#298,.T.);
#3723=EDGE_CURVE('',#2893,#2891,#299,.T.);
#3724=EDGE_CURVE('',#2893,#2894,#1757,.T.);
#3725=EDGE_CURVE('',#2894,#2892,#300,.T.);
#3726=EDGE_CURVE('',#2895,#2893,#301,.T.);
#3727=EDGE_CURVE('',#2895,#2896,#1758,.T.);
#3728=EDGE_CURVE('',#2896,#2894,#302,.T.);
#3729=EDGE_CURVE('',#2897,#2895,#303,.T.);
#3730=EDGE_CURVE('',#2897,#2898,#1759,.T.);
#3731=EDGE_CURVE('',#2898,#2896,#304,.T.);
#3732=EDGE_CURVE('',#2899,#2897,#305,.T.);
#3733=EDGE_CURVE('',#2899,#2900,#1760,.T.);
#3734=EDGE_CURVE('',#2900,#2898,#306,.T.);
#3735=EDGE_CURVE('',#2882,#2899,#1761,.T.);
#3736=EDGE_CURVE('',#2884,#2900,#1762,.T.);
#3737=EDGE_CURVE('',#2901,#2902,#1763,.T.);
#3738=EDGE_CURVE('',#2901,#2903,#1764,.T.);
#3739=EDGE_CURVE('',#2903,#2904,#1765,.T.);
#3740=EDGE_CURVE('',#2902,#2904,#1766,.T.);
#3741=EDGE_CURVE('',#2905,#2901,#307,.T.);
#3742=EDGE_CURVE('',#2905,#2906,#1767,.T.);
#3743=EDGE_CURVE('',#2906,#2903,#308,.T.);
#3744=EDGE_CURVE('',#2907,#2905,#309,.T.);
#3745=EDGE_CURVE('',#2907,#2908,#1768,.T.);
#3746=EDGE_CURVE('',#2908,#2906,#310,.T.);
#3747=EDGE_CURVE('',#2909,#2907,#1769,.T.);
#3748=EDGE_CURVE('',#2909,#2910,#1770,.T.);
#3749=EDGE_CURVE('',#2910,#2908,#1771,.T.);
#3750=EDGE_CURVE('',#2911,#2909,#311,.T.);
#3751=EDGE_CURVE('',#2911,#2912,#1772,.T.);
#3752=EDGE_CURVE('',#2912,#2910,#312,.T.);
#3753=EDGE_CURVE('',#2913,#2911,#313,.T.);
#3754=EDGE_CURVE('',#2913,#2914,#1773,.T.);
#3755=EDGE_CURVE('',#2914,#2912,#314,.T.);
#3756=EDGE_CURVE('',#2915,#2913,#315,.T.);
#3757=EDGE_CURVE('',#2915,#2916,#1774,.T.);
#3758=EDGE_CURVE('',#2916,#2914,#316,.T.);
#3759=EDGE_CURVE('',#2917,#2915,#317,.T.);
#3760=EDGE_CURVE('',#2917,#2918,#1775,.T.);
#3761=EDGE_CURVE('',#2918,#2916,#318,.T.);
#3762=EDGE_CURVE('',#2919,#2917,#319,.T.);
#3763=EDGE_CURVE('',#2919,#2920,#1776,.T.);
#3764=EDGE_CURVE('',#2920,#2918,#320,.T.);
#3765=EDGE_CURVE('',#2921,#2919,#321,.T.);
#3766=EDGE_CURVE('',#2921,#2922,#1777,.T.);
#3767=EDGE_CURVE('',#2922,#2920,#322,.T.);
#3768=EDGE_CURVE('',#2923,#2921,#323,.T.);
#3769=EDGE_CURVE('',#2923,#2924,#1778,.T.);
#3770=EDGE_CURVE('',#2924,#2922,#324,.T.);
#3771=EDGE_CURVE('',#2925,#2923,#1779,.T.);
#3772=EDGE_CURVE('',#2925,#2926,#1780,.T.);
#3773=EDGE_CURVE('',#2926,#2924,#1781,.T.);
#3774=EDGE_CURVE('',#2927,#2925,#325,.T.);
#3775=EDGE_CURVE('',#2927,#2928,#1782,.T.);
#3776=EDGE_CURVE('',#2928,#2926,#326,.T.);
#3777=EDGE_CURVE('',#2929,#2927,#327,.T.);
#3778=EDGE_CURVE('',#2929,#2930,#1783,.T.);
#3779=EDGE_CURVE('',#2930,#2928,#328,.T.);
#3780=EDGE_CURVE('',#2931,#2929,#329,.T.);
#3781=EDGE_CURVE('',#2931,#2932,#1784,.T.);
#3782=EDGE_CURVE('',#2932,#2930,#330,.T.);
#3783=EDGE_CURVE('',#2933,#2931,#331,.T.);
#3784=EDGE_CURVE('',#2933,#2934,#1785,.T.);
#3785=EDGE_CURVE('',#2934,#2932,#332,.T.);
#3786=EDGE_CURVE('',#2935,#2933,#333,.T.);
#3787=EDGE_CURVE('',#2935,#2936,#1786,.T.);
#3788=EDGE_CURVE('',#2936,#2934,#334,.T.);
#3789=EDGE_CURVE('',#2937,#2935,#335,.T.);
#3790=EDGE_CURVE('',#2937,#2938,#1787,.T.);
#3791=EDGE_CURVE('',#2938,#2936,#336,.T.);
#3792=EDGE_CURVE('',#2939,#2937,#337,.T.);
#3793=EDGE_CURVE('',#2939,#2940,#1788,.T.);
#3794=EDGE_CURVE('',#2940,#2938,#338,.T.);
#3795=EDGE_CURVE('',#2941,#2939,#339,.T.);
#3796=EDGE_CURVE('',#2941,#2942,#1789,.T.);
#3797=EDGE_CURVE('',#2942,#2940,#340,.T.);
#3798=EDGE_CURVE('',#2943,#2941,#341,.T.);
#3799=EDGE_CURVE('',#2943,#2944,#1790,.T.);
#3800=EDGE_CURVE('',#2944,#2942,#342,.T.);
#3801=EDGE_CURVE('',#2945,#2943,#343,.T.);
#3802=EDGE_CURVE('',#2945,#2946,#1791,.T.);
#3803=EDGE_CURVE('',#2946,#2944,#344,.T.);
#3804=EDGE_CURVE('',#2947,#2945,#345,.T.);
#3805=EDGE_CURVE('',#2947,#2948,#1792,.T.);
#3806=EDGE_CURVE('',#2948,#2946,#346,.T.);
#3807=EDGE_CURVE('',#2949,#2947,#347,.T.);
#3808=EDGE_CURVE('',#2949,#2950,#1793,.T.);
#3809=EDGE_CURVE('',#2950,#2948,#348,.T.);
#3810=EDGE_CURVE('',#2951,#2949,#349,.T.);
#3811=EDGE_CURVE('',#2951,#2952,#1794,.T.);
#3812=EDGE_CURVE('',#2952,#2950,#350,.T.);
#3813=EDGE_CURVE('',#2953,#2951,#351,.T.);
#3814=EDGE_CURVE('',#2953,#2954,#1795,.T.);
#3815=EDGE_CURVE('',#2954,#2952,#352,.T.);
#3816=EDGE_CURVE('',#2902,#2953,#353,.T.);
#3817=EDGE_CURVE('',#2904,#2954,#354,.T.);
#3818=EDGE_CURVE('',#2955,#2956,#355,.T.);
#3819=EDGE_CURVE('',#2955,#2957,#1796,.T.);
#3820=EDGE_CURVE('',#2957,#2958,#356,.T.);
#3821=EDGE_CURVE('',#2956,#2958,#1797,.T.);
#3822=EDGE_CURVE('',#2959,#2955,#357,.T.);
#3823=EDGE_CURVE('',#2959,#2960,#1798,.T.);
#3824=EDGE_CURVE('',#2960,#2957,#358,.T.);
#3825=EDGE_CURVE('',#2961,#2959,#359,.T.);
#3826=EDGE_CURVE('',#2961,#2962,#1799,.T.);
#3827=EDGE_CURVE('',#2962,#2960,#360,.T.);
#3828=EDGE_CURVE('',#2963,#2961,#361,.T.);
#3829=EDGE_CURVE('',#2963,#2964,#1800,.T.);
#3830=EDGE_CURVE('',#2964,#2962,#362,.T.);
#3831=EDGE_CURVE('',#2965,#2963,#363,.T.);
#3832=EDGE_CURVE('',#2965,#2966,#1801,.T.);
#3833=EDGE_CURVE('',#2966,#2964,#364,.T.);
#3834=EDGE_CURVE('',#2967,#2965,#365,.T.);
#3835=EDGE_CURVE('',#2967,#2968,#1802,.T.);
#3836=EDGE_CURVE('',#2968,#2966,#366,.T.);
#3837=EDGE_CURVE('',#2969,#2967,#367,.T.);
#3838=EDGE_CURVE('',#2969,#2970,#1803,.T.);
#3839=EDGE_CURVE('',#2970,#2968,#368,.T.);
#3840=EDGE_CURVE('',#2971,#2969,#369,.T.);
#3841=EDGE_CURVE('',#2971,#2972,#1804,.T.);
#3842=EDGE_CURVE('',#2972,#2970,#370,.T.);
#3843=EDGE_CURVE('',#2973,#2971,#371,.T.);
#3844=EDGE_CURVE('',#2973,#2974,#1805,.T.);
#3845=EDGE_CURVE('',#2974,#2972,#372,.T.);
#3846=EDGE_CURVE('',#2975,#2973,#373,.T.);
#3847=EDGE_CURVE('',#2975,#2976,#1806,.T.);
#3848=EDGE_CURVE('',#2976,#2974,#374,.T.);
#3849=EDGE_CURVE('',#2977,#2975,#375,.T.);
#3850=EDGE_CURVE('',#2977,#2978,#1807,.T.);
#3851=EDGE_CURVE('',#2978,#2976,#376,.T.);
#3852=EDGE_CURVE('',#2979,#2977,#377,.T.);
#3853=EDGE_CURVE('',#2979,#2980,#1808,.T.);
#3854=EDGE_CURVE('',#2980,#2978,#378,.T.);
#3855=EDGE_CURVE('',#2981,#2979,#379,.T.);
#3856=EDGE_CURVE('',#2981,#2982,#1809,.T.);
#3857=EDGE_CURVE('',#2982,#2980,#380,.T.);
#3858=EDGE_CURVE('',#2983,#2981,#381,.T.);
#3859=EDGE_CURVE('',#2983,#2984,#1810,.T.);
#3860=EDGE_CURVE('',#2984,#2982,#382,.T.);
#3861=EDGE_CURVE('',#2985,#2983,#1811,.T.);
#3862=EDGE_CURVE('',#2985,#2986,#1812,.T.);
#3863=EDGE_CURVE('',#2986,#2984,#1813,.T.);
#3864=EDGE_CURVE('',#2987,#2985,#383,.T.);
#3865=EDGE_CURVE('',#2987,#2988,#1814,.T.);
#3866=EDGE_CURVE('',#2988,#2986,#384,.T.);
#3867=EDGE_CURVE('',#2989,#2987,#385,.T.);
#3868=EDGE_CURVE('',#2989,#2990,#1815,.T.);
#3869=EDGE_CURVE('',#2990,#2988,#386,.T.);
#3870=EDGE_CURVE('',#2991,#2989,#387,.T.);
#3871=EDGE_CURVE('',#2991,#2992,#1816,.T.);
#3872=EDGE_CURVE('',#2992,#2990,#388,.T.);
#3873=EDGE_CURVE('',#2993,#2991,#389,.T.);
#3874=EDGE_CURVE('',#2993,#2994,#1817,.T.);
#3875=EDGE_CURVE('',#2994,#2992,#390,.T.);
#3876=EDGE_CURVE('',#2995,#2993,#391,.T.);
#3877=EDGE_CURVE('',#2995,#2996,#1818,.T.);
#3878=EDGE_CURVE('',#2996,#2994,#392,.T.);
#3879=EDGE_CURVE('',#2997,#2995,#393,.T.);
#3880=EDGE_CURVE('',#2997,#2998,#1819,.T.);
#3881=EDGE_CURVE('',#2998,#2996,#394,.T.);
#3882=EDGE_CURVE('',#2999,#2997,#395,.T.);
#3883=EDGE_CURVE('',#2999,#3000,#1820,.T.);
#3884=EDGE_CURVE('',#3000,#2998,#396,.T.);
#3885=EDGE_CURVE('',#3001,#2999,#397,.T.);
#3886=EDGE_CURVE('',#3001,#3002,#1821,.T.);
#3887=EDGE_CURVE('',#3002,#3000,#398,.T.);
#3888=EDGE_CURVE('',#3003,#3001,#399,.T.);
#3889=EDGE_CURVE('',#3003,#3004,#1822,.T.);
#3890=EDGE_CURVE('',#3004,#3002,#400,.T.);
#3891=EDGE_CURVE('',#3005,#3003,#401,.T.);
#3892=EDGE_CURVE('',#3005,#3006,#1823,.T.);
#3893=EDGE_CURVE('',#3006,#3004,#402,.T.);
#3894=EDGE_CURVE('',#3007,#3005,#403,.T.);
#3895=EDGE_CURVE('',#3007,#3008,#1824,.T.);
#3896=EDGE_CURVE('',#3008,#3006,#404,.T.);
#3897=EDGE_CURVE('',#3009,#3007,#405,.T.);
#3898=EDGE_CURVE('',#3009,#3010,#1825,.T.);
#3899=EDGE_CURVE('',#3010,#3008,#406,.T.);
#3900=EDGE_CURVE('',#3011,#3009,#407,.T.);
#3901=EDGE_CURVE('',#3011,#3012,#1826,.T.);
#3902=EDGE_CURVE('',#3012,#3010,#408,.T.);
#3903=EDGE_CURVE('',#3013,#3011,#409,.T.);
#3904=EDGE_CURVE('',#3013,#3014,#1827,.T.);
#3905=EDGE_CURVE('',#3014,#3012,#410,.T.);
#3906=EDGE_CURVE('',#3015,#3013,#411,.T.);
#3907=EDGE_CURVE('',#3015,#3016,#1828,.T.);
#3908=EDGE_CURVE('',#3016,#3014,#412,.T.);
#3909=EDGE_CURVE('',#3017,#3015,#413,.T.);
#3910=EDGE_CURVE('',#3017,#3018,#1829,.T.);
#3911=EDGE_CURVE('',#3018,#3016,#414,.T.);
#3912=EDGE_CURVE('',#3019,#3017,#1830,.T.);
#3913=EDGE_CURVE('',#3019,#3020,#1831,.T.);
#3914=EDGE_CURVE('',#3020,#3018,#1832,.T.);
#3915=EDGE_CURVE('',#2956,#3019,#415,.T.);
#3916=EDGE_CURVE('',#2958,#3020,#416,.T.);
#3917=EDGE_CURVE('',#3021,#3022,#1833,.T.);
#3918=EDGE_CURVE('',#3021,#3023,#1834,.T.);
#3919=EDGE_CURVE('',#3023,#3024,#1835,.T.);
#3920=EDGE_CURVE('',#3022,#3024,#1836,.T.);
#3921=EDGE_CURVE('',#3025,#3021,#1837,.T.);
#3922=EDGE_CURVE('',#3025,#3026,#1838,.T.);
#3923=EDGE_CURVE('',#3026,#3023,#1839,.T.);
#3924=EDGE_CURVE('',#3027,#3025,#1840,.T.);
#3925=EDGE_CURVE('',#3027,#3028,#1841,.T.);
#3926=EDGE_CURVE('',#3028,#3026,#1842,.T.);
#3927=EDGE_CURVE('',#3029,#3027,#1843,.T.);
#3928=EDGE_CURVE('',#3029,#3030,#1844,.T.);
#3929=EDGE_CURVE('',#3030,#3028,#1845,.T.);
#3930=EDGE_CURVE('',#3031,#3029,#1846,.T.);
#3931=EDGE_CURVE('',#3031,#3032,#1847,.T.);
#3932=EDGE_CURVE('',#3032,#3030,#1848,.T.);
#3933=EDGE_CURVE('',#3022,#3031,#1849,.T.);
#3934=EDGE_CURVE('',#3024,#3032,#1850,.T.);
#3935=EDGE_CURVE('',#3033,#3034,#1851,.T.);
#3936=EDGE_CURVE('',#3033,#3035,#1852,.T.);
#3937=EDGE_CURVE('',#3035,#3036,#1853,.T.);
#3938=EDGE_CURVE('',#3034,#3036,#1854,.T.);
#3939=EDGE_CURVE('',#3037,#3033,#1855,.T.);
#3940=EDGE_CURVE('',#3037,#3038,#1856,.T.);
#3941=EDGE_CURVE('',#3038,#3035,#1857,.T.);
#3942=EDGE_CURVE('',#3039,#3037,#1858,.T.);
#3943=EDGE_CURVE('',#3039,#3040,#1859,.T.);
#3944=EDGE_CURVE('',#3040,#3038,#1860,.T.);
#3945=EDGE_CURVE('',#3041,#3039,#417,.T.);
#3946=EDGE_CURVE('',#3041,#3042,#1861,.T.);
#3947=EDGE_CURVE('',#3042,#3040,#418,.T.);
#3948=EDGE_CURVE('',#3043,#3041,#419,.T.);
#3949=EDGE_CURVE('',#3043,#3044,#1862,.T.);
#3950=EDGE_CURVE('',#3044,#3042,#420,.T.);
#3951=EDGE_CURVE('',#3045,#3043,#421,.T.);
#3952=EDGE_CURVE('',#3045,#3046,#1863,.T.);
#3953=EDGE_CURVE('',#3046,#3044,#422,.T.);
#3954=EDGE_CURVE('',#3047,#3045,#423,.T.);
#3955=EDGE_CURVE('',#3047,#3048,#1864,.T.);
#3956=EDGE_CURVE('',#3048,#3046,#424,.T.);
#3957=EDGE_CURVE('',#3049,#3047,#425,.T.);
#3958=EDGE_CURVE('',#3049,#3050,#1865,.T.);
#3959=EDGE_CURVE('',#3050,#3048,#426,.T.);
#3960=EDGE_CURVE('',#3051,#3049,#427,.T.);
#3961=EDGE_CURVE('',#3051,#3052,#1866,.T.);
#3962=EDGE_CURVE('',#3052,#3050,#428,.T.);
#3963=EDGE_CURVE('',#3053,#3051,#1867,.T.);
#3964=EDGE_CURVE('',#3053,#3054,#1868,.T.);
#3965=EDGE_CURVE('',#3054,#3052,#1869,.T.);
#3966=EDGE_CURVE('',#3055,#3053,#1870,.T.);
#3967=EDGE_CURVE('',#3055,#3056,#1871,.T.);
#3968=EDGE_CURVE('',#3056,#3054,#1872,.T.);
#3969=EDGE_CURVE('',#3057,#3055,#1873,.T.);
#3970=EDGE_CURVE('',#3057,#3058,#1874,.T.);
#3971=EDGE_CURVE('',#3058,#3056,#1875,.T.);
#3972=EDGE_CURVE('',#3059,#3057,#429,.T.);
#3973=EDGE_CURVE('',#3059,#3060,#1876,.T.);
#3974=EDGE_CURVE('',#3060,#3058,#430,.T.);
#3975=EDGE_CURVE('',#3061,#3059,#431,.T.);
#3976=EDGE_CURVE('',#3061,#3062,#1877,.T.);
#3977=EDGE_CURVE('',#3062,#3060,#432,.T.);
#3978=EDGE_CURVE('',#3063,#3061,#433,.T.);
#3979=EDGE_CURVE('',#3063,#3064,#1878,.T.);
#3980=EDGE_CURVE('',#3064,#3062,#434,.T.);
#3981=EDGE_CURVE('',#3065,#3063,#435,.T.);
#3982=EDGE_CURVE('',#3065,#3066,#1879,.T.);
#3983=EDGE_CURVE('',#3066,#3064,#436,.T.);
#3984=EDGE_CURVE('',#3067,#3065,#437,.T.);
#3985=EDGE_CURVE('',#3067,#3068,#1880,.T.);
#3986=EDGE_CURVE('',#3068,#3066,#438,.T.);
#3987=EDGE_CURVE('',#3069,#3067,#1881,.T.);
#3988=EDGE_CURVE('',#3069,#3070,#1882,.T.);
#3989=EDGE_CURVE('',#3070,#3068,#1883,.T.);
#3990=EDGE_CURVE('',#3034,#3069,#1884,.T.);
#3991=EDGE_CURVE('',#3036,#3070,#1885,.T.);
#3992=EDGE_CURVE('',#3071,#3072,#439,.T.);
#3993=EDGE_CURVE('',#3071,#3073,#1886,.T.);
#3994=EDGE_CURVE('',#3073,#3074,#440,.T.);
#3995=EDGE_CURVE('',#3072,#3074,#1887,.T.);
#3996=EDGE_CURVE('',#3075,#3071,#441,.T.);
#3997=EDGE_CURVE('',#3075,#3076,#1888,.T.);
#3998=EDGE_CURVE('',#3076,#3073,#442,.T.);
#3999=EDGE_CURVE('',#3077,#3075,#443,.T.);
#4000=EDGE_CURVE('',#3077,#3078,#1889,.T.);
#4001=EDGE_CURVE('',#3078,#3076,#444,.T.);
#4002=EDGE_CURVE('',#3079,#3077,#445,.T.);
#4003=EDGE_CURVE('',#3079,#3080,#1890,.T.);
#4004=EDGE_CURVE('',#3080,#3078,#446,.T.);
#4005=EDGE_CURVE('',#3081,#3079,#447,.T.);
#4006=EDGE_CURVE('',#3081,#3082,#1891,.T.);
#4007=EDGE_CURVE('',#3082,#3080,#448,.T.);
#4008=EDGE_CURVE('',#3083,#3081,#449,.T.);
#4009=EDGE_CURVE('',#3083,#3084,#1892,.T.);
#4010=EDGE_CURVE('',#3084,#3082,#450,.T.);
#4011=EDGE_CURVE('',#3085,#3083,#451,.T.);
#4012=EDGE_CURVE('',#3085,#3086,#1893,.T.);
#4013=EDGE_CURVE('',#3086,#3084,#452,.T.);
#4014=EDGE_CURVE('',#3087,#3085,#453,.T.);
#4015=EDGE_CURVE('',#3087,#3088,#1894,.T.);
#4016=EDGE_CURVE('',#3088,#3086,#454,.T.);
#4017=EDGE_CURVE('',#3089,#3087,#455,.T.);
#4018=EDGE_CURVE('',#3089,#3090,#1895,.T.);
#4019=EDGE_CURVE('',#3090,#3088,#456,.T.);
#4020=EDGE_CURVE('',#3091,#3089,#457,.T.);
#4021=EDGE_CURVE('',#3091,#3092,#1896,.T.);
#4022=EDGE_CURVE('',#3092,#3090,#458,.T.);
#4023=EDGE_CURVE('',#3093,#3091,#459,.T.);
#4024=EDGE_CURVE('',#3093,#3094,#1897,.T.);
#4025=EDGE_CURVE('',#3094,#3092,#460,.T.);
#4026=EDGE_CURVE('',#3095,#3093,#461,.T.);
#4027=EDGE_CURVE('',#3095,#3096,#1898,.T.);
#4028=EDGE_CURVE('',#3096,#3094,#462,.T.);
#4029=EDGE_CURVE('',#3097,#3095,#463,.T.);
#4030=EDGE_CURVE('',#3097,#3098,#1899,.T.);
#4031=EDGE_CURVE('',#3098,#3096,#464,.T.);
#4032=EDGE_CURVE('',#3099,#3097,#465,.T.);
#4033=EDGE_CURVE('',#3099,#3100,#1900,.T.);
#4034=EDGE_CURVE('',#3100,#3098,#466,.T.);
#4035=EDGE_CURVE('',#3101,#3099,#1901,.T.);
#4036=EDGE_CURVE('',#3101,#3102,#1902,.T.);
#4037=EDGE_CURVE('',#3102,#3100,#1903,.T.);
#4038=EDGE_CURVE('',#3103,#3101,#467,.T.);
#4039=EDGE_CURVE('',#3103,#3104,#1904,.T.);
#4040=EDGE_CURVE('',#3104,#3102,#468,.T.);
#4041=EDGE_CURVE('',#3105,#3103,#469,.T.);
#4042=EDGE_CURVE('',#3105,#3106,#1905,.T.);
#4043=EDGE_CURVE('',#3106,#3104,#470,.T.);
#4044=EDGE_CURVE('',#3107,#3105,#471,.T.);
#4045=EDGE_CURVE('',#3107,#3108,#1906,.T.);
#4046=EDGE_CURVE('',#3108,#3106,#472,.T.);
#4047=EDGE_CURVE('',#3109,#3107,#473,.T.);
#4048=EDGE_CURVE('',#3109,#3110,#1907,.T.);
#4049=EDGE_CURVE('',#3110,#3108,#474,.T.);
#4050=EDGE_CURVE('',#3111,#3109,#475,.T.);
#4051=EDGE_CURVE('',#3111,#3112,#1908,.T.);
#4052=EDGE_CURVE('',#3112,#3110,#476,.T.);
#4053=EDGE_CURVE('',#3113,#3111,#477,.T.);
#4054=EDGE_CURVE('',#3113,#3114,#1909,.T.);
#4055=EDGE_CURVE('',#3114,#3112,#478,.T.);
#4056=EDGE_CURVE('',#3115,#3113,#479,.T.);
#4057=EDGE_CURVE('',#3115,#3116,#1910,.T.);
#4058=EDGE_CURVE('',#3116,#3114,#480,.T.);
#4059=EDGE_CURVE('',#3117,#3115,#481,.T.);
#4060=EDGE_CURVE('',#3117,#3118,#1911,.T.);
#4061=EDGE_CURVE('',#3118,#3116,#482,.T.);
#4062=EDGE_CURVE('',#3119,#3117,#483,.T.);
#4063=EDGE_CURVE('',#3119,#3120,#1912,.T.);
#4064=EDGE_CURVE('',#3120,#3118,#484,.T.);
#4065=EDGE_CURVE('',#3121,#3119,#485,.T.);
#4066=EDGE_CURVE('',#3121,#3122,#1913,.T.);
#4067=EDGE_CURVE('',#3122,#3120,#486,.T.);
#4068=EDGE_CURVE('',#3123,#3121,#487,.T.);
#4069=EDGE_CURVE('',#3123,#3124,#1914,.T.);
#4070=EDGE_CURVE('',#3124,#3122,#488,.T.);
#4071=EDGE_CURVE('',#3125,#3123,#489,.T.);
#4072=EDGE_CURVE('',#3125,#3126,#1915,.T.);
#4073=EDGE_CURVE('',#3126,#3124,#490,.T.);
#4074=EDGE_CURVE('',#3127,#3125,#491,.T.);
#4075=EDGE_CURVE('',#3127,#3128,#1916,.T.);
#4076=EDGE_CURVE('',#3128,#3126,#492,.T.);
#4077=EDGE_CURVE('',#3129,#3127,#493,.T.);
#4078=EDGE_CURVE('',#3129,#3130,#1917,.T.);
#4079=EDGE_CURVE('',#3130,#3128,#494,.T.);
#4080=EDGE_CURVE('',#3131,#3129,#495,.T.);
#4081=EDGE_CURVE('',#3131,#3132,#1918,.T.);
#4082=EDGE_CURVE('',#3132,#3130,#496,.T.);
#4083=EDGE_CURVE('',#3133,#3131,#497,.T.);
#4084=EDGE_CURVE('',#3133,#3134,#1919,.T.);
#4085=EDGE_CURVE('',#3134,#3132,#498,.T.);
#4086=EDGE_CURVE('',#3135,#3133,#1920,.T.);
#4087=EDGE_CURVE('',#3135,#3136,#1921,.T.);
#4088=EDGE_CURVE('',#3136,#3134,#1922,.T.);
#4089=EDGE_CURVE('',#3072,#3135,#499,.T.);
#4090=EDGE_CURVE('',#3074,#3136,#500,.T.);
#4091=EDGE_CURVE('',#3137,#3138,#501,.T.);
#4092=EDGE_CURVE('',#3137,#3139,#1923,.T.);
#4093=EDGE_CURVE('',#3139,#3140,#502,.T.);
#4094=EDGE_CURVE('',#3138,#3140,#1924,.T.);
#4095=EDGE_CURVE('',#3141,#3137,#503,.T.);
#4096=EDGE_CURVE('',#3141,#3142,#1925,.T.);
#4097=EDGE_CURVE('',#3142,#3139,#504,.T.);
#4098=EDGE_CURVE('',#3143,#3141,#1926,.T.);
#4099=EDGE_CURVE('',#3143,#3144,#1927,.T.);
#4100=EDGE_CURVE('',#3144,#3142,#1928,.T.);
#4101=EDGE_CURVE('',#3145,#3143,#1929,.T.);
#4102=EDGE_CURVE('',#3145,#3146,#1930,.T.);
#4103=EDGE_CURVE('',#3146,#3144,#1931,.T.);
#4104=EDGE_CURVE('',#3138,#3145,#1932,.T.);
#4105=EDGE_CURVE('',#3140,#3146,#1933,.T.);
#4106=EDGE_CURVE('',#3147,#3148,#1934,.T.);
#4107=EDGE_CURVE('',#3147,#3149,#1935,.T.);
#4108=EDGE_CURVE('',#3149,#3150,#1936,.T.);
#4109=EDGE_CURVE('',#3148,#3150,#1937,.T.);
#4110=EDGE_CURVE('',#3151,#3147,#1938,.T.);
#4111=EDGE_CURVE('',#3151,#3152,#1939,.T.);
#4112=EDGE_CURVE('',#3152,#3149,#1940,.T.);
#4113=EDGE_CURVE('',#3153,#3151,#1941,.T.);
#4114=EDGE_CURVE('',#3153,#3154,#1942,.T.);
#4115=EDGE_CURVE('',#3154,#3152,#1943,.T.);
#4116=EDGE_CURVE('',#3155,#3153,#1944,.T.);
#4117=EDGE_CURVE('',#3155,#3156,#1945,.T.);
#4118=EDGE_CURVE('',#3156,#3154,#1946,.T.);
#4119=EDGE_CURVE('',#3157,#3155,#1947,.T.);
#4120=EDGE_CURVE('',#3157,#3158,#1948,.T.);
#4121=EDGE_CURVE('',#3158,#3156,#1949,.T.);
#4122=EDGE_CURVE('',#3159,#3157,#1950,.T.);
#4123=EDGE_CURVE('',#3159,#3160,#1951,.T.);
#4124=EDGE_CURVE('',#3160,#3158,#1952,.T.);
#4125=EDGE_CURVE('',#3161,#3159,#1953,.T.);
#4126=EDGE_CURVE('',#3161,#3162,#1954,.T.);
#4127=EDGE_CURVE('',#3162,#3160,#1955,.T.);
#4128=EDGE_CURVE('',#3148,#3161,#1956,.T.);
#4129=EDGE_CURVE('',#3150,#3162,#1957,.T.);
#4130=EDGE_CURVE('',#3163,#3164,#1958,.T.);
#4131=EDGE_CURVE('',#3164,#3165,#49,.T.);
#4132=EDGE_CURVE('',#3165,#3166,#1959,.T.);
#4133=EDGE_CURVE('',#3166,#3167,#50,.T.);
#4134=EDGE_CURVE('',#3167,#3168,#1960,.T.);
#4135=EDGE_CURVE('',#3169,#3168,#1961,.T.);
#4136=EDGE_CURVE('',#3170,#3169,#51,.T.);
#4137=EDGE_CURVE('',#3171,#3170,#1962,.T.);
#4138=EDGE_CURVE('',#3172,#3171,#52,.T.);
#4139=EDGE_CURVE('',#3163,#3172,#1963,.T.);
#4140=EDGE_CURVE('',#3173,#3163,#1964,.T.);
#4141=EDGE_CURVE('',#3164,#3173,#27,.T.);
#4142=EDGE_CURVE('',#3173,#3174,#1965,.T.);
#4143=EDGE_CURVE('',#3175,#3172,#1966,.T.);
#4144=EDGE_CURVE('',#3174,#3175,#1967,.T.);
#4145=EDGE_CURVE('',#3176,#3167,#28,.T.);
#4146=EDGE_CURVE('',#3168,#3176,#1968,.T.);
#4147=EDGE_CURVE('',#3177,#3176,#1969,.T.);
#4148=EDGE_CURVE('',#3178,#3177,#1970,.T.);
#4149=EDGE_CURVE('',#3169,#3178,#1971,.T.);
#4150=EDGE_CURVE('',#3179,#3179,#29,.T.);
#4151=EDGE_CURVE('',#3180,#3180,#30,.T.);
#4152=EDGE_CURVE('',#3181,#3181,#31,.T.);
#4153=EDGE_CURVE('',#3182,#3182,#32,.T.);
#4154=EDGE_CURVE('',#3178,#3183,#33,.T.);
#4155=EDGE_CURVE('',#3183,#3170,#1972,.T.);
#4156=EDGE_CURVE('',#3171,#3184,#1973,.T.);
#4157=EDGE_CURVE('',#3185,#3183,#1974,.T.);
#4158=EDGE_CURVE('',#3185,#3186,#1975,.T.);
#4159=EDGE_CURVE('',#3186,#3187,#1976,.T.);
#4160=EDGE_CURVE('',#3187,#3188,#1977,.T.);
#4161=EDGE_CURVE('',#3184,#3188,#1978,.T.);
#4162=EDGE_CURVE('',#3189,#3177,#34,.T.);
#4163=EDGE_CURVE('',#3189,#3190,#1979,.T.);
#4164=EDGE_CURVE('',#3174,#3190,#35,.T.);
#4165=EDGE_CURVE('',#3184,#3175,#36,.T.);
#4166=EDGE_CURVE('',#3188,#3191,#1980,.T.);
#4167=EDGE_CURVE('',#3191,#3192,#1981,.T.);
#4168=EDGE_CURVE('',#3192,#3193,#1982,.T.);
#4169=EDGE_CURVE('',#3193,#3194,#1983,.T.);
#4170=EDGE_CURVE('',#3194,#3195,#1984,.T.);
#4171=EDGE_CURVE('',#3195,#3196,#1985,.T.);
#4172=EDGE_CURVE('',#3196,#3185,#1986,.T.);
#4173=EDGE_CURVE('',#3197,#3197,#37,.T.);
#4174=EDGE_CURVE('',#3198,#3198,#38,.T.);
#4175=EDGE_CURVE('',#3199,#3199,#39,.T.);
#4176=EDGE_CURVE('',#3200,#3200,#40,.T.);
#4177=EDGE_CURVE('',#3190,#3165,#1987,.T.);
#4178=EDGE_CURVE('',#3166,#3189,#1988,.T.);
#4179=EDGE_CURVE('',#3187,#3201,#1989,.T.);
#4180=EDGE_CURVE('',#3191,#3201,#1990,.T.);
#4181=EDGE_CURVE('',#3202,#3196,#1991,.T.);
#4182=EDGE_CURVE('',#3202,#3186,#1992,.T.);
#4183=EDGE_CURVE('',#3201,#3202,#1993,.T.);
#4184=EDGE_CURVE('',#3203,#3204,#1994,.T.);
#4185=EDGE_CURVE('',#3205,#3203,#1995,.T.);
#4186=EDGE_CURVE('',#3206,#3205,#1996,.T.);
#4187=EDGE_CURVE('',#3204,#3206,#1997,.T.);
#4188=EDGE_CURVE('',#3206,#3195,#1998,.T.);
#4189=EDGE_CURVE('',#3205,#3192,#1999,.T.);
#4190=EDGE_CURVE('',#3203,#3193,#2000,.T.);
#4191=EDGE_CURVE('',#3207,#3207,#41,.T.);
#4192=EDGE_CURVE('',#3207,#3182,#2001,.T.);
#4193=EDGE_CURVE('',#3208,#3208,#42,.T.);
#4194=EDGE_CURVE('',#3208,#3181,#2002,.T.);
#4195=EDGE_CURVE('',#3209,#3209,#43,.T.);
#4196=EDGE_CURVE('',#3209,#3180,#2003,.T.);
#4197=EDGE_CURVE('',#3210,#3210,#44,.T.);
#4198=EDGE_CURVE('',#3210,#3179,#2004,.T.);
#4199=EDGE_CURVE('',#3204,#3194,#2005,.T.);
#4200=EDGE_CURVE('',#3199,#3211,#2006,.T.);
#4201=EDGE_CURVE('',#3211,#3211,#45,.T.);
#4202=EDGE_CURVE('',#3198,#3212,#2007,.T.);
#4203=EDGE_CURVE('',#3212,#3212,#46,.T.);
#4204=EDGE_CURVE('',#3200,#3213,#2008,.T.);
#4205=EDGE_CURVE('',#3213,#3213,#47,.T.);
#4206=EDGE_CURVE('',#3197,#3214,#2009,.T.);
#4207=EDGE_CURVE('',#3214,#3214,#48,.T.);
#4208=ORIENTED_EDGE('',*,*,#3215,.F.);
#4209=ORIENTED_EDGE('',*,*,#3216,.T.);
#4210=ORIENTED_EDGE('',*,*,#3217,.T.);
#4211=ORIENTED_EDGE('',*,*,#3218,.F.);
#4212=ORIENTED_EDGE('',*,*,#3219,.F.);
#4213=ORIENTED_EDGE('',*,*,#3220,.T.);
#4214=ORIENTED_EDGE('',*,*,#3221,.T.);
#4215=ORIENTED_EDGE('',*,*,#3216,.F.);
#4216=ORIENTED_EDGE('',*,*,#3222,.F.);
#4217=ORIENTED_EDGE('',*,*,#3223,.T.);
#4218=ORIENTED_EDGE('',*,*,#3224,.T.);
#4219=ORIENTED_EDGE('',*,*,#3220,.F.);
#4220=ORIENTED_EDGE('',*,*,#3225,.F.);
#4221=ORIENTED_EDGE('',*,*,#3226,.T.);
#4222=ORIENTED_EDGE('',*,*,#3227,.T.);
#4223=ORIENTED_EDGE('',*,*,#3223,.F.);
#4224=ORIENTED_EDGE('',*,*,#3228,.F.);
#4225=ORIENTED_EDGE('',*,*,#3229,.T.);
#4226=ORIENTED_EDGE('',*,*,#3230,.T.);
#4227=ORIENTED_EDGE('',*,*,#3226,.F.);
#4228=ORIENTED_EDGE('',*,*,#3231,.F.);
#4229=ORIENTED_EDGE('',*,*,#3232,.T.);
#4230=ORIENTED_EDGE('',*,*,#3233,.T.);
#4231=ORIENTED_EDGE('',*,*,#3229,.F.);
#4232=ORIENTED_EDGE('',*,*,#3234,.F.);
#4233=ORIENTED_EDGE('',*,*,#3235,.T.);
#4234=ORIENTED_EDGE('',*,*,#3236,.T.);
#4235=ORIENTED_EDGE('',*,*,#3232,.F.);
#4236=ORIENTED_EDGE('',*,*,#3237,.F.);
#4237=ORIENTED_EDGE('',*,*,#3238,.T.);
#4238=ORIENTED_EDGE('',*,*,#3239,.T.);
#4239=ORIENTED_EDGE('',*,*,#3235,.F.);
#4240=ORIENTED_EDGE('',*,*,#3240,.F.);
#4241=ORIENTED_EDGE('',*,*,#3241,.T.);
#4242=ORIENTED_EDGE('',*,*,#3242,.T.);
#4243=ORIENTED_EDGE('',*,*,#3238,.F.);
#4244=ORIENTED_EDGE('',*,*,#3243,.F.);
#4245=ORIENTED_EDGE('',*,*,#3244,.T.);
#4246=ORIENTED_EDGE('',*,*,#3245,.T.);
#4247=ORIENTED_EDGE('',*,*,#3241,.F.);
#4248=ORIENTED_EDGE('',*,*,#3246,.F.);
#4249=ORIENTED_EDGE('',*,*,#3247,.T.);
#4250=ORIENTED_EDGE('',*,*,#3248,.T.);
#4251=ORIENTED_EDGE('',*,*,#3244,.F.);
#4252=ORIENTED_EDGE('',*,*,#3249,.F.);
#4253=ORIENTED_EDGE('',*,*,#3250,.T.);
#4254=ORIENTED_EDGE('',*,*,#3251,.T.);
#4255=ORIENTED_EDGE('',*,*,#3247,.F.);
#4256=ORIENTED_EDGE('',*,*,#3252,.F.);
#4257=ORIENTED_EDGE('',*,*,#3253,.T.);
#4258=ORIENTED_EDGE('',*,*,#3254,.T.);
#4259=ORIENTED_EDGE('',*,*,#3250,.F.);
#4260=ORIENTED_EDGE('',*,*,#3255,.F.);
#4261=ORIENTED_EDGE('',*,*,#3256,.T.);
#4262=ORIENTED_EDGE('',*,*,#3257,.T.);
#4263=ORIENTED_EDGE('',*,*,#3253,.F.);
#4264=ORIENTED_EDGE('',*,*,#3258,.F.);
#4265=ORIENTED_EDGE('',*,*,#3259,.T.);
#4266=ORIENTED_EDGE('',*,*,#3260,.T.);
#4267=ORIENTED_EDGE('',*,*,#3256,.F.);
#4268=ORIENTED_EDGE('',*,*,#3261,.F.);
#4269=ORIENTED_EDGE('',*,*,#3262,.T.);
#4270=ORIENTED_EDGE('',*,*,#3263,.T.);
#4271=ORIENTED_EDGE('',*,*,#3259,.F.);
#4272=ORIENTED_EDGE('',*,*,#3264,.F.);
#4273=ORIENTED_EDGE('',*,*,#3265,.T.);
#4274=ORIENTED_EDGE('',*,*,#3266,.T.);
#4275=ORIENTED_EDGE('',*,*,#3262,.F.);
#4276=ORIENTED_EDGE('',*,*,#3267,.F.);
#4277=ORIENTED_EDGE('',*,*,#3218,.T.);
#4278=ORIENTED_EDGE('',*,*,#3268,.T.);
#4279=ORIENTED_EDGE('',*,*,#3265,.F.);
#4280=ORIENTED_EDGE('',*,*,#3268,.F.);
#4281=ORIENTED_EDGE('',*,*,#3217,.F.);
#4282=ORIENTED_EDGE('',*,*,#3221,.F.);
#4283=ORIENTED_EDGE('',*,*,#3224,.F.);
#4284=ORIENTED_EDGE('',*,*,#3227,.F.);
#4285=ORIENTED_EDGE('',*,*,#3230,.F.);
#4286=ORIENTED_EDGE('',*,*,#3233,.F.);
#4287=ORIENTED_EDGE('',*,*,#3236,.F.);
#4288=ORIENTED_EDGE('',*,*,#3239,.F.);
#4289=ORIENTED_EDGE('',*,*,#3242,.F.);
#4290=ORIENTED_EDGE('',*,*,#3245,.F.);
#4291=ORIENTED_EDGE('',*,*,#3248,.F.);
#4292=ORIENTED_EDGE('',*,*,#3251,.F.);
#4293=ORIENTED_EDGE('',*,*,#3254,.F.);
#4294=ORIENTED_EDGE('',*,*,#3257,.F.);
#4295=ORIENTED_EDGE('',*,*,#3260,.F.);
#4296=ORIENTED_EDGE('',*,*,#3263,.F.);
#4297=ORIENTED_EDGE('',*,*,#3266,.F.);
#4298=ORIENTED_EDGE('',*,*,#3269,.F.);
#4299=ORIENTED_EDGE('',*,*,#3270,.T.);
#4300=ORIENTED_EDGE('',*,*,#3271,.T.);
#4301=ORIENTED_EDGE('',*,*,#3272,.F.);
#4302=ORIENTED_EDGE('',*,*,#3273,.F.);
#4303=ORIENTED_EDGE('',*,*,#3274,.T.);
#4304=ORIENTED_EDGE('',*,*,#3275,.T.);
#4305=ORIENTED_EDGE('',*,*,#3270,.F.);
#4306=ORIENTED_EDGE('',*,*,#3276,.F.);
#4307=ORIENTED_EDGE('',*,*,#3277,.T.);
#4308=ORIENTED_EDGE('',*,*,#3278,.T.);
#4309=ORIENTED_EDGE('',*,*,#3274,.F.);
#4310=ORIENTED_EDGE('',*,*,#3279,.F.);
#4311=ORIENTED_EDGE('',*,*,#3280,.T.);
#4312=ORIENTED_EDGE('',*,*,#3281,.T.);
#4313=ORIENTED_EDGE('',*,*,#3277,.F.);
#4314=ORIENTED_EDGE('',*,*,#3282,.F.);
#4315=ORIENTED_EDGE('',*,*,#3283,.T.);
#4316=ORIENTED_EDGE('',*,*,#3284,.T.);
#4317=ORIENTED_EDGE('',*,*,#3280,.F.);
#4318=ORIENTED_EDGE('',*,*,#3285,.F.);
#4319=ORIENTED_EDGE('',*,*,#3286,.T.);
#4320=ORIENTED_EDGE('',*,*,#3287,.T.);
#4321=ORIENTED_EDGE('',*,*,#3283,.F.);
#4322=ORIENTED_EDGE('',*,*,#3288,.F.);
#4323=ORIENTED_EDGE('',*,*,#3289,.T.);
#4324=ORIENTED_EDGE('',*,*,#3290,.T.);
#4325=ORIENTED_EDGE('',*,*,#3286,.F.);
#4326=ORIENTED_EDGE('',*,*,#3291,.F.);
#4327=ORIENTED_EDGE('',*,*,#3292,.T.);
#4328=ORIENTED_EDGE('',*,*,#3293,.T.);
#4329=ORIENTED_EDGE('',*,*,#3289,.F.);
#4330=ORIENTED_EDGE('',*,*,#3294,.F.);
#4331=ORIENTED_EDGE('',*,*,#3295,.T.);
#4332=ORIENTED_EDGE('',*,*,#3296,.T.);
#4333=ORIENTED_EDGE('',*,*,#3292,.F.);
#4334=ORIENTED_EDGE('',*,*,#3297,.F.);
#4335=ORIENTED_EDGE('',*,*,#3298,.T.);
#4336=ORIENTED_EDGE('',*,*,#3299,.T.);
#4337=ORIENTED_EDGE('',*,*,#3295,.F.);
#4338=ORIENTED_EDGE('',*,*,#3300,.F.);
#4339=ORIENTED_EDGE('',*,*,#3301,.T.);
#4340=ORIENTED_EDGE('',*,*,#3302,.T.);
#4341=ORIENTED_EDGE('',*,*,#3298,.F.);
#4342=ORIENTED_EDGE('',*,*,#3303,.F.);
#4343=ORIENTED_EDGE('',*,*,#3304,.T.);
#4344=ORIENTED_EDGE('',*,*,#3305,.T.);
#4345=ORIENTED_EDGE('',*,*,#3301,.F.);
#4346=ORIENTED_EDGE('',*,*,#3306,.F.);
#4347=ORIENTED_EDGE('',*,*,#3307,.T.);
#4348=ORIENTED_EDGE('',*,*,#3308,.T.);
#4349=ORIENTED_EDGE('',*,*,#3304,.F.);
#4350=ORIENTED_EDGE('',*,*,#3309,.F.);
#4351=ORIENTED_EDGE('',*,*,#3310,.T.);
#4352=ORIENTED_EDGE('',*,*,#3311,.T.);
#4353=ORIENTED_EDGE('',*,*,#3307,.F.);
#4354=ORIENTED_EDGE('',*,*,#3312,.F.);
#4355=ORIENTED_EDGE('',*,*,#3313,.T.);
#4356=ORIENTED_EDGE('',*,*,#3314,.T.);
#4357=ORIENTED_EDGE('',*,*,#3310,.F.);
#4358=ORIENTED_EDGE('',*,*,#3315,.F.);
#4359=ORIENTED_EDGE('',*,*,#3316,.T.);
#4360=ORIENTED_EDGE('',*,*,#3317,.T.);
#4361=ORIENTED_EDGE('',*,*,#3313,.F.);
#4362=ORIENTED_EDGE('',*,*,#3318,.F.);
#4363=ORIENTED_EDGE('',*,*,#3272,.T.);
#4364=ORIENTED_EDGE('',*,*,#3319,.T.);
#4365=ORIENTED_EDGE('',*,*,#3316,.F.);
#4366=ORIENTED_EDGE('',*,*,#3319,.F.);
#4367=ORIENTED_EDGE('',*,*,#3271,.F.);
#4368=ORIENTED_EDGE('',*,*,#3275,.F.);
#4369=ORIENTED_EDGE('',*,*,#3278,.F.);
#4370=ORIENTED_EDGE('',*,*,#3281,.F.);
#4371=ORIENTED_EDGE('',*,*,#3284,.F.);
#4372=ORIENTED_EDGE('',*,*,#3287,.F.);
#4373=ORIENTED_EDGE('',*,*,#3290,.F.);
#4374=ORIENTED_EDGE('',*,*,#3293,.F.);
#4375=ORIENTED_EDGE('',*,*,#3296,.F.);
#4376=ORIENTED_EDGE('',*,*,#3299,.F.);
#4377=ORIENTED_EDGE('',*,*,#3302,.F.);
#4378=ORIENTED_EDGE('',*,*,#3305,.F.);
#4379=ORIENTED_EDGE('',*,*,#3308,.F.);
#4380=ORIENTED_EDGE('',*,*,#3311,.F.);
#4381=ORIENTED_EDGE('',*,*,#3314,.F.);
#4382=ORIENTED_EDGE('',*,*,#3317,.F.);
#4383=ORIENTED_EDGE('',*,*,#3320,.F.);
#4384=ORIENTED_EDGE('',*,*,#3321,.T.);
#4385=ORIENTED_EDGE('',*,*,#3322,.T.);
#4386=ORIENTED_EDGE('',*,*,#3323,.F.);
#4387=ORIENTED_EDGE('',*,*,#3324,.F.);
#4388=ORIENTED_EDGE('',*,*,#3325,.T.);
#4389=ORIENTED_EDGE('',*,*,#3326,.T.);
#4390=ORIENTED_EDGE('',*,*,#3321,.F.);
#4391=ORIENTED_EDGE('',*,*,#3327,.F.);
#4392=ORIENTED_EDGE('',*,*,#3328,.T.);
#4393=ORIENTED_EDGE('',*,*,#3329,.T.);
#4394=ORIENTED_EDGE('',*,*,#3325,.F.);
#4395=ORIENTED_EDGE('',*,*,#3330,.F.);
#4396=ORIENTED_EDGE('',*,*,#3323,.T.);
#4397=ORIENTED_EDGE('',*,*,#3331,.T.);
#4398=ORIENTED_EDGE('',*,*,#3328,.F.);
#4399=ORIENTED_EDGE('',*,*,#3331,.F.);
#4400=ORIENTED_EDGE('',*,*,#3322,.F.);
#4401=ORIENTED_EDGE('',*,*,#3326,.F.);
#4402=ORIENTED_EDGE('',*,*,#3329,.F.);
#4403=ORIENTED_EDGE('',*,*,#3332,.F.);
#4404=ORIENTED_EDGE('',*,*,#3333,.T.);
#4405=ORIENTED_EDGE('',*,*,#3334,.T.);
#4406=ORIENTED_EDGE('',*,*,#3335,.F.);
#4407=ORIENTED_EDGE('',*,*,#3336,.F.);
#4408=ORIENTED_EDGE('',*,*,#3337,.T.);
#4409=ORIENTED_EDGE('',*,*,#3338,.T.);
#4410=ORIENTED_EDGE('',*,*,#3333,.F.);
#4411=ORIENTED_EDGE('',*,*,#3339,.F.);
#4412=ORIENTED_EDGE('',*,*,#3340,.T.);
#4413=ORIENTED_EDGE('',*,*,#3341,.T.);
#4414=ORIENTED_EDGE('',*,*,#3337,.F.);
#4415=ORIENTED_EDGE('',*,*,#3342,.F.);
#4416=ORIENTED_EDGE('',*,*,#3343,.T.);
#4417=ORIENTED_EDGE('',*,*,#3344,.T.);
#4418=ORIENTED_EDGE('',*,*,#3340,.F.);
#4419=ORIENTED_EDGE('',*,*,#3345,.F.);
#4420=ORIENTED_EDGE('',*,*,#3346,.T.);
#4421=ORIENTED_EDGE('',*,*,#3347,.T.);
#4422=ORIENTED_EDGE('',*,*,#3343,.F.);
#4423=ORIENTED_EDGE('',*,*,#3348,.F.);
#4424=ORIENTED_EDGE('',*,*,#3349,.T.);
#4425=ORIENTED_EDGE('',*,*,#3350,.T.);
#4426=ORIENTED_EDGE('',*,*,#3346,.F.);
#4427=ORIENTED_EDGE('',*,*,#3351,.F.);
#4428=ORIENTED_EDGE('',*,*,#3352,.T.);
#4429=ORIENTED_EDGE('',*,*,#3353,.T.);
#4430=ORIENTED_EDGE('',*,*,#3349,.F.);
#4431=ORIENTED_EDGE('',*,*,#3354,.F.);
#4432=ORIENTED_EDGE('',*,*,#3335,.T.);
#4433=ORIENTED_EDGE('',*,*,#3355,.T.);
#4434=ORIENTED_EDGE('',*,*,#3352,.F.);
#4435=ORIENTED_EDGE('',*,*,#3356,.F.);
#4436=ORIENTED_EDGE('',*,*,#3357,.T.);
#4437=ORIENTED_EDGE('',*,*,#3358,.T.);
#4438=ORIENTED_EDGE('',*,*,#3359,.F.);
#4439=ORIENTED_EDGE('',*,*,#3360,.F.);
#4440=ORIENTED_EDGE('',*,*,#3361,.T.);
#4441=ORIENTED_EDGE('',*,*,#3362,.T.);
#4442=ORIENTED_EDGE('',*,*,#3357,.F.);
#4443=ORIENTED_EDGE('',*,*,#3363,.F.);
#4444=ORIENTED_EDGE('',*,*,#3364,.T.);
#4445=ORIENTED_EDGE('',*,*,#3365,.T.);
#4446=ORIENTED_EDGE('',*,*,#3361,.F.);
#4447=ORIENTED_EDGE('',*,*,#3366,.F.);
#4448=ORIENTED_EDGE('',*,*,#3367,.T.);
#4449=ORIENTED_EDGE('',*,*,#3368,.T.);
#4450=ORIENTED_EDGE('',*,*,#3364,.F.);
#4451=ORIENTED_EDGE('',*,*,#3369,.F.);
#4452=ORIENTED_EDGE('',*,*,#3370,.T.);
#4453=ORIENTED_EDGE('',*,*,#3371,.T.);
#4454=ORIENTED_EDGE('',*,*,#3367,.F.);
#4455=ORIENTED_EDGE('',*,*,#3372,.F.);
#4456=ORIENTED_EDGE('',*,*,#3373,.T.);
#4457=ORIENTED_EDGE('',*,*,#3374,.T.);
#4458=ORIENTED_EDGE('',*,*,#3370,.F.);
#4459=ORIENTED_EDGE('',*,*,#3375,.F.);
#4460=ORIENTED_EDGE('',*,*,#3376,.T.);
#4461=ORIENTED_EDGE('',*,*,#3377,.T.);
#4462=ORIENTED_EDGE('',*,*,#3373,.F.);
#4463=ORIENTED_EDGE('',*,*,#3378,.F.);
#4464=ORIENTED_EDGE('',*,*,#3379,.T.);
#4465=ORIENTED_EDGE('',*,*,#3380,.T.);
#4466=ORIENTED_EDGE('',*,*,#3376,.F.);
#4467=ORIENTED_EDGE('',*,*,#3381,.F.);
#4468=ORIENTED_EDGE('',*,*,#3382,.T.);
#4469=ORIENTED_EDGE('',*,*,#3383,.T.);
#4470=ORIENTED_EDGE('',*,*,#3379,.F.);
#4471=ORIENTED_EDGE('',*,*,#3384,.F.);
#4472=ORIENTED_EDGE('',*,*,#3385,.T.);
#4473=ORIENTED_EDGE('',*,*,#3386,.T.);
#4474=ORIENTED_EDGE('',*,*,#3382,.F.);
#4475=ORIENTED_EDGE('',*,*,#3387,.F.);
#4476=ORIENTED_EDGE('',*,*,#3388,.T.);
#4477=ORIENTED_EDGE('',*,*,#3389,.T.);
#4478=ORIENTED_EDGE('',*,*,#3385,.F.);
#4479=ORIENTED_EDGE('',*,*,#3390,.F.);
#4480=ORIENTED_EDGE('',*,*,#3391,.T.);
#4481=ORIENTED_EDGE('',*,*,#3392,.T.);
#4482=ORIENTED_EDGE('',*,*,#3388,.F.);
#4483=ORIENTED_EDGE('',*,*,#3393,.F.);
#4484=ORIENTED_EDGE('',*,*,#3394,.T.);
#4485=ORIENTED_EDGE('',*,*,#3395,.T.);
#4486=ORIENTED_EDGE('',*,*,#3391,.F.);
#4487=ORIENTED_EDGE('',*,*,#3396,.F.);
#4488=ORIENTED_EDGE('',*,*,#3359,.T.);
#4489=ORIENTED_EDGE('',*,*,#3397,.T.);
#4490=ORIENTED_EDGE('',*,*,#3394,.F.);
#4491=ORIENTED_EDGE('',*,*,#3397,.F.);
#4492=ORIENTED_EDGE('',*,*,#3358,.F.);
#4493=ORIENTED_EDGE('',*,*,#3362,.F.);
#4494=ORIENTED_EDGE('',*,*,#3365,.F.);
#4495=ORIENTED_EDGE('',*,*,#3368,.F.);
#4496=ORIENTED_EDGE('',*,*,#3371,.F.);
#4497=ORIENTED_EDGE('',*,*,#3374,.F.);
#4498=ORIENTED_EDGE('',*,*,#3377,.F.);
#4499=ORIENTED_EDGE('',*,*,#3380,.F.);
#4500=ORIENTED_EDGE('',*,*,#3383,.F.);
#4501=ORIENTED_EDGE('',*,*,#3386,.F.);
#4502=ORIENTED_EDGE('',*,*,#3389,.F.);
#4503=ORIENTED_EDGE('',*,*,#3392,.F.);
#4504=ORIENTED_EDGE('',*,*,#3395,.F.);
#4505=ORIENTED_EDGE('',*,*,#3355,.F.);
#4506=ORIENTED_EDGE('',*,*,#3334,.F.);
#4507=ORIENTED_EDGE('',*,*,#3338,.F.);
#4508=ORIENTED_EDGE('',*,*,#3341,.F.);
#4509=ORIENTED_EDGE('',*,*,#3344,.F.);
#4510=ORIENTED_EDGE('',*,*,#3347,.F.);
#4511=ORIENTED_EDGE('',*,*,#3350,.F.);
#4512=ORIENTED_EDGE('',*,*,#3353,.F.);
#4513=ORIENTED_EDGE('',*,*,#3398,.F.);
#4514=ORIENTED_EDGE('',*,*,#3399,.T.);
#4515=ORIENTED_EDGE('',*,*,#3400,.T.);
#4516=ORIENTED_EDGE('',*,*,#3401,.F.);
#4517=ORIENTED_EDGE('',*,*,#3402,.F.);
#4518=ORIENTED_EDGE('',*,*,#3403,.T.);
#4519=ORIENTED_EDGE('',*,*,#3404,.T.);
#4520=ORIENTED_EDGE('',*,*,#3399,.F.);
#4521=ORIENTED_EDGE('',*,*,#3405,.F.);
#4522=ORIENTED_EDGE('',*,*,#3406,.T.);
#4523=ORIENTED_EDGE('',*,*,#3407,.T.);
#4524=ORIENTED_EDGE('',*,*,#3403,.F.);
#4525=ORIENTED_EDGE('',*,*,#3408,.F.);
#4526=ORIENTED_EDGE('',*,*,#3409,.T.);
#4527=ORIENTED_EDGE('',*,*,#3410,.T.);
#4528=ORIENTED_EDGE('',*,*,#3406,.F.);
#4529=ORIENTED_EDGE('',*,*,#3411,.F.);
#4530=ORIENTED_EDGE('',*,*,#3412,.T.);
#4531=ORIENTED_EDGE('',*,*,#3413,.T.);
#4532=ORIENTED_EDGE('',*,*,#3409,.F.);
#4533=ORIENTED_EDGE('',*,*,#3414,.F.);
#4534=ORIENTED_EDGE('',*,*,#3415,.T.);
#4535=ORIENTED_EDGE('',*,*,#3416,.T.);
#4536=ORIENTED_EDGE('',*,*,#3412,.F.);
#4537=ORIENTED_EDGE('',*,*,#3417,.F.);
#4538=ORIENTED_EDGE('',*,*,#3418,.T.);
#4539=ORIENTED_EDGE('',*,*,#3419,.T.);
#4540=ORIENTED_EDGE('',*,*,#3415,.F.);
#4541=ORIENTED_EDGE('',*,*,#3420,.F.);
#4542=ORIENTED_EDGE('',*,*,#3421,.T.);
#4543=ORIENTED_EDGE('',*,*,#3422,.T.);
#4544=ORIENTED_EDGE('',*,*,#3418,.F.);
#4545=ORIENTED_EDGE('',*,*,#3423,.F.);
#4546=ORIENTED_EDGE('',*,*,#3424,.T.);
#4547=ORIENTED_EDGE('',*,*,#3425,.T.);
#4548=ORIENTED_EDGE('',*,*,#3421,.F.);
#4549=ORIENTED_EDGE('',*,*,#3426,.F.);
#4550=ORIENTED_EDGE('',*,*,#3427,.T.);
#4551=ORIENTED_EDGE('',*,*,#3428,.T.);
#4552=ORIENTED_EDGE('',*,*,#3424,.F.);
#4553=ORIENTED_EDGE('',*,*,#3429,.F.);
#4554=ORIENTED_EDGE('',*,*,#3430,.T.);
#4555=ORIENTED_EDGE('',*,*,#3431,.T.);
#4556=ORIENTED_EDGE('',*,*,#3427,.F.);
#4557=ORIENTED_EDGE('',*,*,#3432,.F.);
#4558=ORIENTED_EDGE('',*,*,#3401,.T.);
#4559=ORIENTED_EDGE('',*,*,#3433,.T.);
#4560=ORIENTED_EDGE('',*,*,#3430,.F.);
#4561=ORIENTED_EDGE('',*,*,#3433,.F.);
#4562=ORIENTED_EDGE('',*,*,#3400,.F.);
#4563=ORIENTED_EDGE('',*,*,#3404,.F.);
#4564=ORIENTED_EDGE('',*,*,#3407,.F.);
#4565=ORIENTED_EDGE('',*,*,#3410,.F.);
#4566=ORIENTED_EDGE('',*,*,#3413,.F.);
#4567=ORIENTED_EDGE('',*,*,#3416,.F.);
#4568=ORIENTED_EDGE('',*,*,#3419,.F.);
#4569=ORIENTED_EDGE('',*,*,#3422,.F.);
#4570=ORIENTED_EDGE('',*,*,#3425,.F.);
#4571=ORIENTED_EDGE('',*,*,#3428,.F.);
#4572=ORIENTED_EDGE('',*,*,#3431,.F.);
#4573=ORIENTED_EDGE('',*,*,#3434,.F.);
#4574=ORIENTED_EDGE('',*,*,#3435,.T.);
#4575=ORIENTED_EDGE('',*,*,#3436,.T.);
#4576=ORIENTED_EDGE('',*,*,#3437,.F.);
#4577=ORIENTED_EDGE('',*,*,#3438,.F.);
#4578=ORIENTED_EDGE('',*,*,#3439,.T.);
#4579=ORIENTED_EDGE('',*,*,#3440,.T.);
#4580=ORIENTED_EDGE('',*,*,#3435,.F.);
#4581=ORIENTED_EDGE('',*,*,#3441,.F.);
#4582=ORIENTED_EDGE('',*,*,#3442,.T.);
#4583=ORIENTED_EDGE('',*,*,#3443,.T.);
#4584=ORIENTED_EDGE('',*,*,#3439,.F.);
#4585=ORIENTED_EDGE('',*,*,#3444,.F.);
#4586=ORIENTED_EDGE('',*,*,#3445,.T.);
#4587=ORIENTED_EDGE('',*,*,#3446,.T.);
#4588=ORIENTED_EDGE('',*,*,#3442,.F.);
#4589=ORIENTED_EDGE('',*,*,#3447,.F.);
#4590=ORIENTED_EDGE('',*,*,#3448,.T.);
#4591=ORIENTED_EDGE('',*,*,#3449,.T.);
#4592=ORIENTED_EDGE('',*,*,#3445,.F.);
#4593=ORIENTED_EDGE('',*,*,#3450,.F.);
#4594=ORIENTED_EDGE('',*,*,#3451,.T.);
#4595=ORIENTED_EDGE('',*,*,#3452,.T.);
#4596=ORIENTED_EDGE('',*,*,#3448,.F.);
#4597=ORIENTED_EDGE('',*,*,#3453,.F.);
#4598=ORIENTED_EDGE('',*,*,#3454,.T.);
#4599=ORIENTED_EDGE('',*,*,#3455,.T.);
#4600=ORIENTED_EDGE('',*,*,#3451,.F.);
#4601=ORIENTED_EDGE('',*,*,#3456,.F.);
#4602=ORIENTED_EDGE('',*,*,#3457,.T.);
#4603=ORIENTED_EDGE('',*,*,#3458,.T.);
#4604=ORIENTED_EDGE('',*,*,#3454,.F.);
#4605=ORIENTED_EDGE('',*,*,#3459,.F.);
#4606=ORIENTED_EDGE('',*,*,#3460,.T.);
#4607=ORIENTED_EDGE('',*,*,#3461,.T.);
#4608=ORIENTED_EDGE('',*,*,#3457,.F.);
#4609=ORIENTED_EDGE('',*,*,#3462,.F.);
#4610=ORIENTED_EDGE('',*,*,#3463,.T.);
#4611=ORIENTED_EDGE('',*,*,#3464,.T.);
#4612=ORIENTED_EDGE('',*,*,#3460,.F.);
#4613=ORIENTED_EDGE('',*,*,#3465,.F.);
#4614=ORIENTED_EDGE('',*,*,#3466,.T.);
#4615=ORIENTED_EDGE('',*,*,#3467,.T.);
#4616=ORIENTED_EDGE('',*,*,#3463,.F.);
#4617=ORIENTED_EDGE('',*,*,#3468,.F.);
#4618=ORIENTED_EDGE('',*,*,#3469,.T.);
#4619=ORIENTED_EDGE('',*,*,#3470,.T.);
#4620=ORIENTED_EDGE('',*,*,#3466,.F.);
#4621=ORIENTED_EDGE('',*,*,#3471,.F.);
#4622=ORIENTED_EDGE('',*,*,#3472,.T.);
#4623=ORIENTED_EDGE('',*,*,#3473,.T.);
#4624=ORIENTED_EDGE('',*,*,#3469,.F.);
#4625=ORIENTED_EDGE('',*,*,#3474,.F.);
#4626=ORIENTED_EDGE('',*,*,#3475,.T.);
#4627=ORIENTED_EDGE('',*,*,#3476,.T.);
#4628=ORIENTED_EDGE('',*,*,#3472,.F.);
#4629=ORIENTED_EDGE('',*,*,#3477,.F.);
#4630=ORIENTED_EDGE('',*,*,#3478,.T.);
#4631=ORIENTED_EDGE('',*,*,#3479,.T.);
#4632=ORIENTED_EDGE('',*,*,#3475,.F.);
#4633=ORIENTED_EDGE('',*,*,#3480,.F.);
#4634=ORIENTED_EDGE('',*,*,#3481,.T.);
#4635=ORIENTED_EDGE('',*,*,#3482,.T.);
#4636=ORIENTED_EDGE('',*,*,#3478,.F.);
#4637=ORIENTED_EDGE('',*,*,#3483,.F.);
#4638=ORIENTED_EDGE('',*,*,#3484,.T.);
#4639=ORIENTED_EDGE('',*,*,#3485,.T.);
#4640=ORIENTED_EDGE('',*,*,#3481,.F.);
#4641=ORIENTED_EDGE('',*,*,#3486,.F.);
#4642=ORIENTED_EDGE('',*,*,#3487,.T.);
#4643=ORIENTED_EDGE('',*,*,#3488,.T.);
#4644=ORIENTED_EDGE('',*,*,#3484,.F.);
#4645=ORIENTED_EDGE('',*,*,#3489,.F.);
#4646=ORIENTED_EDGE('',*,*,#3437,.T.);
#4647=ORIENTED_EDGE('',*,*,#3490,.T.);
#4648=ORIENTED_EDGE('',*,*,#3487,.F.);
#4649=ORIENTED_EDGE('',*,*,#3490,.F.);
#4650=ORIENTED_EDGE('',*,*,#3436,.F.);
#4651=ORIENTED_EDGE('',*,*,#3440,.F.);
#4652=ORIENTED_EDGE('',*,*,#3443,.F.);
#4653=ORIENTED_EDGE('',*,*,#3446,.F.);
#4654=ORIENTED_EDGE('',*,*,#3449,.F.);
#4655=ORIENTED_EDGE('',*,*,#3452,.F.);
#4656=ORIENTED_EDGE('',*,*,#3455,.F.);
#4657=ORIENTED_EDGE('',*,*,#3458,.F.);
#4658=ORIENTED_EDGE('',*,*,#3461,.F.);
#4659=ORIENTED_EDGE('',*,*,#3464,.F.);
#4660=ORIENTED_EDGE('',*,*,#3467,.F.);
#4661=ORIENTED_EDGE('',*,*,#3470,.F.);
#4662=ORIENTED_EDGE('',*,*,#3473,.F.);
#4663=ORIENTED_EDGE('',*,*,#3476,.F.);
#4664=ORIENTED_EDGE('',*,*,#3479,.F.);
#4665=ORIENTED_EDGE('',*,*,#3482,.F.);
#4666=ORIENTED_EDGE('',*,*,#3485,.F.);
#4667=ORIENTED_EDGE('',*,*,#3488,.F.);
#4668=ORIENTED_EDGE('',*,*,#3491,.F.);
#4669=ORIENTED_EDGE('',*,*,#3492,.T.);
#4670=ORIENTED_EDGE('',*,*,#3493,.T.);
#4671=ORIENTED_EDGE('',*,*,#3494,.F.);
#4672=ORIENTED_EDGE('',*,*,#3495,.F.);
#4673=ORIENTED_EDGE('',*,*,#3496,.T.);
#4674=ORIENTED_EDGE('',*,*,#3497,.T.);
#4675=ORIENTED_EDGE('',*,*,#3492,.F.);
#4676=ORIENTED_EDGE('',*,*,#3498,.F.);
#4677=ORIENTED_EDGE('',*,*,#3499,.T.);
#4678=ORIENTED_EDGE('',*,*,#3500,.T.);
#4679=ORIENTED_EDGE('',*,*,#3496,.F.);
#4680=ORIENTED_EDGE('',*,*,#3501,.F.);
#4681=ORIENTED_EDGE('',*,*,#3502,.T.);
#4682=ORIENTED_EDGE('',*,*,#3503,.T.);
#4683=ORIENTED_EDGE('',*,*,#3499,.F.);
#4684=ORIENTED_EDGE('',*,*,#3504,.F.);
#4685=ORIENTED_EDGE('',*,*,#3505,.T.);
#4686=ORIENTED_EDGE('',*,*,#3506,.T.);
#4687=ORIENTED_EDGE('',*,*,#3502,.F.);
#4688=ORIENTED_EDGE('',*,*,#3507,.F.);
#4689=ORIENTED_EDGE('',*,*,#3508,.T.);
#4690=ORIENTED_EDGE('',*,*,#3509,.T.);
#4691=ORIENTED_EDGE('',*,*,#3505,.F.);
#4692=ORIENTED_EDGE('',*,*,#3510,.F.);
#4693=ORIENTED_EDGE('',*,*,#3511,.T.);
#4694=ORIENTED_EDGE('',*,*,#3512,.T.);
#4695=ORIENTED_EDGE('',*,*,#3508,.F.);
#4696=ORIENTED_EDGE('',*,*,#3513,.F.);
#4697=ORIENTED_EDGE('',*,*,#3494,.T.);
#4698=ORIENTED_EDGE('',*,*,#3514,.T.);
#4699=ORIENTED_EDGE('',*,*,#3511,.F.);
#4700=ORIENTED_EDGE('',*,*,#3515,.F.);
#4701=ORIENTED_EDGE('',*,*,#3516,.T.);
#4702=ORIENTED_EDGE('',*,*,#3517,.T.);
#4703=ORIENTED_EDGE('',*,*,#3518,.F.);
#4704=ORIENTED_EDGE('',*,*,#3519,.F.);
#4705=ORIENTED_EDGE('',*,*,#3520,.T.);
#4706=ORIENTED_EDGE('',*,*,#3521,.T.);
#4707=ORIENTED_EDGE('',*,*,#3516,.F.);
#4708=ORIENTED_EDGE('',*,*,#3522,.F.);
#4709=ORIENTED_EDGE('',*,*,#3523,.T.);
#4710=ORIENTED_EDGE('',*,*,#3524,.T.);
#4711=ORIENTED_EDGE('',*,*,#3520,.F.);
#4712=ORIENTED_EDGE('',*,*,#3525,.F.);
#4713=ORIENTED_EDGE('',*,*,#3526,.T.);
#4714=ORIENTED_EDGE('',*,*,#3527,.T.);
#4715=ORIENTED_EDGE('',*,*,#3523,.F.);
#4716=ORIENTED_EDGE('',*,*,#3528,.F.);
#4717=ORIENTED_EDGE('',*,*,#3529,.T.);
#4718=ORIENTED_EDGE('',*,*,#3530,.T.);
#4719=ORIENTED_EDGE('',*,*,#3526,.F.);
#4720=ORIENTED_EDGE('',*,*,#3531,.F.);
#4721=ORIENTED_EDGE('',*,*,#3532,.T.);
#4722=ORIENTED_EDGE('',*,*,#3533,.T.);
#4723=ORIENTED_EDGE('',*,*,#3529,.F.);
#4724=ORIENTED_EDGE('',*,*,#3534,.F.);
#4725=ORIENTED_EDGE('',*,*,#3535,.T.);
#4726=ORIENTED_EDGE('',*,*,#3536,.T.);
#4727=ORIENTED_EDGE('',*,*,#3532,.F.);
#4728=ORIENTED_EDGE('',*,*,#3537,.F.);
#4729=ORIENTED_EDGE('',*,*,#3538,.T.);
#4730=ORIENTED_EDGE('',*,*,#3539,.T.);
#4731=ORIENTED_EDGE('',*,*,#3535,.F.);
#4732=ORIENTED_EDGE('',*,*,#3540,.F.);
#4733=ORIENTED_EDGE('',*,*,#3541,.T.);
#4734=ORIENTED_EDGE('',*,*,#3542,.T.);
#4735=ORIENTED_EDGE('',*,*,#3538,.F.);
#4736=ORIENTED_EDGE('',*,*,#3543,.F.);
#4737=ORIENTED_EDGE('',*,*,#3544,.T.);
#4738=ORIENTED_EDGE('',*,*,#3545,.T.);
#4739=ORIENTED_EDGE('',*,*,#3541,.F.);
#4740=ORIENTED_EDGE('',*,*,#3546,.F.);
#4741=ORIENTED_EDGE('',*,*,#3547,.T.);
#4742=ORIENTED_EDGE('',*,*,#3548,.T.);
#4743=ORIENTED_EDGE('',*,*,#3544,.F.);
#4744=ORIENTED_EDGE('',*,*,#3549,.F.);
#4745=ORIENTED_EDGE('',*,*,#3550,.T.);
#4746=ORIENTED_EDGE('',*,*,#3551,.T.);
#4747=ORIENTED_EDGE('',*,*,#3547,.F.);
#4748=ORIENTED_EDGE('',*,*,#3552,.F.);
#4749=ORIENTED_EDGE('',*,*,#3553,.T.);
#4750=ORIENTED_EDGE('',*,*,#3554,.T.);
#4751=ORIENTED_EDGE('',*,*,#3550,.F.);
#4752=ORIENTED_EDGE('',*,*,#3555,.F.);
#4753=ORIENTED_EDGE('',*,*,#3556,.T.);
#4754=ORIENTED_EDGE('',*,*,#3557,.T.);
#4755=ORIENTED_EDGE('',*,*,#3553,.F.);
#4756=ORIENTED_EDGE('',*,*,#3558,.F.);
#4757=ORIENTED_EDGE('',*,*,#3518,.T.);
#4758=ORIENTED_EDGE('',*,*,#3559,.T.);
#4759=ORIENTED_EDGE('',*,*,#3556,.F.);
#4760=ORIENTED_EDGE('',*,*,#3559,.F.);
#4761=ORIENTED_EDGE('',*,*,#3517,.F.);
#4762=ORIENTED_EDGE('',*,*,#3521,.F.);
#4763=ORIENTED_EDGE('',*,*,#3524,.F.);
#4764=ORIENTED_EDGE('',*,*,#3527,.F.);
#4765=ORIENTED_EDGE('',*,*,#3530,.F.);
#4766=ORIENTED_EDGE('',*,*,#3533,.F.);
#4767=ORIENTED_EDGE('',*,*,#3536,.F.);
#4768=ORIENTED_EDGE('',*,*,#3539,.F.);
#4769=ORIENTED_EDGE('',*,*,#3542,.F.);
#4770=ORIENTED_EDGE('',*,*,#3545,.F.);
#4771=ORIENTED_EDGE('',*,*,#3548,.F.);
#4772=ORIENTED_EDGE('',*,*,#3551,.F.);
#4773=ORIENTED_EDGE('',*,*,#3554,.F.);
#4774=ORIENTED_EDGE('',*,*,#3557,.F.);
#4775=ORIENTED_EDGE('',*,*,#3514,.F.);
#4776=ORIENTED_EDGE('',*,*,#3493,.F.);
#4777=ORIENTED_EDGE('',*,*,#3497,.F.);
#4778=ORIENTED_EDGE('',*,*,#3500,.F.);
#4779=ORIENTED_EDGE('',*,*,#3503,.F.);
#4780=ORIENTED_EDGE('',*,*,#3506,.F.);
#4781=ORIENTED_EDGE('',*,*,#3509,.F.);
#4782=ORIENTED_EDGE('',*,*,#3512,.F.);
#4783=ORIENTED_EDGE('',*,*,#3560,.F.);
#4784=ORIENTED_EDGE('',*,*,#3561,.T.);
#4785=ORIENTED_EDGE('',*,*,#3562,.T.);
#4786=ORIENTED_EDGE('',*,*,#3563,.F.);
#4787=ORIENTED_EDGE('',*,*,#3564,.F.);
#4788=ORIENTED_EDGE('',*,*,#3565,.T.);
#4789=ORIENTED_EDGE('',*,*,#3566,.T.);
#4790=ORIENTED_EDGE('',*,*,#3561,.F.);
#4791=ORIENTED_EDGE('',*,*,#3567,.F.);
#4792=ORIENTED_EDGE('',*,*,#3568,.T.);
#4793=ORIENTED_EDGE('',*,*,#3569,.T.);
#4794=ORIENTED_EDGE('',*,*,#3565,.F.);
#4795=ORIENTED_EDGE('',*,*,#3570,.F.);
#4796=ORIENTED_EDGE('',*,*,#3571,.T.);
#4797=ORIENTED_EDGE('',*,*,#3572,.T.);
#4798=ORIENTED_EDGE('',*,*,#3568,.F.);
#4799=ORIENTED_EDGE('',*,*,#3573,.F.);
#4800=ORIENTED_EDGE('',*,*,#3574,.T.);
#4801=ORIENTED_EDGE('',*,*,#3575,.T.);
#4802=ORIENTED_EDGE('',*,*,#3571,.F.);
#4803=ORIENTED_EDGE('',*,*,#3576,.F.);
#4804=ORIENTED_EDGE('',*,*,#3577,.T.);
#4805=ORIENTED_EDGE('',*,*,#3578,.T.);
#4806=ORIENTED_EDGE('',*,*,#3574,.F.);
#4807=ORIENTED_EDGE('',*,*,#3579,.F.);
#4808=ORIENTED_EDGE('',*,*,#3580,.T.);
#4809=ORIENTED_EDGE('',*,*,#3581,.T.);
#4810=ORIENTED_EDGE('',*,*,#3577,.F.);
#4811=ORIENTED_EDGE('',*,*,#3582,.F.);
#4812=ORIENTED_EDGE('',*,*,#3583,.T.);
#4813=ORIENTED_EDGE('',*,*,#3584,.T.);
#4814=ORIENTED_EDGE('',*,*,#3580,.F.);
#4815=ORIENTED_EDGE('',*,*,#3585,.F.);
#4816=ORIENTED_EDGE('',*,*,#3586,.T.);
#4817=ORIENTED_EDGE('',*,*,#3587,.T.);
#4818=ORIENTED_EDGE('',*,*,#3583,.F.);
#4819=ORIENTED_EDGE('',*,*,#3588,.F.);
#4820=ORIENTED_EDGE('',*,*,#3563,.T.);
#4821=ORIENTED_EDGE('',*,*,#3589,.T.);
#4822=ORIENTED_EDGE('',*,*,#3586,.F.);
#4823=ORIENTED_EDGE('',*,*,#3590,.F.);
#4824=ORIENTED_EDGE('',*,*,#3591,.T.);
#4825=ORIENTED_EDGE('',*,*,#3592,.T.);
#4826=ORIENTED_EDGE('',*,*,#3593,.F.);
#4827=ORIENTED_EDGE('',*,*,#3594,.F.);
#4828=ORIENTED_EDGE('',*,*,#3595,.T.);
#4829=ORIENTED_EDGE('',*,*,#3596,.T.);
#4830=ORIENTED_EDGE('',*,*,#3591,.F.);
#4831=ORIENTED_EDGE('',*,*,#3597,.F.);
#4832=ORIENTED_EDGE('',*,*,#3598,.T.);
#4833=ORIENTED_EDGE('',*,*,#3599,.T.);
#4834=ORIENTED_EDGE('',*,*,#3595,.F.);
#4835=ORIENTED_EDGE('',*,*,#3600,.F.);
#4836=ORIENTED_EDGE('',*,*,#3601,.T.);
#4837=ORIENTED_EDGE('',*,*,#3602,.T.);
#4838=ORIENTED_EDGE('',*,*,#3598,.F.);
#4839=ORIENTED_EDGE('',*,*,#3603,.F.);
#4840=ORIENTED_EDGE('',*,*,#3604,.T.);
#4841=ORIENTED_EDGE('',*,*,#3605,.T.);
#4842=ORIENTED_EDGE('',*,*,#3601,.F.);
#4843=ORIENTED_EDGE('',*,*,#3606,.F.);
#4844=ORIENTED_EDGE('',*,*,#3607,.T.);
#4845=ORIENTED_EDGE('',*,*,#3608,.T.);
#4846=ORIENTED_EDGE('',*,*,#3604,.F.);
#4847=ORIENTED_EDGE('',*,*,#3609,.F.);
#4848=ORIENTED_EDGE('',*,*,#3610,.T.);
#4849=ORIENTED_EDGE('',*,*,#3611,.T.);
#4850=ORIENTED_EDGE('',*,*,#3607,.F.);
#4851=ORIENTED_EDGE('',*,*,#3612,.F.);
#4852=ORIENTED_EDGE('',*,*,#3613,.T.);
#4853=ORIENTED_EDGE('',*,*,#3614,.T.);
#4854=ORIENTED_EDGE('',*,*,#3610,.F.);
#4855=ORIENTED_EDGE('',*,*,#3615,.F.);
#4856=ORIENTED_EDGE('',*,*,#3616,.T.);
#4857=ORIENTED_EDGE('',*,*,#3617,.T.);
#4858=ORIENTED_EDGE('',*,*,#3613,.F.);
#4859=ORIENTED_EDGE('',*,*,#3618,.F.);
#4860=ORIENTED_EDGE('',*,*,#3619,.T.);
#4861=ORIENTED_EDGE('',*,*,#3620,.T.);
#4862=ORIENTED_EDGE('',*,*,#3616,.F.);
#4863=ORIENTED_EDGE('',*,*,#3621,.F.);
#4864=ORIENTED_EDGE('',*,*,#3622,.T.);
#4865=ORIENTED_EDGE('',*,*,#3623,.T.);
#4866=ORIENTED_EDGE('',*,*,#3619,.F.);
#4867=ORIENTED_EDGE('',*,*,#3624,.F.);
#4868=ORIENTED_EDGE('',*,*,#3625,.T.);
#4869=ORIENTED_EDGE('',*,*,#3626,.T.);
#4870=ORIENTED_EDGE('',*,*,#3622,.F.);
#4871=ORIENTED_EDGE('',*,*,#3627,.F.);
#4872=ORIENTED_EDGE('',*,*,#3628,.T.);
#4873=ORIENTED_EDGE('',*,*,#3629,.T.);
#4874=ORIENTED_EDGE('',*,*,#3625,.F.);
#4875=ORIENTED_EDGE('',*,*,#3630,.F.);
#4876=ORIENTED_EDGE('',*,*,#3631,.T.);
#4877=ORIENTED_EDGE('',*,*,#3632,.T.);
#4878=ORIENTED_EDGE('',*,*,#3628,.F.);
#4879=ORIENTED_EDGE('',*,*,#3633,.F.);
#4880=ORIENTED_EDGE('',*,*,#3634,.T.);
#4881=ORIENTED_EDGE('',*,*,#3635,.T.);
#4882=ORIENTED_EDGE('',*,*,#3631,.F.);
#4883=ORIENTED_EDGE('',*,*,#3636,.F.);
#4884=ORIENTED_EDGE('',*,*,#3637,.T.);
#4885=ORIENTED_EDGE('',*,*,#3638,.T.);
#4886=ORIENTED_EDGE('',*,*,#3634,.F.);
#4887=ORIENTED_EDGE('',*,*,#3639,.F.);
#4888=ORIENTED_EDGE('',*,*,#3640,.T.);
#4889=ORIENTED_EDGE('',*,*,#3641,.T.);
#4890=ORIENTED_EDGE('',*,*,#3637,.F.);
#4891=ORIENTED_EDGE('',*,*,#3642,.F.);
#4892=ORIENTED_EDGE('',*,*,#3643,.T.);
#4893=ORIENTED_EDGE('',*,*,#3644,.T.);
#4894=ORIENTED_EDGE('',*,*,#3640,.F.);
#4895=ORIENTED_EDGE('',*,*,#3645,.F.);
#4896=ORIENTED_EDGE('',*,*,#3646,.T.);
#4897=ORIENTED_EDGE('',*,*,#3647,.T.);
#4898=ORIENTED_EDGE('',*,*,#3643,.F.);
#4899=ORIENTED_EDGE('',*,*,#3648,.F.);
#4900=ORIENTED_EDGE('',*,*,#3649,.T.);
#4901=ORIENTED_EDGE('',*,*,#3650,.T.);
#4902=ORIENTED_EDGE('',*,*,#3646,.F.);
#4903=ORIENTED_EDGE('',*,*,#3651,.F.);
#4904=ORIENTED_EDGE('',*,*,#3652,.T.);
#4905=ORIENTED_EDGE('',*,*,#3653,.T.);
#4906=ORIENTED_EDGE('',*,*,#3649,.F.);
#4907=ORIENTED_EDGE('',*,*,#3654,.F.);
#4908=ORIENTED_EDGE('',*,*,#3655,.T.);
#4909=ORIENTED_EDGE('',*,*,#3656,.T.);
#4910=ORIENTED_EDGE('',*,*,#3652,.F.);
#4911=ORIENTED_EDGE('',*,*,#3657,.F.);
#4912=ORIENTED_EDGE('',*,*,#3658,.T.);
#4913=ORIENTED_EDGE('',*,*,#3659,.T.);
#4914=ORIENTED_EDGE('',*,*,#3655,.F.);
#4915=ORIENTED_EDGE('',*,*,#3660,.F.);
#4916=ORIENTED_EDGE('',*,*,#3661,.T.);
#4917=ORIENTED_EDGE('',*,*,#3662,.T.);
#4918=ORIENTED_EDGE('',*,*,#3658,.F.);
#4919=ORIENTED_EDGE('',*,*,#3663,.F.);
#4920=ORIENTED_EDGE('',*,*,#3664,.T.);
#4921=ORIENTED_EDGE('',*,*,#3665,.T.);
#4922=ORIENTED_EDGE('',*,*,#3661,.F.);
#4923=ORIENTED_EDGE('',*,*,#3666,.F.);
#4924=ORIENTED_EDGE('',*,*,#3667,.T.);
#4925=ORIENTED_EDGE('',*,*,#3668,.T.);
#4926=ORIENTED_EDGE('',*,*,#3664,.F.);
#4927=ORIENTED_EDGE('',*,*,#3669,.F.);
#4928=ORIENTED_EDGE('',*,*,#3593,.T.);
#4929=ORIENTED_EDGE('',*,*,#3670,.T.);
#4930=ORIENTED_EDGE('',*,*,#3667,.F.);
#4931=ORIENTED_EDGE('',*,*,#3670,.F.);
#4932=ORIENTED_EDGE('',*,*,#3592,.F.);
#4933=ORIENTED_EDGE('',*,*,#3596,.F.);
#4934=ORIENTED_EDGE('',*,*,#3599,.F.);
#4935=ORIENTED_EDGE('',*,*,#3602,.F.);
#4936=ORIENTED_EDGE('',*,*,#3605,.F.);
#4937=ORIENTED_EDGE('',*,*,#3608,.F.);
#4938=ORIENTED_EDGE('',*,*,#3611,.F.);
#4939=ORIENTED_EDGE('',*,*,#3614,.F.);
#4940=ORIENTED_EDGE('',*,*,#3617,.F.);
#4941=ORIENTED_EDGE('',*,*,#3620,.F.);
#4942=ORIENTED_EDGE('',*,*,#3623,.F.);
#4943=ORIENTED_EDGE('',*,*,#3626,.F.);
#4944=ORIENTED_EDGE('',*,*,#3629,.F.);
#4945=ORIENTED_EDGE('',*,*,#3632,.F.);
#4946=ORIENTED_EDGE('',*,*,#3635,.F.);
#4947=ORIENTED_EDGE('',*,*,#3638,.F.);
#4948=ORIENTED_EDGE('',*,*,#3641,.F.);
#4949=ORIENTED_EDGE('',*,*,#3644,.F.);
#4950=ORIENTED_EDGE('',*,*,#3647,.F.);
#4951=ORIENTED_EDGE('',*,*,#3650,.F.);
#4952=ORIENTED_EDGE('',*,*,#3653,.F.);
#4953=ORIENTED_EDGE('',*,*,#3656,.F.);
#4954=ORIENTED_EDGE('',*,*,#3659,.F.);
#4955=ORIENTED_EDGE('',*,*,#3662,.F.);
#4956=ORIENTED_EDGE('',*,*,#3665,.F.);
#4957=ORIENTED_EDGE('',*,*,#3668,.F.);
#4958=ORIENTED_EDGE('',*,*,#3589,.F.);
#4959=ORIENTED_EDGE('',*,*,#3562,.F.);
#4960=ORIENTED_EDGE('',*,*,#3566,.F.);
#4961=ORIENTED_EDGE('',*,*,#3569,.F.);
#4962=ORIENTED_EDGE('',*,*,#3572,.F.);
#4963=ORIENTED_EDGE('',*,*,#3575,.F.);
#4964=ORIENTED_EDGE('',*,*,#3578,.F.);
#4965=ORIENTED_EDGE('',*,*,#3581,.F.);
#4966=ORIENTED_EDGE('',*,*,#3584,.F.);
#4967=ORIENTED_EDGE('',*,*,#3587,.F.);
#4968=ORIENTED_EDGE('',*,*,#3671,.F.);
#4969=ORIENTED_EDGE('',*,*,#3672,.T.);
#4970=ORIENTED_EDGE('',*,*,#3673,.T.);
#4971=ORIENTED_EDGE('',*,*,#3674,.F.);
#4972=ORIENTED_EDGE('',*,*,#3675,.F.);
#4973=ORIENTED_EDGE('',*,*,#3676,.T.);
#4974=ORIENTED_EDGE('',*,*,#3677,.T.);
#4975=ORIENTED_EDGE('',*,*,#3672,.F.);
#4976=ORIENTED_EDGE('',*,*,#3678,.F.);
#4977=ORIENTED_EDGE('',*,*,#3679,.T.);
#4978=ORIENTED_EDGE('',*,*,#3680,.T.);
#4979=ORIENTED_EDGE('',*,*,#3676,.F.);
#4980=ORIENTED_EDGE('',*,*,#3681,.F.);
#4981=ORIENTED_EDGE('',*,*,#3682,.T.);
#4982=ORIENTED_EDGE('',*,*,#3683,.T.);
#4983=ORIENTED_EDGE('',*,*,#3679,.F.);
#4984=ORIENTED_EDGE('',*,*,#3684,.F.);
#4985=ORIENTED_EDGE('',*,*,#3685,.T.);
#4986=ORIENTED_EDGE('',*,*,#3686,.T.);
#4987=ORIENTED_EDGE('',*,*,#3682,.F.);
#4988=ORIENTED_EDGE('',*,*,#3687,.F.);
#4989=ORIENTED_EDGE('',*,*,#3688,.T.);
#4990=ORIENTED_EDGE('',*,*,#3689,.T.);
#4991=ORIENTED_EDGE('',*,*,#3685,.F.);
#4992=ORIENTED_EDGE('',*,*,#3690,.F.);
#4993=ORIENTED_EDGE('',*,*,#3691,.T.);
#4994=ORIENTED_EDGE('',*,*,#3692,.T.);
#4995=ORIENTED_EDGE('',*,*,#3688,.F.);
#4996=ORIENTED_EDGE('',*,*,#3693,.F.);
#4997=ORIENTED_EDGE('',*,*,#3694,.T.);
#4998=ORIENTED_EDGE('',*,*,#3695,.T.);
#4999=ORIENTED_EDGE('',*,*,#3691,.F.);
#5000=ORIENTED_EDGE('',*,*,#3696,.F.);
#5001=ORIENTED_EDGE('',*,*,#3697,.T.);
#5002=ORIENTED_EDGE('',*,*,#3698,.T.);
#5003=ORIENTED_EDGE('',*,*,#3694,.F.);
#5004=ORIENTED_EDGE('',*,*,#3699,.F.);
#5005=ORIENTED_EDGE('',*,*,#3700,.T.);
#5006=ORIENTED_EDGE('',*,*,#3701,.T.);
#5007=ORIENTED_EDGE('',*,*,#3697,.F.);
#5008=ORIENTED_EDGE('',*,*,#3702,.F.);
#5009=ORIENTED_EDGE('',*,*,#3703,.T.);
#5010=ORIENTED_EDGE('',*,*,#3704,.T.);
#5011=ORIENTED_EDGE('',*,*,#3700,.F.);
#5012=ORIENTED_EDGE('',*,*,#3705,.F.);
#5013=ORIENTED_EDGE('',*,*,#3674,.T.);
#5014=ORIENTED_EDGE('',*,*,#3706,.T.);
#5015=ORIENTED_EDGE('',*,*,#3703,.F.);
#5016=ORIENTED_EDGE('',*,*,#3706,.F.);
#5017=ORIENTED_EDGE('',*,*,#3673,.F.);
#5018=ORIENTED_EDGE('',*,*,#3677,.F.);
#5019=ORIENTED_EDGE('',*,*,#3680,.F.);
#5020=ORIENTED_EDGE('',*,*,#3683,.F.);
#5021=ORIENTED_EDGE('',*,*,#3686,.F.);
#5022=ORIENTED_EDGE('',*,*,#3689,.F.);
#5023=ORIENTED_EDGE('',*,*,#3692,.F.);
#5024=ORIENTED_EDGE('',*,*,#3695,.F.);
#5025=ORIENTED_EDGE('',*,*,#3698,.F.);
#5026=ORIENTED_EDGE('',*,*,#3701,.F.);
#5027=ORIENTED_EDGE('',*,*,#3704,.F.);
#5028=ORIENTED_EDGE('',*,*,#3707,.F.);
#5029=ORIENTED_EDGE('',*,*,#3708,.T.);
#5030=ORIENTED_EDGE('',*,*,#3709,.T.);
#5031=ORIENTED_EDGE('',*,*,#3710,.F.);
#5032=ORIENTED_EDGE('',*,*,#3711,.F.);
#5033=ORIENTED_EDGE('',*,*,#3712,.T.);
#5034=ORIENTED_EDGE('',*,*,#3713,.T.);
#5035=ORIENTED_EDGE('',*,*,#3708,.F.);
#5036=ORIENTED_EDGE('',*,*,#3714,.F.);
#5037=ORIENTED_EDGE('',*,*,#3715,.T.);
#5038=ORIENTED_EDGE('',*,*,#3716,.T.);
#5039=ORIENTED_EDGE('',*,*,#3712,.F.);
#5040=ORIENTED_EDGE('',*,*,#3717,.F.);
#5041=ORIENTED_EDGE('',*,*,#3718,.T.);
#5042=ORIENTED_EDGE('',*,*,#3719,.T.);
#5043=ORIENTED_EDGE('',*,*,#3715,.F.);
#5044=ORIENTED_EDGE('',*,*,#3720,.F.);
#5045=ORIENTED_EDGE('',*,*,#3721,.T.);
#5046=ORIENTED_EDGE('',*,*,#3722,.T.);
#5047=ORIENTED_EDGE('',*,*,#3718,.F.);
#5048=ORIENTED_EDGE('',*,*,#3723,.F.);
#5049=ORIENTED_EDGE('',*,*,#3724,.T.);
#5050=ORIENTED_EDGE('',*,*,#3725,.T.);
#5051=ORIENTED_EDGE('',*,*,#3721,.F.);
#5052=ORIENTED_EDGE('',*,*,#3726,.F.);
#5053=ORIENTED_EDGE('',*,*,#3727,.T.);
#5054=ORIENTED_EDGE('',*,*,#3728,.T.);
#5055=ORIENTED_EDGE('',*,*,#3724,.F.);
#5056=ORIENTED_EDGE('',*,*,#3729,.F.);
#5057=ORIENTED_EDGE('',*,*,#3730,.T.);
#5058=ORIENTED_EDGE('',*,*,#3731,.T.);
#5059=ORIENTED_EDGE('',*,*,#3727,.F.);
#5060=ORIENTED_EDGE('',*,*,#3732,.F.);
#5061=ORIENTED_EDGE('',*,*,#3733,.T.);
#5062=ORIENTED_EDGE('',*,*,#3734,.T.);
#5063=ORIENTED_EDGE('',*,*,#3730,.F.);
#5064=ORIENTED_EDGE('',*,*,#3735,.F.);
#5065=ORIENTED_EDGE('',*,*,#3710,.T.);
#5066=ORIENTED_EDGE('',*,*,#3736,.T.);
#5067=ORIENTED_EDGE('',*,*,#3733,.F.);
#5068=ORIENTED_EDGE('',*,*,#3737,.F.);
#5069=ORIENTED_EDGE('',*,*,#3738,.T.);
#5070=ORIENTED_EDGE('',*,*,#3739,.T.);
#5071=ORIENTED_EDGE('',*,*,#3740,.F.);
#5072=ORIENTED_EDGE('',*,*,#3741,.F.);
#5073=ORIENTED_EDGE('',*,*,#3742,.T.);
#5074=ORIENTED_EDGE('',*,*,#3743,.T.);
#5075=ORIENTED_EDGE('',*,*,#3738,.F.);
#5076=ORIENTED_EDGE('',*,*,#3744,.F.);
#5077=ORIENTED_EDGE('',*,*,#3745,.T.);
#5078=ORIENTED_EDGE('',*,*,#3746,.T.);
#5079=ORIENTED_EDGE('',*,*,#3742,.F.);
#5080=ORIENTED_EDGE('',*,*,#3747,.F.);
#5081=ORIENTED_EDGE('',*,*,#3748,.T.);
#5082=ORIENTED_EDGE('',*,*,#3749,.T.);
#5083=ORIENTED_EDGE('',*,*,#3745,.F.);
#5084=ORIENTED_EDGE('',*,*,#3750,.F.);
#5085=ORIENTED_EDGE('',*,*,#3751,.T.);
#5086=ORIENTED_EDGE('',*,*,#3752,.T.);
#5087=ORIENTED_EDGE('',*,*,#3748,.F.);
#5088=ORIENTED_EDGE('',*,*,#3753,.F.);
#5089=ORIENTED_EDGE('',*,*,#3754,.T.);
#5090=ORIENTED_EDGE('',*,*,#3755,.T.);
#5091=ORIENTED_EDGE('',*,*,#3751,.F.);
#5092=ORIENTED_EDGE('',*,*,#3756,.F.);
#5093=ORIENTED_EDGE('',*,*,#3757,.T.);
#5094=ORIENTED_EDGE('',*,*,#3758,.T.);
#5095=ORIENTED_EDGE('',*,*,#3754,.F.);
#5096=ORIENTED_EDGE('',*,*,#3759,.F.);
#5097=ORIENTED_EDGE('',*,*,#3760,.T.);
#5098=ORIENTED_EDGE('',*,*,#3761,.T.);
#5099=ORIENTED_EDGE('',*,*,#3757,.F.);
#5100=ORIENTED_EDGE('',*,*,#3762,.F.);
#5101=ORIENTED_EDGE('',*,*,#3763,.T.);
#5102=ORIENTED_EDGE('',*,*,#3764,.T.);
#5103=ORIENTED_EDGE('',*,*,#3760,.F.);
#5104=ORIENTED_EDGE('',*,*,#3765,.F.);
#5105=ORIENTED_EDGE('',*,*,#3766,.T.);
#5106=ORIENTED_EDGE('',*,*,#3767,.T.);
#5107=ORIENTED_EDGE('',*,*,#3763,.F.);
#5108=ORIENTED_EDGE('',*,*,#3768,.F.);
#5109=ORIENTED_EDGE('',*,*,#3769,.T.);
#5110=ORIENTED_EDGE('',*,*,#3770,.T.);
#5111=ORIENTED_EDGE('',*,*,#3766,.F.);
#5112=ORIENTED_EDGE('',*,*,#3771,.F.);
#5113=ORIENTED_EDGE('',*,*,#3772,.T.);
#5114=ORIENTED_EDGE('',*,*,#3773,.T.);
#5115=ORIENTED_EDGE('',*,*,#3769,.F.);
#5116=ORIENTED_EDGE('',*,*,#3774,.F.);
#5117=ORIENTED_EDGE('',*,*,#3775,.T.);
#5118=ORIENTED_EDGE('',*,*,#3776,.T.);
#5119=ORIENTED_EDGE('',*,*,#3772,.F.);
#5120=ORIENTED_EDGE('',*,*,#3777,.F.);
#5121=ORIENTED_EDGE('',*,*,#3778,.T.);
#5122=ORIENTED_EDGE('',*,*,#3779,.T.);
#5123=ORIENTED_EDGE('',*,*,#3775,.F.);
#5124=ORIENTED_EDGE('',*,*,#3780,.F.);
#5125=ORIENTED_EDGE('',*,*,#3781,.T.);
#5126=ORIENTED_EDGE('',*,*,#3782,.T.);
#5127=ORIENTED_EDGE('',*,*,#3778,.F.);
#5128=ORIENTED_EDGE('',*,*,#3783,.F.);
#5129=ORIENTED_EDGE('',*,*,#3784,.T.);
#5130=ORIENTED_EDGE('',*,*,#3785,.T.);
#5131=ORIENTED_EDGE('',*,*,#3781,.F.);
#5132=ORIENTED_EDGE('',*,*,#3786,.F.);
#5133=ORIENTED_EDGE('',*,*,#3787,.T.);
#5134=ORIENTED_EDGE('',*,*,#3788,.T.);
#5135=ORIENTED_EDGE('',*,*,#3784,.F.);
#5136=ORIENTED_EDGE('',*,*,#3789,.F.);
#5137=ORIENTED_EDGE('',*,*,#3790,.T.);
#5138=ORIENTED_EDGE('',*,*,#3791,.T.);
#5139=ORIENTED_EDGE('',*,*,#3787,.F.);
#5140=ORIENTED_EDGE('',*,*,#3792,.F.);
#5141=ORIENTED_EDGE('',*,*,#3793,.T.);
#5142=ORIENTED_EDGE('',*,*,#3794,.T.);
#5143=ORIENTED_EDGE('',*,*,#3790,.F.);
#5144=ORIENTED_EDGE('',*,*,#3795,.F.);
#5145=ORIENTED_EDGE('',*,*,#3796,.T.);
#5146=ORIENTED_EDGE('',*,*,#3797,.T.);
#5147=ORIENTED_EDGE('',*,*,#3793,.F.);
#5148=ORIENTED_EDGE('',*,*,#3798,.F.);
#5149=ORIENTED_EDGE('',*,*,#3799,.T.);
#5150=ORIENTED_EDGE('',*,*,#3800,.T.);
#5151=ORIENTED_EDGE('',*,*,#3796,.F.);
#5152=ORIENTED_EDGE('',*,*,#3801,.F.);
#5153=ORIENTED_EDGE('',*,*,#3802,.T.);
#5154=ORIENTED_EDGE('',*,*,#3803,.T.);
#5155=ORIENTED_EDGE('',*,*,#3799,.F.);
#5156=ORIENTED_EDGE('',*,*,#3804,.F.);
#5157=ORIENTED_EDGE('',*,*,#3805,.T.);
#5158=ORIENTED_EDGE('',*,*,#3806,.T.);
#5159=ORIENTED_EDGE('',*,*,#3802,.F.);
#5160=ORIENTED_EDGE('',*,*,#3807,.F.);
#5161=ORIENTED_EDGE('',*,*,#3808,.T.);
#5162=ORIENTED_EDGE('',*,*,#3809,.T.);
#5163=ORIENTED_EDGE('',*,*,#3805,.F.);
#5164=ORIENTED_EDGE('',*,*,#3810,.F.);
#5165=ORIENTED_EDGE('',*,*,#3811,.T.);
#5166=ORIENTED_EDGE('',*,*,#3812,.T.);
#5167=ORIENTED_EDGE('',*,*,#3808,.F.);
#5168=ORIENTED_EDGE('',*,*,#3813,.F.);
#5169=ORIENTED_EDGE('',*,*,#3814,.T.);
#5170=ORIENTED_EDGE('',*,*,#3815,.T.);
#5171=ORIENTED_EDGE('',*,*,#3811,.F.);
#5172=ORIENTED_EDGE('',*,*,#3816,.F.);
#5173=ORIENTED_EDGE('',*,*,#3740,.T.);
#5174=ORIENTED_EDGE('',*,*,#3817,.T.);
#5175=ORIENTED_EDGE('',*,*,#3814,.F.);
#5176=ORIENTED_EDGE('',*,*,#3817,.F.);
#5177=ORIENTED_EDGE('',*,*,#3739,.F.);
#5178=ORIENTED_EDGE('',*,*,#3743,.F.);
#5179=ORIENTED_EDGE('',*,*,#3746,.F.);
#5180=ORIENTED_EDGE('',*,*,#3749,.F.);
#5181=ORIENTED_EDGE('',*,*,#3752,.F.);
#5182=ORIENTED_EDGE('',*,*,#3755,.F.);
#5183=ORIENTED_EDGE('',*,*,#3758,.F.);
#5184=ORIENTED_EDGE('',*,*,#3761,.F.);
#5185=ORIENTED_EDGE('',*,*,#3764,.F.);
#5186=ORIENTED_EDGE('',*,*,#3767,.F.);
#5187=ORIENTED_EDGE('',*,*,#3770,.F.);
#5188=ORIENTED_EDGE('',*,*,#3773,.F.);
#5189=ORIENTED_EDGE('',*,*,#3776,.F.);
#5190=ORIENTED_EDGE('',*,*,#3779,.F.);
#5191=ORIENTED_EDGE('',*,*,#3782,.F.);
#5192=ORIENTED_EDGE('',*,*,#3785,.F.);
#5193=ORIENTED_EDGE('',*,*,#3788,.F.);
#5194=ORIENTED_EDGE('',*,*,#3791,.F.);
#5195=ORIENTED_EDGE('',*,*,#3794,.F.);
#5196=ORIENTED_EDGE('',*,*,#3797,.F.);
#5197=ORIENTED_EDGE('',*,*,#3800,.F.);
#5198=ORIENTED_EDGE('',*,*,#3803,.F.);
#5199=ORIENTED_EDGE('',*,*,#3806,.F.);
#5200=ORIENTED_EDGE('',*,*,#3809,.F.);
#5201=ORIENTED_EDGE('',*,*,#3812,.F.);
#5202=ORIENTED_EDGE('',*,*,#3815,.F.);
#5203=ORIENTED_EDGE('',*,*,#3736,.F.);
#5204=ORIENTED_EDGE('',*,*,#3709,.F.);
#5205=ORIENTED_EDGE('',*,*,#3713,.F.);
#5206=ORIENTED_EDGE('',*,*,#3716,.F.);
#5207=ORIENTED_EDGE('',*,*,#3719,.F.);
#5208=ORIENTED_EDGE('',*,*,#3722,.F.);
#5209=ORIENTED_EDGE('',*,*,#3725,.F.);
#5210=ORIENTED_EDGE('',*,*,#3728,.F.);
#5211=ORIENTED_EDGE('',*,*,#3731,.F.);
#5212=ORIENTED_EDGE('',*,*,#3734,.F.);
#5213=ORIENTED_EDGE('',*,*,#3818,.F.);
#5214=ORIENTED_EDGE('',*,*,#3819,.T.);
#5215=ORIENTED_EDGE('',*,*,#3820,.T.);
#5216=ORIENTED_EDGE('',*,*,#3821,.F.);
#5217=ORIENTED_EDGE('',*,*,#3822,.F.);
#5218=ORIENTED_EDGE('',*,*,#3823,.T.);
#5219=ORIENTED_EDGE('',*,*,#3824,.T.);
#5220=ORIENTED_EDGE('',*,*,#3819,.F.);
#5221=ORIENTED_EDGE('',*,*,#3825,.F.);
#5222=ORIENTED_EDGE('',*,*,#3826,.T.);
#5223=ORIENTED_EDGE('',*,*,#3827,.T.);
#5224=ORIENTED_EDGE('',*,*,#3823,.F.);
#5225=ORIENTED_EDGE('',*,*,#3828,.F.);
#5226=ORIENTED_EDGE('',*,*,#3829,.T.);
#5227=ORIENTED_EDGE('',*,*,#3830,.T.);
#5228=ORIENTED_EDGE('',*,*,#3826,.F.);
#5229=ORIENTED_EDGE('',*,*,#3831,.F.);
#5230=ORIENTED_EDGE('',*,*,#3832,.T.);
#5231=ORIENTED_EDGE('',*,*,#3833,.T.);
#5232=ORIENTED_EDGE('',*,*,#3829,.F.);
#5233=ORIENTED_EDGE('',*,*,#3834,.F.);
#5234=ORIENTED_EDGE('',*,*,#3835,.T.);
#5235=ORIENTED_EDGE('',*,*,#3836,.T.);
#5236=ORIENTED_EDGE('',*,*,#3832,.F.);
#5237=ORIENTED_EDGE('',*,*,#3837,.F.);
#5238=ORIENTED_EDGE('',*,*,#3838,.T.);
#5239=ORIENTED_EDGE('',*,*,#3839,.T.);
#5240=ORIENTED_EDGE('',*,*,#3835,.F.);
#5241=ORIENTED_EDGE('',*,*,#3840,.F.);
#5242=ORIENTED_EDGE('',*,*,#3841,.T.);
#5243=ORIENTED_EDGE('',*,*,#3842,.T.);
#5244=ORIENTED_EDGE('',*,*,#3838,.F.);
#5245=ORIENTED_EDGE('',*,*,#3843,.F.);
#5246=ORIENTED_EDGE('',*,*,#3844,.T.);
#5247=ORIENTED_EDGE('',*,*,#3845,.T.);
#5248=ORIENTED_EDGE('',*,*,#3841,.F.);
#5249=ORIENTED_EDGE('',*,*,#3846,.F.);
#5250=ORIENTED_EDGE('',*,*,#3847,.T.);
#5251=ORIENTED_EDGE('',*,*,#3848,.T.);
#5252=ORIENTED_EDGE('',*,*,#3844,.F.);
#5253=ORIENTED_EDGE('',*,*,#3849,.F.);
#5254=ORIENTED_EDGE('',*,*,#3850,.T.);
#5255=ORIENTED_EDGE('',*,*,#3851,.T.);
#5256=ORIENTED_EDGE('',*,*,#3847,.F.);
#5257=ORIENTED_EDGE('',*,*,#3852,.F.);
#5258=ORIENTED_EDGE('',*,*,#3853,.T.);
#5259=ORIENTED_EDGE('',*,*,#3854,.T.);
#5260=ORIENTED_EDGE('',*,*,#3850,.F.);
#5261=ORIENTED_EDGE('',*,*,#3855,.F.);
#5262=ORIENTED_EDGE('',*,*,#3856,.T.);
#5263=ORIENTED_EDGE('',*,*,#3857,.T.);
#5264=ORIENTED_EDGE('',*,*,#3853,.F.);
#5265=ORIENTED_EDGE('',*,*,#3858,.F.);
#5266=ORIENTED_EDGE('',*,*,#3859,.T.);
#5267=ORIENTED_EDGE('',*,*,#3860,.T.);
#5268=ORIENTED_EDGE('',*,*,#3856,.F.);
#5269=ORIENTED_EDGE('',*,*,#3861,.F.);
#5270=ORIENTED_EDGE('',*,*,#3862,.T.);
#5271=ORIENTED_EDGE('',*,*,#3863,.T.);
#5272=ORIENTED_EDGE('',*,*,#3859,.F.);
#5273=ORIENTED_EDGE('',*,*,#3864,.F.);
#5274=ORIENTED_EDGE('',*,*,#3865,.T.);
#5275=ORIENTED_EDGE('',*,*,#3866,.T.);
#5276=ORIENTED_EDGE('',*,*,#3862,.F.);
#5277=ORIENTED_EDGE('',*,*,#3867,.F.);
#5278=ORIENTED_EDGE('',*,*,#3868,.T.);
#5279=ORIENTED_EDGE('',*,*,#3869,.T.);
#5280=ORIENTED_EDGE('',*,*,#3865,.F.);
#5281=ORIENTED_EDGE('',*,*,#3870,.F.);
#5282=ORIENTED_EDGE('',*,*,#3871,.T.);
#5283=ORIENTED_EDGE('',*,*,#3872,.T.);
#5284=ORIENTED_EDGE('',*,*,#3868,.F.);
#5285=ORIENTED_EDGE('',*,*,#3873,.F.);
#5286=ORIENTED_EDGE('',*,*,#3874,.T.);
#5287=ORIENTED_EDGE('',*,*,#3875,.T.);
#5288=ORIENTED_EDGE('',*,*,#3871,.F.);
#5289=ORIENTED_EDGE('',*,*,#3876,.F.);
#5290=ORIENTED_EDGE('',*,*,#3877,.T.);
#5291=ORIENTED_EDGE('',*,*,#3878,.T.);
#5292=ORIENTED_EDGE('',*,*,#3874,.F.);
#5293=ORIENTED_EDGE('',*,*,#3879,.F.);
#5294=ORIENTED_EDGE('',*,*,#3880,.T.);
#5295=ORIENTED_EDGE('',*,*,#3881,.T.);
#5296=ORIENTED_EDGE('',*,*,#3877,.F.);
#5297=ORIENTED_EDGE('',*,*,#3882,.F.);
#5298=ORIENTED_EDGE('',*,*,#3883,.T.);
#5299=ORIENTED_EDGE('',*,*,#3884,.T.);
#5300=ORIENTED_EDGE('',*,*,#3880,.F.);
#5301=ORIENTED_EDGE('',*,*,#3885,.F.);
#5302=ORIENTED_EDGE('',*,*,#3886,.T.);
#5303=ORIENTED_EDGE('',*,*,#3887,.T.);
#5304=ORIENTED_EDGE('',*,*,#3883,.F.);
#5305=ORIENTED_EDGE('',*,*,#3888,.F.);
#5306=ORIENTED_EDGE('',*,*,#3889,.T.);
#5307=ORIENTED_EDGE('',*,*,#3890,.T.);
#5308=ORIENTED_EDGE('',*,*,#3886,.F.);
#5309=ORIENTED_EDGE('',*,*,#3891,.F.);
#5310=ORIENTED_EDGE('',*,*,#3892,.T.);
#5311=ORIENTED_EDGE('',*,*,#3893,.T.);
#5312=ORIENTED_EDGE('',*,*,#3889,.F.);
#5313=ORIENTED_EDGE('',*,*,#3894,.F.);
#5314=ORIENTED_EDGE('',*,*,#3895,.T.);
#5315=ORIENTED_EDGE('',*,*,#3896,.T.);
#5316=ORIENTED_EDGE('',*,*,#3892,.F.);
#5317=ORIENTED_EDGE('',*,*,#3897,.F.);
#5318=ORIENTED_EDGE('',*,*,#3898,.T.);
#5319=ORIENTED_EDGE('',*,*,#3899,.T.);
#5320=ORIENTED_EDGE('',*,*,#3895,.F.);
#5321=ORIENTED_EDGE('',*,*,#3900,.F.);
#5322=ORIENTED_EDGE('',*,*,#3901,.T.);
#5323=ORIENTED_EDGE('',*,*,#3902,.T.);
#5324=ORIENTED_EDGE('',*,*,#3898,.F.);
#5325=ORIENTED_EDGE('',*,*,#3903,.F.);
#5326=ORIENTED_EDGE('',*,*,#3904,.T.);
#5327=ORIENTED_EDGE('',*,*,#3905,.T.);
#5328=ORIENTED_EDGE('',*,*,#3901,.F.);
#5329=ORIENTED_EDGE('',*,*,#3906,.F.);
#5330=ORIENTED_EDGE('',*,*,#3907,.T.);
#5331=ORIENTED_EDGE('',*,*,#3908,.T.);
#5332=ORIENTED_EDGE('',*,*,#3904,.F.);
#5333=ORIENTED_EDGE('',*,*,#3909,.F.);
#5334=ORIENTED_EDGE('',*,*,#3910,.T.);
#5335=ORIENTED_EDGE('',*,*,#3911,.T.);
#5336=ORIENTED_EDGE('',*,*,#3907,.F.);
#5337=ORIENTED_EDGE('',*,*,#3912,.F.);
#5338=ORIENTED_EDGE('',*,*,#3913,.T.);
#5339=ORIENTED_EDGE('',*,*,#3914,.T.);
#5340=ORIENTED_EDGE('',*,*,#3910,.F.);
#5341=ORIENTED_EDGE('',*,*,#3915,.F.);
#5342=ORIENTED_EDGE('',*,*,#3821,.T.);
#5343=ORIENTED_EDGE('',*,*,#3916,.T.);
#5344=ORIENTED_EDGE('',*,*,#3913,.F.);
#5345=ORIENTED_EDGE('',*,*,#3916,.F.);
#5346=ORIENTED_EDGE('',*,*,#3820,.F.);
#5347=ORIENTED_EDGE('',*,*,#3824,.F.);
#5348=ORIENTED_EDGE('',*,*,#3827,.F.);
#5349=ORIENTED_EDGE('',*,*,#3830,.F.);
#5350=ORIENTED_EDGE('',*,*,#3833,.F.);
#5351=ORIENTED_EDGE('',*,*,#3836,.F.);
#5352=ORIENTED_EDGE('',*,*,#3839,.F.);
#5353=ORIENTED_EDGE('',*,*,#3842,.F.);
#5354=ORIENTED_EDGE('',*,*,#3845,.F.);
#5355=ORIENTED_EDGE('',*,*,#3848,.F.);
#5356=ORIENTED_EDGE('',*,*,#3851,.F.);
#5357=ORIENTED_EDGE('',*,*,#3854,.F.);
#5358=ORIENTED_EDGE('',*,*,#3857,.F.);
#5359=ORIENTED_EDGE('',*,*,#3860,.F.);
#5360=ORIENTED_EDGE('',*,*,#3863,.F.);
#5361=ORIENTED_EDGE('',*,*,#3866,.F.);
#5362=ORIENTED_EDGE('',*,*,#3869,.F.);
#5363=ORIENTED_EDGE('',*,*,#3872,.F.);
#5364=ORIENTED_EDGE('',*,*,#3875,.F.);
#5365=ORIENTED_EDGE('',*,*,#3878,.F.);
#5366=ORIENTED_EDGE('',*,*,#3881,.F.);
#5367=ORIENTED_EDGE('',*,*,#3884,.F.);
#5368=ORIENTED_EDGE('',*,*,#3887,.F.);
#5369=ORIENTED_EDGE('',*,*,#3890,.F.);
#5370=ORIENTED_EDGE('',*,*,#3893,.F.);
#5371=ORIENTED_EDGE('',*,*,#3896,.F.);
#5372=ORIENTED_EDGE('',*,*,#3899,.F.);
#5373=ORIENTED_EDGE('',*,*,#3902,.F.);
#5374=ORIENTED_EDGE('',*,*,#3905,.F.);
#5375=ORIENTED_EDGE('',*,*,#3908,.F.);
#5376=ORIENTED_EDGE('',*,*,#3911,.F.);
#5377=ORIENTED_EDGE('',*,*,#3914,.F.);
#5378=ORIENTED_EDGE('',*,*,#3917,.F.);
#5379=ORIENTED_EDGE('',*,*,#3918,.T.);
#5380=ORIENTED_EDGE('',*,*,#3919,.T.);
#5381=ORIENTED_EDGE('',*,*,#3920,.F.);
#5382=ORIENTED_EDGE('',*,*,#3921,.F.);
#5383=ORIENTED_EDGE('',*,*,#3922,.T.);
#5384=ORIENTED_EDGE('',*,*,#3923,.T.);
#5385=ORIENTED_EDGE('',*,*,#3918,.F.);
#5386=ORIENTED_EDGE('',*,*,#3924,.F.);
#5387=ORIENTED_EDGE('',*,*,#3925,.T.);
#5388=ORIENTED_EDGE('',*,*,#3926,.T.);
#5389=ORIENTED_EDGE('',*,*,#3922,.F.);
#5390=ORIENTED_EDGE('',*,*,#3927,.F.);
#5391=ORIENTED_EDGE('',*,*,#3928,.T.);
#5392=ORIENTED_EDGE('',*,*,#3929,.T.);
#5393=ORIENTED_EDGE('',*,*,#3925,.F.);
#5394=ORIENTED_EDGE('',*,*,#3930,.F.);
#5395=ORIENTED_EDGE('',*,*,#3931,.T.);
#5396=ORIENTED_EDGE('',*,*,#3932,.T.);
#5397=ORIENTED_EDGE('',*,*,#3928,.F.);
#5398=ORIENTED_EDGE('',*,*,#3933,.F.);
#5399=ORIENTED_EDGE('',*,*,#3920,.T.);
#5400=ORIENTED_EDGE('',*,*,#3934,.T.);
#5401=ORIENTED_EDGE('',*,*,#3931,.F.);
#5402=ORIENTED_EDGE('',*,*,#3934,.F.);
#5403=ORIENTED_EDGE('',*,*,#3919,.F.);
#5404=ORIENTED_EDGE('',*,*,#3923,.F.);
#5405=ORIENTED_EDGE('',*,*,#3926,.F.);
#5406=ORIENTED_EDGE('',*,*,#3929,.F.);
#5407=ORIENTED_EDGE('',*,*,#3932,.F.);
#5408=ORIENTED_EDGE('',*,*,#3935,.F.);
#5409=ORIENTED_EDGE('',*,*,#3936,.T.);
#5410=ORIENTED_EDGE('',*,*,#3937,.T.);
#5411=ORIENTED_EDGE('',*,*,#3938,.F.);
#5412=ORIENTED_EDGE('',*,*,#3939,.F.);
#5413=ORIENTED_EDGE('',*,*,#3940,.T.);
#5414=ORIENTED_EDGE('',*,*,#3941,.T.);
#5415=ORIENTED_EDGE('',*,*,#3936,.F.);
#5416=ORIENTED_EDGE('',*,*,#3942,.F.);
#5417=ORIENTED_EDGE('',*,*,#3943,.T.);
#5418=ORIENTED_EDGE('',*,*,#3944,.T.);
#5419=ORIENTED_EDGE('',*,*,#3940,.F.);
#5420=ORIENTED_EDGE('',*,*,#3945,.F.);
#5421=ORIENTED_EDGE('',*,*,#3946,.T.);
#5422=ORIENTED_EDGE('',*,*,#3947,.T.);
#5423=ORIENTED_EDGE('',*,*,#3943,.F.);
#5424=ORIENTED_EDGE('',*,*,#3948,.F.);
#5425=ORIENTED_EDGE('',*,*,#3949,.T.);
#5426=ORIENTED_EDGE('',*,*,#3950,.T.);
#5427=ORIENTED_EDGE('',*,*,#3946,.F.);
#5428=ORIENTED_EDGE('',*,*,#3951,.F.);
#5429=ORIENTED_EDGE('',*,*,#3952,.T.);
#5430=ORIENTED_EDGE('',*,*,#3953,.T.);
#5431=ORIENTED_EDGE('',*,*,#3949,.F.);
#5432=ORIENTED_EDGE('',*,*,#3954,.F.);
#5433=ORIENTED_EDGE('',*,*,#3955,.T.);
#5434=ORIENTED_EDGE('',*,*,#3956,.T.);
#5435=ORIENTED_EDGE('',*,*,#3952,.F.);
#5436=ORIENTED_EDGE('',*,*,#3957,.F.);
#5437=ORIENTED_EDGE('',*,*,#3958,.T.);
#5438=ORIENTED_EDGE('',*,*,#3959,.T.);
#5439=ORIENTED_EDGE('',*,*,#3955,.F.);
#5440=ORIENTED_EDGE('',*,*,#3960,.F.);
#5441=ORIENTED_EDGE('',*,*,#3961,.T.);
#5442=ORIENTED_EDGE('',*,*,#3962,.T.);
#5443=ORIENTED_EDGE('',*,*,#3958,.F.);
#5444=ORIENTED_EDGE('',*,*,#3963,.F.);
#5445=ORIENTED_EDGE('',*,*,#3964,.T.);
#5446=ORIENTED_EDGE('',*,*,#3965,.T.);
#5447=ORIENTED_EDGE('',*,*,#3961,.F.);
#5448=ORIENTED_EDGE('',*,*,#3966,.F.);
#5449=ORIENTED_EDGE('',*,*,#3967,.T.);
#5450=ORIENTED_EDGE('',*,*,#3968,.T.);
#5451=ORIENTED_EDGE('',*,*,#3964,.F.);
#5452=ORIENTED_EDGE('',*,*,#3969,.F.);
#5453=ORIENTED_EDGE('',*,*,#3970,.T.);
#5454=ORIENTED_EDGE('',*,*,#3971,.T.);
#5455=ORIENTED_EDGE('',*,*,#3967,.F.);
#5456=ORIENTED_EDGE('',*,*,#3972,.F.);
#5457=ORIENTED_EDGE('',*,*,#3973,.T.);
#5458=ORIENTED_EDGE('',*,*,#3974,.T.);
#5459=ORIENTED_EDGE('',*,*,#3970,.F.);
#5460=ORIENTED_EDGE('',*,*,#3975,.F.);
#5461=ORIENTED_EDGE('',*,*,#3976,.T.);
#5462=ORIENTED_EDGE('',*,*,#3977,.T.);
#5463=ORIENTED_EDGE('',*,*,#3973,.F.);
#5464=ORIENTED_EDGE('',*,*,#3978,.F.);
#5465=ORIENTED_EDGE('',*,*,#3979,.T.);
#5466=ORIENTED_EDGE('',*,*,#3980,.T.);
#5467=ORIENTED_EDGE('',*,*,#3976,.F.);
#5468=ORIENTED_EDGE('',*,*,#3981,.F.);
#5469=ORIENTED_EDGE('',*,*,#3982,.T.);
#5470=ORIENTED_EDGE('',*,*,#3983,.T.);
#5471=ORIENTED_EDGE('',*,*,#3979,.F.);
#5472=ORIENTED_EDGE('',*,*,#3984,.F.);
#5473=ORIENTED_EDGE('',*,*,#3985,.T.);
#5474=ORIENTED_EDGE('',*,*,#3986,.T.);
#5475=ORIENTED_EDGE('',*,*,#3982,.F.);
#5476=ORIENTED_EDGE('',*,*,#3987,.F.);
#5477=ORIENTED_EDGE('',*,*,#3988,.T.);
#5478=ORIENTED_EDGE('',*,*,#3989,.T.);
#5479=ORIENTED_EDGE('',*,*,#3985,.F.);
#5480=ORIENTED_EDGE('',*,*,#3990,.F.);
#5481=ORIENTED_EDGE('',*,*,#3938,.T.);
#5482=ORIENTED_EDGE('',*,*,#3991,.T.);
#5483=ORIENTED_EDGE('',*,*,#3988,.F.);
#5484=ORIENTED_EDGE('',*,*,#3991,.F.);
#5485=ORIENTED_EDGE('',*,*,#3937,.F.);
#5486=ORIENTED_EDGE('',*,*,#3941,.F.);
#5487=ORIENTED_EDGE('',*,*,#3944,.F.);
#5488=ORIENTED_EDGE('',*,*,#3947,.F.);
#5489=ORIENTED_EDGE('',*,*,#3950,.F.);
#5490=ORIENTED_EDGE('',*,*,#3953,.F.);
#5491=ORIENTED_EDGE('',*,*,#3956,.F.);
#5492=ORIENTED_EDGE('',*,*,#3959,.F.);
#5493=ORIENTED_EDGE('',*,*,#3962,.F.);
#5494=ORIENTED_EDGE('',*,*,#3965,.F.);
#5495=ORIENTED_EDGE('',*,*,#3968,.F.);
#5496=ORIENTED_EDGE('',*,*,#3971,.F.);
#5497=ORIENTED_EDGE('',*,*,#3974,.F.);
#5498=ORIENTED_EDGE('',*,*,#3977,.F.);
#5499=ORIENTED_EDGE('',*,*,#3980,.F.);
#5500=ORIENTED_EDGE('',*,*,#3983,.F.);
#5501=ORIENTED_EDGE('',*,*,#3986,.F.);
#5502=ORIENTED_EDGE('',*,*,#3989,.F.);
#5503=ORIENTED_EDGE('',*,*,#3992,.F.);
#5504=ORIENTED_EDGE('',*,*,#3993,.T.);
#5505=ORIENTED_EDGE('',*,*,#3994,.T.);
#5506=ORIENTED_EDGE('',*,*,#3995,.F.);
#5507=ORIENTED_EDGE('',*,*,#3996,.F.);
#5508=ORIENTED_EDGE('',*,*,#3997,.T.);
#5509=ORIENTED_EDGE('',*,*,#3998,.T.);
#5510=ORIENTED_EDGE('',*,*,#3993,.F.);
#5511=ORIENTED_EDGE('',*,*,#3999,.F.);
#5512=ORIENTED_EDGE('',*,*,#4000,.T.);
#5513=ORIENTED_EDGE('',*,*,#4001,.T.);
#5514=ORIENTED_EDGE('',*,*,#3997,.F.);
#5515=ORIENTED_EDGE('',*,*,#4002,.F.);
#5516=ORIENTED_EDGE('',*,*,#4003,.T.);
#5517=ORIENTED_EDGE('',*,*,#4004,.T.);
#5518=ORIENTED_EDGE('',*,*,#4000,.F.);
#5519=ORIENTED_EDGE('',*,*,#4005,.F.);
#5520=ORIENTED_EDGE('',*,*,#4006,.T.);
#5521=ORIENTED_EDGE('',*,*,#4007,.T.);
#5522=ORIENTED_EDGE('',*,*,#4003,.F.);
#5523=ORIENTED_EDGE('',*,*,#4008,.F.);
#5524=ORIENTED_EDGE('',*,*,#4009,.T.);
#5525=ORIENTED_EDGE('',*,*,#4010,.T.);
#5526=ORIENTED_EDGE('',*,*,#4006,.F.);
#5527=ORIENTED_EDGE('',*,*,#4011,.F.);
#5528=ORIENTED_EDGE('',*,*,#4012,.T.);
#5529=ORIENTED_EDGE('',*,*,#4013,.T.);
#5530=ORIENTED_EDGE('',*,*,#4009,.F.);
#5531=ORIENTED_EDGE('',*,*,#4014,.F.);
#5532=ORIENTED_EDGE('',*,*,#4015,.T.);
#5533=ORIENTED_EDGE('',*,*,#4016,.T.);
#5534=ORIENTED_EDGE('',*,*,#4012,.F.);
#5535=ORIENTED_EDGE('',*,*,#4017,.F.);
#5536=ORIENTED_EDGE('',*,*,#4018,.T.);
#5537=ORIENTED_EDGE('',*,*,#4019,.T.);
#5538=ORIENTED_EDGE('',*,*,#4015,.F.);
#5539=ORIENTED_EDGE('',*,*,#4020,.F.);
#5540=ORIENTED_EDGE('',*,*,#4021,.T.);
#5541=ORIENTED_EDGE('',*,*,#4022,.T.);
#5542=ORIENTED_EDGE('',*,*,#4018,.F.);
#5543=ORIENTED_EDGE('',*,*,#4023,.F.);
#5544=ORIENTED_EDGE('',*,*,#4024,.T.);
#5545=ORIENTED_EDGE('',*,*,#4025,.T.);
#5546=ORIENTED_EDGE('',*,*,#4021,.F.);
#5547=ORIENTED_EDGE('',*,*,#4026,.F.);
#5548=ORIENTED_EDGE('',*,*,#4027,.T.);
#5549=ORIENTED_EDGE('',*,*,#4028,.T.);
#5550=ORIENTED_EDGE('',*,*,#4024,.F.);
#5551=ORIENTED_EDGE('',*,*,#4029,.F.);
#5552=ORIENTED_EDGE('',*,*,#4030,.T.);
#5553=ORIENTED_EDGE('',*,*,#4031,.T.);
#5554=ORIENTED_EDGE('',*,*,#4027,.F.);
#5555=ORIENTED_EDGE('',*,*,#4032,.F.);
#5556=ORIENTED_EDGE('',*,*,#4033,.T.);
#5557=ORIENTED_EDGE('',*,*,#4034,.T.);
#5558=ORIENTED_EDGE('',*,*,#4030,.F.);
#5559=ORIENTED_EDGE('',*,*,#4035,.F.);
#5560=ORIENTED_EDGE('',*,*,#4036,.T.);
#5561=ORIENTED_EDGE('',*,*,#4037,.T.);
#5562=ORIENTED_EDGE('',*,*,#4033,.F.);
#5563=ORIENTED_EDGE('',*,*,#4038,.F.);
#5564=ORIENTED_EDGE('',*,*,#4039,.T.);
#5565=ORIENTED_EDGE('',*,*,#4040,.T.);
#5566=ORIENTED_EDGE('',*,*,#4036,.F.);
#5567=ORIENTED_EDGE('',*,*,#4041,.F.);
#5568=ORIENTED_EDGE('',*,*,#4042,.T.);
#5569=ORIENTED_EDGE('',*,*,#4043,.T.);
#5570=ORIENTED_EDGE('',*,*,#4039,.F.);
#5571=ORIENTED_EDGE('',*,*,#4044,.F.);
#5572=ORIENTED_EDGE('',*,*,#4045,.T.);
#5573=ORIENTED_EDGE('',*,*,#4046,.T.);
#5574=ORIENTED_EDGE('',*,*,#4042,.F.);
#5575=ORIENTED_EDGE('',*,*,#4047,.F.);
#5576=ORIENTED_EDGE('',*,*,#4048,.T.);
#5577=ORIENTED_EDGE('',*,*,#4049,.T.);
#5578=ORIENTED_EDGE('',*,*,#4045,.F.);
#5579=ORIENTED_EDGE('',*,*,#4050,.F.);
#5580=ORIENTED_EDGE('',*,*,#4051,.T.);
#5581=ORIENTED_EDGE('',*,*,#4052,.T.);
#5582=ORIENTED_EDGE('',*,*,#4048,.F.);
#5583=ORIENTED_EDGE('',*,*,#4053,.F.);
#5584=ORIENTED_EDGE('',*,*,#4054,.T.);
#5585=ORIENTED_EDGE('',*,*,#4055,.T.);
#5586=ORIENTED_EDGE('',*,*,#4051,.F.);
#5587=ORIENTED_EDGE('',*,*,#4056,.F.);
#5588=ORIENTED_EDGE('',*,*,#4057,.T.);
#5589=ORIENTED_EDGE('',*,*,#4058,.T.);
#5590=ORIENTED_EDGE('',*,*,#4054,.F.);
#5591=ORIENTED_EDGE('',*,*,#4059,.F.);
#5592=ORIENTED_EDGE('',*,*,#4060,.T.);
#5593=ORIENTED_EDGE('',*,*,#4061,.T.);
#5594=ORIENTED_EDGE('',*,*,#4057,.F.);
#5595=ORIENTED_EDGE('',*,*,#4062,.F.);
#5596=ORIENTED_EDGE('',*,*,#4063,.T.);
#5597=ORIENTED_EDGE('',*,*,#4064,.T.);
#5598=ORIENTED_EDGE('',*,*,#4060,.F.);
#5599=ORIENTED_EDGE('',*,*,#4065,.F.);
#5600=ORIENTED_EDGE('',*,*,#4066,.T.);
#5601=ORIENTED_EDGE('',*,*,#4067,.T.);
#5602=ORIENTED_EDGE('',*,*,#4063,.F.);
#5603=ORIENTED_EDGE('',*,*,#4068,.F.);
#5604=ORIENTED_EDGE('',*,*,#4069,.T.);
#5605=ORIENTED_EDGE('',*,*,#4070,.T.);
#5606=ORIENTED_EDGE('',*,*,#4066,.F.);
#5607=ORIENTED_EDGE('',*,*,#4071,.F.);
#5608=ORIENTED_EDGE('',*,*,#4072,.T.);
#5609=ORIENTED_EDGE('',*,*,#4073,.T.);
#5610=ORIENTED_EDGE('',*,*,#4069,.F.);
#5611=ORIENTED_EDGE('',*,*,#4074,.F.);
#5612=ORIENTED_EDGE('',*,*,#4075,.T.);
#5613=ORIENTED_EDGE('',*,*,#4076,.T.);
#5614=ORIENTED_EDGE('',*,*,#4072,.F.);
#5615=ORIENTED_EDGE('',*,*,#4077,.F.);
#5616=ORIENTED_EDGE('',*,*,#4078,.T.);
#5617=ORIENTED_EDGE('',*,*,#4079,.T.);
#5618=ORIENTED_EDGE('',*,*,#4075,.F.);
#5619=ORIENTED_EDGE('',*,*,#4080,.F.);
#5620=ORIENTED_EDGE('',*,*,#4081,.T.);
#5621=ORIENTED_EDGE('',*,*,#4082,.T.);
#5622=ORIENTED_EDGE('',*,*,#4078,.F.);
#5623=ORIENTED_EDGE('',*,*,#4083,.F.);
#5624=ORIENTED_EDGE('',*,*,#4084,.T.);
#5625=ORIENTED_EDGE('',*,*,#4085,.T.);
#5626=ORIENTED_EDGE('',*,*,#4081,.F.);
#5627=ORIENTED_EDGE('',*,*,#4086,.F.);
#5628=ORIENTED_EDGE('',*,*,#4087,.T.);
#5629=ORIENTED_EDGE('',*,*,#4088,.T.);
#5630=ORIENTED_EDGE('',*,*,#4084,.F.);
#5631=ORIENTED_EDGE('',*,*,#4089,.F.);
#5632=ORIENTED_EDGE('',*,*,#3995,.T.);
#5633=ORIENTED_EDGE('',*,*,#4090,.T.);
#5634=ORIENTED_EDGE('',*,*,#4087,.F.);
#5635=ORIENTED_EDGE('',*,*,#4090,.F.);
#5636=ORIENTED_EDGE('',*,*,#3994,.F.);
#5637=ORIENTED_EDGE('',*,*,#3998,.F.);
#5638=ORIENTED_EDGE('',*,*,#4001,.F.);
#5639=ORIENTED_EDGE('',*,*,#4004,.F.);
#5640=ORIENTED_EDGE('',*,*,#4007,.F.);
#5641=ORIENTED_EDGE('',*,*,#4010,.F.);
#5642=ORIENTED_EDGE('',*,*,#4013,.F.);
#5643=ORIENTED_EDGE('',*,*,#4016,.F.);
#5644=ORIENTED_EDGE('',*,*,#4019,.F.);
#5645=ORIENTED_EDGE('',*,*,#4022,.F.);
#5646=ORIENTED_EDGE('',*,*,#4025,.F.);
#5647=ORIENTED_EDGE('',*,*,#4028,.F.);
#5648=ORIENTED_EDGE('',*,*,#4031,.F.);
#5649=ORIENTED_EDGE('',*,*,#4034,.F.);
#5650=ORIENTED_EDGE('',*,*,#4037,.F.);
#5651=ORIENTED_EDGE('',*,*,#4040,.F.);
#5652=ORIENTED_EDGE('',*,*,#4043,.F.);
#5653=ORIENTED_EDGE('',*,*,#4046,.F.);
#5654=ORIENTED_EDGE('',*,*,#4049,.F.);
#5655=ORIENTED_EDGE('',*,*,#4052,.F.);
#5656=ORIENTED_EDGE('',*,*,#4055,.F.);
#5657=ORIENTED_EDGE('',*,*,#4058,.F.);
#5658=ORIENTED_EDGE('',*,*,#4061,.F.);
#5659=ORIENTED_EDGE('',*,*,#4064,.F.);
#5660=ORIENTED_EDGE('',*,*,#4067,.F.);
#5661=ORIENTED_EDGE('',*,*,#4070,.F.);
#5662=ORIENTED_EDGE('',*,*,#4073,.F.);
#5663=ORIENTED_EDGE('',*,*,#4076,.F.);
#5664=ORIENTED_EDGE('',*,*,#4079,.F.);
#5665=ORIENTED_EDGE('',*,*,#4082,.F.);
#5666=ORIENTED_EDGE('',*,*,#4085,.F.);
#5667=ORIENTED_EDGE('',*,*,#4088,.F.);
#5668=ORIENTED_EDGE('',*,*,#4091,.F.);
#5669=ORIENTED_EDGE('',*,*,#4092,.T.);
#5670=ORIENTED_EDGE('',*,*,#4093,.T.);
#5671=ORIENTED_EDGE('',*,*,#4094,.F.);
#5672=ORIENTED_EDGE('',*,*,#4095,.F.);
#5673=ORIENTED_EDGE('',*,*,#4096,.T.);
#5674=ORIENTED_EDGE('',*,*,#4097,.T.);
#5675=ORIENTED_EDGE('',*,*,#4092,.F.);
#5676=ORIENTED_EDGE('',*,*,#4098,.F.);
#5677=ORIENTED_EDGE('',*,*,#4099,.T.);
#5678=ORIENTED_EDGE('',*,*,#4100,.T.);
#5679=ORIENTED_EDGE('',*,*,#4096,.F.);
#5680=ORIENTED_EDGE('',*,*,#4101,.F.);
#5681=ORIENTED_EDGE('',*,*,#4102,.T.);
#5682=ORIENTED_EDGE('',*,*,#4103,.T.);
#5683=ORIENTED_EDGE('',*,*,#4099,.F.);
#5684=ORIENTED_EDGE('',*,*,#4104,.F.);
#5685=ORIENTED_EDGE('',*,*,#4094,.T.);
#5686=ORIENTED_EDGE('',*,*,#4105,.T.);
#5687=ORIENTED_EDGE('',*,*,#4102,.F.);
#5688=ORIENTED_EDGE('',*,*,#4106,.F.);
#5689=ORIENTED_EDGE('',*,*,#4107,.T.);
#5690=ORIENTED_EDGE('',*,*,#4108,.T.);
#5691=ORIENTED_EDGE('',*,*,#4109,.F.);
#5692=ORIENTED_EDGE('',*,*,#4110,.F.);
#5693=ORIENTED_EDGE('',*,*,#4111,.T.);
#5694=ORIENTED_EDGE('',*,*,#4112,.T.);
#5695=ORIENTED_EDGE('',*,*,#4107,.F.);
#5696=ORIENTED_EDGE('',*,*,#4113,.F.);
#5697=ORIENTED_EDGE('',*,*,#4114,.T.);
#5698=ORIENTED_EDGE('',*,*,#4115,.T.);
#5699=ORIENTED_EDGE('',*,*,#4111,.F.);
#5700=ORIENTED_EDGE('',*,*,#4116,.F.);
#5701=ORIENTED_EDGE('',*,*,#4117,.T.);
#5702=ORIENTED_EDGE('',*,*,#4118,.T.);
#5703=ORIENTED_EDGE('',*,*,#4114,.F.);
#5704=ORIENTED_EDGE('',*,*,#4119,.F.);
#5705=ORIENTED_EDGE('',*,*,#4120,.T.);
#5706=ORIENTED_EDGE('',*,*,#4121,.T.);
#5707=ORIENTED_EDGE('',*,*,#4117,.F.);
#5708=ORIENTED_EDGE('',*,*,#4122,.F.);
#5709=ORIENTED_EDGE('',*,*,#4123,.T.);
#5710=ORIENTED_EDGE('',*,*,#4124,.T.);
#5711=ORIENTED_EDGE('',*,*,#4120,.F.);
#5712=ORIENTED_EDGE('',*,*,#4125,.F.);
#5713=ORIENTED_EDGE('',*,*,#4126,.T.);
#5714=ORIENTED_EDGE('',*,*,#4127,.T.);
#5715=ORIENTED_EDGE('',*,*,#4123,.F.);
#5716=ORIENTED_EDGE('',*,*,#4128,.F.);
#5717=ORIENTED_EDGE('',*,*,#4109,.T.);
#5718=ORIENTED_EDGE('',*,*,#4129,.T.);
#5719=ORIENTED_EDGE('',*,*,#4126,.F.);
#5720=ORIENTED_EDGE('',*,*,#4129,.F.);
#5721=ORIENTED_EDGE('',*,*,#4108,.F.);
#5722=ORIENTED_EDGE('',*,*,#4112,.F.);
#5723=ORIENTED_EDGE('',*,*,#4115,.F.);
#5724=ORIENTED_EDGE('',*,*,#4118,.F.);
#5725=ORIENTED_EDGE('',*,*,#4121,.F.);
#5726=ORIENTED_EDGE('',*,*,#4124,.F.);
#5727=ORIENTED_EDGE('',*,*,#4127,.F.);
#5728=ORIENTED_EDGE('',*,*,#4105,.F.);
#5729=ORIENTED_EDGE('',*,*,#4093,.F.);
#5730=ORIENTED_EDGE('',*,*,#4097,.F.);
#5731=ORIENTED_EDGE('',*,*,#4100,.F.);
#5732=ORIENTED_EDGE('',*,*,#4103,.F.);
#5733=ORIENTED_EDGE('',*,*,#4130,.T.);
#5734=ORIENTED_EDGE('',*,*,#4131,.T.);
#5735=ORIENTED_EDGE('',*,*,#4132,.T.);
#5736=ORIENTED_EDGE('',*,*,#4133,.T.);
#5737=ORIENTED_EDGE('',*,*,#4134,.T.);
#5738=ORIENTED_EDGE('',*,*,#4135,.F.);
#5739=ORIENTED_EDGE('',*,*,#4136,.F.);
#5740=ORIENTED_EDGE('',*,*,#4137,.F.);
#5741=ORIENTED_EDGE('',*,*,#4138,.F.);
#5742=ORIENTED_EDGE('',*,*,#4139,.F.);
#5743=ORIENTED_EDGE('',*,*,#4106,.T.);
#5744=ORIENTED_EDGE('',*,*,#4128,.T.);
#5745=ORIENTED_EDGE('',*,*,#4125,.T.);
#5746=ORIENTED_EDGE('',*,*,#4122,.T.);
#5747=ORIENTED_EDGE('',*,*,#4119,.T.);
#5748=ORIENTED_EDGE('',*,*,#4116,.T.);
#5749=ORIENTED_EDGE('',*,*,#4113,.T.);
#5750=ORIENTED_EDGE('',*,*,#4110,.T.);
#5751=ORIENTED_EDGE('',*,*,#3992,.T.);
#5752=ORIENTED_EDGE('',*,*,#4089,.T.);
#5753=ORIENTED_EDGE('',*,*,#4086,.T.);
#5754=ORIENTED_EDGE('',*,*,#4083,.T.);
#5755=ORIENTED_EDGE('',*,*,#4080,.T.);
#5756=ORIENTED_EDGE('',*,*,#4077,.T.);
#5757=ORIENTED_EDGE('',*,*,#4074,.T.);
#5758=ORIENTED_EDGE('',*,*,#4071,.T.);
#5759=ORIENTED_EDGE('',*,*,#4068,.T.);
#5760=ORIENTED_EDGE('',*,*,#4065,.T.);
#5761=ORIENTED_EDGE('',*,*,#4062,.T.);
#5762=ORIENTED_EDGE('',*,*,#4059,.T.);
#5763=ORIENTED_EDGE('',*,*,#4056,.T.);
#5764=ORIENTED_EDGE('',*,*,#4053,.T.);
#5765=ORIENTED_EDGE('',*,*,#4050,.T.);
#5766=ORIENTED_EDGE('',*,*,#4047,.T.);
#5767=ORIENTED_EDGE('',*,*,#4044,.T.);
#5768=ORIENTED_EDGE('',*,*,#4041,.T.);
#5769=ORIENTED_EDGE('',*,*,#4038,.T.);
#5770=ORIENTED_EDGE('',*,*,#4035,.T.);
#5771=ORIENTED_EDGE('',*,*,#4032,.T.);
#5772=ORIENTED_EDGE('',*,*,#4029,.T.);
#5773=ORIENTED_EDGE('',*,*,#4026,.T.);
#5774=ORIENTED_EDGE('',*,*,#4023,.T.);
#5775=ORIENTED_EDGE('',*,*,#4020,.T.);
#5776=ORIENTED_EDGE('',*,*,#4017,.T.);
#5777=ORIENTED_EDGE('',*,*,#4014,.T.);
#5778=ORIENTED_EDGE('',*,*,#4011,.T.);
#5779=ORIENTED_EDGE('',*,*,#4008,.T.);
#5780=ORIENTED_EDGE('',*,*,#4005,.T.);
#5781=ORIENTED_EDGE('',*,*,#4002,.T.);
#5782=ORIENTED_EDGE('',*,*,#3999,.T.);
#5783=ORIENTED_EDGE('',*,*,#3996,.T.);
#5784=ORIENTED_EDGE('',*,*,#3935,.T.);
#5785=ORIENTED_EDGE('',*,*,#3990,.T.);
#5786=ORIENTED_EDGE('',*,*,#3987,.T.);
#5787=ORIENTED_EDGE('',*,*,#3984,.T.);
#5788=ORIENTED_EDGE('',*,*,#3981,.T.);
#5789=ORIENTED_EDGE('',*,*,#3978,.T.);
#5790=ORIENTED_EDGE('',*,*,#3975,.T.);
#5791=ORIENTED_EDGE('',*,*,#3972,.T.);
#5792=ORIENTED_EDGE('',*,*,#3969,.T.);
#5793=ORIENTED_EDGE('',*,*,#3966,.T.);
#5794=ORIENTED_EDGE('',*,*,#3963,.T.);
#5795=ORIENTED_EDGE('',*,*,#3960,.T.);
#5796=ORIENTED_EDGE('',*,*,#3957,.T.);
#5797=ORIENTED_EDGE('',*,*,#3954,.T.);
#5798=ORIENTED_EDGE('',*,*,#3951,.T.);
#5799=ORIENTED_EDGE('',*,*,#3948,.T.);
#5800=ORIENTED_EDGE('',*,*,#3945,.T.);
#5801=ORIENTED_EDGE('',*,*,#3942,.T.);
#5802=ORIENTED_EDGE('',*,*,#3939,.T.);
#5803=ORIENTED_EDGE('',*,*,#3917,.T.);
#5804=ORIENTED_EDGE('',*,*,#3933,.T.);
#5805=ORIENTED_EDGE('',*,*,#3930,.T.);
#5806=ORIENTED_EDGE('',*,*,#3927,.T.);
#5807=ORIENTED_EDGE('',*,*,#3924,.T.);
#5808=ORIENTED_EDGE('',*,*,#3921,.T.);
#5809=ORIENTED_EDGE('',*,*,#3818,.T.);
#5810=ORIENTED_EDGE('',*,*,#3915,.T.);
#5811=ORIENTED_EDGE('',*,*,#3912,.T.);
#5812=ORIENTED_EDGE('',*,*,#3909,.T.);
#5813=ORIENTED_EDGE('',*,*,#3906,.T.);
#5814=ORIENTED_EDGE('',*,*,#3903,.T.);
#5815=ORIENTED_EDGE('',*,*,#3900,.T.);
#5816=ORIENTED_EDGE('',*,*,#3897,.T.);
#5817=ORIENTED_EDGE('',*,*,#3894,.T.);
#5818=ORIENTED_EDGE('',*,*,#3891,.T.);
#5819=ORIENTED_EDGE('',*,*,#3888,.T.);
#5820=ORIENTED_EDGE('',*,*,#3885,.T.);
#5821=ORIENTED_EDGE('',*,*,#3882,.T.);
#5822=ORIENTED_EDGE('',*,*,#3879,.T.);
#5823=ORIENTED_EDGE('',*,*,#3876,.T.);
#5824=ORIENTED_EDGE('',*,*,#3873,.T.);
#5825=ORIENTED_EDGE('',*,*,#3870,.T.);
#5826=ORIENTED_EDGE('',*,*,#3867,.T.);
#5827=ORIENTED_EDGE('',*,*,#3864,.T.);
#5828=ORIENTED_EDGE('',*,*,#3861,.T.);
#5829=ORIENTED_EDGE('',*,*,#3858,.T.);
#5830=ORIENTED_EDGE('',*,*,#3855,.T.);
#5831=ORIENTED_EDGE('',*,*,#3852,.T.);
#5832=ORIENTED_EDGE('',*,*,#3849,.T.);
#5833=ORIENTED_EDGE('',*,*,#3846,.T.);
#5834=ORIENTED_EDGE('',*,*,#3843,.T.);
#5835=ORIENTED_EDGE('',*,*,#3840,.T.);
#5836=ORIENTED_EDGE('',*,*,#3837,.T.);
#5837=ORIENTED_EDGE('',*,*,#3834,.T.);
#5838=ORIENTED_EDGE('',*,*,#3831,.T.);
#5839=ORIENTED_EDGE('',*,*,#3828,.T.);
#5840=ORIENTED_EDGE('',*,*,#3825,.T.);
#5841=ORIENTED_EDGE('',*,*,#3822,.T.);
#5842=ORIENTED_EDGE('',*,*,#3737,.T.);
#5843=ORIENTED_EDGE('',*,*,#3816,.T.);
#5844=ORIENTED_EDGE('',*,*,#3813,.T.);
#5845=ORIENTED_EDGE('',*,*,#3810,.T.);
#5846=ORIENTED_EDGE('',*,*,#3807,.T.);
#5847=ORIENTED_EDGE('',*,*,#3804,.T.);
#5848=ORIENTED_EDGE('',*,*,#3801,.T.);
#5849=ORIENTED_EDGE('',*,*,#3798,.T.);
#5850=ORIENTED_EDGE('',*,*,#3795,.T.);
#5851=ORIENTED_EDGE('',*,*,#3792,.T.);
#5852=ORIENTED_EDGE('',*,*,#3789,.T.);
#5853=ORIENTED_EDGE('',*,*,#3786,.T.);
#5854=ORIENTED_EDGE('',*,*,#3783,.T.);
#5855=ORIENTED_EDGE('',*,*,#3780,.T.);
#5856=ORIENTED_EDGE('',*,*,#3777,.T.);
#5857=ORIENTED_EDGE('',*,*,#3774,.T.);
#5858=ORIENTED_EDGE('',*,*,#3771,.T.);
#5859=ORIENTED_EDGE('',*,*,#3768,.T.);
#5860=ORIENTED_EDGE('',*,*,#3765,.T.);
#5861=ORIENTED_EDGE('',*,*,#3762,.T.);
#5862=ORIENTED_EDGE('',*,*,#3759,.T.);
#5863=ORIENTED_EDGE('',*,*,#3756,.T.);
#5864=ORIENTED_EDGE('',*,*,#3753,.T.);
#5865=ORIENTED_EDGE('',*,*,#3750,.T.);
#5866=ORIENTED_EDGE('',*,*,#3747,.T.);
#5867=ORIENTED_EDGE('',*,*,#3744,.T.);
#5868=ORIENTED_EDGE('',*,*,#3741,.T.);
#5869=ORIENTED_EDGE('',*,*,#3671,.T.);
#5870=ORIENTED_EDGE('',*,*,#3705,.T.);
#5871=ORIENTED_EDGE('',*,*,#3702,.T.);
#5872=ORIENTED_EDGE('',*,*,#3699,.T.);
#5873=ORIENTED_EDGE('',*,*,#3696,.T.);
#5874=ORIENTED_EDGE('',*,*,#3693,.T.);
#5875=ORIENTED_EDGE('',*,*,#3690,.T.);
#5876=ORIENTED_EDGE('',*,*,#3687,.T.);
#5877=ORIENTED_EDGE('',*,*,#3684,.T.);
#5878=ORIENTED_EDGE('',*,*,#3681,.T.);
#5879=ORIENTED_EDGE('',*,*,#3678,.T.);
#5880=ORIENTED_EDGE('',*,*,#3675,.T.);
#5881=ORIENTED_EDGE('',*,*,#3590,.T.);
#5882=ORIENTED_EDGE('',*,*,#3669,.T.);
#5883=ORIENTED_EDGE('',*,*,#3666,.T.);
#5884=ORIENTED_EDGE('',*,*,#3663,.T.);
#5885=ORIENTED_EDGE('',*,*,#3660,.T.);
#5886=ORIENTED_EDGE('',*,*,#3657,.T.);
#5887=ORIENTED_EDGE('',*,*,#3654,.T.);
#5888=ORIENTED_EDGE('',*,*,#3651,.T.);
#5889=ORIENTED_EDGE('',*,*,#3648,.T.);
#5890=ORIENTED_EDGE('',*,*,#3645,.T.);
#5891=ORIENTED_EDGE('',*,*,#3642,.T.);
#5892=ORIENTED_EDGE('',*,*,#3639,.T.);
#5893=ORIENTED_EDGE('',*,*,#3636,.T.);
#5894=ORIENTED_EDGE('',*,*,#3633,.T.);
#5895=ORIENTED_EDGE('',*,*,#3630,.T.);
#5896=ORIENTED_EDGE('',*,*,#3627,.T.);
#5897=ORIENTED_EDGE('',*,*,#3624,.T.);
#5898=ORIENTED_EDGE('',*,*,#3621,.T.);
#5899=ORIENTED_EDGE('',*,*,#3618,.T.);
#5900=ORIENTED_EDGE('',*,*,#3615,.T.);
#5901=ORIENTED_EDGE('',*,*,#3612,.T.);
#5902=ORIENTED_EDGE('',*,*,#3609,.T.);
#5903=ORIENTED_EDGE('',*,*,#3606,.T.);
#5904=ORIENTED_EDGE('',*,*,#3603,.T.);
#5905=ORIENTED_EDGE('',*,*,#3600,.T.);
#5906=ORIENTED_EDGE('',*,*,#3597,.T.);
#5907=ORIENTED_EDGE('',*,*,#3594,.T.);
#5908=ORIENTED_EDGE('',*,*,#3515,.T.);
#5909=ORIENTED_EDGE('',*,*,#3558,.T.);
#5910=ORIENTED_EDGE('',*,*,#3555,.T.);
#5911=ORIENTED_EDGE('',*,*,#3552,.T.);
#5912=ORIENTED_EDGE('',*,*,#3549,.T.);
#5913=ORIENTED_EDGE('',*,*,#3546,.T.);
#5914=ORIENTED_EDGE('',*,*,#3543,.T.);
#5915=ORIENTED_EDGE('',*,*,#3540,.T.);
#5916=ORIENTED_EDGE('',*,*,#3537,.T.);
#5917=ORIENTED_EDGE('',*,*,#3534,.T.);
#5918=ORIENTED_EDGE('',*,*,#3531,.T.);
#5919=ORIENTED_EDGE('',*,*,#3528,.T.);
#5920=ORIENTED_EDGE('',*,*,#3525,.T.);
#5921=ORIENTED_EDGE('',*,*,#3522,.T.);
#5922=ORIENTED_EDGE('',*,*,#3519,.T.);
#5923=ORIENTED_EDGE('',*,*,#3434,.T.);
#5924=ORIENTED_EDGE('',*,*,#3489,.T.);
#5925=ORIENTED_EDGE('',*,*,#3486,.T.);
#5926=ORIENTED_EDGE('',*,*,#3483,.T.);
#5927=ORIENTED_EDGE('',*,*,#3480,.T.);
#5928=ORIENTED_EDGE('',*,*,#3477,.T.);
#5929=ORIENTED_EDGE('',*,*,#3474,.T.);
#5930=ORIENTED_EDGE('',*,*,#3471,.T.);
#5931=ORIENTED_EDGE('',*,*,#3468,.T.);
#5932=ORIENTED_EDGE('',*,*,#3465,.T.);
#5933=ORIENTED_EDGE('',*,*,#3462,.T.);
#5934=ORIENTED_EDGE('',*,*,#3459,.T.);
#5935=ORIENTED_EDGE('',*,*,#3456,.T.);
#5936=ORIENTED_EDGE('',*,*,#3453,.T.);
#5937=ORIENTED_EDGE('',*,*,#3450,.T.);
#5938=ORIENTED_EDGE('',*,*,#3447,.T.);
#5939=ORIENTED_EDGE('',*,*,#3444,.T.);
#5940=ORIENTED_EDGE('',*,*,#3441,.T.);
#5941=ORIENTED_EDGE('',*,*,#3438,.T.);
#5942=ORIENTED_EDGE('',*,*,#3398,.T.);
#5943=ORIENTED_EDGE('',*,*,#3432,.T.);
#5944=ORIENTED_EDGE('',*,*,#3429,.T.);
#5945=ORIENTED_EDGE('',*,*,#3426,.T.);
#5946=ORIENTED_EDGE('',*,*,#3423,.T.);
#5947=ORIENTED_EDGE('',*,*,#3420,.T.);
#5948=ORIENTED_EDGE('',*,*,#3417,.T.);
#5949=ORIENTED_EDGE('',*,*,#3414,.T.);
#5950=ORIENTED_EDGE('',*,*,#3411,.T.);
#5951=ORIENTED_EDGE('',*,*,#3408,.T.);
#5952=ORIENTED_EDGE('',*,*,#3405,.T.);
#5953=ORIENTED_EDGE('',*,*,#3402,.T.);
#5954=ORIENTED_EDGE('',*,*,#3356,.T.);
#5955=ORIENTED_EDGE('',*,*,#3396,.T.);
#5956=ORIENTED_EDGE('',*,*,#3393,.T.);
#5957=ORIENTED_EDGE('',*,*,#3390,.T.);
#5958=ORIENTED_EDGE('',*,*,#3387,.T.);
#5959=ORIENTED_EDGE('',*,*,#3384,.T.);
#5960=ORIENTED_EDGE('',*,*,#3381,.T.);
#5961=ORIENTED_EDGE('',*,*,#3378,.T.);
#5962=ORIENTED_EDGE('',*,*,#3375,.T.);
#5963=ORIENTED_EDGE('',*,*,#3372,.T.);
#5964=ORIENTED_EDGE('',*,*,#3369,.T.);
#5965=ORIENTED_EDGE('',*,*,#3366,.T.);
#5966=ORIENTED_EDGE('',*,*,#3363,.T.);
#5967=ORIENTED_EDGE('',*,*,#3360,.T.);
#5968=ORIENTED_EDGE('',*,*,#3320,.T.);
#5969=ORIENTED_EDGE('',*,*,#3330,.T.);
#5970=ORIENTED_EDGE('',*,*,#3327,.T.);
#5971=ORIENTED_EDGE('',*,*,#3324,.T.);
#5972=ORIENTED_EDGE('',*,*,#3269,.T.);
#5973=ORIENTED_EDGE('',*,*,#3318,.T.);
#5974=ORIENTED_EDGE('',*,*,#3315,.T.);
#5975=ORIENTED_EDGE('',*,*,#3312,.T.);
#5976=ORIENTED_EDGE('',*,*,#3309,.T.);
#5977=ORIENTED_EDGE('',*,*,#3306,.T.);
#5978=ORIENTED_EDGE('',*,*,#3303,.T.);
#5979=ORIENTED_EDGE('',*,*,#3300,.T.);
#5980=ORIENTED_EDGE('',*,*,#3297,.T.);
#5981=ORIENTED_EDGE('',*,*,#3294,.T.);
#5982=ORIENTED_EDGE('',*,*,#3291,.T.);
#5983=ORIENTED_EDGE('',*,*,#3288,.T.);
#5984=ORIENTED_EDGE('',*,*,#3285,.T.);
#5985=ORIENTED_EDGE('',*,*,#3282,.T.);
#5986=ORIENTED_EDGE('',*,*,#3279,.T.);
#5987=ORIENTED_EDGE('',*,*,#3276,.T.);
#5988=ORIENTED_EDGE('',*,*,#3273,.T.);
#5989=ORIENTED_EDGE('',*,*,#3215,.T.);
#5990=ORIENTED_EDGE('',*,*,#3267,.T.);
#5991=ORIENTED_EDGE('',*,*,#3264,.T.);
#5992=ORIENTED_EDGE('',*,*,#3261,.T.);
#5993=ORIENTED_EDGE('',*,*,#3258,.T.);
#5994=ORIENTED_EDGE('',*,*,#3255,.T.);
#5995=ORIENTED_EDGE('',*,*,#3252,.T.);
#5996=ORIENTED_EDGE('',*,*,#3249,.T.);
#5997=ORIENTED_EDGE('',*,*,#3246,.T.);
#5998=ORIENTED_EDGE('',*,*,#3243,.T.);
#5999=ORIENTED_EDGE('',*,*,#3240,.T.);
#6000=ORIENTED_EDGE('',*,*,#3237,.T.);
#6001=ORIENTED_EDGE('',*,*,#3234,.T.);
#6002=ORIENTED_EDGE('',*,*,#3231,.T.);
#6003=ORIENTED_EDGE('',*,*,#3228,.T.);
#6004=ORIENTED_EDGE('',*,*,#3225,.T.);
#6005=ORIENTED_EDGE('',*,*,#3222,.T.);
#6006=ORIENTED_EDGE('',*,*,#3219,.T.);
#6007=ORIENTED_EDGE('',*,*,#4091,.T.);
#6008=ORIENTED_EDGE('',*,*,#4104,.T.);
#6009=ORIENTED_EDGE('',*,*,#4101,.T.);
#6010=ORIENTED_EDGE('',*,*,#4098,.T.);
#6011=ORIENTED_EDGE('',*,*,#4095,.T.);
#6012=ORIENTED_EDGE('',*,*,#3707,.T.);
#6013=ORIENTED_EDGE('',*,*,#3735,.T.);
#6014=ORIENTED_EDGE('',*,*,#3732,.T.);
#6015=ORIENTED_EDGE('',*,*,#3729,.T.);
#6016=ORIENTED_EDGE('',*,*,#3726,.T.);
#6017=ORIENTED_EDGE('',*,*,#3723,.T.);
#6018=ORIENTED_EDGE('',*,*,#3720,.T.);
#6019=ORIENTED_EDGE('',*,*,#3717,.T.);
#6020=ORIENTED_EDGE('',*,*,#3714,.T.);
#6021=ORIENTED_EDGE('',*,*,#3711,.T.);
#6022=ORIENTED_EDGE('',*,*,#3560,.T.);
#6023=ORIENTED_EDGE('',*,*,#3588,.T.);
#6024=ORIENTED_EDGE('',*,*,#3585,.T.);
#6025=ORIENTED_EDGE('',*,*,#3582,.T.);
#6026=ORIENTED_EDGE('',*,*,#3579,.T.);
#6027=ORIENTED_EDGE('',*,*,#3576,.T.);
#6028=ORIENTED_EDGE('',*,*,#3573,.T.);
#6029=ORIENTED_EDGE('',*,*,#3570,.T.);
#6030=ORIENTED_EDGE('',*,*,#3567,.T.);
#6031=ORIENTED_EDGE('',*,*,#3564,.T.);
#6032=ORIENTED_EDGE('',*,*,#3491,.T.);
#6033=ORIENTED_EDGE('',*,*,#3513,.T.);
#6034=ORIENTED_EDGE('',*,*,#3510,.T.);
#6035=ORIENTED_EDGE('',*,*,#3507,.T.);
#6036=ORIENTED_EDGE('',*,*,#3504,.T.);
#6037=ORIENTED_EDGE('',*,*,#3501,.T.);
#6038=ORIENTED_EDGE('',*,*,#3498,.T.);
#6039=ORIENTED_EDGE('',*,*,#3495,.T.);
#6040=ORIENTED_EDGE('',*,*,#4130,.F.);
#6041=ORIENTED_EDGE('',*,*,#4140,.F.);
#6042=ORIENTED_EDGE('',*,*,#4141,.F.);
#6043=ORIENTED_EDGE('',*,*,#4142,.F.);
#6044=ORIENTED_EDGE('',*,*,#4140,.T.);
#6045=ORIENTED_EDGE('',*,*,#4139,.T.);
#6046=ORIENTED_EDGE('',*,*,#4143,.F.);
#6047=ORIENTED_EDGE('',*,*,#4144,.F.);
#6048=ORIENTED_EDGE('',*,*,#3332,.T.);
#6049=ORIENTED_EDGE('',*,*,#3354,.T.);
#6050=ORIENTED_EDGE('',*,*,#3351,.T.);
#6051=ORIENTED_EDGE('',*,*,#3348,.T.);
#6052=ORIENTED_EDGE('',*,*,#3345,.T.);
#6053=ORIENTED_EDGE('',*,*,#3342,.T.);
#6054=ORIENTED_EDGE('',*,*,#3339,.T.);
#6055=ORIENTED_EDGE('',*,*,#3336,.T.);
#6056=ORIENTED_EDGE('',*,*,#4134,.F.);
#6057=ORIENTED_EDGE('',*,*,#4145,.F.);
#6058=ORIENTED_EDGE('',*,*,#4146,.F.);
#6059=ORIENTED_EDGE('',*,*,#4147,.F.);
#6060=ORIENTED_EDGE('',*,*,#4148,.F.);
#6061=ORIENTED_EDGE('',*,*,#4149,.F.);
#6062=ORIENTED_EDGE('',*,*,#4135,.T.);
#6063=ORIENTED_EDGE('',*,*,#4146,.T.);
#6064=ORIENTED_EDGE('',*,*,#4150,.F.);
#6065=ORIENTED_EDGE('',*,*,#4151,.F.);
#6066=ORIENTED_EDGE('',*,*,#4152,.F.);
#6067=ORIENTED_EDGE('',*,*,#4153,.F.);
#6068=ORIENTED_EDGE('',*,*,#4154,.T.);
#6069=ORIENTED_EDGE('',*,*,#4155,.T.);
#6070=ORIENTED_EDGE('',*,*,#4136,.T.);
#6071=ORIENTED_EDGE('',*,*,#4149,.T.);
#6072=ORIENTED_EDGE('',*,*,#4156,.F.);
#6073=ORIENTED_EDGE('',*,*,#4137,.T.);
#6074=ORIENTED_EDGE('',*,*,#4155,.F.);
#6075=ORIENTED_EDGE('',*,*,#4157,.F.);
#6076=ORIENTED_EDGE('',*,*,#4158,.T.);
#6077=ORIENTED_EDGE('',*,*,#4159,.T.);
#6078=ORIENTED_EDGE('',*,*,#4160,.T.);
#6079=ORIENTED_EDGE('',*,*,#4161,.F.);
#6080=ORIENTED_EDGE('',*,*,#4154,.F.);
#6081=ORIENTED_EDGE('',*,*,#4148,.T.);
#6082=ORIENTED_EDGE('',*,*,#4162,.F.);
#6083=ORIENTED_EDGE('',*,*,#4163,.T.);
#6084=ORIENTED_EDGE('',*,*,#4164,.F.);
#6085=ORIENTED_EDGE('',*,*,#4144,.T.);
#6086=ORIENTED_EDGE('',*,*,#4165,.F.);
#6087=ORIENTED_EDGE('',*,*,#4161,.T.);
#6088=ORIENTED_EDGE('',*,*,#4166,.T.);
#6089=ORIENTED_EDGE('',*,*,#4167,.T.);
#6090=ORIENTED_EDGE('',*,*,#4168,.T.);
#6091=ORIENTED_EDGE('',*,*,#4169,.T.);
#6092=ORIENTED_EDGE('',*,*,#4170,.T.);
#6093=ORIENTED_EDGE('',*,*,#4171,.T.);
#6094=ORIENTED_EDGE('',*,*,#4172,.T.);
#6095=ORIENTED_EDGE('',*,*,#4157,.T.);
#6096=ORIENTED_EDGE('',*,*,#4173,.T.);
#6097=ORIENTED_EDGE('',*,*,#4174,.T.);
#6098=ORIENTED_EDGE('',*,*,#4175,.T.);
#6099=ORIENTED_EDGE('',*,*,#4176,.T.);
#6100=ORIENTED_EDGE('',*,*,#4165,.T.);
#6101=ORIENTED_EDGE('',*,*,#4143,.T.);
#6102=ORIENTED_EDGE('',*,*,#4138,.T.);
#6103=ORIENTED_EDGE('',*,*,#4156,.T.);
#6104=ORIENTED_EDGE('',*,*,#4164,.T.);
#6105=ORIENTED_EDGE('',*,*,#4177,.T.);
#6106=ORIENTED_EDGE('',*,*,#4131,.F.);
#6107=ORIENTED_EDGE('',*,*,#4141,.T.);
#6108=ORIENTED_EDGE('',*,*,#4142,.T.);
#6109=ORIENTED_EDGE('',*,*,#4177,.F.);
#6110=ORIENTED_EDGE('',*,*,#4163,.F.);
#6111=ORIENTED_EDGE('',*,*,#4178,.F.);
#6112=ORIENTED_EDGE('',*,*,#4132,.F.);
#6113=ORIENTED_EDGE('',*,*,#4162,.T.);
#6114=ORIENTED_EDGE('',*,*,#4147,.T.);
#6115=ORIENTED_EDGE('',*,*,#4145,.T.);
#6116=ORIENTED_EDGE('',*,*,#4133,.F.);
#6117=ORIENTED_EDGE('',*,*,#4178,.T.);
#6118=ORIENTED_EDGE('',*,*,#4166,.F.);
#6119=ORIENTED_EDGE('',*,*,#4160,.F.);
#6120=ORIENTED_EDGE('',*,*,#4179,.T.);
#6121=ORIENTED_EDGE('',*,*,#4180,.F.);
#6122=ORIENTED_EDGE('',*,*,#4172,.F.);
#6123=ORIENTED_EDGE('',*,*,#4181,.F.);
#6124=ORIENTED_EDGE('',*,*,#4182,.T.);
#6125=ORIENTED_EDGE('',*,*,#4158,.F.);
#6126=ORIENTED_EDGE('',*,*,#4182,.F.);
#6127=ORIENTED_EDGE('',*,*,#4183,.F.);
#6128=ORIENTED_EDGE('',*,*,#4179,.F.);
#6129=ORIENTED_EDGE('',*,*,#4159,.F.);
#6130=ORIENTED_EDGE('',*,*,#4184,.F.);
#6131=ORIENTED_EDGE('',*,*,#4185,.F.);
#6132=ORIENTED_EDGE('',*,*,#4186,.F.);
#6133=ORIENTED_EDGE('',*,*,#4187,.F.);
#6134=ORIENTED_EDGE('',*,*,#4181,.T.);
#6135=ORIENTED_EDGE('',*,*,#4171,.F.);
#6136=ORIENTED_EDGE('',*,*,#4188,.F.);
#6137=ORIENTED_EDGE('',*,*,#4186,.T.);
#6138=ORIENTED_EDGE('',*,*,#4189,.T.);
#6139=ORIENTED_EDGE('',*,*,#4167,.F.);
#6140=ORIENTED_EDGE('',*,*,#4180,.T.);
#6141=ORIENTED_EDGE('',*,*,#4183,.T.);
#6142=ORIENTED_EDGE('',*,*,#4185,.T.);
#6143=ORIENTED_EDGE('',*,*,#4190,.T.);
#6144=ORIENTED_EDGE('',*,*,#4168,.F.);
#6145=ORIENTED_EDGE('',*,*,#4189,.F.);
#6146=ORIENTED_EDGE('',*,*,#4191,.T.);
#6147=ORIENTED_EDGE('',*,*,#4192,.T.);
#6148=ORIENTED_EDGE('',*,*,#4153,.T.);
#6149=ORIENTED_EDGE('',*,*,#4192,.F.);
#6150=ORIENTED_EDGE('',*,*,#4193,.T.);
#6151=ORIENTED_EDGE('',*,*,#4194,.T.);
#6152=ORIENTED_EDGE('',*,*,#4152,.T.);
#6153=ORIENTED_EDGE('',*,*,#4194,.F.);
#6154=ORIENTED_EDGE('',*,*,#4195,.T.);
#6155=ORIENTED_EDGE('',*,*,#4196,.T.);
#6156=ORIENTED_EDGE('',*,*,#4151,.T.);
#6157=ORIENTED_EDGE('',*,*,#4196,.F.);
#6158=ORIENTED_EDGE('',*,*,#4197,.T.);
#6159=ORIENTED_EDGE('',*,*,#4198,.T.);
#6160=ORIENTED_EDGE('',*,*,#4150,.T.);
#6161=ORIENTED_EDGE('',*,*,#4198,.F.);
#6162=ORIENTED_EDGE('',*,*,#4187,.T.);
#6163=ORIENTED_EDGE('',*,*,#4188,.T.);
#6164=ORIENTED_EDGE('',*,*,#4170,.F.);
#6165=ORIENTED_EDGE('',*,*,#4199,.F.);
#6166=ORIENTED_EDGE('',*,*,#4184,.T.);
#6167=ORIENTED_EDGE('',*,*,#4199,.T.);
#6168=ORIENTED_EDGE('',*,*,#4169,.F.);
#6169=ORIENTED_EDGE('',*,*,#4190,.F.);
#6170=ORIENTED_EDGE('',*,*,#4175,.F.);
#6171=ORIENTED_EDGE('',*,*,#4200,.T.);
#6172=ORIENTED_EDGE('',*,*,#4201,.T.);
#6173=ORIENTED_EDGE('',*,*,#4200,.F.);
#6174=ORIENTED_EDGE('',*,*,#4197,.F.);
#6175=ORIENTED_EDGE('',*,*,#4201,.F.);
#6176=ORIENTED_EDGE('',*,*,#4174,.F.);
#6177=ORIENTED_EDGE('',*,*,#4202,.T.);
#6178=ORIENTED_EDGE('',*,*,#4203,.T.);
#6179=ORIENTED_EDGE('',*,*,#4202,.F.);
#6180=ORIENTED_EDGE('',*,*,#4195,.F.);
#6181=ORIENTED_EDGE('',*,*,#4203,.F.);
#6182=ORIENTED_EDGE('',*,*,#4176,.F.);
#6183=ORIENTED_EDGE('',*,*,#4204,.T.);
#6184=ORIENTED_EDGE('',*,*,#4205,.T.);
#6185=ORIENTED_EDGE('',*,*,#4204,.F.);
#6186=ORIENTED_EDGE('',*,*,#4193,.F.);
#6187=ORIENTED_EDGE('',*,*,#4205,.F.);
#6188=ORIENTED_EDGE('',*,*,#4173,.F.);
#6189=ORIENTED_EDGE('',*,*,#4206,.T.);
#6190=ORIENTED_EDGE('',*,*,#4207,.T.);
#6191=ORIENTED_EDGE('',*,*,#4206,.F.);
#6192=ORIENTED_EDGE('',*,*,#4191,.F.);
#6193=ORIENTED_EDGE('',*,*,#4207,.F.);
#6194=PLANE('',#6706);
#6195=PLANE('',#6707);
#6196=PLANE('',#6708);
#6197=PLANE('',#6709);
#6198=PLANE('',#6710);
#6199=PLANE('',#6711);
#6200=PLANE('',#6712);
#6201=PLANE('',#6713);
#6202=PLANE('',#6714);
#6203=PLANE('',#6715);
#6204=PLANE('',#6716);
#6205=PLANE('',#6717);
#6206=PLANE('',#6718);
#6207=PLANE('',#6719);
#6208=PLANE('',#6720);
#6209=PLANE('',#6721);
#6210=PLANE('',#6722);
#6211=PLANE('',#6723);
#6212=PLANE('',#6724);
#6213=PLANE('',#6725);
#6214=PLANE('',#6726);
#6215=PLANE('',#6727);
#6216=PLANE('',#6728);
#6217=PLANE('',#6729);
#6218=PLANE('',#6730);
#6219=PLANE('',#6731);
#6220=PLANE('',#6732);
#6221=PLANE('',#6733);
#6222=PLANE('',#6734);
#6223=PLANE('',#6735);
#6224=PLANE('',#6736);
#6225=PLANE('',#6737);
#6226=PLANE('',#6738);
#6227=PLANE('',#6739);
#6228=PLANE('',#6740);
#6229=PLANE('',#6741);
#6230=PLANE('',#6742);
#6231=PLANE('',#6743);
#6232=PLANE('',#6744);
#6233=PLANE('',#6745);
#6234=PLANE('',#6746);
#6235=PLANE('',#6747);
#6236=PLANE('',#6748);
#6237=PLANE('',#6749);
#6238=PLANE('',#6750);
#6239=PLANE('',#6751);
#6240=PLANE('',#6752);
#6241=PLANE('',#6753);
#6242=PLANE('',#6754);
#6243=PLANE('',#6755);
#6244=PLANE('',#6756);
#6245=PLANE('',#6757);
#6246=PLANE('',#6758);
#6247=PLANE('',#6759);
#6248=PLANE('',#6760);
#6249=PLANE('',#6761);
#6250=PLANE('',#6762);
#6251=PLANE('',#6763);
#6252=PLANE('',#6764);
#6253=PLANE('',#6765);
#6254=PLANE('',#6766);
#6255=PLANE('',#6767);
#6256=PLANE('',#6768);
#6257=PLANE('',#6769);
#6258=PLANE('',#6770);
#6259=PLANE('',#6771);
#6260=PLANE('',#6772);
#6261=PLANE('',#6773);
#6262=PLANE('',#6774);
#6263=PLANE('',#6775);
#6264=PLANE('',#6776);
#6265=PLANE('',#6777);
#6266=PLANE('',#6778);
#6267=PLANE('',#6779);
#6268=PLANE('',#6780);
#6269=PLANE('',#6781);
#6270=PLANE('',#6782);
#6271=PLANE('',#6783);
#6272=PLANE('',#6784);
#6273=PLANE('',#6785);
#6274=PLANE('',#6786);
#6275=PLANE('',#6787);
#6276=PLANE('',#6788);
#6277=PLANE('',#6789);
#6278=PLANE('',#6790);
#6279=PLANE('',#6791);
#6280=PLANE('',#6792);
#6281=PLANE('',#6793);
#6282=PLANE('',#6794);
#6283=PLANE('',#6795);
#6284=PLANE('',#6796);
#6285=PLANE('',#6797);
#6286=PLANE('',#6798);
#6287=PLANE('',#6799);
#6288=PLANE('',#6800);
#6289=PLANE('',#6801);
#6290=PLANE('',#6802);
#6291=PLANE('',#6803);
#6292=PLANE('',#6804);
#6293=PLANE('',#6805);
#6294=PLANE('',#6806);
#6295=PLANE('',#6807);
#6296=PLANE('',#6808);
#6297=PLANE('',#6809);
#6298=PLANE('',#6810);
#6299=PLANE('',#6811);
#6300=PLANE('',#6812);
#6301=PLANE('',#6813);
#6302=PLANE('',#6814);
#6303=PLANE('',#6819);
#6304=PLANE('',#6820);
#6305=PLANE('',#6821);
#6306=PLANE('',#6822);
#6307=PLANE('',#6823);
#6308=PLANE('',#6825);
#6309=PLANE('',#6826);
#6310=PLANE('',#6827);
#6311=PLANE('',#6829);
#6312=PLANE('',#6830);
#6313=PLANE('',#6832);
#6314=PLANE('',#6834);
#6315=PLANE('',#6836);
#6316=PLANE('',#6840);
#6317=PLANE('',#6841);
#6318=PLANE('',#6851);
#6319=PLANE('',#6853);
#6320=PLANE('',#6854);
#6321=PLANE('',#6855);
#6322=PLANE('',#6856);
#6323=PLANE('',#6857);
#6324=PLANE('',#6858);
#6325=PLANE('',#6867);
#6326=PLANE('',#6868);
#6327=PLANE('',#6871);
#6328=PLANE('',#6874);
#6329=PLANE('',#6877);
#6330=PLANE('',#6880);
#6331=ADVANCED_FACE('',(#717),#6194,.F.);
#6332=ADVANCED_FACE('',(#718),#505,.F.);
#6333=ADVANCED_FACE('',(#719),#506,.F.);
#6334=ADVANCED_FACE('',(#720),#507,.F.);
#6335=ADVANCED_FACE('',(#721),#508,.F.);
#6336=ADVANCED_FACE('',(#722),#509,.F.);
#6337=ADVANCED_FACE('',(#723),#6195,.F.);
#6338=ADVANCED_FACE('',(#724),#6196,.F.);
#6339=ADVANCED_FACE('',(#725),#6197,.F.);
#6340=ADVANCED_FACE('',(#726),#510,.F.);
#6341=ADVANCED_FACE('',(#727),#511,.F.);
#6342=ADVANCED_FACE('',(#728),#512,.F.);
#6343=ADVANCED_FACE('',(#729),#513,.F.);
#6344=ADVANCED_FACE('',(#730),#514,.F.);
#6345=ADVANCED_FACE('',(#731),#6198,.F.);
#6346=ADVANCED_FACE('',(#732),#6199,.F.);
#6347=ADVANCED_FACE('',(#733),#6200,.F.);
#6348=ADVANCED_FACE('',(#734),#6201,.F.);
#6349=ADVANCED_FACE('',(#735),#6202,.T.);
#6350=ADVANCED_FACE('',(#736),#6203,.F.);
#6351=ADVANCED_FACE('',(#737),#515,.F.);
#6352=ADVANCED_FACE('',(#738),#516,.F.);
#6353=ADVANCED_FACE('',(#739),#517,.F.);
#6354=ADVANCED_FACE('',(#740),#518,.F.);
#6355=ADVANCED_FACE('',(#741),#519,.F.);
#6356=ADVANCED_FACE('',(#742),#6204,.F.);
#6357=ADVANCED_FACE('',(#743),#6205,.F.);
#6358=ADVANCED_FACE('',(#744),#6206,.F.);
#6359=ADVANCED_FACE('',(#745),#520,.F.);
#6360=ADVANCED_FACE('',(#746),#521,.F.);
#6361=ADVANCED_FACE('',(#747),#522,.F.);
#6362=ADVANCED_FACE('',(#748),#523,.F.);
#6363=ADVANCED_FACE('',(#749),#6207,.F.);
#6364=ADVANCED_FACE('',(#750),#6208,.F.);
#6365=ADVANCED_FACE('',(#751),#6209,.F.);
#6366=ADVANCED_FACE('',(#752),#6210,.F.);
#6367=ADVANCED_FACE('',(#753),#6211,.T.);
#6368=ADVANCED_FACE('',(#754),#6212,.F.);
#6369=ADVANCED_FACE('',(#755),#6213,.F.);
#6370=ADVANCED_FACE('',(#756),#6214,.F.);
#6371=ADVANCED_FACE('',(#757),#6215,.F.);
#6372=ADVANCED_FACE('',(#758),#6216,.F.);
#6373=ADVANCED_FACE('',(#759),#524,.F.);
#6374=ADVANCED_FACE('',(#760),#525,.F.);
#6375=ADVANCED_FACE('',(#761),#526,.F.);
#6376=ADVANCED_FACE('',(#762),#527,.F.);
#6377=ADVANCED_FACE('',(#763),#528,.F.);
#6378=ADVANCED_FACE('',(#764),#529,.F.);
#6379=ADVANCED_FACE('',(#765),#530,.F.);
#6380=ADVANCED_FACE('',(#766),#531,.F.);
#6381=ADVANCED_FACE('',(#767),#6217,.F.);
#6382=ADVANCED_FACE('',(#768),#6218,.F.);
#6383=ADVANCED_FACE('',(#769),#6219,.F.);
#6384=ADVANCED_FACE('',(#770),#532,.F.);
#6385=ADVANCED_FACE('',(#771),#533,.F.);
#6386=ADVANCED_FACE('',(#772),#534,.F.);
#6387=ADVANCED_FACE('',(#773),#535,.F.);
#6388=ADVANCED_FACE('',(#774),#536,.F.);
#6389=ADVANCED_FACE('',(#775),#537,.F.);
#6390=ADVANCED_FACE('',(#776),#538,.F.);
#6391=ADVANCED_FACE('',(#777),#539,.F.);
#6392=ADVANCED_FACE('',(#778),#540,.F.);
#6393=ADVANCED_FACE('',(#779),#6220,.F.);
#6394=ADVANCED_FACE('',(#780),#6221,.F.);
#6395=ADVANCED_FACE('',(#781,#53),#6222,.T.);
#6396=ADVANCED_FACE('',(#782),#6223,.F.);
#6397=ADVANCED_FACE('',(#783),#6224,.F.);
#6398=ADVANCED_FACE('',(#784),#6225,.F.);
#6399=ADVANCED_FACE('',(#785),#6226,.F.);
#6400=ADVANCED_FACE('',(#786),#6227,.F.);
#6401=ADVANCED_FACE('',(#787),#6228,.F.);
#6402=ADVANCED_FACE('',(#788),#6229,.F.);
#6403=ADVANCED_FACE('',(#789),#6230,.F.);
#6404=ADVANCED_FACE('',(#790),#6231,.F.);
#6405=ADVANCED_FACE('',(#791),#6232,.F.);
#6406=ADVANCED_FACE('',(#792),#6233,.F.);
#6407=ADVANCED_FACE('',(#793),#6234,.F.);
#6408=ADVANCED_FACE('',(#794),#6235,.F.);
#6409=ADVANCED_FACE('',(#795),#541,.F.);
#6410=ADVANCED_FACE('',(#796),#542,.F.);
#6411=ADVANCED_FACE('',(#797),#543,.F.);
#6412=ADVANCED_FACE('',(#798),#544,.F.);
#6413=ADVANCED_FACE('',(#799),#545,.F.);
#6414=ADVANCED_FACE('',(#800),#546,.F.);
#6415=ADVANCED_FACE('',(#801),#547,.F.);
#6416=ADVANCED_FACE('',(#802),#6236,.F.);
#6417=ADVANCED_FACE('',(#803),#548,.F.);
#6418=ADVANCED_FACE('',(#804),#549,.F.);
#6419=ADVANCED_FACE('',(#805),#550,.F.);
#6420=ADVANCED_FACE('',(#806),#551,.F.);
#6421=ADVANCED_FACE('',(#807),#552,.F.);
#6422=ADVANCED_FACE('',(#808),#553,.F.);
#6423=ADVANCED_FACE('',(#809),#554,.F.);
#6424=ADVANCED_FACE('',(#810),#555,.F.);
#6425=ADVANCED_FACE('',(#811),#556,.F.);
#6426=ADVANCED_FACE('',(#812),#6237,.F.);
#6427=ADVANCED_FACE('',(#813),#557,.F.);
#6428=ADVANCED_FACE('',(#814),#6238,.T.);
#6429=ADVANCED_FACE('',(#815),#558,.F.);
#6430=ADVANCED_FACE('',(#816),#559,.F.);
#6431=ADVANCED_FACE('',(#817),#560,.F.);
#6432=ADVANCED_FACE('',(#818),#561,.F.);
#6433=ADVANCED_FACE('',(#819),#562,.F.);
#6434=ADVANCED_FACE('',(#820),#563,.F.);
#6435=ADVANCED_FACE('',(#821),#564,.F.);
#6436=ADVANCED_FACE('',(#822),#565,.F.);
#6437=ADVANCED_FACE('',(#823),#6239,.F.);
#6438=ADVANCED_FACE('',(#824),#566,.F.);
#6439=ADVANCED_FACE('',(#825),#567,.F.);
#6440=ADVANCED_FACE('',(#826),#568,.F.);
#6441=ADVANCED_FACE('',(#827),#569,.F.);
#6442=ADVANCED_FACE('',(#828),#570,.F.);
#6443=ADVANCED_FACE('',(#829),#571,.F.);
#6444=ADVANCED_FACE('',(#830),#572,.F.);
#6445=ADVANCED_FACE('',(#831),#573,.F.);
#6446=ADVANCED_FACE('',(#832),#574,.F.);
#6447=ADVANCED_FACE('',(#833),#575,.F.);
#6448=ADVANCED_FACE('',(#834),#6240,.F.);
#6449=ADVANCED_FACE('',(#835),#6241,.F.);
#6450=ADVANCED_FACE('',(#836),#6242,.F.);
#6451=ADVANCED_FACE('',(#837),#6243,.F.);
#6452=ADVANCED_FACE('',(#838,#54),#6244,.T.);
#6453=ADVANCED_FACE('',(#839),#576,.F.);
#6454=ADVANCED_FACE('',(#840),#577,.F.);
#6455=ADVANCED_FACE('',(#841),#578,.F.);
#6456=ADVANCED_FACE('',(#842),#579,.F.);
#6457=ADVANCED_FACE('',(#843),#580,.F.);
#6458=ADVANCED_FACE('',(#844),#581,.F.);
#6459=ADVANCED_FACE('',(#845),#582,.F.);
#6460=ADVANCED_FACE('',(#846),#583,.F.);
#6461=ADVANCED_FACE('',(#847),#584,.F.);
#6462=ADVANCED_FACE('',(#848),#6245,.F.);
#6463=ADVANCED_FACE('',(#849),#6246,.F.);
#6464=ADVANCED_FACE('',(#850),#585,.F.);
#6465=ADVANCED_FACE('',(#851),#586,.F.);
#6466=ADVANCED_FACE('',(#852),#6247,.F.);
#6467=ADVANCED_FACE('',(#853),#587,.F.);
#6468=ADVANCED_FACE('',(#854),#588,.F.);
#6469=ADVANCED_FACE('',(#855),#589,.F.);
#6470=ADVANCED_FACE('',(#856),#590,.F.);
#6471=ADVANCED_FACE('',(#857),#591,.F.);
#6472=ADVANCED_FACE('',(#858),#592,.F.);
#6473=ADVANCED_FACE('',(#859),#593,.F.);
#6474=ADVANCED_FACE('',(#860),#6248,.F.);
#6475=ADVANCED_FACE('',(#861),#594,.F.);
#6476=ADVANCED_FACE('',(#862),#595,.F.);
#6477=ADVANCED_FACE('',(#863),#596,.F.);
#6478=ADVANCED_FACE('',(#864),#597,.F.);
#6479=ADVANCED_FACE('',(#865),#598,.F.);
#6480=ADVANCED_FACE('',(#866),#599,.F.);
#6481=ADVANCED_FACE('',(#867),#600,.F.);
#6482=ADVANCED_FACE('',(#868),#601,.F.);
#6483=ADVANCED_FACE('',(#869),#602,.F.);
#6484=ADVANCED_FACE('',(#870),#603,.F.);
#6485=ADVANCED_FACE('',(#871),#604,.F.);
#6486=ADVANCED_FACE('',(#872),#605,.F.);
#6487=ADVANCED_FACE('',(#873),#606,.F.);
#6488=ADVANCED_FACE('',(#874),#607,.F.);
#6489=ADVANCED_FACE('',(#875),#608,.F.);
#6490=ADVANCED_FACE('',(#876,#55),#6249,.T.);
#6491=ADVANCED_FACE('',(#877),#6250,.F.);
#6492=ADVANCED_FACE('',(#878),#6251,.F.);
#6493=ADVANCED_FACE('',(#879),#6252,.F.);
#6494=ADVANCED_FACE('',(#880),#6253,.F.);
#6495=ADVANCED_FACE('',(#881),#6254,.F.);
#6496=ADVANCED_FACE('',(#882),#6255,.F.);
#6497=ADVANCED_FACE('',(#883),#6256,.F.);
#6498=ADVANCED_FACE('',(#884),#6257,.F.);
#6499=ADVANCED_FACE('',(#885),#6258,.F.);
#6500=ADVANCED_FACE('',(#886),#6259,.F.);
#6501=ADVANCED_FACE('',(#887),#6260,.F.);
#6502=ADVANCED_FACE('',(#888),#6261,.F.);
#6503=ADVANCED_FACE('',(#889),#6262,.F.);
#6504=ADVANCED_FACE('',(#890),#609,.F.);
#6505=ADVANCED_FACE('',(#891),#610,.F.);
#6506=ADVANCED_FACE('',(#892),#611,.F.);
#6507=ADVANCED_FACE('',(#893),#612,.F.);
#6508=ADVANCED_FACE('',(#894),#613,.F.);
#6509=ADVANCED_FACE('',(#895),#614,.F.);
#6510=ADVANCED_FACE('',(#896),#615,.F.);
#6511=ADVANCED_FACE('',(#897),#616,.F.);
#6512=ADVANCED_FACE('',(#898),#617,.F.);
#6513=ADVANCED_FACE('',(#899),#6263,.F.);
#6514=ADVANCED_FACE('',(#900),#6264,.F.);
#6515=ADVANCED_FACE('',(#901),#618,.F.);
#6516=ADVANCED_FACE('',(#902),#619,.F.);
#6517=ADVANCED_FACE('',(#903),#6265,.F.);
#6518=ADVANCED_FACE('',(#904),#620,.F.);
#6519=ADVANCED_FACE('',(#905),#621,.F.);
#6520=ADVANCED_FACE('',(#906),#622,.F.);
#6521=ADVANCED_FACE('',(#907),#623,.F.);
#6522=ADVANCED_FACE('',(#908),#624,.F.);
#6523=ADVANCED_FACE('',(#909),#625,.F.);
#6524=ADVANCED_FACE('',(#910),#626,.F.);
#6525=ADVANCED_FACE('',(#911),#6266,.F.);
#6526=ADVANCED_FACE('',(#912),#627,.F.);
#6527=ADVANCED_FACE('',(#913),#628,.F.);
#6528=ADVANCED_FACE('',(#914),#629,.F.);
#6529=ADVANCED_FACE('',(#915),#630,.F.);
#6530=ADVANCED_FACE('',(#916),#631,.F.);
#6531=ADVANCED_FACE('',(#917),#632,.F.);
#6532=ADVANCED_FACE('',(#918),#633,.F.);
#6533=ADVANCED_FACE('',(#919),#634,.F.);
#6534=ADVANCED_FACE('',(#920),#635,.F.);
#6535=ADVANCED_FACE('',(#921),#636,.F.);
#6536=ADVANCED_FACE('',(#922),#637,.F.);
#6537=ADVANCED_FACE('',(#923),#638,.F.);
#6538=ADVANCED_FACE('',(#924),#639,.F.);
#6539=ADVANCED_FACE('',(#925),#640,.F.);
#6540=ADVANCED_FACE('',(#926),#641,.F.);
#6541=ADVANCED_FACE('',(#927,#56),#6267,.T.);
#6542=ADVANCED_FACE('',(#928),#642,.F.);
#6543=ADVANCED_FACE('',(#929),#643,.F.);
#6544=ADVANCED_FACE('',(#930),#644,.F.);
#6545=ADVANCED_FACE('',(#931),#645,.F.);
#6546=ADVANCED_FACE('',(#932),#646,.F.);
#6547=ADVANCED_FACE('',(#933),#647,.F.);
#6548=ADVANCED_FACE('',(#934),#648,.F.);
#6549=ADVANCED_FACE('',(#935),#649,.F.);
#6550=ADVANCED_FACE('',(#936),#650,.F.);
#6551=ADVANCED_FACE('',(#937),#651,.F.);
#6552=ADVANCED_FACE('',(#938),#652,.F.);
#6553=ADVANCED_FACE('',(#939),#653,.F.);
#6554=ADVANCED_FACE('',(#940),#654,.F.);
#6555=ADVANCED_FACE('',(#941),#655,.F.);
#6556=ADVANCED_FACE('',(#942),#6268,.F.);
#6557=ADVANCED_FACE('',(#943),#656,.F.);
#6558=ADVANCED_FACE('',(#944),#657,.F.);
#6559=ADVANCED_FACE('',(#945),#658,.F.);
#6560=ADVANCED_FACE('',(#946),#659,.F.);
#6561=ADVANCED_FACE('',(#947),#660,.F.);
#6562=ADVANCED_FACE('',(#948),#661,.F.);
#6563=ADVANCED_FACE('',(#949),#662,.F.);
#6564=ADVANCED_FACE('',(#950),#663,.F.);
#6565=ADVANCED_FACE('',(#951),#664,.F.);
#6566=ADVANCED_FACE('',(#952),#665,.F.);
#6567=ADVANCED_FACE('',(#953),#666,.F.);
#6568=ADVANCED_FACE('',(#954),#667,.F.);
#6569=ADVANCED_FACE('',(#955),#668,.F.);
#6570=ADVANCED_FACE('',(#956),#669,.F.);
#6571=ADVANCED_FACE('',(#957),#670,.F.);
#6572=ADVANCED_FACE('',(#958),#671,.F.);
#6573=ADVANCED_FACE('',(#959),#6269,.F.);
#6574=ADVANCED_FACE('',(#960),#672,.F.);
#6575=ADVANCED_FACE('',(#961),#6270,.T.);
#6576=ADVANCED_FACE('',(#962),#6271,.F.);
#6577=ADVANCED_FACE('',(#963),#6272,.F.);
#6578=ADVANCED_FACE('',(#964),#6273,.F.);
#6579=ADVANCED_FACE('',(#965),#6274,.F.);
#6580=ADVANCED_FACE('',(#966),#6275,.F.);
#6581=ADVANCED_FACE('',(#967),#6276,.F.);
#6582=ADVANCED_FACE('',(#968),#6277,.F.);
#6583=ADVANCED_FACE('',(#969),#6278,.F.);
#6584=ADVANCED_FACE('',(#970),#6279,.F.);
#6585=ADVANCED_FACE('',(#971),#6280,.F.);
#6586=ADVANCED_FACE('',(#972),#673,.F.);
#6587=ADVANCED_FACE('',(#973),#674,.F.);
#6588=ADVANCED_FACE('',(#974),#675,.F.);
#6589=ADVANCED_FACE('',(#975),#676,.F.);
#6590=ADVANCED_FACE('',(#976),#677,.F.);
#6591=ADVANCED_FACE('',(#977),#678,.F.);
#6592=ADVANCED_FACE('',(#978),#6281,.F.);
#6593=ADVANCED_FACE('',(#979),#6282,.F.);
#6594=ADVANCED_FACE('',(#980),#6283,.F.);
#6595=ADVANCED_FACE('',(#981),#679,.F.);
#6596=ADVANCED_FACE('',(#982),#680,.F.);
#6597=ADVANCED_FACE('',(#983),#681,.F.);
#6598=ADVANCED_FACE('',(#984),#682,.F.);
#6599=ADVANCED_FACE('',(#985),#683,.F.);
#6600=ADVANCED_FACE('',(#986),#6284,.F.);
#6601=ADVANCED_FACE('',(#987),#6285,.F.);
#6602=ADVANCED_FACE('',(#988),#6286,.T.);
#6603=ADVANCED_FACE('',(#989),#684,.F.);
#6604=ADVANCED_FACE('',(#990),#685,.F.);
#6605=ADVANCED_FACE('',(#991),#686,.F.);
#6606=ADVANCED_FACE('',(#992),#687,.F.);
#6607=ADVANCED_FACE('',(#993),#688,.F.);
#6608=ADVANCED_FACE('',(#994),#689,.F.);
#6609=ADVANCED_FACE('',(#995),#690,.F.);
#6610=ADVANCED_FACE('',(#996),#691,.F.);
#6611=ADVANCED_FACE('',(#997),#692,.F.);
#6612=ADVANCED_FACE('',(#998),#693,.F.);
#6613=ADVANCED_FACE('',(#999),#694,.F.);
#6614=ADVANCED_FACE('',(#1000),#695,.F.);
#6615=ADVANCED_FACE('',(#1001),#696,.F.);
#6616=ADVANCED_FACE('',(#1002),#697,.F.);
#6617=ADVANCED_FACE('',(#1003),#6287,.F.);
#6618=ADVANCED_FACE('',(#1004),#698,.F.);
#6619=ADVANCED_FACE('',(#1005),#699,.F.);
#6620=ADVANCED_FACE('',(#1006),#700,.F.);
#6621=ADVANCED_FACE('',(#1007),#701,.F.);
#6622=ADVANCED_FACE('',(#1008),#702,.F.);
#6623=ADVANCED_FACE('',(#1009),#703,.F.);
#6624=ADVANCED_FACE('',(#1010),#704,.F.);
#6625=ADVANCED_FACE('',(#1011),#705,.F.);
#6626=ADVANCED_FACE('',(#1012),#706,.F.);
#6627=ADVANCED_FACE('',(#1013),#707,.F.);
#6628=ADVANCED_FACE('',(#1014),#708,.F.);
#6629=ADVANCED_FACE('',(#1015),#709,.F.);
#6630=ADVANCED_FACE('',(#1016),#710,.F.);
#6631=ADVANCED_FACE('',(#1017),#711,.F.);
#6632=ADVANCED_FACE('',(#1018),#712,.F.);
#6633=ADVANCED_FACE('',(#1019),#713,.F.);
#6634=ADVANCED_FACE('',(#1020),#6288,.F.);
#6635=ADVANCED_FACE('',(#1021),#714,.F.);
#6636=ADVANCED_FACE('',(#1022),#6289,.T.);
#6637=ADVANCED_FACE('',(#1023),#715,.F.);
#6638=ADVANCED_FACE('',(#1024),#716,.F.);
#6639=ADVANCED_FACE('',(#1025),#6290,.F.);
#6640=ADVANCED_FACE('',(#1026),#6291,.F.);
#6641=ADVANCED_FACE('',(#1027),#6292,.F.);
#6642=ADVANCED_FACE('',(#1028),#6293,.F.);
#6643=ADVANCED_FACE('',(#1029),#6294,.F.);
#6644=ADVANCED_FACE('',(#1030),#6295,.F.);
#6645=ADVANCED_FACE('',(#1031),#6296,.F.);
#6646=ADVANCED_FACE('',(#1032),#6297,.F.);
#6647=ADVANCED_FACE('',(#1033),#6298,.F.);
#6648=ADVANCED_FACE('',(#1034),#6299,.F.);
#6649=ADVANCED_FACE('',(#1035),#6300,.F.);
#6650=ADVANCED_FACE('',(#1036,#57),#6301,.T.);
#6651=ADVANCED_FACE('',(#1037,#58,#59,#60,#61,#62,#63,#64,#65,#66,#67,#68,
#69,#70,#71,#72),#6302,.T.);
#6652=ADVANCED_FACE('',(#1038),#6303,.T.);
#6653=ADVANCED_FACE('',(#1039),#6304,.T.);
#6654=ADVANCED_FACE('',(#1040),#6305,.T.);
#6655=ADVANCED_FACE('',(#1041),#6306,.T.);
#6656=ADVANCED_FACE('',(#1042),#6307,.T.);
#6657=ADVANCED_FACE('',(#1043),#6308,.T.);
#6658=ADVANCED_FACE('',(#1044),#6309,.T.);
#6659=ADVANCED_FACE('',(#1045),#6310,.T.);
#6660=ADVANCED_FACE('',(#1046),#6311,.T.);
#6661=ADVANCED_FACE('',(#1047),#6312,.T.);
#6662=ADVANCED_FACE('',(#1048),#6313,.T.);
#6663=ADVANCED_FACE('',(#1049),#6314,.T.);
#6664=ADVANCED_FACE('',(#1050),#6315,.T.);
#6665=ADVANCED_FACE('',(#1051),#15,.T.);
#6666=ADVANCED_FACE('',(#1052),#6316,.T.);
#6667=ADVANCED_FACE('',(#1053,#73,#74,#75,#76),#6317,.T.);
#6668=ADVANCED_FACE('',(#1054),#16,.T.);
#6669=ADVANCED_FACE('',(#1055),#17,.T.);
#6670=ADVANCED_FACE('',(#1056),#6318,.T.);
#6671=ADVANCED_FACE('',(#1057),#18,.T.);
#6672=ADVANCED_FACE('',(#1058),#6319,.F.);
#6673=ADVANCED_FACE('',(#1059),#6320,.F.);
#6674=ADVANCED_FACE('',(#1060),#6321,.F.);
#6675=ADVANCED_FACE('',(#1061),#6322,.T.);
#6676=ADVANCED_FACE('',(#1062),#6323,.T.);
#6677=ADVANCED_FACE('',(#1063),#6324,.T.);
#6678=ADVANCED_FACE('',(#1064),#19,.F.);
#6679=ADVANCED_FACE('',(#1065),#20,.F.);
#6680=ADVANCED_FACE('',(#1066),#21,.F.);
#6681=ADVANCED_FACE('',(#1067),#22,.F.);
#6682=ADVANCED_FACE('',(#1068),#6325,.T.);
#6683=ADVANCED_FACE('',(#1069),#6326,.T.);
#6684=ADVANCED_FACE('',(#1070),#23,.F.);
#6685=ADVANCED_FACE('',(#1071,#77),#6327,.F.);
#6686=ADVANCED_FACE('',(#1072),#24,.F.);
#6687=ADVANCED_FACE('',(#1073,#78),#6328,.F.);
#6688=ADVANCED_FACE('',(#1074),#25,.F.);
#6689=ADVANCED_FACE('',(#1075,#79),#6329,.F.);
#6690=ADVANCED_FACE('',(#1076),#26,.F.);
#6691=ADVANCED_FACE('',(#1077,#80),#6330,.F.);
#6692=CLOSED_SHELL('',(#6331,#6332,#6333,#6334,#6335,#6336,#6337,#6338,
#6339,#6340,#6341,#6342,#6343,#6344,#6345,#6346,#6347,#6348,#6349,#6350,
#6351,#6352,#6353,#6354,#6355,#6356,#6357,#6358,#6359,#6360,#6361,#6362,
#6363,#6364,#6365,#6366,#6367,#6368,#6369,#6370,#6371,#6372,#6373,#6374,
#6375,#6376,#6377,#6378,#6379,#6380,#6381,#6382,#6383,#6384,#6385,#6386,
#6387,#6388,#6389,#6390,#6391,#6392,#6393,#6394,#6395,#6396,#6397,#6398,
#6399,#6400,#6401,#6402,#6403,#6404,#6405,#6406,#6407,#6408,#6409,#6410,
#6411,#6412,#6413,#6414,#6415,#6416,#6417,#6418,#6419,#6420,#6421,#6422,
#6423,#6424,#6425,#6426,#6427,#6428,#6429,#6430,#6431,#6432,#6433,#6434,
#6435,#6436,#6437,#6438,#6439,#6440,#6441,#6442,#6443,#6444,#6445,#6446,
#6447,#6448,#6449,#6450,#6451,#6452,#6453,#6454,#6455,#6456,#6457,#6458,
#6459,#6460,#6461,#6462,#6463,#6464,#6465,#6466,#6467,#6468,#6469,#6470,
#6471,#6472,#6473,#6474,#6475,#6476,#6477,#6478,#6479,#6480,#6481,#6482,
#6483,#6484,#6485,#6486,#6487,#6488,#6489,#6490,#6491,#6492,#6493,#6494,
#6495,#6496,#6497,#6498,#6499,#6500,#6501,#6502,#6503,#6504,#6505,#6506,
#6507,#6508,#6509,#6510,#6511,#6512,#6513,#6514,#6515,#6516,#6517,#6518,
#6519,#6520,#6521,#6522,#6523,#6524,#6525,#6526,#6527,#6528,#6529,#6530,
#6531,#6532,#6533,#6534,#6535,#6536,#6537,#6538,#6539,#6540,#6541,#6542,
#6543,#6544,#6545,#6546,#6547,#6548,#6549,#6550,#6551,#6552,#6553,#6554,
#6555,#6556,#6557,#6558,#6559,#6560,#6561,#6562,#6563,#6564,#6565,#6566,
#6567,#6568,#6569,#6570,#6571,#6572,#6573,#6574,#6575,#6576,#6577,#6578,
#6579,#6580,#6581,#6582,#6583,#6584,#6585,#6586,#6587,#6588,#6589,#6590,
#6591,#6592,#6593,#6594,#6595,#6596,#6597,#6598,#6599,#6600,#6601,#6602,
#6603,#6604,#6605,#6606,#6607,#6608,#6609,#6610,#6611,#6612,#6613,#6614,
#6615,#6616,#6617,#6618,#6619,#6620,#6621,#6622,#6623,#6624,#6625,#6626,
#6627,#6628,#6629,#6630,#6631,#6632,#6633,#6634,#6635,#6636,#6637,#6638,
#6639,#6640,#6641,#6642,#6643,#6644,#6645,#6646,#6647,#6648,#6649,#6650,
#6651,#6652,#6653,#6654,#6655,#6656,#6657,#6658,#6659,#6660,#6661,#6662,
#6663,#6664,#6665,#6666,#6667,#6668,#6669,#6670,#6671,#6672,#6673,#6674,
#6675,#6676,#6677,#6678,#6679,#6680,#6681,#6682,#6683,#6684,#6685,#6686,
#6687,#6688,#6689,#6690,#6691));
#6693=DERIVED_UNIT_ELEMENT(#6695,1.);
#6694=DERIVED_UNIT_ELEMENT(#13402,-3.);
#6695=(
MASS_UNIT()
NAMED_UNIT(*)
SI_UNIT(.KILO.,.GRAM.)
);
#6696=DERIVED_UNIT((#6693,#6694));
#6697=MEASURE_REPRESENTATION_ITEM('density measure',
POSITIVE_RATIO_MEASURE(7850.),#6696);
#6698=PROPERTY_DEFINITION_REPRESENTATION(#6703,#6700);
#6699=PROPERTY_DEFINITION_REPRESENTATION(#6704,#6701);
#6700=REPRESENTATION('material name',(#6702),#13399);
#6701=REPRESENTATION('density',(#6697),#13399);
#6702=DESCRIPTIVE_REPRESENTATION_ITEM('Steel','Steel');
#6703=PROPERTY_DEFINITION('material property','material name',#13409);
#6704=PROPERTY_DEFINITION('material property','density of part',#13409);
#6705=AXIS2_PLACEMENT_3D('',#7776,#6881,#6882);
#6706=AXIS2_PLACEMENT_3D('',#7777,#6883,#6884);
#6707=AXIS2_PLACEMENT_3D('',#7901,#6894,#6895);
#6708=AXIS2_PLACEMENT_3D('',#7907,#6899,#6900);
#6709=AXIS2_PLACEMENT_3D('',#7913,#6904,#6905);
#6710=AXIS2_PLACEMENT_3D('',#8034,#6914,#6915);
#6711=AXIS2_PLACEMENT_3D('',#8040,#6919,#6920);
#6712=AXIS2_PLACEMENT_3D('',#8046,#6924,#6925);
#6713=AXIS2_PLACEMENT_3D('',#8052,#6929,#6930);
#6714=AXIS2_PLACEMENT_3D('',#8055,#6933,#6934);
#6715=AXIS2_PLACEMENT_3D('',#8056,#6935,#6936);
#6716=AXIS2_PLACEMENT_3D('',#8180,#6946,#6947);
#6717=AXIS2_PLACEMENT_3D('',#8186,#6951,#6952);
#6718=AXIS2_PLACEMENT_3D('',#8192,#6956,#6957);
#6719=AXIS2_PLACEMENT_3D('',#8290,#6965,#6966);
#6720=AXIS2_PLACEMENT_3D('',#8296,#6970,#6971);
#6721=AXIS2_PLACEMENT_3D('',#8302,#6975,#6976);
#6722=AXIS2_PLACEMENT_3D('',#8308,#6980,#6981);
#6723=AXIS2_PLACEMENT_3D('',#8311,#6984,#6985);
#6724=AXIS2_PLACEMENT_3D('',#8312,#6986,#6987);
#6725=AXIS2_PLACEMENT_3D('',#8321,#6992,#6993);
#6726=AXIS2_PLACEMENT_3D('',#8327,#6997,#6998);
#6727=AXIS2_PLACEMENT_3D('',#8333,#7002,#7003);
#6728=AXIS2_PLACEMENT_3D('',#8336,#7006,#7007);
#6729=AXIS2_PLACEMENT_3D('',#8521,#7016,#7017);
#6730=AXIS2_PLACEMENT_3D('',#8530,#7022,#7023);
#6731=AXIS2_PLACEMENT_3D('',#8536,#7027,#7028);
#6732=AXIS2_PLACEMENT_3D('',#8749,#7041,#7042);
#6733=AXIS2_PLACEMENT_3D('',#8755,#7046,#7047);
#6734=AXIS2_PLACEMENT_3D('',#8758,#7050,#7051);
#6735=AXIS2_PLACEMENT_3D('',#8759,#7052,#7053);
#6736=AXIS2_PLACEMENT_3D('',#8768,#7058,#7059);
#6737=AXIS2_PLACEMENT_3D('',#8774,#7063,#7064);
#6738=AXIS2_PLACEMENT_3D('',#8780,#7068,#7069);
#6739=AXIS2_PLACEMENT_3D('',#8786,#7073,#7074);
#6740=AXIS2_PLACEMENT_3D('',#8792,#7078,#7079);
#6741=AXIS2_PLACEMENT_3D('',#8798,#7083,#7084);
#6742=AXIS2_PLACEMENT_3D('',#8804,#7088,#7089);
#6743=AXIS2_PLACEMENT_3D('',#8810,#7093,#7094);
#6744=AXIS2_PLACEMENT_3D('',#8816,#7098,#7099);
#6745=AXIS2_PLACEMENT_3D('',#8822,#7103,#7104);
#6746=AXIS2_PLACEMENT_3D('',#8828,#7108,#7109);
#6747=AXIS2_PLACEMENT_3D('',#8831,#7112,#7113);
#6748=AXIS2_PLACEMENT_3D('',#8996,#7122,#7123);
#6749=AXIS2_PLACEMENT_3D('',#9209,#7136,#7137);
#6750=AXIS2_PLACEMENT_3D('',#9235,#7141,#7142);
#6751=AXIS2_PLACEMENT_3D('',#9420,#7151,#7152);
#6752=AXIS2_PLACEMENT_3D('',#9659,#7167,#7168);
#6753=AXIS2_PLACEMENT_3D('',#9665,#7172,#7173);
#6754=AXIS2_PLACEMENT_3D('',#9671,#7177,#7178);
#6755=AXIS2_PLACEMENT_3D('',#9677,#7182,#7183);
#6756=AXIS2_PLACEMENT_3D('',#9680,#7186,#7187);
#6757=AXIS2_PLACEMENT_3D('',#9891,#7198,#7199);
#6758=AXIS2_PLACEMENT_3D('',#9894,#7202,#7203);
#6759=AXIS2_PLACEMENT_3D('',#9949,#7210,#7211);
#6760=AXIS2_PLACEMENT_3D('',#10116,#7222,#7223);
#6761=AXIS2_PLACEMENT_3D('',#10464,#7241,#7242);
#6762=AXIS2_PLACEMENT_3D('',#10465,#7243,#7244);
#6763=AXIS2_PLACEMENT_3D('',#10474,#7249,#7250);
#6764=AXIS2_PLACEMENT_3D('',#10480,#7254,#7255);
#6765=AXIS2_PLACEMENT_3D('',#10486,#7259,#7260);
#6766=AXIS2_PLACEMENT_3D('',#10492,#7264,#7265);
#6767=AXIS2_PLACEMENT_3D('',#10498,#7269,#7270);
#6768=AXIS2_PLACEMENT_3D('',#10504,#7274,#7275);
#6769=AXIS2_PLACEMENT_3D('',#10510,#7279,#7280);
#6770=AXIS2_PLACEMENT_3D('',#10516,#7284,#7285);
#6771=AXIS2_PLACEMENT_3D('',#10522,#7289,#7290);
#6772=AXIS2_PLACEMENT_3D('',#10528,#7294,#7295);
#6773=AXIS2_PLACEMENT_3D('',#10534,#7299,#7300);
#6774=AXIS2_PLACEMENT_3D('',#10537,#7303,#7304);
#6775=AXIS2_PLACEMENT_3D('',#10748,#7315,#7316);
#6776=AXIS2_PLACEMENT_3D('',#10751,#7319,#7320);
#6777=AXIS2_PLACEMENT_3D('',#10806,#7327,#7328);
#6778=AXIS2_PLACEMENT_3D('',#10973,#7339,#7340);
#6779=AXIS2_PLACEMENT_3D('',#11321,#7358,#7359);
#6780=AXIS2_PLACEMENT_3D('',#11647,#7375,#7376);
#6781=AXIS2_PLACEMENT_3D('',#12021,#7396,#7397);
#6782=AXIS2_PLACEMENT_3D('',#12047,#7401,#7402);
#6783=AXIS2_PLACEMENT_3D('',#12048,#7403,#7404);
#6784=AXIS2_PLACEMENT_3D('',#12057,#7409,#7410);
#6785=AXIS2_PLACEMENT_3D('',#12063,#7414,#7415);
#6786=AXIS2_PLACEMENT_3D('',#12069,#7419,#7420);
#6787=AXIS2_PLACEMENT_3D('',#12075,#7424,#7425);
#6788=AXIS2_PLACEMENT_3D('',#12081,#7429,#7430);
#6789=AXIS2_PLACEMENT_3D('',#12084,#7433,#7434);
#6790=AXIS2_PLACEMENT_3D('',#12085,#7435,#7436);
#6791=AXIS2_PLACEMENT_3D('',#12094,#7441,#7442);
#6792=AXIS2_PLACEMENT_3D('',#12100,#7446,#7447);
#6793=AXIS2_PLACEMENT_3D('',#12244,#7457,#7458);
#6794=AXIS2_PLACEMENT_3D('',#12250,#7462,#7463);
#6795=AXIS2_PLACEMENT_3D('',#12256,#7467,#7468);
#6796=AXIS2_PLACEMENT_3D('',#12377,#7477,#7478);
#6797=AXIS2_PLACEMENT_3D('',#12383,#7482,#7483);
#6798=AXIS2_PLACEMENT_3D('',#12386,#7486,#7487);
#6799=AXIS2_PLACEMENT_3D('',#12712,#7503,#7504);
#6800=AXIS2_PLACEMENT_3D('',#13086,#7524,#7525);
#6801=AXIS2_PLACEMENT_3D('',#13112,#7529,#7530);
#6802=AXIS2_PLACEMENT_3D('',#13162,#7534,#7535);
#6803=AXIS2_PLACEMENT_3D('',#13168,#7539,#7540);
#6804=AXIS2_PLACEMENT_3D('',#13174,#7544,#7545);
#6805=AXIS2_PLACEMENT_3D('',#13177,#7548,#7549);
#6806=AXIS2_PLACEMENT_3D('',#13186,#7554,#7555);
#6807=AXIS2_PLACEMENT_3D('',#13192,#7559,#7560);
#6808=AXIS2_PLACEMENT_3D('',#13198,#7564,#7565);
#6809=AXIS2_PLACEMENT_3D('',#13204,#7569,#7570);
#6810=AXIS2_PLACEMENT_3D('',#13210,#7574,#7575);
#6811=AXIS2_PLACEMENT_3D('',#13216,#7579,#7580);
#6812=AXIS2_PLACEMENT_3D('',#13222,#7584,#7585);
#6813=AXIS2_PLACEMENT_3D('',#13225,#7588,#7589);
#6814=AXIS2_PLACEMENT_3D('',#13226,#7590,#7591);
#6815=AXIS2_PLACEMENT_3D('',#13231,#7593,#7594);
#6816=AXIS2_PLACEMENT_3D('',#13235,#7596,#7597);
#6817=AXIS2_PLACEMENT_3D('',#13241,#7600,#7601);
#6818=AXIS2_PLACEMENT_3D('',#13245,#7603,#7604);
#6819=AXIS2_PLACEMENT_3D('',#13247,#7606,#7607);
#6820=AXIS2_PLACEMENT_3D('',#13248,#7608,#7609);
#6821=AXIS2_PLACEMENT_3D('',#13249,#7610,#7611);
#6822=AXIS2_PLACEMENT_3D('',#13250,#7612,#7613);
#6823=AXIS2_PLACEMENT_3D('',#13251,#7614,#7615);
#6824=AXIS2_PLACEMENT_3D('',#13254,#7617,#7618);
#6825=AXIS2_PLACEMENT_3D('',#13255,#7619,#7620);
#6826=AXIS2_PLACEMENT_3D('',#13261,#7624,#7625);
#6827=AXIS2_PLACEMENT_3D('',#13262,#7626,#7627);
#6828=AXIS2_PLACEMENT_3D('',#13264,#7628,#7629);
#6829=AXIS2_PLACEMENT_3D('',#13266,#7631,#7632);
#6830=AXIS2_PLACEMENT_3D('',#13272,#7636,#7637);
#6831=AXIS2_PLACEMENT_3D('',#13274,#7638,#7639);
#6832=AXIS2_PLACEMENT_3D('',#13275,#7640,#7641);
#6833=AXIS2_PLACEMENT_3D('',#13277,#7642,#7643);
#6834=AXIS2_PLACEMENT_3D('',#13278,#7644,#7645);
#6835=AXIS2_PLACEMENT_3D('',#13280,#7646,#7647);
#6836=AXIS2_PLACEMENT_3D('',#13281,#7648,#7649);
#6837=AXIS2_PLACEMENT_3D('',#13283,#7650,#7651);
#6838=AXIS2_PLACEMENT_3D('',#13284,#7652,#7653);
#6839=AXIS2_PLACEMENT_3D('',#13286,#7654,#7655);
#6840=AXIS2_PLACEMENT_3D('',#13288,#7657,#7658);
#6841=AXIS2_PLACEMENT_3D('',#13300,#7665,#7666);
#6842=AXIS2_PLACEMENT_3D('',#13302,#7667,#7668);
#6843=AXIS2_PLACEMENT_3D('',#13305,#7670,#7671);
#6844=AXIS2_PLACEMENT_3D('',#13306,#7672,#7673);
#6845=AXIS2_PLACEMENT_3D('',#13321,#7681,#7682);
#6846=AXIS2_PLACEMENT_3D('',#13323,#7683,#7684);
#6847=AXIS2_PLACEMENT_3D('',#13325,#7685,#7686);
#6848=AXIS2_PLACEMENT_3D('',#13327,#7687,#7688);
#6849=AXIS2_PLACEMENT_3D('',#13328,#7689,#7690);
#6850=AXIS2_PLACEMENT_3D('',#13329,#7691,#7692);
#6851=AXIS2_PLACEMENT_3D('',#13331,#7694,#7695);
#6852=AXIS2_PLACEMENT_3D('',#13333,#7697,#7698);
#6853=AXIS2_PLACEMENT_3D('',#13334,#7699,#7700);
#6854=AXIS2_PLACEMENT_3D('',#13338,#7703,#7704);
#6855=AXIS2_PLACEMENT_3D('',#13342,#7707,#7708);
#6856=AXIS2_PLACEMENT_3D('',#13344,#7710,#7711);
#6857=AXIS2_PLACEMENT_3D('',#13353,#7716,#7717);
#6858=AXIS2_PLACEMENT_3D('',#13356,#7720,#7721);
#6859=AXIS2_PLACEMENT_3D('',#13358,#7723,#7724);
#6860=AXIS2_PLACEMENT_3D('',#13360,#7725,#7726);
#6861=AXIS2_PLACEMENT_3D('',#13362,#7728,#7729);
#6862=AXIS2_PLACEMENT_3D('',#13364,#7730,#7731);
#6863=AXIS2_PLACEMENT_3D('',#13366,#7733,#7734);
#6864=AXIS2_PLACEMENT_3D('',#13368,#7735,#7736);
#6865=AXIS2_PLACEMENT_3D('',#13370,#7738,#7739);
#6866=AXIS2_PLACEMENT_3D('',#13372,#7740,#7741);
#6867=AXIS2_PLACEMENT_3D('',#13374,#7743,#7744);
#6868=AXIS2_PLACEMENT_3D('',#13376,#7746,#7747);
#6869=AXIS2_PLACEMENT_3D('',#13377,#7748,#7749);
#6870=AXIS2_PLACEMENT_3D('',#13380,#7751,#7752);
#6871=AXIS2_PLACEMENT_3D('',#13381,#7753,#7754);
#6872=AXIS2_PLACEMENT_3D('',#13382,#7755,#7756);
#6873=AXIS2_PLACEMENT_3D('',#13385,#7758,#7759);
#6874=AXIS2_PLACEMENT_3D('',#13386,#7760,#7761);
#6875=AXIS2_PLACEMENT_3D('',#13387,#7762,#7763);
#6876=AXIS2_PLACEMENT_3D('',#13390,#7765,#7766);
#6877=AXIS2_PLACEMENT_3D('',#13391,#7767,#7768);
#6878=AXIS2_PLACEMENT_3D('',#13392,#7769,#7770);
#6879=AXIS2_PLACEMENT_3D('',#13395,#7772,#7773);
#6880=AXIS2_PLACEMENT_3D('',#13396,#7774,#7775);
#6881=DIRECTION('axis',(0.,0.,1.));
#6882=DIRECTION('refdir',(1.,0.,0.));
#6883=DIRECTION('center_axis',(-1.,7.57250770019172E-15,4.26281863410555E-14));
#6884=DIRECTION('ref_axis',(4.32955557026032E-14,0.174902656342075,0.984585730550919));
#6885=DIRECTION('',(4.32955557026032E-14,0.174902656342127,0.984585730550909));
#6886=DIRECTION('',(0.,0.984585730550918,-0.174902656342079));
#6887=DIRECTION('',(4.32955557026032E-14,0.174902656342075,0.984585730550919));
#6888=DIRECTION('',(0.,0.984585730550918,-0.174902656342079));
#6889=DIRECTION('',(0.,0.984585730550918,-0.174902656342079));
#6890=DIRECTION('',(0.,0.984585730550918,-0.174902656342079));
#6891=DIRECTION('',(0.,0.984585730550918,-0.174902656342079));
#6892=DIRECTION('',(0.,0.984585730550918,-0.174902656342079));
#6893=DIRECTION('',(0.,0.984585730550918,-0.174902656342079));
#6894=DIRECTION('center_axis',(1.,-7.57250770019172E-15,-4.26281863410555E-14));
#6895=DIRECTION('ref_axis',(-4.32955557026032E-14,-0.174902656342075,-0.984585730550919));
#6896=DIRECTION('',(-4.32955557026032E-14,-0.174902656342127,-0.984585730550909));
#6897=DIRECTION('',(0.,0.984585730550918,-0.174902656342079));
#6898=DIRECTION('',(-4.32955557026032E-14,-0.174902656342075,-0.984585730550919));
#6899=DIRECTION('center_axis',(4.32955557026032E-14,0.174902656342079,0.984585730550918));
#6900=DIRECTION('ref_axis',(1.,-7.49087268402307E-15,-4.26426880555689E-14));
#6901=DIRECTION('',(1.,-7.57250770019381E-15,-4.26281863410552E-14));
#6902=DIRECTION('',(0.,0.984585730550918,-0.174902656342079));
#6903=DIRECTION('',(1.,-7.49087268402307E-15,-4.26426880555689E-14));
#6904=DIRECTION('center_axis',(-1.,7.57250770019172E-15,4.26281863410555E-14));
#6905=DIRECTION('ref_axis',(4.32955557026032E-14,0.174902656342075,0.984585730550919));
#6906=DIRECTION('',(4.32955557026032E-14,0.174902656342127,0.984585730550909));
#6907=DIRECTION('',(0.,0.984585730550918,-0.174902656342079));
#6908=DIRECTION('',(4.32955557026032E-14,0.174902656342075,0.984585730550919));
#6909=DIRECTION('',(0.,0.984585730550918,-0.174902656342079));
#6910=DIRECTION('',(0.,0.984585730550918,-0.174902656342079));
#6911=DIRECTION('',(0.,0.984585730550918,-0.174902656342079));
#6912=DIRECTION('',(0.,0.984585730550918,-0.174902656342079));
#6913=DIRECTION('',(0.,0.984585730550918,-0.174902656342079));
#6914=DIRECTION('center_axis',(-1.,7.57250770019172E-15,4.26281863410555E-14));
#6915=DIRECTION('ref_axis',(4.32955557026032E-14,0.174902656342075,0.984585730550919));
#6916=DIRECTION('',(4.32955557026032E-14,0.174902656342127,0.984585730550909));
#6917=DIRECTION('',(0.,0.984585730550918,-0.174902656342079));
#6918=DIRECTION('',(4.32955557026032E-14,0.174902656342075,0.984585730550919));
#6919=DIRECTION('center_axis',(-4.32955557026032E-14,-0.174902656342079,
-0.984585730550918));
#6920=DIRECTION('ref_axis',(-1.,7.49087268402307E-15,4.26426880555689E-14));
#6921=DIRECTION('',(-1.,7.57250770019381E-15,4.26281863410552E-14));
#6922=DIRECTION('',(0.,0.984585730550918,-0.174902656342079));
#6923=DIRECTION('',(-1.,7.49087268402307E-15,4.26426880555689E-14));
#6924=DIRECTION('center_axis',(1.,-7.57250770019172E-15,-4.26281863410555E-14));
#6925=DIRECTION('ref_axis',(-4.32955557026032E-14,-0.174902656342075,-0.984585730550919));
#6926=DIRECTION('',(-4.32955557026032E-14,-0.174902656342127,-0.984585730550909));
#6927=DIRECTION('',(0.,0.984585730550918,-0.174902656342079));
#6928=DIRECTION('',(-4.32955557026032E-14,-0.174902656342075,-0.984585730550919));
#6929=DIRECTION('center_axis',(4.32955557026032E-14,0.174902656342079,0.984585730550918));
#6930=DIRECTION('ref_axis',(1.,-7.49087268402307E-15,-4.26426880555689E-14));
#6931=DIRECTION('',(1.,-7.57250770019381E-15,-4.26281863410552E-14));
#6932=DIRECTION('',(1.,-7.49087268402307E-15,-4.26426880555689E-14));
#6933=DIRECTION('center_axis',(8.2913060422698E-17,-0.984585730550919,0.174902656342075));
#6934=DIRECTION('ref_axis',(1.,-7.49087268402307E-15,-4.26426880555689E-14));
#6935=DIRECTION('center_axis',(-1.,7.57250770019172E-15,4.26281863410555E-14));
#6936=DIRECTION('ref_axis',(4.32955557026032E-14,0.174902656342075,0.984585730550919));
#6937=DIRECTION('',(4.32955557026032E-14,0.174902656342127,0.984585730550909));
#6938=DIRECTION('',(0.,0.984585730550918,-0.174902656342079));
#6939=DIRECTION('',(4.32955557026032E-14,0.174902656342075,0.984585730550919));
#6940=DIRECTION('',(0.,0.984585730550918,-0.174902656342079));
#6941=DIRECTION('',(0.,0.984585730550918,-0.174902656342079));
#6942=DIRECTION('',(0.,0.984585730550918,-0.174902656342079));
#6943=DIRECTION('',(0.,0.984585730550918,-0.174902656342079));
#6944=DIRECTION('',(0.,0.984585730550918,-0.174902656342079));
#6945=DIRECTION('',(0.,0.984585730550918,-0.174902656342079));
#6946=DIRECTION('center_axis',(1.,-7.57250770019172E-15,-4.26281863410555E-14));
#6947=DIRECTION('ref_axis',(-4.32955557026032E-14,-0.174902656342075,-0.984585730550919));
#6948=DIRECTION('',(-4.32955557026032E-14,-0.174902656342127,-0.984585730550909));
#6949=DIRECTION('',(0.,0.984585730550918,-0.174902656342079));
#6950=DIRECTION('',(-4.32955557026032E-14,-0.174902656342075,-0.984585730550919));
#6951=DIRECTION('center_axis',(4.32955557026032E-14,0.174902656342079,0.984585730550918));
#6952=DIRECTION('ref_axis',(1.,-7.49087268402307E-15,-4.26426880555689E-14));
#6953=DIRECTION('',(1.,-7.57250770019381E-15,-4.26281863410552E-14));
#6954=DIRECTION('',(0.,0.984585730550918,-0.174902656342079));
#6955=DIRECTION('',(1.,-7.49087268402307E-15,-4.26426880555689E-14));
#6956=DIRECTION('center_axis',(-1.,7.57250770019172E-15,4.26281863410555E-14));
#6957=DIRECTION('ref_axis',(4.32955557026032E-14,0.174902656342075,0.984585730550919));
#6958=DIRECTION('',(4.32955557026032E-14,0.174902656342127,0.984585730550909));
#6959=DIRECTION('',(0.,0.984585730550918,-0.174902656342079));
#6960=DIRECTION('',(4.32955557026032E-14,0.174902656342075,0.984585730550919));
#6961=DIRECTION('',(0.,0.984585730550918,-0.174902656342079));
#6962=DIRECTION('',(0.,0.984585730550918,-0.174902656342079));
#6963=DIRECTION('',(0.,0.984585730550918,-0.174902656342079));
#6964=DIRECTION('',(0.,0.984585730550918,-0.174902656342079));
#6965=DIRECTION('center_axis',(-1.,7.57250770019172E-15,4.26281863410555E-14));
#6966=DIRECTION('ref_axis',(4.32955557026032E-14,0.174902656342075,0.984585730550919));
#6967=DIRECTION('',(4.32955557026032E-14,0.174902656342127,0.984585730550909));
#6968=DIRECTION('',(0.,0.984585730550918,-0.174902656342079));
#6969=DIRECTION('',(4.32955557026032E-14,0.174902656342075,0.984585730550919));
#6970=DIRECTION('center_axis',(-4.32955557026032E-14,-0.174902656342079,
-0.984585730550918));
#6971=DIRECTION('ref_axis',(-1.,7.49087268402307E-15,4.26426880555689E-14));
#6972=DIRECTION('',(-1.,7.57250770019381E-15,4.26281863410552E-14));
#6973=DIRECTION('',(0.,0.984585730550918,-0.174902656342079));
#6974=DIRECTION('',(-1.,7.49087268402307E-15,4.26426880555689E-14));
#6975=DIRECTION('center_axis',(1.,-7.49483531773609E-15,-4.21909424419455E-14));
#6976=DIRECTION('ref_axis',(-4.28514664927531E-14,-0.174902656342075,-0.984585730550919));
#6977=DIRECTION('',(-4.28514664927531E-14,-0.174902656342127,-0.984585730550909));
#6978=DIRECTION('',(0.,0.984585730550918,-0.174902656342079));
#6979=DIRECTION('',(-4.28514664927531E-14,-0.174902656342075,-0.984585730550919));
#6980=DIRECTION('center_axis',(4.32955557026032E-14,0.174902656342079,0.984585730550918));
#6981=DIRECTION('ref_axis',(1.,-7.49087268402307E-15,-4.26426880555689E-14));
#6982=DIRECTION('',(1.,-7.57250770019381E-15,-4.26281863410552E-14));
#6983=DIRECTION('',(1.,-7.49087268402307E-15,-4.26426880555689E-14));
#6984=DIRECTION('center_axis',(8.2913060422698E-17,-0.984585730550919,0.174902656342075));
#6985=DIRECTION('ref_axis',(1.,-7.49087268402307E-15,-4.26426880555689E-14));
#6986=DIRECTION('center_axis',(-1.,7.49483531773609E-15,4.21909424419455E-14));
#6987=DIRECTION('ref_axis',(4.28514664927531E-14,0.174902656342075,0.984585730550919));
#6988=DIRECTION('',(4.28514664927531E-14,0.174902656342127,0.984585730550909));
#6989=DIRECTION('',(0.,0.984585730550918,-0.174902656342079));
#6990=DIRECTION('',(4.28514664927531E-14,0.174902656342075,0.984585730550919));
#6991=DIRECTION('',(0.,0.984585730550918,-0.174902656342079));
#6992=DIRECTION('center_axis',(-4.32955557026032E-14,-0.174902656342079,
-0.984585730550918));
#6993=DIRECTION('ref_axis',(-1.,7.49087268402307E-15,4.26426880555689E-14));
#6994=DIRECTION('',(-1.,7.57250770019381E-15,4.26281863410552E-14));
#6995=DIRECTION('',(0.,0.984585730550918,-0.174902656342079));
#6996=DIRECTION('',(-1.,7.49087268402307E-15,4.26426880555689E-14));
#6997=DIRECTION('center_axis',(1.,-7.49483531773609E-15,-4.21909424419455E-14));
#6998=DIRECTION('ref_axis',(-4.28514664927531E-14,-0.174902656342075,-0.984585730550919));
#6999=DIRECTION('',(-4.28514664927531E-14,-0.174902656342127,-0.984585730550909));
#7000=DIRECTION('',(0.,0.984585730550918,-0.174902656342079));
#7001=DIRECTION('',(-4.28514664927531E-14,-0.174902656342075,-0.984585730550919));
#7002=DIRECTION('center_axis',(4.32955557026032E-14,0.174902656342079,0.984585730550918));
#7003=DIRECTION('ref_axis',(1.,-7.49087268402307E-15,-4.26426880555689E-14));
#7004=DIRECTION('',(1.,-7.57250770019381E-15,-4.26281863410552E-14));
#7005=DIRECTION('',(1.,-7.49087268402307E-15,-4.26426880555689E-14));
#7006=DIRECTION('center_axis',(0.,0.984585730550918,-0.174902656342079));
#7007=DIRECTION('ref_axis',(0.,0.174902656342079,0.984585730550918));
#7008=DIRECTION('',(0.,0.984585730550918,-0.174902656342079));
#7009=DIRECTION('',(0.,0.984585730550918,-0.174902656342079));
#7010=DIRECTION('',(0.,0.984585730550918,-0.174902656342079));
#7011=DIRECTION('',(0.,0.984585730550918,-0.174902656342079));
#7012=DIRECTION('',(0.,0.984585730550918,-0.174902656342079));
#7013=DIRECTION('',(0.,0.984585730550918,-0.174902656342079));
#7014=DIRECTION('',(0.,0.984585730550918,-0.174902656342079));
#7015=DIRECTION('',(0.,0.984585730550918,-0.174902656342079));
#7016=DIRECTION('center_axis',(-1.,7.57250770019172E-15,4.26281863410555E-14));
#7017=DIRECTION('ref_axis',(4.32955557026032E-14,0.174902656342075,0.984585730550919));
#7018=DIRECTION('',(4.32955557026032E-14,0.174902656342127,0.984585730550909));
#7019=DIRECTION('',(0.,0.984585730550918,-0.174902656342079));
#7020=DIRECTION('',(4.32955557026032E-14,0.174902656342075,0.984585730550919));
#7021=DIRECTION('',(0.,0.984585730550918,-0.174902656342079));
#7022=DIRECTION('center_axis',(-4.32955557026032E-14,-0.174902656342079,
-0.984585730550918));
#7023=DIRECTION('ref_axis',(-1.,7.49087268402307E-15,4.26426880555689E-14));
#7024=DIRECTION('',(-1.,7.57250770019381E-15,4.26281863410552E-14));
#7025=DIRECTION('',(0.,0.984585730550918,-0.174902656342079));
#7026=DIRECTION('',(-1.,7.49087268402307E-15,4.26426880555689E-14));
#7027=DIRECTION('center_axis',(1.,-7.57250770019172E-15,-4.26281863410555E-14));
#7028=DIRECTION('ref_axis',(-4.32955557026032E-14,-0.174902656342075,-0.984585730550919));
#7029=DIRECTION('',(-4.32955557026032E-14,-0.174902656342127,-0.984585730550909));
#7030=DIRECTION('',(0.,0.984585730550918,-0.174902656342079));
#7031=DIRECTION('',(-4.32955557026032E-14,-0.174902656342075,-0.984585730550919));
#7032=DIRECTION('',(0.,0.984585730550918,-0.174902656342079));
#7033=DIRECTION('',(0.,0.984585730550918,-0.174902656342079));
#7034=DIRECTION('',(0.,0.984585730550918,-0.174902656342079));
#7035=DIRECTION('',(0.,0.984585730550918,-0.174902656342079));
#7036=DIRECTION('',(0.,0.984585730550918,-0.174902656342079));
#7037=DIRECTION('',(0.,0.984585730550918,-0.174902656342079));
#7038=DIRECTION('',(0.,0.984585730550918,-0.174902656342079));
#7039=DIRECTION('',(0.,0.984585730550918,-0.174902656342079));
#7040=DIRECTION('',(0.,0.984585730550918,-0.174902656342079));
#7041=DIRECTION('center_axis',(1.,-7.57250770019172E-15,-4.26281863410555E-14));
#7042=DIRECTION('ref_axis',(-4.32955557026032E-14,-0.174902656342075,-0.984585730550919));
#7043=DIRECTION('',(-4.32955557026032E-14,-0.174902656342127,-0.984585730550909));
#7044=DIRECTION('',(0.,0.984585730550918,-0.174902656342079));
#7045=DIRECTION('',(-4.32955557026032E-14,-0.174902656342075,-0.984585730550919));
#7046=DIRECTION('center_axis',(4.32955557026032E-14,0.174902656342079,0.984585730550918));
#7047=DIRECTION('ref_axis',(1.,-7.49087268402307E-15,-4.26426880555689E-14));
#7048=DIRECTION('',(1.,-7.57250770019381E-15,-4.26281863410552E-14));
#7049=DIRECTION('',(1.,-7.49087268402307E-15,-4.26426880555689E-14));
#7050=DIRECTION('center_axis',(8.2913060422698E-17,-0.984585730550919,0.174902656342075));
#7051=DIRECTION('ref_axis',(1.,-7.49087268402307E-15,-4.26426880555689E-14));
#7052=DIRECTION('center_axis',(-1.,7.49011427503692E-15,4.21643661087317E-14));
#7053=DIRECTION('ref_axis',(4.28244740913916E-14,0.174902656342075,0.984585730550919));
#7054=DIRECTION('',(4.28244740913916E-14,0.174902656342127,0.984585730550909));
#7055=DIRECTION('',(0.,0.984585730550918,-0.174902656342079));
#7056=DIRECTION('',(4.28244740913916E-14,0.174902656342075,0.984585730550919));
#7057=DIRECTION('',(0.,0.984585730550918,-0.174902656342079));
#7058=DIRECTION('center_axis',(4.32955557026032E-14,0.174902656342079,0.984585730550918));
#7059=DIRECTION('ref_axis',(1.,-7.49087268402307E-15,-4.26426880555689E-14));
#7060=DIRECTION('',(1.,-7.57250770019381E-15,-4.26281863410552E-14));
#7061=DIRECTION('',(0.,0.984585730550918,-0.174902656342079));
#7062=DIRECTION('',(1.,-7.49087268402307E-15,-4.26426880555689E-14));
#7063=DIRECTION('center_axis',(1.,-7.49011427503692E-15,-4.21643661087317E-14));
#7064=DIRECTION('ref_axis',(-4.28244740913916E-14,-0.174902656342075,-0.984585730550919));
#7065=DIRECTION('',(-4.28244740913916E-14,-0.174902656342127,-0.984585730550909));
#7066=DIRECTION('',(0.,0.984585730550918,-0.174902656342079));
#7067=DIRECTION('',(-4.28244740913916E-14,-0.174902656342075,-0.984585730550919));
#7068=DIRECTION('center_axis',(4.32955557026032E-14,0.174902656342079,0.984585730550918));
#7069=DIRECTION('ref_axis',(1.,-7.49087268402307E-15,-4.26426880555689E-14));
#7070=DIRECTION('',(1.,-7.57250770019381E-15,-4.26281863410552E-14));
#7071=DIRECTION('',(0.,0.984585730550918,-0.174902656342079));
#7072=DIRECTION('',(1.,-7.49087268402307E-15,-4.26426880555689E-14));
#7073=DIRECTION('center_axis',(-1.,7.49483531773609E-15,4.21909424419455E-14));
#7074=DIRECTION('ref_axis',(4.28514664927531E-14,0.174902656342075,0.984585730550919));
#7075=DIRECTION('',(4.28514664927531E-14,0.174902656342127,0.984585730550909));
#7076=DIRECTION('',(0.,0.984585730550918,-0.174902656342079));
#7077=DIRECTION('',(4.28514664927531E-14,0.174902656342075,0.984585730550919));
#7078=DIRECTION('center_axis',(-4.32955557026032E-14,-0.174902656342079,
-0.984585730550918));
#7079=DIRECTION('ref_axis',(-1.,7.49087268402307E-15,4.26426880555689E-14));
#7080=DIRECTION('',(-1.,7.57250770019381E-15,4.26281863410552E-14));
#7081=DIRECTION('',(0.,0.984585730550918,-0.174902656342079));
#7082=DIRECTION('',(-1.,7.49087268402307E-15,4.26426880555689E-14));
#7083=DIRECTION('center_axis',(1.,-7.47793318635102E-15,-4.20957946738917E-14));
#7084=DIRECTION('ref_axis',(-4.27548291303564E-14,-0.174902656342075,-0.984585730550919));
#7085=DIRECTION('',(-4.27548291303564E-14,-0.174902656342127,-0.984585730550909));
#7086=DIRECTION('',(0.,0.984585730550918,-0.174902656342079));
#7087=DIRECTION('',(-4.27548291303564E-14,-0.174902656342075,-0.984585730550919));
#7088=DIRECTION('center_axis',(-4.32955557026032E-14,-0.174902656342079,
-0.984585730550918));
#7089=DIRECTION('ref_axis',(-1.,7.49087268402307E-15,4.26426880555689E-14));
#7090=DIRECTION('',(-1.,7.57250770019381E-15,4.26281863410552E-14));
#7091=DIRECTION('',(0.,0.984585730550918,-0.174902656342079));
#7092=DIRECTION('',(-1.,7.49087268402307E-15,4.26426880555689E-14));
#7093=DIRECTION('center_axis',(-1.,7.5015768148112E-15,4.22288925906826E-14));
#7094=DIRECTION('ref_axis',(4.28900107734181E-14,0.174902656342075,0.984585730550919));
#7095=DIRECTION('',(4.28900107734181E-14,0.174902656342127,0.984585730550909));
#7096=DIRECTION('',(0.,0.984585730550918,-0.174902656342079));
#7097=DIRECTION('',(4.28900107734181E-14,0.174902656342075,0.984585730550919));
#7098=DIRECTION('center_axis',(-4.32955557026032E-14,-0.174902656342079,
-0.984585730550918));
#7099=DIRECTION('ref_axis',(-1.,7.49087268402307E-15,4.26426880555689E-14));
#7100=DIRECTION('',(-1.,7.57250770019381E-15,4.26281863410552E-14));
#7101=DIRECTION('',(0.,0.984585730550918,-0.174902656342079));
#7102=DIRECTION('',(-1.,7.49087268402307E-15,4.26426880555689E-14));
#7103=DIRECTION('center_axis',(1.,-7.49483531773609E-15,-4.21909424419455E-14));
#7104=DIRECTION('ref_axis',(-4.28514664927531E-14,-0.174902656342075,-0.984585730550919));
#7105=DIRECTION('',(-4.28514664927531E-14,-0.174902656342127,-0.984585730550909));
#7106=DIRECTION('',(0.,0.984585730550918,-0.174902656342079));
#7107=DIRECTION('',(-4.28514664927531E-14,-0.174902656342075,-0.984585730550919));
#7108=DIRECTION('center_axis',(4.32955557026032E-14,0.174902656342079,0.984585730550918));
#7109=DIRECTION('ref_axis',(1.,-7.49087268402307E-15,-4.26426880555689E-14));
#7110=DIRECTION('',(1.,-7.57250770019381E-15,-4.26281863410552E-14));
#7111=DIRECTION('',(1.,-7.49087268402307E-15,-4.26426880555689E-14));
#7112=DIRECTION('center_axis',(0.,0.984585730550918,-0.174902656342079));
#7113=DIRECTION('ref_axis',(0.,0.174902656342079,0.984585730550918));
#7114=DIRECTION('',(0.,0.984585730550918,-0.174902656342079));
#7115=DIRECTION('',(0.,0.984585730550918,-0.174902656342079));
#7116=DIRECTION('',(0.,0.984585730550918,-0.174902656342079));
#7117=DIRECTION('',(0.,0.984585730550918,-0.174902656342079));
#7118=DIRECTION('',(0.,0.984585730550918,-0.174902656342079));
#7119=DIRECTION('',(0.,0.984585730550918,-0.174902656342079));
#7120=DIRECTION('',(0.,0.984585730550918,-0.174902656342079));
#7121=DIRECTION('',(0.,0.984585730550918,-0.174902656342079));
#7122=DIRECTION('center_axis',(-0.152481166102187,0.172857410543252,0.973072355790873));
#7123=DIRECTION('ref_axis',(0.988306376577687,0.0266693609934097,0.150130780321978));
#7124=DIRECTION('',(0.988306376577687,0.0266693609934175,0.150130780321976));
#7125=DIRECTION('',(0.,0.984585730550918,-0.174902656342079));
#7126=DIRECTION('',(0.988306376577687,0.0266693609934097,0.150130780321978));
#7127=DIRECTION('',(0.,0.984585730550918,-0.174902656342079));
#7128=DIRECTION('',(0.,0.984585730550918,-0.174902656342079));
#7129=DIRECTION('',(0.,0.984585730550918,-0.174902656342079));
#7130=DIRECTION('',(0.,0.984585730550918,-0.174902656342079));
#7131=DIRECTION('',(0.,0.984585730550918,-0.174902656342079));
#7132=DIRECTION('',(0.,0.984585730550918,-0.174902656342079));
#7133=DIRECTION('',(0.,0.984585730550918,-0.174902656342079));
#7134=DIRECTION('',(0.,0.984585730550918,-0.174902656342079));
#7135=DIRECTION('',(0.,0.984585730550918,-0.174902656342079));
#7136=DIRECTION('center_axis',(-0.128860290053001,-0.173444450573529,-0.976377001067059));
#7137=DIRECTION('ref_axis',(-0.991662758021827,0.02253800702728,0.126874002820837));
#7138=DIRECTION('',(-0.991662758021827,0.0225380070272868,0.126874002820836));
#7139=DIRECTION('',(0.,0.984585730550918,-0.174902656342079));
#7140=DIRECTION('',(-0.991662758021827,0.02253800702728,0.126874002820837));
#7141=DIRECTION('center_axis',(8.2913060422698E-17,-0.984585730550919,0.174902656342075));
#7142=DIRECTION('ref_axis',(1.,-7.49087268402307E-15,-4.26426880555689E-14));
#7143=DIRECTION('',(0.,0.984585730550918,-0.174902656342079));
#7144=DIRECTION('',(0.,0.984585730550918,-0.174902656342079));
#7145=DIRECTION('',(0.,0.984585730550918,-0.174902656342079));
#7146=DIRECTION('',(0.,0.984585730550918,-0.174902656342079));
#7147=DIRECTION('',(0.,0.984585730550918,-0.174902656342079));
#7148=DIRECTION('',(0.,0.984585730550918,-0.174902656342079));
#7149=DIRECTION('',(0.,0.984585730550918,-0.174902656342079));
#7150=DIRECTION('',(0.,0.984585730550918,-0.174902656342079));
#7151=DIRECTION('center_axis',(-1.,7.57250770019172E-15,4.26281863410555E-14));
#7152=DIRECTION('ref_axis',(4.32955557026032E-14,0.174902656342075,0.984585730550919));
#7153=DIRECTION('',(4.32955557026032E-14,0.174902656342127,0.984585730550909));
#7154=DIRECTION('',(0.,0.984585730550918,-0.174902656342079));
#7155=DIRECTION('',(4.32955557026032E-14,0.174902656342075,0.984585730550919));
#7156=DIRECTION('',(0.,0.984585730550918,-0.174902656342079));
#7157=DIRECTION('',(0.,0.984585730550918,-0.174902656342079));
#7158=DIRECTION('',(0.,0.984585730550918,-0.174902656342079));
#7159=DIRECTION('',(0.,0.984585730550918,-0.174902656342079));
#7160=DIRECTION('',(0.,0.984585730550918,-0.174902656342079));
#7161=DIRECTION('',(0.,0.984585730550918,-0.174902656342079));
#7162=DIRECTION('',(0.,0.984585730550918,-0.174902656342079));
#7163=DIRECTION('',(0.,0.984585730550918,-0.174902656342079));
#7164=DIRECTION('',(0.,0.984585730550918,-0.174902656342079));
#7165=DIRECTION('',(0.,0.984585730550918,-0.174902656342079));
#7166=DIRECTION('',(0.,0.984585730550918,-0.174902656342079));
#7167=DIRECTION('center_axis',(-1.,7.57250770019172E-15,4.26281863410555E-14));
#7168=DIRECTION('ref_axis',(4.32955557026032E-14,0.174902656342075,0.984585730550919));
#7169=DIRECTION('',(4.32955557026032E-14,0.174902656342127,0.984585730550909));
#7170=DIRECTION('',(0.,0.984585730550918,-0.174902656342079));
#7171=DIRECTION('',(4.32955557026032E-14,0.174902656342075,0.984585730550919));
#7172=DIRECTION('center_axis',(-4.32955557026032E-14,-0.174902656342079,
-0.984585730550918));
#7173=DIRECTION('ref_axis',(-1.,7.49087268402307E-15,4.26426880555689E-14));
#7174=DIRECTION('',(-1.,7.57250770019381E-15,4.26281863410552E-14));
#7175=DIRECTION('',(0.,0.984585730550918,-0.174902656342079));
#7176=DIRECTION('',(-1.,7.49087268402307E-15,4.26426880555689E-14));
#7177=DIRECTION('center_axis',(1.,-7.49499393776528E-15,-4.21918353673052E-14));
#7178=DIRECTION('ref_axis',(-4.28523733973851E-14,-0.174902656342075,-0.984585730550919));
#7179=DIRECTION('',(-4.28523733973851E-14,-0.174902656342127,-0.984585730550909));
#7180=DIRECTION('',(0.,0.984585730550918,-0.174902656342079));
#7181=DIRECTION('',(-4.28523733973851E-14,-0.174902656342075,-0.984585730550919));
#7182=DIRECTION('center_axis',(4.32955557026032E-14,0.174902656342079,0.984585730550918));
#7183=DIRECTION('ref_axis',(1.,-7.49087268402307E-15,-4.26426880555689E-14));
#7184=DIRECTION('',(1.,-7.57250770019381E-15,-4.26281863410552E-14));
#7185=DIRECTION('',(1.,-7.49087268402307E-15,-4.26426880555689E-14));
#7186=DIRECTION('center_axis',(8.2913060422698E-17,-0.984585730550919,0.174902656342075));
#7187=DIRECTION('ref_axis',(1.,-7.49087268402307E-15,-4.26426880555689E-14));
#7188=DIRECTION('',(0.,0.984585730550918,-0.174902656342079));
#7189=DIRECTION('',(0.,0.984585730550918,-0.174902656342079));
#7190=DIRECTION('',(0.,0.984585730550918,-0.174902656342079));
#7191=DIRECTION('',(0.,0.984585730550918,-0.174902656342079));
#7192=DIRECTION('',(0.,0.984585730550918,-0.174902656342079));
#7193=DIRECTION('',(0.,0.984585730550918,-0.174902656342079));
#7194=DIRECTION('',(0.,0.984585730550918,-0.174902656342079));
#7195=DIRECTION('',(0.,0.984585730550918,-0.174902656342079));
#7196=DIRECTION('',(0.,0.984585730550918,-0.174902656342079));
#7197=DIRECTION('',(0.,0.984585730550918,-0.174902656342079));
#7198=DIRECTION('center_axis',(1.,-7.57250770019172E-15,-4.26281863410555E-14));
#7199=DIRECTION('ref_axis',(-4.32955557026032E-14,-0.174902656342075,-0.984585730550919));
#7200=DIRECTION('',(-4.32955557026032E-14,-0.174902656342127,-0.984585730550909));
#7201=DIRECTION('',(-4.32955557026032E-14,-0.174902656342075,-0.984585730550919));
#7202=DIRECTION('center_axis',(4.32955557026032E-14,0.174902656342079,0.984585730550918));
#7203=DIRECTION('ref_axis',(1.,-7.49087268402307E-15,-4.26426880555689E-14));
#7204=DIRECTION('',(1.,-7.57250770019381E-15,-4.26281863410552E-14));
#7205=DIRECTION('',(0.,0.984585730550918,-0.174902656342079));
#7206=DIRECTION('',(1.,-7.49087268402307E-15,-4.26426880555689E-14));
#7207=DIRECTION('',(0.,0.984585730550918,-0.174902656342079));
#7208=DIRECTION('',(0.,0.984585730550918,-0.174902656342079));
#7209=DIRECTION('',(0.,0.984585730550918,-0.174902656342079));
#7210=DIRECTION('center_axis',(-1.,7.57250770019172E-15,4.26281863410555E-14));
#7211=DIRECTION('ref_axis',(4.32955557026032E-14,0.174902656342075,0.984585730550919));
#7212=DIRECTION('',(4.32955557026032E-14,0.174902656342127,0.984585730550909));
#7213=DIRECTION('',(0.,0.984585730550918,-0.174902656342079));
#7214=DIRECTION('',(4.32955557026032E-14,0.174902656342075,0.984585730550919));
#7215=DIRECTION('',(0.,0.984585730550918,-0.174902656342079));
#7216=DIRECTION('',(0.,0.984585730550918,-0.174902656342079));
#7217=DIRECTION('',(0.,0.984585730550918,-0.174902656342079));
#7218=DIRECTION('',(0.,0.984585730550918,-0.174902656342079));
#7219=DIRECTION('',(0.,0.984585730550918,-0.174902656342079));
#7220=DIRECTION('',(0.,0.984585730550918,-0.174902656342079));
#7221=DIRECTION('',(0.,0.984585730550918,-0.174902656342079));
#7222=DIRECTION('center_axis',(0.135112458365204,0.173298846175916,0.975557345064147));
#7223=DIRECTION('ref_axis',(0.990830269821482,-0.023631527872982,-0.133029798526035));
#7224=DIRECTION('',(0.990830269821482,-0.0236315278729891,-0.133029798526033));
#7225=DIRECTION('',(0.,0.984585730550918,-0.174902656342079));
#7226=DIRECTION('',(0.990830269821482,-0.023631527872982,-0.133029798526035));
#7227=DIRECTION('',(0.,0.984585730550918,-0.174902656342079));
#7228=DIRECTION('',(0.,0.984585730550918,-0.174902656342079));
#7229=DIRECTION('',(0.,0.984585730550918,-0.174902656342079));
#7230=DIRECTION('',(0.,0.984585730550918,-0.174902656342079));
#7231=DIRECTION('',(0.,0.984585730550918,-0.174902656342079));
#7232=DIRECTION('',(0.,0.984585730550918,-0.174902656342079));
#7233=DIRECTION('',(0.,0.984585730550918,-0.174902656342079));
#7234=DIRECTION('',(0.,0.984585730550918,-0.174902656342079));
#7235=DIRECTION('',(0.,0.984585730550918,-0.174902656342079));
#7236=DIRECTION('',(0.,0.984585730550918,-0.174902656342079));
#7237=DIRECTION('',(0.,0.984585730550918,-0.174902656342079));
#7238=DIRECTION('',(0.,0.984585730550918,-0.174902656342079));
#7239=DIRECTION('',(0.,0.984585730550918,-0.174902656342079));
#7240=DIRECTION('',(0.,0.984585730550918,-0.174902656342079));
#7241=DIRECTION('center_axis',(8.2913060422698E-17,-0.984585730550919,0.174902656342075));
#7242=DIRECTION('ref_axis',(1.,-7.49087268402307E-15,-4.26426880555689E-14));
#7243=DIRECTION('center_axis',(-1.,7.57250770019172E-15,4.26281863410555E-14));
#7244=DIRECTION('ref_axis',(4.32955557026032E-14,0.174902656342075,0.984585730550919));
#7245=DIRECTION('',(4.32955557026032E-14,0.174902656342127,0.984585730550909));
#7246=DIRECTION('',(0.,0.984585730550918,-0.174902656342079));
#7247=DIRECTION('',(4.32955557026032E-14,0.174902656342075,0.984585730550919));
#7248=DIRECTION('',(0.,0.984585730550918,-0.174902656342079));
#7249=DIRECTION('center_axis',(-0.692765980393378,0.126133230235159,0.710046269365629));
#7250=DIRECTION('ref_axis',(0.721162461869448,0.121166610194224,0.682087498906437));
#7251=DIRECTION('',(0.721162461869447,0.121166610194259,0.682087498906431));
#7252=DIRECTION('',(0.,0.984585730550918,-0.174902656342079));
#7253=DIRECTION('',(0.721162461869448,0.121166610194224,0.682087498906437));
#7254=DIRECTION('center_axis',(0.839819468654405,0.09494866776049,0.534497905103043));
#7255=DIRECTION('ref_axis',(0.542865784581266,-0.146886655915445,-0.826874265075981));
#7256=DIRECTION('',(0.542865784581266,-0.146886655915489,-0.826874265075974));
#7257=DIRECTION('',(0.,0.984585730550918,-0.174902656342079));
#7258=DIRECTION('',(0.542865784581266,-0.146886655915445,-0.826874265075981));
#7259=DIRECTION('center_axis',(4.32955557026032E-14,0.174902656342079,0.984585730550918));
#7260=DIRECTION('ref_axis',(1.,-7.49087268402307E-15,-4.26426880555689E-14));
#7261=DIRECTION('',(1.,-7.57250770019381E-15,-4.26281863410552E-14));
#7262=DIRECTION('',(0.,0.984585730550918,-0.174902656342079));
#7263=DIRECTION('',(1.,-7.49087268402307E-15,-4.26426880555689E-14));
#7264=DIRECTION('center_axis',(-0.831091767498347,-0.0972695415843079,-0.547562882486068));
#7265=DIRECTION('ref_axis',(-0.556135301879384,0.145360157799491,0.818281095057215));
#7266=DIRECTION('',(-0.556135301879384,0.145360157799534,0.818281095057207));
#7267=DIRECTION('',(0.,0.984585730550918,-0.174902656342079));
#7268=DIRECTION('',(-0.556135301879384,0.145360157799491,0.818281095057215));
#7269=DIRECTION('center_axis',(-0.696421725138734,0.125515876310353,0.706570977007147));
#7270=DIRECTION('ref_axis',(0.717632761762442,0.121806009661095,0.685686893017251));
#7271=DIRECTION('',(0.717632761762442,0.121806009661131,0.685686893017245));
#7272=DIRECTION('',(0.,0.984585730550918,-0.174902656342079));
#7273=DIRECTION('',(0.717632761762442,0.121806009661095,0.685686893017251));
#7274=DIRECTION('center_axis',(-4.32955557026032E-14,-0.174902656342079,
-0.984585730550918));
#7275=DIRECTION('ref_axis',(-1.,7.49087268402307E-15,4.26426880555689E-14));
#7276=DIRECTION('',(-1.,7.57250770019381E-15,4.26281863410552E-14));
#7277=DIRECTION('',(0.,0.984585730550918,-0.174902656342079));
#7278=DIRECTION('',(-1.,7.49087268402307E-15,4.26426880555689E-14));
#7279=DIRECTION('center_axis',(0.712033218008109,-0.122807162071495,-0.691322715811481));
#7280=DIRECTION('ref_axis',(-0.702145780057828,-0.124536501233414,-0.701057746129036));
#7281=DIRECTION('',(-0.702145780057828,-0.124536501233451,-0.701057746129029));
#7282=DIRECTION('',(0.,0.984585730550918,-0.174902656342079));
#7283=DIRECTION('',(-0.702145780057828,-0.124536501233414,-0.701057746129036));
#7284=DIRECTION('center_axis',(-1.,7.43630230337568E-15,4.18614404669002E-14));
#7285=DIRECTION('ref_axis',(4.25168059702398E-14,0.174902656342075,0.984585730550919));
#7286=DIRECTION('',(4.25168059702398E-14,0.174902656342127,0.984585730550909));
#7287=DIRECTION('',(0.,0.984585730550918,-0.174902656342079));
#7288=DIRECTION('',(4.25168059702398E-14,0.174902656342075,0.984585730550919));
#7289=DIRECTION('center_axis',(-4.32955557026032E-14,-0.174902656342079,
-0.984585730550918));
#7290=DIRECTION('ref_axis',(-1.,7.49087268402307E-15,4.26426880555689E-14));
#7291=DIRECTION('',(-1.,7.57250770019381E-15,4.26281863410552E-14));
#7292=DIRECTION('',(0.,0.984585730550918,-0.174902656342079));
#7293=DIRECTION('',(-1.,7.49087268402307E-15,4.26426880555689E-14));
#7294=DIRECTION('center_axis',(1.,-7.49483531773609E-15,-4.21909424419455E-14));
#7295=DIRECTION('ref_axis',(-4.28514664927531E-14,-0.174902656342075,-0.984585730550919));
#7296=DIRECTION('',(-4.28514664927531E-14,-0.174902656342127,-0.984585730550909));
#7297=DIRECTION('',(0.,0.984585730550918,-0.174902656342079));
#7298=DIRECTION('',(-4.28514664927531E-14,-0.174902656342075,-0.984585730550919));
#7299=DIRECTION('center_axis',(4.32955557026032E-14,0.174902656342079,0.984585730550918));
#7300=DIRECTION('ref_axis',(1.,-7.49087268402307E-15,-4.26426880555689E-14));
#7301=DIRECTION('',(1.,-7.57250770019381E-15,-4.26281863410552E-14));
#7302=DIRECTION('',(1.,-7.49087268402307E-15,-4.26426880555689E-14));
#7303=DIRECTION('center_axis',(0.,0.984585730550918,-0.174902656342079));
#7304=DIRECTION('ref_axis',(0.,0.174902656342079,0.984585730550918));
#7305=DIRECTION('',(0.,0.984585730550918,-0.174902656342079));
#7306=DIRECTION('',(0.,0.984585730550918,-0.174902656342079));
#7307=DIRECTION('',(0.,0.984585730550918,-0.174902656342079));
#7308=DIRECTION('',(0.,0.984585730550918,-0.174902656342079));
#7309=DIRECTION('',(0.,0.984585730550918,-0.174902656342079));
#7310=DIRECTION('',(0.,0.984585730550918,-0.174902656342079));
#7311=DIRECTION('',(0.,0.984585730550918,-0.174902656342079));
#7312=DIRECTION('',(0.,0.984585730550918,-0.174902656342079));
#7313=DIRECTION('',(0.,0.984585730550918,-0.174902656342079));
#7314=DIRECTION('',(0.,0.984585730550918,-0.174902656342079));
#7315=DIRECTION('center_axis',(1.,-7.57250770019172E-15,-4.26281863410555E-14));
#7316=DIRECTION('ref_axis',(-4.32955557026032E-14,-0.174902656342075,-0.984585730550919));
#7317=DIRECTION('',(-4.32955557026032E-14,-0.174902656342127,-0.984585730550909));
#7318=DIRECTION('',(-4.32955557026032E-14,-0.174902656342075,-0.984585730550919));
#7319=DIRECTION('center_axis',(4.32955557026032E-14,0.174902656342079,0.984585730550918));
#7320=DIRECTION('ref_axis',(1.,-7.49087268402307E-15,-4.26426880555689E-14));
#7321=DIRECTION('',(1.,-7.57250770019381E-15,-4.26281863410552E-14));
#7322=DIRECTION('',(0.,0.984585730550918,-0.174902656342079));
#7323=DIRECTION('',(1.,-7.49087268402307E-15,-4.26426880555689E-14));
#7324=DIRECTION('',(0.,0.984585730550918,-0.174902656342079));
#7325=DIRECTION('',(0.,0.984585730550918,-0.174902656342079));
#7326=DIRECTION('',(0.,0.984585730550918,-0.174902656342079));
#7327=DIRECTION('center_axis',(-1.,7.57250770019172E-15,4.26281863410555E-14));
#7328=DIRECTION('ref_axis',(4.32955557026032E-14,0.174902656342075,0.984585730550919));
#7329=DIRECTION('',(4.32955557026032E-14,0.174902656342127,0.984585730550909));
#7330=DIRECTION('',(0.,0.984585730550918,-0.174902656342079));
#7331=DIRECTION('',(4.32955557026032E-14,0.174902656342075,0.984585730550919));
#7332=DIRECTION('',(0.,0.984585730550918,-0.174902656342079));
#7333=DIRECTION('',(0.,0.984585730550918,-0.174902656342079));
#7334=DIRECTION('',(0.,0.984585730550918,-0.174902656342079));
#7335=DIRECTION('',(0.,0.984585730550918,-0.174902656342079));
#7336=DIRECTION('',(0.,0.984585730550918,-0.174902656342079));
#7337=DIRECTION('',(0.,0.984585730550918,-0.174902656342079));
#7338=DIRECTION('',(0.,0.984585730550918,-0.174902656342079));
#7339=DIRECTION('center_axis',(0.135112985212463,0.173298833610463,0.975557274329001));
#7340=DIRECTION('ref_axis',(0.990830197978936,-0.0236316200199673,-0.133030317252329));
#7341=DIRECTION('',(0.990830197978936,-0.0236316200199743,-0.133030317252328));
#7342=DIRECTION('',(0.,0.984585730550918,-0.174902656342079));
#7343=DIRECTION('',(0.990830197978936,-0.0236316200199673,-0.133030317252329));
#7344=DIRECTION('',(0.,0.984585730550918,-0.174902656342079));
#7345=DIRECTION('',(0.,0.984585730550918,-0.174902656342079));
#7346=DIRECTION('',(0.,0.984585730550918,-0.174902656342079));
#7347=DIRECTION('',(0.,0.984585730550918,-0.174902656342079));
#7348=DIRECTION('',(0.,0.984585730550918,-0.174902656342079));
#7349=DIRECTION('',(0.,0.984585730550918,-0.174902656342079));
#7350=DIRECTION('',(0.,0.984585730550918,-0.174902656342079));
#7351=DIRECTION('',(0.,0.984585730550918,-0.174902656342079));
#7352=DIRECTION('',(0.,0.984585730550918,-0.174902656342079));
#7353=DIRECTION('',(0.,0.984585730550918,-0.174902656342079));
#7354=DIRECTION('',(0.,0.984585730550918,-0.174902656342079));
#7355=DIRECTION('',(0.,0.984585730550918,-0.174902656342079));
#7356=DIRECTION('',(0.,0.984585730550918,-0.174902656342079));
#7357=DIRECTION('',(0.,0.984585730550918,-0.174902656342079));
#7358=DIRECTION('center_axis',(8.2913060422698E-17,-0.984585730550919,0.174902656342075));
#7359=DIRECTION('ref_axis',(1.,-7.49087268402307E-15,-4.26426880555689E-14));
#7360=DIRECTION('',(0.,0.984585730550918,-0.174902656342079));
#7361=DIRECTION('',(0.,0.984585730550918,-0.174902656342079));
#7362=DIRECTION('',(0.,0.984585730550918,-0.174902656342079));
#7363=DIRECTION('',(0.,0.984585730550918,-0.174902656342079));
#7364=DIRECTION('',(0.,0.984585730550918,-0.174902656342079));
#7365=DIRECTION('',(0.,0.984585730550918,-0.174902656342079));
#7366=DIRECTION('',(0.,0.984585730550918,-0.174902656342079));
#7367=DIRECTION('',(0.,0.984585730550918,-0.174902656342079));
#7368=DIRECTION('',(0.,0.984585730550918,-0.174902656342079));
#7369=DIRECTION('',(0.,0.984585730550918,-0.174902656342079));
#7370=DIRECTION('',(0.,0.984585730550918,-0.174902656342079));
#7371=DIRECTION('',(0.,0.984585730550918,-0.174902656342079));
#7372=DIRECTION('',(0.,0.984585730550918,-0.174902656342079));
#7373=DIRECTION('',(0.,0.984585730550918,-0.174902656342079));
#7374=DIRECTION('',(0.,0.984585730550918,-0.174902656342079));
#7375=DIRECTION('center_axis',(-0.135113512063708,0.173298821044866,0.975557203593039));
#7376=DIRECTION('ref_axis',(0.99083012613556,0.0236317121676496,0.133030835982546));
#7377=DIRECTION('',(0.99083012613556,0.0236317121676565,0.133030835982545));
#7378=DIRECTION('',(0.,0.984585730550918,-0.174902656342079));
#7379=DIRECTION('',(0.99083012613556,0.0236317121676496,0.133030835982546));
#7380=DIRECTION('',(0.,0.984585730550918,-0.174902656342079));
#7381=DIRECTION('',(0.,0.984585730550918,-0.174902656342079));
#7382=DIRECTION('',(0.,0.984585730550918,-0.174902656342079));
#7383=DIRECTION('',(0.,0.984585730550918,-0.174902656342079));
#7384=DIRECTION('',(0.,0.984585730550918,-0.174902656342079));
#7385=DIRECTION('',(0.,0.984585730550918,-0.174902656342079));
#7386=DIRECTION('',(0.,0.984585730550918,-0.174902656342079));
#7387=DIRECTION('',(0.,0.984585730550918,-0.174902656342079));
#7388=DIRECTION('',(0.,0.984585730550918,-0.174902656342079));
#7389=DIRECTION('',(0.,0.984585730550918,-0.174902656342079));
#7390=DIRECTION('',(0.,0.984585730550918,-0.174902656342079));
#7391=DIRECTION('',(0.,0.984585730550918,-0.174902656342079));
#7392=DIRECTION('',(0.,0.984585730550918,-0.174902656342079));
#7393=DIRECTION('',(0.,0.984585730550918,-0.174902656342079));
#7394=DIRECTION('',(0.,0.984585730550918,-0.174902656342079));
#7395=DIRECTION('',(0.,0.984585730550918,-0.174902656342079));
#7396=DIRECTION('center_axis',(0.155392436496826,-0.172778082000665,-0.972625788810759));
#7397=DIRECTION('ref_axis',(-0.98785281832851,-0.0271785499187621,-0.152997175610314));
#7398=DIRECTION('',(-0.98785281832851,-0.0271785499187701,-0.152997175610313));
#7399=DIRECTION('',(0.,0.984585730550918,-0.174902656342079));
#7400=DIRECTION('',(-0.98785281832851,-0.0271785499187621,-0.152997175610314));
#7401=DIRECTION('center_axis',(8.2913060422698E-17,-0.984585730550919,0.174902656342075));
#7402=DIRECTION('ref_axis',(1.,-7.49087268402307E-15,-4.26426880555689E-14));
#7403=DIRECTION('center_axis',(-0.985000046473941,0.0301801659013635,0.169894278986963));
#7404=DIRECTION('ref_axis',(0.172554073977793,0.17227912462536,0.969816990350234));
#7405=DIRECTION('',(0.172554073977793,0.172279124625411,0.969816990350225));
#7406=DIRECTION('',(0.,0.984585730550918,-0.174902656342079));
#7407=DIRECTION('',(0.172554073977793,0.17227912462536,0.969816990350234));
#7408=DIRECTION('',(0.,0.984585730550918,-0.174902656342079));
#7409=DIRECTION('center_axis',(-1.,7.45631615076109E-15,4.19741051282679E-14));
#7410=DIRECTION('ref_axis',(4.26312344632312E-14,0.174902656342075,0.984585730550919));
#7411=DIRECTION('',(4.26312344632312E-14,0.174902656342127,0.984585730550909));
#7412=DIRECTION('',(0.,0.984585730550918,-0.174902656342079));
#7413=DIRECTION('',(4.26312344632312E-14,0.174902656342075,0.984585730550919));
#7414=DIRECTION('center_axis',(-4.32955557026032E-14,-0.174902656342079,
-0.984585730550918));
#7415=DIRECTION('ref_axis',(-1.,7.49087268402307E-15,4.26426880555689E-14));
#7416=DIRECTION('',(-1.,7.57250770019381E-15,4.26281863410552E-14));
#7417=DIRECTION('',(0.,0.984585730550918,-0.174902656342079));
#7418=DIRECTION('',(-1.,7.49087268402307E-15,4.26426880555689E-14));
#7419=DIRECTION('center_axis',(1.,-7.57250770019172E-15,-4.26281863410555E-14));
#7420=DIRECTION('ref_axis',(-4.32955557026032E-14,-0.174902656342075,-0.984585730550919));
#7421=DIRECTION('',(-4.32955557026032E-14,-0.174902656342127,-0.984585730550909));
#7422=DIRECTION('',(0.,0.984585730550918,-0.174902656342079));
#7423=DIRECTION('',(-4.32955557026032E-14,-0.174902656342075,-0.984585730550919));
#7424=DIRECTION('center_axis',(0.986198767437977,0.0289578754932891,0.163013596214337));
#7425=DIRECTION('ref_axis',(0.165565670064225,-0.172488784106182,-0.970997233906336));
#7426=DIRECTION('',(0.165565670064225,-0.172488784106233,-0.970997233906327));
#7427=DIRECTION('',(0.,0.984585730550918,-0.174902656342079));
#7428=DIRECTION('',(0.165565670064225,-0.172488784106182,-0.970997233906336));
#7429=DIRECTION('center_axis',(4.32955557026032E-14,0.174902656342079,0.984585730550918));
#7430=DIRECTION('ref_axis',(1.,-7.49087268402307E-15,-4.26426880555689E-14));
#7431=DIRECTION('',(1.,-7.57250770019381E-15,-4.26281863410552E-14));
#7432=DIRECTION('',(1.,-7.49087268402307E-15,-4.26426880555689E-14));
#7433=DIRECTION('center_axis',(0.,0.984585730550918,-0.174902656342079));
#7434=DIRECTION('ref_axis',(0.,0.174902656342079,0.984585730550918));
#7435=DIRECTION('center_axis',(-1.,7.51889766588904E-15,4.23263974723631E-14));
#7436=DIRECTION('ref_axis',(4.29890421514434E-14,0.174902656342075,0.984585730550919));
#7437=DIRECTION('',(4.29890421514434E-14,0.174902656342127,0.984585730550909));
#7438=DIRECTION('',(0.,0.984585730550918,-0.174902656342079));
#7439=DIRECTION('',(4.29890421514434E-14,0.174902656342075,0.984585730550919));
#7440=DIRECTION('',(0.,0.984585730550918,-0.174902656342079));
#7441=DIRECTION('center_axis',(-4.32955557026032E-14,-0.174902656342079,
-0.984585730550918));
#7442=DIRECTION('ref_axis',(-1.,7.49087268402307E-15,4.26426880555689E-14));
#7443=DIRECTION('',(-1.,7.57250770019381E-15,4.26281863410552E-14));
#7444=DIRECTION('',(0.,0.984585730550918,-0.174902656342079));
#7445=DIRECTION('',(-1.,7.49087268402307E-15,4.26426880555689E-14));
#7446=DIRECTION('center_axis',(1.,-7.47244819722711E-15,-4.2064917829957E-14));
#7447=DIRECTION('ref_axis',(-4.27234688912461E-14,-0.174902656342075,-0.984585730550919));
#7448=DIRECTION('',(-4.27234688912461E-14,-0.174902656342127,-0.984585730550909));
#7449=DIRECTION('',(0.,0.984585730550918,-0.174902656342079));
#7450=DIRECTION('',(-4.27234688912461E-14,-0.174902656342075,-0.984585730550919));
#7451=DIRECTION('',(0.,0.984585730550918,-0.174902656342079));
#7452=DIRECTION('',(0.,0.984585730550918,-0.174902656342079));
#7453=DIRECTION('',(0.,0.984585730550918,-0.174902656342079));
#7454=DIRECTION('',(0.,0.984585730550918,-0.174902656342079));
#7455=DIRECTION('',(0.,0.984585730550918,-0.174902656342079));
#7456=DIRECTION('',(0.,0.984585730550918,-0.174902656342079));
#7457=DIRECTION('center_axis',(-1.,7.57250770019172E-15,4.26281863410555E-14));
#7458=DIRECTION('ref_axis',(4.32955557026032E-14,0.174902656342075,0.984585730550919));
#7459=DIRECTION('',(4.32955557026032E-14,0.174902656342127,0.984585730550909));
#7460=DIRECTION('',(0.,0.984585730550918,-0.174902656342079));
#7461=DIRECTION('',(4.32955557026032E-14,0.174902656342075,0.984585730550919));
#7462=DIRECTION('center_axis',(-4.32955557026032E-14,-0.174902656342079,
-0.984585730550918));
#7463=DIRECTION('ref_axis',(-1.,7.49087268402307E-15,4.26426880555689E-14));
#7464=DIRECTION('',(-1.,7.57250770019381E-15,4.26281863410552E-14));
#7465=DIRECTION('',(0.,0.984585730550918,-0.174902656342079));
#7466=DIRECTION('',(-1.,7.49087268402307E-15,4.26426880555689E-14));
#7467=DIRECTION('center_axis',(1.,-7.57250770019172E-15,-4.26281863410555E-14));
#7468=DIRECTION('ref_axis',(-4.32955557026032E-14,-0.174902656342075,-0.984585730550919));
#7469=DIRECTION('',(-4.32955557026032E-14,-0.174902656342127,-0.984585730550909));
#7470=DIRECTION('',(0.,0.984585730550918,-0.174902656342079));
#7471=DIRECTION('',(-4.32955557026032E-14,-0.174902656342075,-0.984585730550919));
#7472=DIRECTION('',(0.,0.984585730550918,-0.174902656342079));
#7473=DIRECTION('',(0.,0.984585730550918,-0.174902656342079));
#7474=DIRECTION('',(0.,0.984585730550918,-0.174902656342079));
#7475=DIRECTION('',(0.,0.984585730550918,-0.174902656342079));
#7476=DIRECTION('',(0.,0.984585730550918,-0.174902656342079));
#7477=DIRECTION('center_axis',(1.,-7.57250770019172E-15,-4.26281863410555E-14));
#7478=DIRECTION('ref_axis',(-4.32955557026032E-14,-0.174902656342075,-0.984585730550919));
#7479=DIRECTION('',(-4.32955557026032E-14,-0.174902656342127,-0.984585730550909));
#7480=DIRECTION('',(0.,0.984585730550918,-0.174902656342079));
#7481=DIRECTION('',(-4.32955557026032E-14,-0.174902656342075,-0.984585730550919));
#7482=DIRECTION('center_axis',(4.32955557026032E-14,0.174902656342079,0.984585730550918));
#7483=DIRECTION('ref_axis',(1.,-7.49087268402307E-15,-4.26426880555689E-14));
#7484=DIRECTION('',(1.,-7.57250770019381E-15,-4.26281863410552E-14));
#7485=DIRECTION('',(1.,-7.49087268402307E-15,-4.26426880555689E-14));
#7486=DIRECTION('center_axis',(8.2913060422698E-17,-0.984585730550919,0.174902656342075));
#7487=DIRECTION('ref_axis',(1.,-7.49087268402307E-15,-4.26426880555689E-14));
#7488=DIRECTION('',(0.,0.984585730550918,-0.174902656342079));
#7489=DIRECTION('',(0.,0.984585730550918,-0.174902656342079));
#7490=DIRECTION('',(0.,0.984585730550918,-0.174902656342079));
#7491=DIRECTION('',(0.,0.984585730550918,-0.174902656342079));
#7492=DIRECTION('',(0.,0.984585730550918,-0.174902656342079));
#7493=DIRECTION('',(0.,0.984585730550918,-0.174902656342079));
#7494=DIRECTION('',(0.,0.984585730550918,-0.174902656342079));
#7495=DIRECTION('',(0.,0.984585730550918,-0.174902656342079));
#7496=DIRECTION('',(0.,0.984585730550918,-0.174902656342079));
#7497=DIRECTION('',(0.,0.984585730550918,-0.174902656342079));
#7498=DIRECTION('',(0.,0.984585730550918,-0.174902656342079));
#7499=DIRECTION('',(0.,0.984585730550918,-0.174902656342079));
#7500=DIRECTION('',(0.,0.984585730550918,-0.174902656342079));
#7501=DIRECTION('',(0.,0.984585730550918,-0.174902656342079));
#7502=DIRECTION('',(0.,0.984585730550918,-0.174902656342079));
#7503=DIRECTION('center_axis',(-0.135112985212378,0.173298833610465,0.975557274329013));
#7504=DIRECTION('ref_axis',(0.990830197978947,0.0236316200199524,0.133030317252244));
#7505=DIRECTION('',(0.990830197978947,0.0236316200199593,0.133030317252243));
#7506=DIRECTION('',(0.,0.984585730550918,-0.174902656342079));
#7507=DIRECTION('',(0.990830197978947,0.0236316200199524,0.133030317252244));
#7508=DIRECTION('',(0.,0.984585730550918,-0.174902656342079));
#7509=DIRECTION('',(0.,0.984585730550918,-0.174902656342079));
#7510=DIRECTION('',(0.,0.984585730550918,-0.174902656342079));
#7511=DIRECTION('',(0.,0.984585730550918,-0.174902656342079));
#7512=DIRECTION('',(0.,0.984585730550918,-0.174902656342079));
#7513=DIRECTION('',(0.,0.984585730550918,-0.174902656342079));
#7514=DIRECTION('',(0.,0.984585730550918,-0.174902656342079));
#7515=DIRECTION('',(0.,0.984585730550918,-0.174902656342079));
#7516=DIRECTION('',(0.,0.984585730550918,-0.174902656342079));
#7517=DIRECTION('',(0.,0.984585730550918,-0.174902656342079));
#7518=DIRECTION('',(0.,0.984585730550918,-0.174902656342079));
#7519=DIRECTION('',(0.,0.984585730550918,-0.174902656342079));
#7520=DIRECTION('',(0.,0.984585730550918,-0.174902656342079));
#7521=DIRECTION('',(0.,0.984585730550918,-0.174902656342079));
#7522=DIRECTION('',(0.,0.984585730550918,-0.174902656342079));
#7523=DIRECTION('',(0.,0.984585730550918,-0.174902656342079));
#7524=DIRECTION('center_axis',(0.155392585377522,-0.172778077904545,-0.972625765752327));
#7525=DIRECTION('ref_axis',(-0.987852794909085,-0.0271785759583913,-0.152997322196123));
#7526=DIRECTION('',(-0.987852794909084,-0.0271785759583992,-0.152997322196122));
#7527=DIRECTION('',(0.,0.984585730550918,-0.174902656342079));
#7528=DIRECTION('',(-0.987852794909085,-0.0271785759583913,-0.152997322196123));
#7529=DIRECTION('center_axis',(8.2913060422698E-17,-0.984585730550919,0.174902656342075));
#7530=DIRECTION('ref_axis',(1.,-7.49087268402307E-15,-4.26426880555689E-14));
#7531=DIRECTION('',(0.,0.984585730550918,-0.174902656342079));
#7532=DIRECTION('',(0.,0.984585730550918,-0.174902656342079));
#7533=DIRECTION('',(0.,0.984585730550918,-0.174902656342079));
#7534=DIRECTION('center_axis',(0.935759623432095,0.0616774142154032,0.347202856742174));
#7535=DIRECTION('ref_axis',(0.352638521937443,-0.163666843835933,-0.921335572456941));
#7536=DIRECTION('',(0.352638521937443,-0.163666843835982,-0.921335572456933));
#7537=DIRECTION('',(0.,0.984585730550918,-0.174902656342079));
#7538=DIRECTION('',(0.352638521937443,-0.163666843835933,-0.921335572456941));
#7539=DIRECTION('center_axis',(-4.32955557026032E-14,-0.174902656342079,
-0.984585730550918));
#7540=DIRECTION('ref_axis',(-1.,7.49087268402307E-15,4.26426880555689E-14));
#7541=DIRECTION('',(-1.,7.57250770019381E-15,4.26281863410552E-14));
#7542=DIRECTION('',(0.,0.984585730550918,-0.174902656342079));
#7543=DIRECTION('',(-1.,7.49087268402307E-15,4.26426880555689E-14));
#7544=DIRECTION('center_axis',(-0.936508060139757,0.0613289258084769,0.345241098585391));
#7545=DIRECTION('ref_axis',(0.350646051301408,0.163797747404207,0.922072472559526));
#7546=DIRECTION('',(0.350646051301408,0.163797747404256,0.922072472559518));
#7547=DIRECTION('',(0.350646051301408,0.163797747404207,0.922072472559526));
#7548=DIRECTION('center_axis',(-0.940102131095576,0.0596230772883947,0.335638304971614));
#7549=DIRECTION('ref_axis',(0.340892920298378,0.164426359961462,0.925611143537213));
#7550=DIRECTION('',(0.340892920298378,0.164426359961511,0.925611143537205));
#7551=DIRECTION('',(0.,0.984585730550918,-0.174902656342079));
#7552=DIRECTION('',(0.340892920298378,0.164426359961462,0.925611143537213));
#7553=DIRECTION('',(0.,0.984585730550918,-0.174902656342079));
#7554=DIRECTION('center_axis',(4.32955557026032E-14,0.174902656342079,0.984585730550918));
#7555=DIRECTION('ref_axis',(1.,-7.49087268402307E-15,-4.26426880555689E-14));
#7556=DIRECTION('',(1.,-7.57250770019381E-15,-4.26281863410552E-14));
#7557=DIRECTION('',(0.,0.984585730550918,-0.174902656342079));
#7558=DIRECTION('',(1.,-7.49087268402307E-15,-4.26426880555689E-14));
#7559=DIRECTION('center_axis',(0.933183015563923,0.0628602822166024,0.353861617560695));
#7560=DIRECTION('ref_axis',(0.359401529578023,-0.163216188275438,-0.918798681116714));
#7561=DIRECTION('',(0.359401529578023,-0.163216188275486,-0.918798681116706));
#7562=DIRECTION('',(0.,0.984585730550918,-0.174902656342079));
#7563=DIRECTION('',(0.359401529578023,-0.163216188275438,-0.918798681116714));
#7564=DIRECTION('center_axis',(4.32955557026032E-14,0.174902656342079,0.984585730550918));
#7565=DIRECTION('ref_axis',(1.,-7.49087268402307E-15,-4.26426880555689E-14));
#7566=DIRECTION('',(1.,-7.57250770019381E-15,-4.26281863410552E-14));
#7567=DIRECTION('',(0.,0.984585730550918,-0.174902656342079));
#7568=DIRECTION('',(1.,-7.49087268402307E-15,-4.26426880555689E-14));
#7569=DIRECTION('center_axis',(-0.925486601854806,-0.0662496885173469,-0.372941722737746));
#7570=DIRECTION('ref_axis',(-0.378780345038181,0.161870065073406,0.911220902002301));
#7571=DIRECTION('',(-0.378780345038181,0.161870065073454,0.911220902002293));
#7572=DIRECTION('',(0.,0.984585730550918,-0.174902656342079));
#7573=DIRECTION('',(-0.378780345038181,0.161870065073406,0.911220902002301));
#7574=DIRECTION('center_axis',(-4.32955557026032E-14,-0.174902656342079,
-0.984585730550918));
#7575=DIRECTION('ref_axis',(-1.,7.49087268402307E-15,4.26426880555689E-14));
#7576=DIRECTION('',(-1.,7.57250770019381E-15,4.26281863410552E-14));
#7577=DIRECTION('',(0.,0.984585730550918,-0.174902656342079));
#7578=DIRECTION('',(-1.,7.49087268402307E-15,4.26426880555689E-14));
#7579=DIRECTION('center_axis',(0.933526013880911,-0.0627042931009493,-0.352983502495977));
#7580=DIRECTION('ref_axis',(-0.358509667104831,-0.1632761795922,-0.919136392365224));
#7581=DIRECTION('',(-0.358509667104831,-0.163276179592248,-0.919136392365215));
#7582=DIRECTION('',(0.,0.984585730550918,-0.174902656342079));
#7583=DIRECTION('',(-0.358509667104831,-0.1632761795922,-0.919136392365224));
#7584=DIRECTION('center_axis',(4.32955557026032E-14,0.174902656342079,0.984585730550918));
#7585=DIRECTION('ref_axis',(1.,-7.49087268402307E-15,-4.26426880555689E-14));
#7586=DIRECTION('',(1.,-7.57250770019381E-15,-4.26281863410552E-14));
#7587=DIRECTION('',(1.,-7.49087268402307E-15,-4.26426880555689E-14));
#7588=DIRECTION('center_axis',(8.2913060422698E-17,-0.984585730550919,0.174902656342075));
#7589=DIRECTION('ref_axis',(1.,-7.49087268402307E-15,-4.26426880555689E-14));
#7590=DIRECTION('center_axis',(0.,-0.984585730550909,0.174902656342127));
#7591=DIRECTION('ref_axis',(0.,0.174902656342127,0.984585730550909));
#7592=DIRECTION('',(-1.,0.,0.));
#7593=DIRECTION('center_axis',(0.,-0.984585730550909,0.174902656342127));
#7594=DIRECTION('ref_axis',(-9.109247898125E-16,0.174902656342127,0.984585730550909));
#7595=DIRECTION('',(-1.,0.,0.));
#7596=DIRECTION('center_axis',(0.,-0.984585730550909,0.174902656342127));
#7597=DIRECTION('ref_axis',(9.109247898125E-16,0.174902656342127,0.984585730550909));
#7598=DIRECTION('',(-1.,0.,0.));
#7599=DIRECTION('',(0.,0.174902656342127,0.984585730550909));
#7600=DIRECTION('center_axis',(0.,0.984585730550909,-0.174902656342127));
#7601=DIRECTION('ref_axis',(-7.2873983185E-16,-0.174902656342127,-0.984585730550909));
#7602=DIRECTION('',(-1.,0.,0.));
#7603=DIRECTION('center_axis',(0.,0.984585730550909,-0.174902656342127));
#7604=DIRECTION('ref_axis',(-9.109247898125E-16,-0.174902656342127,-0.984585730550909));
#7605=DIRECTION('',(0.,-0.174902656342127,-0.984585730550909));
#7606=DIRECTION('center_axis',(0.,-0.984585730550909,0.174902656342127));
#7607=DIRECTION('ref_axis',(0.,0.174902656342127,0.984585730550909));
#7608=DIRECTION('center_axis',(0.,-0.984585730550909,0.174902656342127));
#7609=DIRECTION('ref_axis',(0.,0.174902656342127,0.984585730550909));
#7610=DIRECTION('center_axis',(0.,-0.984585730550909,0.174902656342127));
#7611=DIRECTION('ref_axis',(0.,0.174902656342127,0.984585730550909));
#7612=DIRECTION('center_axis',(0.,-0.984585730550909,0.174902656342127));
#7613=DIRECTION('ref_axis',(0.,0.174902656342127,0.984585730550909));
#7614=DIRECTION('center_axis',(0.,1.,0.));
#7615=DIRECTION('ref_axis',(0.,0.,-1.));
#7616=DIRECTION('',(0.,0.,1.));
#7617=DIRECTION('center_axis',(0.,1.,0.));
#7618=DIRECTION('ref_axis',(0.707106781186549,0.,0.707106781186546));
#7619=DIRECTION('center_axis',(1.,0.,0.));
#7620=DIRECTION('ref_axis',(0.,0.,-1.));
#7621=DIRECTION('',(0.,1.,0.));
#7622=DIRECTION('',(0.,-1.,0.));
#7623=DIRECTION('',(0.,0.,-1.));
#7624=DIRECTION('center_axis',(0.,-0.984585730550909,0.174902656342127));
#7625=DIRECTION('ref_axis',(0.,0.174902656342127,0.984585730550909));
#7626=DIRECTION('center_axis',(0.,1.,0.));
#7627=DIRECTION('ref_axis',(0.,0.,-1.));
#7628=DIRECTION('center_axis',(0.,1.,0.));
#7629=DIRECTION('ref_axis',(-0.707106781186549,0.,0.707106781186546));
#7630=DIRECTION('',(0.,0.,-1.));
#7631=DIRECTION('center_axis',(-1.,0.,0.));
#7632=DIRECTION('ref_axis',(0.,0.,1.));
#7633=DIRECTION('',(0.,-1.,0.));
#7634=DIRECTION('',(0.,0.,1.));
#7635=DIRECTION('',(0.,1.,0.));
#7636=DIRECTION('center_axis',(0.,1.,0.));
#7637=DIRECTION('ref_axis',(0.,0.,-1.));
#7638=DIRECTION('center_axis',(0.,-1.,0.));
#7639=DIRECTION('ref_axis',(1.,0.,0.));
#7640=DIRECTION('center_axis',(0.,1.,0.));
#7641=DIRECTION('ref_axis',(0.,0.,-1.));
#7642=DIRECTION('center_axis',(0.,-1.,0.));
#7643=DIRECTION('ref_axis',(1.,0.,0.));
#7644=DIRECTION('center_axis',(0.,1.,0.));
#7645=DIRECTION('ref_axis',(0.,0.,-1.));
#7646=DIRECTION('center_axis',(0.,-1.,0.));
#7647=DIRECTION('ref_axis',(1.,0.,0.));
#7648=DIRECTION('center_axis',(0.,1.,0.));
#7649=DIRECTION('ref_axis',(0.,0.,-1.));
#7650=DIRECTION('center_axis',(0.,-1.,0.));
#7651=DIRECTION('ref_axis',(1.,0.,0.));
#7652=DIRECTION('center_axis',(0.,1.,0.));
#7653=DIRECTION('ref_axis',(-0.707106781186548,0.,-0.707106781186547));
#7654=DIRECTION('center_axis',(0.,-1.,0.));
#7655=DIRECTION('ref_axis',(-0.707106781186548,0.,-0.707106781186547));
#7656=DIRECTION('',(0.,-1.,0.));
#7657=DIRECTION('center_axis',(0.,0.,-1.));
#7658=DIRECTION('ref_axis',(-1.,0.,0.));
#7659=DIRECTION('',(0.,1.,0.));
#7660=DIRECTION('',(-1.,0.,0.));
#7661=DIRECTION('',(0.,-1.,0.));
#7662=DIRECTION('',(1.,0.,0.));
#7663=DIRECTION('',(0.,1.,0.));
#7664=DIRECTION('',(-1.,0.,0.));
#7665=DIRECTION('center_axis',(0.,1.,0.));
#7666=DIRECTION('ref_axis',(1.,0.,0.));
#7667=DIRECTION('center_axis',(0.,-1.,0.));
#7668=DIRECTION('ref_axis',(-0.707106781186549,0.,0.707106781186546));
#7669=DIRECTION('',(1.,0.,0.));
#7670=DIRECTION('center_axis',(0.,-1.,0.));
#7671=DIRECTION('ref_axis',(0.707106781186549,0.,0.707106781186546));
#7672=DIRECTION('center_axis',(0.,-1.,0.));
#7673=DIRECTION('ref_axis',(0.707106781186549,0.,-0.707106781186546));
#7674=DIRECTION('',(0.,0.,1.));
#7675=DIRECTION('',(1.,0.,0.));
#7676=DIRECTION('',(0.,0.,1.));
#7677=DIRECTION('',(-1.,0.,0.));
#7678=DIRECTION('',(0.,0.,-1.));
#7679=DIRECTION('',(1.,0.,0.));
#7680=DIRECTION('',(0.,0.,-1.));
#7681=DIRECTION('center_axis',(0.,-1.,0.));
#7682=DIRECTION('ref_axis',(1.,0.,0.));
#7683=DIRECTION('center_axis',(0.,-1.,0.));
#7684=DIRECTION('ref_axis',(1.,0.,0.));
#7685=DIRECTION('center_axis',(0.,-1.,0.));
#7686=DIRECTION('ref_axis',(1.,0.,0.));
#7687=DIRECTION('center_axis',(0.,-1.,0.));
#7688=DIRECTION('ref_axis',(1.,0.,0.));
#7689=DIRECTION('center_axis',(0.,1.,0.));
#7690=DIRECTION('ref_axis',(0.707106781186549,0.,-0.707106781186546));
#7691=DIRECTION('center_axis',(0.,1.,0.));
#7692=DIRECTION('ref_axis',(0.707106781186549,0.,0.707106781186546));
#7693=DIRECTION('',(0.,-1.,0.));
#7694=DIRECTION('center_axis',(0.,0.,1.));
#7695=DIRECTION('ref_axis',(1.,0.,0.));
#7696=DIRECTION('',(0.,1.,0.));
#7697=DIRECTION('center_axis',(0.,1.,0.));
#7698=DIRECTION('ref_axis',(-0.707106781186549,0.,0.707106781186546));
#7699=DIRECTION('center_axis',(1.,0.,0.));
#7700=DIRECTION('ref_axis',(0.,0.,1.));
#7701=DIRECTION('',(0.,0.,1.));
#7702=DIRECTION('',(0.,-1.,0.));
#7703=DIRECTION('center_axis',(-1.,0.,0.));
#7704=DIRECTION('ref_axis',(0.,0.,-1.));
#7705=DIRECTION('',(0.,1.,0.));
#7706=DIRECTION('',(0.,0.,-1.));
#7707=DIRECTION('center_axis',(0.,-1.,0.));
#7708=DIRECTION('ref_axis',(0.,0.,-1.));
#7709=DIRECTION('',(-1.,0.,0.));
#7710=DIRECTION('center_axis',(0.,1.,0.));
#7711=DIRECTION('ref_axis',(0.,0.,1.));
#7712=DIRECTION('',(-1.,0.,0.));
#7713=DIRECTION('',(0.,0.,1.));
#7714=DIRECTION('',(1.,0.,0.));
#7715=DIRECTION('',(0.,0.,-1.));
#7716=DIRECTION('center_axis',(0.,0.,1.));
#7717=DIRECTION('ref_axis',(1.,0.,0.));
#7718=DIRECTION('',(0.,1.,0.));
#7719=DIRECTION('',(0.,1.,0.));
#7720=DIRECTION('center_axis',(-1.,0.,0.));
#7721=DIRECTION('ref_axis',(0.,0.,1.));
#7722=DIRECTION('',(0.,1.,0.));
#7723=DIRECTION('center_axis',(0.,1.,0.));
#7724=DIRECTION('ref_axis',(1.,0.,0.));
#7725=DIRECTION('center_axis',(0.,1.,0.));
#7726=DIRECTION('ref_axis',(1.,0.,0.));
#7727=DIRECTION('',(0.,-1.,0.));
#7728=DIRECTION('center_axis',(0.,1.,0.));
#7729=DIRECTION('ref_axis',(1.,0.,0.));
#7730=DIRECTION('center_axis',(0.,1.,0.));
#7731=DIRECTION('ref_axis',(1.,0.,0.));
#7732=DIRECTION('',(0.,-1.,0.));
#7733=DIRECTION('center_axis',(0.,1.,0.));
#7734=DIRECTION('ref_axis',(1.,0.,0.));
#7735=DIRECTION('center_axis',(0.,1.,0.));
#7736=DIRECTION('ref_axis',(1.,0.,0.));
#7737=DIRECTION('',(0.,-1.,0.));
#7738=DIRECTION('center_axis',(0.,1.,0.));
#7739=DIRECTION('ref_axis',(1.,0.,0.));
#7740=DIRECTION('center_axis',(0.,1.,0.));
#7741=DIRECTION('ref_axis',(1.,0.,0.));
#7742=DIRECTION('',(0.,-1.,0.));
#7743=DIRECTION('center_axis',(1.,0.,0.));
#7744=DIRECTION('ref_axis',(0.,0.,-1.));
#7745=DIRECTION('',(0.,1.,0.));
#7746=DIRECTION('center_axis',(0.,0.,-1.));
#7747=DIRECTION('ref_axis',(-1.,0.,0.));
#7748=DIRECTION('center_axis',(0.,1.,0.));
#7749=DIRECTION('ref_axis',(1.,0.,0.));
#7750=DIRECTION('',(0.,-1.,0.));
#7751=DIRECTION('center_axis',(0.,-1.,0.));
#7752=DIRECTION('ref_axis',(1.,0.,0.));
#7753=DIRECTION('center_axis',(0.,1.,0.));
#7754=DIRECTION('ref_axis',(1.,0.,0.));
#7755=DIRECTION('center_axis',(0.,1.,0.));
#7756=DIRECTION('ref_axis',(1.,0.,0.));
#7757=DIRECTION('',(0.,-1.,0.));
#7758=DIRECTION('center_axis',(0.,-1.,0.));
#7759=DIRECTION('ref_axis',(1.,0.,0.));
#7760=DIRECTION('center_axis',(0.,1.,0.));
#7761=DIRECTION('ref_axis',(1.,0.,0.));
#7762=DIRECTION('center_axis',(0.,1.,0.));
#7763=DIRECTION('ref_axis',(1.,0.,0.));
#7764=DIRECTION('',(0.,-1.,0.));
#7765=DIRECTION('center_axis',(0.,-1.,0.));
#7766=DIRECTION('ref_axis',(1.,0.,0.));
#7767=DIRECTION('center_axis',(0.,1.,0.));
#7768=DIRECTION('ref_axis',(1.,0.,0.));
#7769=DIRECTION('center_axis',(0.,1.,0.));
#7770=DIRECTION('ref_axis',(1.,0.,0.));
#7771=DIRECTION('',(0.,-1.,0.));
#7772=DIRECTION('center_axis',(0.,-1.,0.));
#7773=DIRECTION('ref_axis',(1.,0.,0.));
#7774=DIRECTION('center_axis',(0.,1.,0.));
#7775=DIRECTION('ref_axis',(1.,0.,0.));
#7776=CARTESIAN_POINT('',(0.,0.,0.));
#7777=CARTESIAN_POINT('Origin',(10.7183184235951,-19.7311105720972,-30.5730427896685));
#7778=CARTESIAN_POINT('',(10.7183184235951,-19.7311105720972,-30.5730427896685));
#7779=CARTESIAN_POINT('',(10.7183184235951,-19.5581167977646,-29.599202796359));
#7780=CARTESIAN_POINT('',(10.7183184235949,-20.5240069186714,-35.0365223329076));
#7781=CARTESIAN_POINT('',(10.7183184235951,-19.534193425987,-30.6080233209369));
#7782=CARTESIAN_POINT('',(10.7183184235951,-19.7311105720972,-30.5730427896685));
#7783=CARTESIAN_POINT('',(10.7183184235951,-19.3611996516544,-29.6341833276274));
#7784=CARTESIAN_POINT('',(10.7183184235951,-19.534193425987,-30.6080233209369));
#7785=CARTESIAN_POINT('',(10.7183184235951,-19.5581167977646,-29.599202796359));
#7786=CARTESIAN_POINT('Ctrl Pts',(10.5759241193196,-19.8137299807831,-31.0381351591042));
#7787=CARTESIAN_POINT('Ctrl Pts',(10.5759241193196,-19.6168128346729,-31.0731156903727));
#7788=CARTESIAN_POINT('Ctrl Pts',(10.6171692160239,-19.8035521803605,-30.9808409059804));
#7789=CARTESIAN_POINT('Ctrl Pts',(10.6171692160239,-19.6066350342503,-31.0158214372489));
#7790=CARTESIAN_POINT('Ctrl Pts',(10.7163099199107,-19.779087834813,-30.8431228973626));
#7791=CARTESIAN_POINT('Ctrl Pts',(10.7163099199107,-19.5821706887028,-30.8781034286311));
#7792=CARTESIAN_POINT('Ctrl Pts',(10.7175779353632,-19.7487986643414,-30.6726149950801));
#7793=CARTESIAN_POINT('Ctrl Pts',(10.7175779353632,-19.5518815182312,-30.7075955263485));
#7794=CARTESIAN_POINT('Ctrl Pts',(10.7183184235951,-19.7311105720972,-30.5730427896685));
#7795=CARTESIAN_POINT('Ctrl Pts',(10.7183184235951,-19.534193425987,-30.6080233209369));
#7796=CARTESIAN_POINT('',(10.5759241193196,-19.8137299807831,-31.0381351591042));
#7797=CARTESIAN_POINT('Ctrl Pts',(10.5759241193196,-19.8137299807831,-31.0381351591042));
#7798=CARTESIAN_POINT('Ctrl Pts',(10.6171692160239,-19.8035521803605,-30.9808409059804));
#7799=CARTESIAN_POINT('Ctrl Pts',(10.7163099199107,-19.779087834813,-30.8431228973626));
#7800=CARTESIAN_POINT('Ctrl Pts',(10.7175779353632,-19.7487986643414,-30.6726149950801));
#7801=CARTESIAN_POINT('Ctrl Pts',(10.7183184235951,-19.7311105720972,-30.5730427896685));
#7802=CARTESIAN_POINT('',(10.5759241193196,-19.6168128346729,-31.0731156903727));
#7803=CARTESIAN_POINT('',(10.5759241193196,-19.8137299807831,-31.0381351591042));
#7804=CARTESIAN_POINT('Ctrl Pts',(10.5759241193196,-19.6168128346729,-31.0731156903727));
#7805=CARTESIAN_POINT('Ctrl Pts',(10.6171692160239,-19.6066350342503,-31.0158214372489));
#7806=CARTESIAN_POINT('Ctrl Pts',(10.7163099199107,-19.5821706887028,-30.8781034286311));
#7807=CARTESIAN_POINT('Ctrl Pts',(10.7175779353632,-19.5518815182312,-30.7075955263485));
#7808=CARTESIAN_POINT('Ctrl Pts',(10.7183184235951,-19.534193425987,-30.6080233209369));
#7809=CARTESIAN_POINT('Ctrl Pts',(10.2374180167576,-19.835503345384,-31.1607047331776));
#7810=CARTESIAN_POINT('Ctrl Pts',(10.2374180167576,-19.6385861992739,-31.195685264446));
#7811=CARTESIAN_POINT('Ctrl Pts',(10.3003085177093,-19.834632866212,-31.1558045138815));
#7812=CARTESIAN_POINT('Ctrl Pts',(10.3003085177093,-19.6377157201018,-31.1907850451499));
#7813=CARTESIAN_POINT('Ctrl Pts',(10.4248472767519,-19.8329091019834,-31.1461008667339));
#7814=CARTESIAN_POINT('Ctrl Pts',(10.4248472767519,-19.6359919558732,-31.1810813980023));
#7815=CARTESIAN_POINT('Ctrl Pts',(10.5259011675286,-19.8200803667118,-31.0738836119845));
#7816=CARTESIAN_POINT('Ctrl Pts',(10.5259011675286,-19.6231632206016,-31.1088641432529));
#7817=CARTESIAN_POINT('Ctrl Pts',(10.5759241193196,-19.8137299807831,-31.0381351591042));
#7818=CARTESIAN_POINT('Ctrl Pts',(10.5759241193196,-19.6168128346729,-31.0731156903727));
#7819=CARTESIAN_POINT('',(10.2374180167576,-19.835503345384,-31.1607047331776));
#7820=CARTESIAN_POINT('Ctrl Pts',(10.2374180167576,-19.835503345384,-31.1607047331776));
#7821=CARTESIAN_POINT('Ctrl Pts',(10.3003085177093,-19.834632866212,-31.1558045138815));
#7822=CARTESIAN_POINT('Ctrl Pts',(10.4248472767519,-19.8329091019834,-31.1461008667339));
#7823=CARTESIAN_POINT('Ctrl Pts',(10.5259011675286,-19.8200803667118,-31.0738836119845));
#7824=CARTESIAN_POINT('Ctrl Pts',(10.5759241193196,-19.8137299807831,-31.0381351591042));
#7825=CARTESIAN_POINT('',(10.2374180167576,-19.6385861992739,-31.195685264446));
#7826=CARTESIAN_POINT('',(10.2374180167576,-19.835503345384,-31.1607047331776));
#7827=CARTESIAN_POINT('Ctrl Pts',(10.2374180167576,-19.6385861992739,-31.195685264446));
#7828=CARTESIAN_POINT('Ctrl Pts',(10.3003085177093,-19.6377157201018,-31.1907850451499));
#7829=CARTESIAN_POINT('Ctrl Pts',(10.4248472767519,-19.6359919558732,-31.1810813980023));
#7830=CARTESIAN_POINT('Ctrl Pts',(10.5259011675286,-19.6231632206016,-31.1088641432529));
#7831=CARTESIAN_POINT('Ctrl Pts',(10.5759241193196,-19.6168128346729,-31.0731156903727));
#7832=CARTESIAN_POINT('Ctrl Pts',(10.023400089111,-19.8258097273708,-31.1061361052741));
#7833=CARTESIAN_POINT('Ctrl Pts',(10.023400089111,-19.6288925812606,-31.1411166365425));
#7834=CARTESIAN_POINT('Ctrl Pts',(10.0558316090097,-19.8286359732597,-31.1220459915583));
#7835=CARTESIAN_POINT('Ctrl Pts',(10.0558316090097,-19.6317188271495,-31.1570265228267));
#7836=CARTESIAN_POINT('Ctrl Pts',(10.1231819968509,-19.834505225066,-31.1550859790487));
#7837=CARTESIAN_POINT('Ctrl Pts',(10.1231819968509,-19.6375880789559,-31.1900665103171));
#7838=CARTESIAN_POINT('Ctrl Pts',(10.1984132106424,-19.835162546663,-31.1587862628424));
#7839=CARTESIAN_POINT('Ctrl Pts',(10.1984132106424,-19.6382454005528,-31.1937667941108));
#7840=CARTESIAN_POINT('Ctrl Pts',(10.2374180167576,-19.835503345384,-31.1607047331776));
#7841=CARTESIAN_POINT('Ctrl Pts',(10.2374180167576,-19.6385861992739,-31.195685264446));
#7842=CARTESIAN_POINT('',(10.023400089111,-19.8258097273708,-31.1061361052741));
#7843=CARTESIAN_POINT('Ctrl Pts',(10.023400089111,-19.8258097273708,-31.1061361052741));
#7844=CARTESIAN_POINT('Ctrl Pts',(10.0558316090097,-19.8286359732597,-31.1220459915583));
#7845=CARTESIAN_POINT('Ctrl Pts',(10.1231819968509,-19.834505225066,-31.1550859790487));
#7846=CARTESIAN_POINT('Ctrl Pts',(10.1984132106424,-19.835162546663,-31.1587862628424));
#7847=CARTESIAN_POINT('Ctrl Pts',(10.2374180167576,-19.835503345384,-31.1607047331776));
#7848=CARTESIAN_POINT('',(10.023400089111,-19.6288925812606,-31.1411166365425));
#7849=CARTESIAN_POINT('',(10.023400089111,-19.8258097273708,-31.1061361052741));
#7850=CARTESIAN_POINT('Ctrl Pts',(10.023400089111,-19.6288925812606,-31.1411166365425));
#7851=CARTESIAN_POINT('Ctrl Pts',(10.0558316090097,-19.6317188271495,-31.1570265228267));
#7852=CARTESIAN_POINT('Ctrl Pts',(10.1231819968509,-19.6375880789559,-31.1900665103171));
#7853=CARTESIAN_POINT('Ctrl Pts',(10.1984132106424,-19.6382454005528,-31.1937667941108));
#7854=CARTESIAN_POINT('Ctrl Pts',(10.2374180167576,-19.6385861992739,-31.195685264446));
#7855=CARTESIAN_POINT('Ctrl Pts',(9.89635398086513,-19.7998606768584,-30.9600601943065));
#7856=CARTESIAN_POINT('Ctrl Pts',(9.89635398086513,-19.6029435307482,-30.9950407255749));
#7857=CARTESIAN_POINT('Ctrl Pts',(9.91087722637298,-19.8050347896638,-30.9891870111484));
#7858=CARTESIAN_POINT('Ctrl Pts',(9.91087722637298,-19.6081176435536,-31.0241675424168));
#7859=CARTESIAN_POINT('Ctrl Pts',(9.94047987799104,-19.8155811554005,-31.0485560420753));
#7860=CARTESIAN_POINT('Ctrl Pts',(9.94047987799104,-19.6186640092904,-31.0835365733437));
#7861=CARTESIAN_POINT('Ctrl Pts',(9.99541598090749,-19.8223577648044,-31.0867038498908));
#7862=CARTESIAN_POINT('Ctrl Pts',(9.99541598090749,-19.6254406186942,-31.1216843811593));
#7863=CARTESIAN_POINT('Ctrl Pts',(10.023400089111,-19.8258097273708,-31.1061361052741));
#7864=CARTESIAN_POINT('Ctrl Pts',(10.023400089111,-19.6288925812606,-31.1411166365425));
#7865=CARTESIAN_POINT('',(9.89635398086513,-19.7998606768584,-30.9600601943065));
#7866=CARTESIAN_POINT('Ctrl Pts',(9.89635398086513,-19.7998606768584,-30.9600601943065));
#7867=CARTESIAN_POINT('Ctrl Pts',(9.91087722637298,-19.8050347896638,-30.9891870111484));
#7868=CARTESIAN_POINT('Ctrl Pts',(9.94047987799104,-19.8155811554005,-31.0485560420753));
#7869=CARTESIAN_POINT('Ctrl Pts',(9.99541598090749,-19.8223577648044,-31.0867038498908));
#7870=CARTESIAN_POINT('Ctrl Pts',(10.023400089111,-19.8258097273708,-31.1061361052741));
#7871=CARTESIAN_POINT('',(9.89635398086513,-19.6029435307482,-30.9950407255749));
#7872=CARTESIAN_POINT('',(9.89635398086513,-19.7998606768584,-30.9600601943065));
#7873=CARTESIAN_POINT('Ctrl Pts',(9.89635398086513,-19.6029435307482,-30.9950407255749));
#7874=CARTESIAN_POINT('Ctrl Pts',(9.91087722637298,-19.6081176435536,-31.0241675424168));
#7875=CARTESIAN_POINT('Ctrl Pts',(9.94047987799104,-19.6186640092904,-31.0835365733437));
#7876=CARTESIAN_POINT('Ctrl Pts',(9.99541598090749,-19.6254406186942,-31.1216843811593));
#7877=CARTESIAN_POINT('Ctrl Pts',(10.023400089111,-19.6288925812606,-31.1411166365425));
#7878=CARTESIAN_POINT('Ctrl Pts',(9.86054202016797,-19.7507960676798,-30.68385904858));
#7879=CARTESIAN_POINT('Ctrl Pts',(9.86054202016797,-19.5538789215697,-30.7188395798484));
#7880=CARTESIAN_POINT('Ctrl Pts',(9.86083686493492,-19.7604194986858,-30.7380325702727));
#7881=CARTESIAN_POINT('Ctrl Pts',(9.86083686493492,-19.5635023525757,-30.7730131015411));
#7882=CARTESIAN_POINT('Ctrl Pts',(9.86134660867097,-19.7770570117928,-30.8316907132624));
#7883=CARTESIAN_POINT('Ctrl Pts',(9.86134660867097,-19.5801398656826,-30.8666712445308));
#7884=CARTESIAN_POINT('Ctrl Pts',(9.88597224633307,-19.7930980556666,-30.9219911308296));
#7885=CARTESIAN_POINT('Ctrl Pts',(9.88597224633307,-19.5961809095564,-30.956971662098));
#7886=CARTESIAN_POINT('Ctrl Pts',(9.89635398086513,-19.7998606768584,-30.9600601943065));
#7887=CARTESIAN_POINT('Ctrl Pts',(9.89635398086513,-19.6029435307482,-30.9950407255749));
#7888=CARTESIAN_POINT('',(9.86054202016797,-19.7507960676798,-30.68385904858));
#7889=CARTESIAN_POINT('Ctrl Pts',(9.86054202016797,-19.7507960676798,-30.68385904858));
#7890=CARTESIAN_POINT('Ctrl Pts',(9.86083686493492,-19.7604194986858,-30.7380325702727));
#7891=CARTESIAN_POINT('Ctrl Pts',(9.86134660867097,-19.7770570117928,-30.8316907132624));
#7892=CARTESIAN_POINT('Ctrl Pts',(9.88597224633307,-19.7930980556666,-30.9219911308296));
#7893=CARTESIAN_POINT('Ctrl Pts',(9.89635398086513,-19.7998606768584,-30.9600601943065));
#7894=CARTESIAN_POINT('',(9.86054202016797,-19.5538789215697,-30.7188395798484));
#7895=CARTESIAN_POINT('',(9.86054202016797,-19.7507960676798,-30.68385904858));
#7896=CARTESIAN_POINT('Ctrl Pts',(9.86054202016797,-19.5538789215697,-30.7188395798484));
#7897=CARTESIAN_POINT('Ctrl Pts',(9.86083686493492,-19.5635023525757,-30.7730131015411));
#7898=CARTESIAN_POINT('Ctrl Pts',(9.86134660867097,-19.5801398656826,-30.8666712445308));
#7899=CARTESIAN_POINT('Ctrl Pts',(9.88597224633307,-19.5961809095564,-30.956971662098));
#7900=CARTESIAN_POINT('Ctrl Pts',(9.89635398086513,-19.6029435307482,-30.9950407255749));
#7901=CARTESIAN_POINT('Origin',(9.86054202016802,-19.5581167977646,-29.599202796359));
#7902=CARTESIAN_POINT('',(9.86054202016802,-19.5581167977646,-29.599202796359));
#7903=CARTESIAN_POINT('',(9.8605420201678,-20.4375100315051,-34.5496023362528));
#7904=CARTESIAN_POINT('',(9.86054202016802,-19.3611996516544,-29.6341833276274));
#7905=CARTESIAN_POINT('',(9.86054202016802,-19.5581167977646,-29.599202796359));
#7906=CARTESIAN_POINT('',(9.86054202016802,-19.3611996516544,-29.6341833276274));
#7907=CARTESIAN_POINT('Origin',(9.55358435806246,-19.5581167977646,-29.599202796359));
#7908=CARTESIAN_POINT('',(9.55358435806246,-19.5581167977646,-29.599202796359));
#7909=CARTESIAN_POINT('',(37.5267921790314,-19.5581167977664,-29.5992027963599));
#7910=CARTESIAN_POINT('',(9.55358435806246,-19.3611996516544,-29.6341833276274));
#7911=CARTESIAN_POINT('',(9.55358435806246,-19.5581167977646,-29.599202796359));
#7912=CARTESIAN_POINT('',(9.55358435806246,-19.3611996516544,-29.6341833276274));
#7913=CARTESIAN_POINT('Origin',(9.55358435806241,-19.7528839106356,-30.6956122170271));
#7914=CARTESIAN_POINT('',(9.55358435806241,-19.7528839106356,-30.6956122170271));
#7915=CARTESIAN_POINT('',(9.55358435806222,-20.5348935879406,-35.0978070465869));
#7916=CARTESIAN_POINT('',(9.55358435806241,-19.5559667645254,-30.7305927482955));
#7917=CARTESIAN_POINT('',(9.55358435806241,-19.7528839106356,-30.6956122170271));
#7918=CARTESIAN_POINT('',(9.55358435806241,-19.5559667645254,-30.7305927482955));
#7919=CARTESIAN_POINT('Ctrl Pts',(9.57063754495586,-19.805080297279,-30.9894431887817));
#7920=CARTESIAN_POINT('Ctrl Pts',(9.57063754495586,-19.6081631511688,-31.0244237200501));
#7921=CARTESIAN_POINT('Ctrl Pts',(9.56571618006963,-19.7982526788223,-30.9510082338946));
#7922=CARTESIAN_POINT('Ctrl Pts',(9.56571618006963,-19.6013355327121,-30.985988765163));
#7923=CARTESIAN_POINT('Ctrl Pts',(9.55323182619279,-19.7809326046315,-30.8535077255718));
#7924=CARTESIAN_POINT('Ctrl Pts',(9.55323182619279,-19.5840154585213,-30.8884882568402));
#7925=CARTESIAN_POINT('Ctrl Pts',(9.553451363148,-19.7634654607838,-30.7551793128106));
#7926=CARTESIAN_POINT('Ctrl Pts',(9.553451363148,-19.5665483146737,-30.790159844079));
#7927=CARTESIAN_POINT('Ctrl Pts',(9.55358435806241,-19.7528839106356,-30.6956122170271));
#7928=CARTESIAN_POINT('Ctrl Pts',(9.55358435806241,-19.5559667645254,-30.7305927482955));
#7929=CARTESIAN_POINT('',(9.57063754495586,-19.805080297279,-30.9894431887817));
#7930=CARTESIAN_POINT('Ctrl Pts',(9.57063754495586,-19.805080297279,-30.9894431887817));
#7931=CARTESIAN_POINT('Ctrl Pts',(9.56571618006963,-19.7982526788223,-30.9510082338946));
#7932=CARTESIAN_POINT('Ctrl Pts',(9.55323182619279,-19.7809326046315,-30.8535077255718));
#7933=CARTESIAN_POINT('Ctrl Pts',(9.553451363148,-19.7634654607838,-30.7551793128106));
#7934=CARTESIAN_POINT('Ctrl Pts',(9.55358435806241,-19.7528839106356,-30.6956122170271));
#7935=CARTESIAN_POINT('',(9.57063754495586,-19.6081631511688,-31.0244237200501));
#7936=CARTESIAN_POINT('',(9.57063754495586,-19.805080297279,-30.9894431887817));
#7937=CARTESIAN_POINT('Ctrl Pts',(9.57063754495586,-19.6081631511688,-31.0244237200501));
#7938=CARTESIAN_POINT('Ctrl Pts',(9.56571618006963,-19.6013355327121,-30.985988765163));
#7939=CARTESIAN_POINT('Ctrl Pts',(9.55323182619279,-19.5840154585213,-30.8884882568402));
#7940=CARTESIAN_POINT('Ctrl Pts',(9.553451363148,-19.5665483146737,-30.790159844079));
#7941=CARTESIAN_POINT('Ctrl Pts',(9.55358435806241,-19.5559667645254,-30.7305927482955));
#7942=CARTESIAN_POINT('Ctrl Pts',(9.66613551076854,-19.844749574063,-31.2127548564241));
#7943=CARTESIAN_POINT('Ctrl Pts',(9.66613551076854,-19.6478324279528,-31.2477353876925));
#7944=CARTESIAN_POINT('Ctrl Pts',(9.64496100328169,-19.8387974190824,-31.1792481791528));
#7945=CARTESIAN_POINT('Ctrl Pts',(9.64496100328169,-19.6418802729722,-31.2142287104213));
#7946=CARTESIAN_POINT('Ctrl Pts',(9.601102829934,-19.8264688846363,-31.1098467226619));
#7947=CARTESIAN_POINT('Ctrl Pts',(9.601102829934,-19.6295517385261,-31.1448272539303));
#7948=CARTESIAN_POINT('Ctrl Pts',(9.58102295589459,-19.8123715229893,-31.0304879444345));
#7949=CARTESIAN_POINT('Ctrl Pts',(9.58102295589459,-19.6154543768791,-31.0654684757029));
#7950=CARTESIAN_POINT('Ctrl Pts',(9.57063754495586,-19.805080297279,-30.9894431887817));
#7951=CARTESIAN_POINT('Ctrl Pts',(9.57063754495586,-19.6081631511688,-31.0244237200501));
#7952=CARTESIAN_POINT('',(9.66613551076854,-19.844749574063,-31.2127548564241));
#7953=CARTESIAN_POINT('Ctrl Pts',(9.66613551076854,-19.844749574063,-31.2127548564241));
#7954=CARTESIAN_POINT('Ctrl Pts',(9.64496100328169,-19.8387974190824,-31.1792481791528));
#7955=CARTESIAN_POINT('Ctrl Pts',(9.601102829934,-19.8264688846363,-31.1098467226619));
#7956=CARTESIAN_POINT('Ctrl Pts',(9.58102295589459,-19.8123715229893,-31.0304879444345));
#7957=CARTESIAN_POINT('Ctrl Pts',(9.57063754495586,-19.805080297279,-30.9894431887817));
#7958=CARTESIAN_POINT('',(9.66613551076854,-19.6478324279528,-31.2477353876925));
#7959=CARTESIAN_POINT('',(9.66613551076854,-19.844749574063,-31.2127548564241));
#7960=CARTESIAN_POINT('Ctrl Pts',(9.66613551076854,-19.6478324279528,-31.2477353876925));
#7961=CARTESIAN_POINT('Ctrl Pts',(9.64496100328169,-19.6418802729722,-31.2142287104213));
#7962=CARTESIAN_POINT('Ctrl Pts',(9.601102829934,-19.6295517385261,-31.1448272539303));
#7963=CARTESIAN_POINT('Ctrl Pts',(9.58102295589459,-19.6154543768791,-31.0654684757029));
#7964=CARTESIAN_POINT('Ctrl Pts',(9.57063754495586,-19.6081631511688,-31.0244237200501));
#7965=CARTESIAN_POINT('Ctrl Pts',(9.87162669595682,-19.8717425590845,-31.3647074249726));
#7966=CARTESIAN_POINT('Ctrl Pts',(9.87162669595682,-19.6748254129743,-31.399687956241));
#7967=CARTESIAN_POINT('Ctrl Pts',(9.82958807320144,-19.8682434029283,-31.3450095010389));
#7968=CARTESIAN_POINT('Ctrl Pts',(9.82958807320144,-19.6713262568181,-31.3799900323074));
#7969=CARTESIAN_POINT('Ctrl Pts',(9.75052341327104,-19.8616623216891,-31.3079623868599));
#7970=CARTESIAN_POINT('Ctrl Pts',(9.75052341327104,-19.6647451755789,-31.3429429181283));
#7971=CARTESIAN_POINT('Ctrl Pts',(9.69305023945125,-19.8501437360239,-31.2431204037862));
#7972=CARTESIAN_POINT('Ctrl Pts',(9.69305023945125,-19.6532265899137,-31.2781009350546));
#7973=CARTESIAN_POINT('Ctrl Pts',(9.66613551076854,-19.844749574063,-31.2127548564241));
#7974=CARTESIAN_POINT('Ctrl Pts',(9.66613551076854,-19.6478324279528,-31.2477353876925));
#7975=CARTESIAN_POINT('',(9.87162669595682,-19.8717425590845,-31.3647074249726));
#7976=CARTESIAN_POINT('Ctrl Pts',(9.87162669595682,-19.8717425590845,-31.3647074249726));
#7977=CARTESIAN_POINT('Ctrl Pts',(9.82958807320144,-19.8682434029283,-31.3450095010389));
#7978=CARTESIAN_POINT('Ctrl Pts',(9.75052341327104,-19.8616623216891,-31.3079623868599));
#7979=CARTESIAN_POINT('Ctrl Pts',(9.69305023945125,-19.8501437360239,-31.2431204037862));
#7980=CARTESIAN_POINT('Ctrl Pts',(9.66613551076854,-19.844749574063,-31.2127548564241));
#7981=CARTESIAN_POINT('',(9.87162669595682,-19.6748254129743,-31.399687956241));
#7982=CARTESIAN_POINT('',(9.87162669595682,-19.8717425590845,-31.3647074249726));
#7983=CARTESIAN_POINT('Ctrl Pts',(9.87162669595682,-19.6748254129743,-31.399687956241));
#7984=CARTESIAN_POINT('Ctrl Pts',(9.82958807320144,-19.6713262568181,-31.3799900323074));
#7985=CARTESIAN_POINT('Ctrl Pts',(9.75052341327104,-19.6647451755789,-31.3429429181283));
#7986=CARTESIAN_POINT('Ctrl Pts',(9.69305023945125,-19.6532265899137,-31.2781009350546));
#7987=CARTESIAN_POINT('Ctrl Pts',(9.66613551076854,-19.6478324279528,-31.2477353876925));
#7988=CARTESIAN_POINT('Ctrl Pts',(10.1726158469578,-19.8820326962101,-31.4226340590853));
#7989=CARTESIAN_POINT('Ctrl Pts',(10.1726158469578,-19.6851155500999,-31.4576145903537));
#7990=CARTESIAN_POINT('Ctrl Pts',(10.1197152882807,-19.8816459708033,-31.420457052028));
#7991=CARTESIAN_POINT('Ctrl Pts',(10.1197152882807,-19.6847288246931,-31.4554375832964));
#7992=CARTESIAN_POINT('Ctrl Pts',(10.0163581723975,-19.8808903866717,-31.4162036154607));
#7993=CARTESIAN_POINT('Ctrl Pts',(10.0163581723975,-19.6839732405615,-31.4511841467291));
#7994=CARTESIAN_POINT('Ctrl Pts',(9.91910395772347,-19.8747433838922,-31.3816000745601));
#7995=CARTESIAN_POINT('Ctrl Pts',(9.91910395772347,-19.677826237782,-31.4165806058285));
#7996=CARTESIAN_POINT('Ctrl Pts',(9.87162669595682,-19.8717425590845,-31.3647074249726));
#7997=CARTESIAN_POINT('Ctrl Pts',(9.87162669595682,-19.6748254129743,-31.399687956241));
#7998=CARTESIAN_POINT('',(10.1726158469578,-19.8820326962101,-31.4226340590853));
#7999=CARTESIAN_POINT('Ctrl Pts',(10.1726158469578,-19.8820326962101,-31.4226340590853));
#8000=CARTESIAN_POINT('Ctrl Pts',(10.1197152882807,-19.8816459708033,-31.420457052028));
#8001=CARTESIAN_POINT('Ctrl Pts',(10.0163581723975,-19.8808903866717,-31.4162036154607));
#8002=CARTESIAN_POINT('Ctrl Pts',(9.91910395772347,-19.8747433838922,-31.3816000745601));
#8003=CARTESIAN_POINT('Ctrl Pts',(9.87162669595682,-19.8717425590845,-31.3647074249726));
#8004=CARTESIAN_POINT('',(10.1726158469578,-19.6851155500999,-31.4576145903537));
#8005=CARTESIAN_POINT('',(10.1726158469578,-19.8820326962101,-31.4226340590853));
#8006=CARTESIAN_POINT('Ctrl Pts',(10.1726158469578,-19.6851155500999,-31.4576145903537));
#8007=CARTESIAN_POINT('Ctrl Pts',(10.1197152882807,-19.6847288246931,-31.4554375832964));
#8008=CARTESIAN_POINT('Ctrl Pts',(10.0163581723975,-19.6839732405615,-31.4511841467291));
#8009=CARTESIAN_POINT('Ctrl Pts',(9.91910395772347,-19.677826237782,-31.4165806058285));
#8010=CARTESIAN_POINT('Ctrl Pts',(9.87162669595682,-19.6748254129743,-31.399687956241));
#8011=CARTESIAN_POINT('Ctrl Pts',(10.749014219608,-19.8298363095667,-31.1288030873308));
#8012=CARTESIAN_POINT('Ctrl Pts',(10.749014219608,-19.6329191634565,-31.1637836185992));
#8013=CARTESIAN_POINT('Ctrl Pts',(10.6742240471723,-19.845059347026,-31.2144986723579));
#8014=CARTESIAN_POINT('Ctrl Pts',(10.6742240471723,-19.6481422009158,-31.2494792036263));
#8015=CARTESIAN_POINT('Ctrl Pts',(10.5224299129622,-19.8759560239011,-31.3884264319981));
#8016=CARTESIAN_POINT('Ctrl Pts',(10.5224299129622,-19.6790388777909,-31.4234069632665));
#8017=CARTESIAN_POINT('Ctrl Pts',(10.2903487714862,-19.8799875400204,-31.4111211887649));
#8018=CARTESIAN_POINT('Ctrl Pts',(10.2903487714862,-19.6830703939102,-31.4461017200333));
#8019=CARTESIAN_POINT('Ctrl Pts',(10.1726158469578,-19.8820326962101,-31.4226340590853));
#8020=CARTESIAN_POINT('Ctrl Pts',(10.1726158469578,-19.6851155500999,-31.4576145903537));
#8021=CARTESIAN_POINT('',(10.749014219608,-19.8298363095667,-31.1288030873308));
#8022=CARTESIAN_POINT('Ctrl Pts',(10.749014219608,-19.8298363095667,-31.1288030873308));
#8023=CARTESIAN_POINT('Ctrl Pts',(10.6742240471723,-19.845059347026,-31.2144986723579));
#8024=CARTESIAN_POINT('Ctrl Pts',(10.5224299129622,-19.8759560239011,-31.3884264319981));
#8025=CARTESIAN_POINT('Ctrl Pts',(10.2903487714862,-19.8799875400204,-31.4111211887649));
#8026=CARTESIAN_POINT('Ctrl Pts',(10.1726158469578,-19.8820326962101,-31.4226340590853));
#8027=CARTESIAN_POINT('',(10.749014219608,-19.6329191634565,-31.1637836185992));
#8028=CARTESIAN_POINT('',(10.749014219608,-19.8298363095667,-31.1288030873308));
#8029=CARTESIAN_POINT('Ctrl Pts',(10.749014219608,-19.6329191634565,-31.1637836185992));
#8030=CARTESIAN_POINT('Ctrl Pts',(10.6742240471723,-19.6481422009158,-31.2494792036263));
#8031=CARTESIAN_POINT('Ctrl Pts',(10.5224299129622,-19.6790388777909,-31.4234069632665));
#8032=CARTESIAN_POINT('Ctrl Pts',(10.2903487714862,-19.6830703939102,-31.4461017200333));
#8033=CARTESIAN_POINT('Ctrl Pts',(10.1726158469578,-19.6851155500999,-31.4576145903537));
#8034=CARTESIAN_POINT('Origin',(10.7490142196079,-19.8748743365494,-31.3823372510007));
#8035=CARTESIAN_POINT('',(10.7490142196079,-19.8748743365494,-31.3823372510007));
#8036=CARTESIAN_POINT('',(10.7490142196078,-20.5958888008975,-35.4411695635737));
#8037=CARTESIAN_POINT('',(10.7490142196079,-19.6779571904392,-31.4173177822691));
#8038=CARTESIAN_POINT('',(10.7490142196079,-19.8748743365494,-31.3823372510007));
#8039=CARTESIAN_POINT('',(10.7490142196079,-19.6779571904392,-31.4173177822691));
#8040=CARTESIAN_POINT('Origin',(11.0252760857006,-19.8748743365494,-31.3823372510007));
#8041=CARTESIAN_POINT('',(11.0252760857006,-19.8748743365494,-31.3823372510007));
#8042=CARTESIAN_POINT('',(38.2626380428505,-19.8748743365513,-31.3823372510016));
#8043=CARTESIAN_POINT('',(11.0252760857006,-19.6779571904392,-31.4173177822691));
#8044=CARTESIAN_POINT('',(11.0252760857006,-19.8748743365494,-31.3823372510007));
#8045=CARTESIAN_POINT('',(11.0252760857006,-19.6779571904392,-31.4173177822691));
#8046=CARTESIAN_POINT('Origin',(11.0252760857007,-19.5581167977646,-29.599202796359));
#8047=CARTESIAN_POINT('',(11.0252760857007,-19.5581167977646,-29.599202796359));
#8048=CARTESIAN_POINT('',(11.0252760857005,-20.4375100315051,-34.5496023362529));
#8049=CARTESIAN_POINT('',(11.0252760857007,-19.3611996516544,-29.6341833276274));
#8050=CARTESIAN_POINT('',(11.0252760857007,-19.5581167977646,-29.599202796359));
#8051=CARTESIAN_POINT('',(11.0252760857007,-19.3611996516544,-29.6341833276274));
#8052=CARTESIAN_POINT('Origin',(10.7183184235951,-19.5581167977646,-29.599202796359));
#8053=CARTESIAN_POINT('',(38.1091592117978,-19.5581167977664,-29.5992027963599));
#8054=CARTESIAN_POINT('',(10.7183184235951,-19.3611996516544,-29.6341833276274));
#8055=CARTESIAN_POINT('Origin',(-0.209376564609061,-19.5191310317125,-30.5232320502909));
#8056=CARTESIAN_POINT('Origin',(7.02970971759763,-19.7314088316533,-30.574721792773));
#8057=CARTESIAN_POINT('',(7.02970971759763,-19.7314088316533,-30.574721792773));
#8058=CARTESIAN_POINT('',(7.02970971759768,-19.5581167977646,-29.5992027963589));
#8059=CARTESIAN_POINT('',(7.02970971759744,-20.5241560484494,-35.0373618344598));
#8060=CARTESIAN_POINT('',(7.02970971759763,-19.5344916855431,-30.6097023240414));
#8061=CARTESIAN_POINT('',(7.02970971759763,-19.7314088316533,-30.574721792773));
#8062=CARTESIAN_POINT('',(7.02970971759768,-19.3611996516544,-29.6341833276273));
#8063=CARTESIAN_POINT('',(7.02970971759763,-19.5344916855431,-30.6097023240414));
#8064=CARTESIAN_POINT('',(7.02970971759768,-19.5581167977646,-29.5992027963589));
#8065=CARTESIAN_POINT('Ctrl Pts',(6.97855045494045,-19.7898687732265,-30.9038124165836));
#8066=CARTESIAN_POINT('Ctrl Pts',(6.97855045494045,-19.5929516271163,-30.938792947852));
#8067=CARTESIAN_POINT('Ctrl Pts',(6.99341525646751,-19.781527595132,-30.8568571267125));
#8068=CARTESIAN_POINT('Ctrl Pts',(6.99341525646751,-19.5846104490218,-30.891837657981));
#8069=CARTESIAN_POINT('Ctrl Pts',(7.02727700154416,-19.762526544512,-30.7498938381197));
#8070=CARTESIAN_POINT('Ctrl Pts',(7.02727700154416,-19.5656093984018,-30.7848743693881));
#8071=CARTESIAN_POINT('Ctrl Pts',(7.02883542103938,-19.7425922614722,-30.6376770711464));
#8072=CARTESIAN_POINT('Ctrl Pts',(7.02883542103938,-19.545675115362,-30.6726576024148));
#8073=CARTESIAN_POINT('Ctrl Pts',(7.02970971759763,-19.7314088316533,-30.574721792773));
#8074=CARTESIAN_POINT('Ctrl Pts',(7.02970971759763,-19.5344916855431,-30.6097023240414));
#8075=CARTESIAN_POINT('',(6.97855045494045,-19.7898687732265,-30.9038124165836));
#8076=CARTESIAN_POINT('Ctrl Pts',(6.97855045494045,-19.7898687732265,-30.9038124165836));
#8077=CARTESIAN_POINT('Ctrl Pts',(6.99341525646751,-19.781527595132,-30.8568571267125));
#8078=CARTESIAN_POINT('Ctrl Pts',(7.02727700154416,-19.762526544512,-30.7498938381197));
#8079=CARTESIAN_POINT('Ctrl Pts',(7.02883542103938,-19.7425922614722,-30.6376770711464));
#8080=CARTESIAN_POINT('Ctrl Pts',(7.02970971759763,-19.7314088316533,-30.574721792773));
#8081=CARTESIAN_POINT('',(6.97855045494045,-19.5929516271163,-30.938792947852));
#8082=CARTESIAN_POINT('',(6.97855045494045,-19.7898687732265,-30.9038124165836));
#8083=CARTESIAN_POINT('Ctrl Pts',(6.97855045494045,-19.5929516271163,-30.938792947852));
#8084=CARTESIAN_POINT('Ctrl Pts',(6.99341525646751,-19.5846104490218,-30.891837657981));
#8085=CARTESIAN_POINT('Ctrl Pts',(7.02727700154416,-19.5656093984018,-30.7848743693881));
#8086=CARTESIAN_POINT('Ctrl Pts',(7.02883542103938,-19.545675115362,-30.6726576024148));
#8087=CARTESIAN_POINT('Ctrl Pts',(7.02970971759763,-19.5344916855431,-30.6097023240414));
#8088=CARTESIAN_POINT('Ctrl Pts',(6.80716564353908,-19.8234235987963,-31.0927037870075));
#8089=CARTESIAN_POINT('Ctrl Pts',(6.80716564353908,-19.6265064526862,-31.127684318276));
#8090=CARTESIAN_POINT('Ctrl Pts',(6.84421989197471,-19.8189893771673,-31.0677420658232));
#8091=CARTESIAN_POINT('Ctrl Pts',(6.84421989197471,-19.6220722310572,-31.1027225970916));
#8092=CARTESIAN_POINT('Ctrl Pts',(6.91715619277045,-19.8102612087067,-31.0186082773496));
#8093=CARTESIAN_POINT('Ctrl Pts',(6.91715619277045,-19.6133440625965,-31.053588808618));
#8094=CARTESIAN_POINT('Ctrl Pts',(6.95830614811255,-19.7965930289832,-30.9416655081557));
#8095=CARTESIAN_POINT('Ctrl Pts',(6.95830614811255,-19.5996758828731,-30.9766460394241));
#8096=CARTESIAN_POINT('Ctrl Pts',(6.97855045494045,-19.7898687732265,-30.9038124165836));
#8097=CARTESIAN_POINT('Ctrl Pts',(6.97855045494045,-19.5929516271163,-30.938792947852));
#8098=CARTESIAN_POINT('',(6.80716564353908,-19.8234235987963,-31.0927037870075));
#8099=CARTESIAN_POINT('Ctrl Pts',(6.80716564353908,-19.8234235987963,-31.0927037870075));
#8100=CARTESIAN_POINT('Ctrl Pts',(6.84421989197471,-19.8189893771673,-31.0677420658232));
#8101=CARTESIAN_POINT('Ctrl Pts',(6.91715619277045,-19.8102612087067,-31.0186082773496));
#8102=CARTESIAN_POINT('Ctrl Pts',(6.95830614811255,-19.7965930289832,-30.9416655081557));
#8103=CARTESIAN_POINT('Ctrl Pts',(6.97855045494045,-19.7898687732265,-30.9038124165836));
#8104=CARTESIAN_POINT('',(6.80716564353908,-19.6265064526862,-31.127684318276));
#8105=CARTESIAN_POINT('',(6.80716564353908,-19.8234235987963,-31.0927037870075));
#8106=CARTESIAN_POINT('Ctrl Pts',(6.80716564353908,-19.6265064526862,-31.127684318276));
#8107=CARTESIAN_POINT('Ctrl Pts',(6.84421989197471,-19.6220722310572,-31.1027225970916));
#8108=CARTESIAN_POINT('Ctrl Pts',(6.91715619277045,-19.6133440625965,-31.053588808618));
#8109=CARTESIAN_POINT('Ctrl Pts',(6.95830614811255,-19.5996758828731,-30.9766460394241));
#8110=CARTESIAN_POINT('Ctrl Pts',(6.97855045494045,-19.5929516271163,-30.938792947852));
#8111=CARTESIAN_POINT('Ctrl Pts',(6.55051519569362,-19.8358016049402,-31.1623837362821));
#8112=CARTESIAN_POINT('Ctrl Pts',(6.55051519569362,-19.63888445883,-31.1973642675505));
#8113=CARTESIAN_POINT('Ctrl Pts',(6.59543195565872,-19.8352738044568,-31.1594125702896));
#8114=CARTESIAN_POINT('Ctrl Pts',(6.59543195565872,-19.6383566583466,-31.194393101558));
#8115=CARTESIAN_POINT('Ctrl Pts',(6.68579784805859,-19.8342119477751,-31.1534350227864));
#8116=CARTESIAN_POINT('Ctrl Pts',(6.68579784805859,-19.6372948016649,-31.1884155540548));
#8117=CARTESIAN_POINT('Ctrl Pts',(6.76655113114014,-19.8270338113048,-31.1130268844057));
#8118=CARTESIAN_POINT('Ctrl Pts',(6.76655113114014,-19.6301166651946,-31.1480074156741));
#8119=CARTESIAN_POINT('Ctrl Pts',(6.80716564353908,-19.8234235987963,-31.0927037870075));
#8120=CARTESIAN_POINT('Ctrl Pts',(6.80716564353908,-19.6265064526862,-31.127684318276));
#8121=CARTESIAN_POINT('',(6.55051519569362,-19.8358016049402,-31.1623837362821));
#8122=CARTESIAN_POINT('Ctrl Pts',(6.55051519569362,-19.8358016049402,-31.1623837362821));
#8123=CARTESIAN_POINT('Ctrl Pts',(6.59543195565872,-19.8352738044568,-31.1594125702896));
#8124=CARTESIAN_POINT('Ctrl Pts',(6.68579784805859,-19.8342119477751,-31.1534350227864));
#8125=CARTESIAN_POINT('Ctrl Pts',(6.76655113114014,-19.8270338113048,-31.1130268844057));
#8126=CARTESIAN_POINT('Ctrl Pts',(6.80716564353908,-19.8234235987963,-31.0927037870075));
#8127=CARTESIAN_POINT('',(6.55051519569362,-19.63888445883,-31.1973642675505));
#8128=CARTESIAN_POINT('',(6.55051519569362,-19.8358016049402,-31.1623837362821));
#8129=CARTESIAN_POINT('Ctrl Pts',(6.55051519569362,-19.63888445883,-31.1973642675505));
#8130=CARTESIAN_POINT('Ctrl Pts',(6.59543195565872,-19.6383566583466,-31.194393101558));
#8131=CARTESIAN_POINT('Ctrl Pts',(6.68579784805859,-19.6372948016649,-31.1884155540548));
#8132=CARTESIAN_POINT('Ctrl Pts',(6.76655113114014,-19.6301166651946,-31.1480074156741));
#8133=CARTESIAN_POINT('Ctrl Pts',(6.80716564353908,-19.6265064526862,-31.127684318276));
#8134=CARTESIAN_POINT('Ctrl Pts',(6.26828422244991,-19.8174583034228,-31.0591231380561));
#8135=CARTESIAN_POINT('Ctrl Pts',(6.26828422244991,-19.6205411573126,-31.0941036693245));
#8136=CARTESIAN_POINT('Ctrl Pts',(6.30675091018666,-19.8228023358394,-31.0892064893956));
#8137=CARTESIAN_POINT('Ctrl Pts',(6.30675091018666,-19.6258851897292,-31.124187020664));
#8138=CARTESIAN_POINT('Ctrl Pts',(6.38904711195331,-19.8342354379825,-31.1535672570446));
#8139=CARTESIAN_POINT('Ctrl Pts',(6.38904711195331,-19.6373182918723,-31.1885477883131));
#8140=CARTESIAN_POINT('Ctrl Pts',(6.49440397684359,-19.8352573516433,-31.1593199518826));
#8141=CARTESIAN_POINT('Ctrl Pts',(6.49440397684359,-19.6383402055331,-31.194300483151));
#8142=CARTESIAN_POINT('Ctrl Pts',(6.55051519569362,-19.8358016049402,-31.1623837362821));
#8143=CARTESIAN_POINT('Ctrl Pts',(6.55051519569362,-19.63888445883,-31.1973642675505));
#8144=CARTESIAN_POINT('',(6.26828422244991,-19.8174583034228,-31.0591231380561));
#8145=CARTESIAN_POINT('Ctrl Pts',(6.26828422244991,-19.8174583034228,-31.0591231380561));
#8146=CARTESIAN_POINT('Ctrl Pts',(6.30675091018666,-19.8228023358394,-31.0892064893956));
#8147=CARTESIAN_POINT('Ctrl Pts',(6.38904711195331,-19.8342354379825,-31.1535672570446));
#8148=CARTESIAN_POINT('Ctrl Pts',(6.49440397684359,-19.8352573516433,-31.1593199518826));
#8149=CARTESIAN_POINT('Ctrl Pts',(6.55051519569362,-19.8358016049402,-31.1623837362821));
#8150=CARTESIAN_POINT('',(6.26828422244991,-19.6205411573126,-31.0941036693245));
#8151=CARTESIAN_POINT('',(6.26828422244991,-19.8174583034228,-31.0591231380561));
#8152=CARTESIAN_POINT('Ctrl Pts',(6.26828422244991,-19.6205411573126,-31.0941036693245));
#8153=CARTESIAN_POINT('Ctrl Pts',(6.30675091018666,-19.6258851897292,-31.124187020664));
#8154=CARTESIAN_POINT('Ctrl Pts',(6.38904711195331,-19.6373182918723,-31.1885477883131));
#8155=CARTESIAN_POINT('Ctrl Pts',(6.49440397684359,-19.6383402055331,-31.194300483151));
#8156=CARTESIAN_POINT('Ctrl Pts',(6.55051519569362,-19.63888445883,-31.1973642675505));
#8157=CARTESIAN_POINT('Ctrl Pts',(6.1685233324429,-19.7588492320716,-30.7291930126931));
#8158=CARTESIAN_POINT('Ctrl Pts',(6.1685233324429,-19.5619320859614,-30.7641735439616));
#8159=CARTESIAN_POINT('Ctrl Pts',(6.17011877969675,-19.7708252421315,-30.7966099911458));
#8160=CARTESIAN_POINT('Ctrl Pts',(6.17011877969675,-19.5739080960213,-30.8315905224142));
#8161=CARTESIAN_POINT('Ctrl Pts',(6.17295123508914,-19.7920866872791,-30.9162977988725));
#8162=CARTESIAN_POINT('Ctrl Pts',(6.17295123508914,-19.5951695411689,-30.9512783301409));
#8163=CARTESIAN_POINT('Ctrl Pts',(6.23930554249852,-19.8097460102866,-31.015708052599));
#8164=CARTESIAN_POINT('Ctrl Pts',(6.23930554249852,-19.6128288641764,-31.0506885838674));
#8165=CARTESIAN_POINT('Ctrl Pts',(6.26828422244991,-19.8174583034228,-31.0591231380561));
#8166=CARTESIAN_POINT('Ctrl Pts',(6.26828422244991,-19.6205411573126,-31.0941036693245));
#8167=CARTESIAN_POINT('',(6.1685233324429,-19.7588492320716,-30.7291930126931));
#8168=CARTESIAN_POINT('Ctrl Pts',(6.1685233324429,-19.7588492320716,-30.7291930126931));
#8169=CARTESIAN_POINT('Ctrl Pts',(6.17011877969675,-19.7708252421315,-30.7966099911458));
#8170=CARTESIAN_POINT('Ctrl Pts',(6.17295123508914,-19.7920866872791,-30.9162977988725));
#8171=CARTESIAN_POINT('Ctrl Pts',(6.23930554249852,-19.8097460102866,-31.015708052599));
#8172=CARTESIAN_POINT('Ctrl Pts',(6.26828422244991,-19.8174583034228,-31.0591231380561));
#8173=CARTESIAN_POINT('',(6.1685233324429,-19.5619320859614,-30.7641735439616));
#8174=CARTESIAN_POINT('',(6.1685233324429,-19.7588492320716,-30.7291930126931));
#8175=CARTESIAN_POINT('Ctrl Pts',(6.1685233324429,-19.5619320859614,-30.7641735439616));
#8176=CARTESIAN_POINT('Ctrl Pts',(6.17011877969675,-19.5739080960213,-30.8315905224142));
#8177=CARTESIAN_POINT('Ctrl Pts',(6.17295123508914,-19.5951695411689,-30.9512783301409));
#8178=CARTESIAN_POINT('Ctrl Pts',(6.23930554249852,-19.6128288641764,-31.0506885838674));
#8179=CARTESIAN_POINT('Ctrl Pts',(6.26828422244991,-19.6205411573126,-31.0941036693245));
#8180=CARTESIAN_POINT('Origin',(6.16852333244295,-19.5581167977646,-29.5992027963588));
#8181=CARTESIAN_POINT('',(6.16852333244295,-19.5581167977646,-29.5992027963588));
#8182=CARTESIAN_POINT('',(6.16852333244273,-20.437510031505,-34.5496023362527));
#8183=CARTESIAN_POINT('',(6.16852333244295,-19.3611996516544,-29.6341833276272));
#8184=CARTESIAN_POINT('',(6.16852333244295,-19.5581167977646,-29.5992027963588));
#8185=CARTESIAN_POINT('',(6.16852333244295,-19.3611996516544,-29.6341833276272));
#8186=CARTESIAN_POINT('Origin',(5.86156537231417,-19.5581167977646,-29.5992027963588));
#8187=CARTESIAN_POINT('',(5.86156537231417,-19.5581167977646,-29.5992027963588));
#8188=CARTESIAN_POINT('',(35.6807826861573,-19.5581167977664,-29.5992027963598));
#8189=CARTESIAN_POINT('',(5.86156537231417,-19.3611996516544,-29.6341833276272));
#8190=CARTESIAN_POINT('',(5.86156537231417,-19.5581167977646,-29.5992027963588));
#8191=CARTESIAN_POINT('',(5.86156537231417,-19.3611996516544,-29.6341833276272));
#8192=CARTESIAN_POINT('Origin',(5.86156537231412,-19.7588492320716,-30.7291930126931));
#8193=CARTESIAN_POINT('',(5.86156537231412,-19.7588492320716,-30.7291930126931));
#8194=CARTESIAN_POINT('',(5.86156537231393,-20.5378762486586,-35.1145974444198));
#8195=CARTESIAN_POINT('',(5.86156537231412,-19.5619320859614,-30.7641735439615));
#8196=CARTESIAN_POINT('',(5.86156537231412,-19.7588492320716,-30.7291930126931));
#8197=CARTESIAN_POINT('',(5.86156537231412,-19.5619320859614,-30.7641735439615));
#8198=CARTESIAN_POINT('Ctrl Pts',(5.92551519569362,-19.8298363095667,-31.1288030873306));
#8199=CARTESIAN_POINT('Ctrl Pts',(5.92551519569362,-19.6329191634565,-31.163783618599));
#8200=CARTESIAN_POINT('Ctrl Pts',(5.90695239307074,-19.8199219605026,-31.0729918902895));
#8201=CARTESIAN_POINT('Ctrl Pts',(5.90695239307074,-19.6230048143925,-31.1079724215579));
#8202=CARTESIAN_POINT('Ctrl Pts',(5.86387564231563,-19.7969147696056,-30.9434766940592));
#8203=CARTESIAN_POINT('Ctrl Pts',(5.86387564231563,-19.5999976234954,-30.9784572253276));
#8204=CARTESIAN_POINT('Ctrl Pts',(5.86240326628357,-19.7726549276494,-30.8069099047665));
#8205=CARTESIAN_POINT('Ctrl Pts',(5.86240326628357,-19.5757377815393,-30.8418904360349));
#8206=CARTESIAN_POINT('Ctrl Pts',(5.86156537231412,-19.7588492320716,-30.7291930126931));
#8207=CARTESIAN_POINT('Ctrl Pts',(5.86156537231412,-19.5619320859614,-30.7641735439615));
#8208=CARTESIAN_POINT('',(5.92551519569362,-19.8298363095667,-31.1288030873306));
#8209=CARTESIAN_POINT('Ctrl Pts',(5.92551519569362,-19.8298363095667,-31.1288030873306));
#8210=CARTESIAN_POINT('Ctrl Pts',(5.90695239307074,-19.8199219605026,-31.0729918902895));
#8211=CARTESIAN_POINT('Ctrl Pts',(5.86387564231563,-19.7969147696056,-30.9434766940592));
#8212=CARTESIAN_POINT('Ctrl Pts',(5.86240326628357,-19.7726549276494,-30.8069099047665));
#8213=CARTESIAN_POINT('Ctrl Pts',(5.86156537231412,-19.7588492320716,-30.7291930126931));
#8214=CARTESIAN_POINT('',(5.92551519569362,-19.6329191634565,-31.163783618599));
#8215=CARTESIAN_POINT('',(5.92551519569362,-19.8298363095667,-31.1288030873306));
#8216=CARTESIAN_POINT('Ctrl Pts',(5.92551519569362,-19.6329191634565,-31.163783618599));
#8217=CARTESIAN_POINT('Ctrl Pts',(5.90695239307074,-19.6230048143925,-31.1079724215579));
#8218=CARTESIAN_POINT('Ctrl Pts',(5.86387564231563,-19.5999976234954,-30.9784572253276));
#8219=CARTESIAN_POINT('Ctrl Pts',(5.86240326628357,-19.5757377815393,-30.8418904360349));
#8220=CARTESIAN_POINT('Ctrl Pts',(5.86156537231412,-19.5619320859614,-30.7641735439615));
#8221=CARTESIAN_POINT('Ctrl Pts',(6.13782753643,-19.8681633662229,-31.3445589475728));
#8222=CARTESIAN_POINT('Ctrl Pts',(6.13782753643,-19.6712462201127,-31.3795394788412));
#8223=CARTESIAN_POINT('Ctrl Pts',(6.09216683037539,-19.8632026005555,-31.3166331333464));
#8224=CARTESIAN_POINT('Ctrl Pts',(6.09216683037539,-19.6662854544453,-31.3516136646148));
#8225=CARTESIAN_POINT('Ctrl Pts',(6.00301326485105,-19.8535165929312,-31.2621073468754));
#8226=CARTESIAN_POINT('Ctrl Pts',(6.00301326485105,-19.656599446821,-31.2970878781438));
#8227=CARTESIAN_POINT('Ctrl Pts',(5.95092570058428,-19.8376007347038,-31.1725116413105));
#8228=CARTESIAN_POINT('Ctrl Pts',(5.95092570058428,-19.6406835885936,-31.2074921725789));
#8229=CARTESIAN_POINT('Ctrl Pts',(5.92551519569362,-19.8298363095667,-31.1288030873306));
#8230=CARTESIAN_POINT('Ctrl Pts',(5.92551519569362,-19.6329191634565,-31.163783618599));
#8231=CARTESIAN_POINT('',(6.13782753643,-19.8681633662229,-31.3445589475728));
#8232=CARTESIAN_POINT('Ctrl Pts',(6.13782753643,-19.8681633662229,-31.3445589475728));
#8233=CARTESIAN_POINT('Ctrl Pts',(6.09216683037539,-19.8632026005555,-31.3166331333464));
#8234=CARTESIAN_POINT('Ctrl Pts',(6.00301326485105,-19.8535165929312,-31.2621073468754));
#8235=CARTESIAN_POINT('Ctrl Pts',(5.95092570058428,-19.8376007347038,-31.1725116413105));
#8236=CARTESIAN_POINT('Ctrl Pts',(5.92551519569362,-19.8298363095667,-31.1288030873306));
#8237=CARTESIAN_POINT('',(6.13782753643,-19.6712462201127,-31.3795394788412));
#8238=CARTESIAN_POINT('',(6.13782753643,-19.8681633662229,-31.3445589475728));
#8239=CARTESIAN_POINT('Ctrl Pts',(6.13782753643,-19.6712462201127,-31.3795394788412));
#8240=CARTESIAN_POINT('Ctrl Pts',(6.09216683037539,-19.6662854544453,-31.3516136646148));
#8241=CARTESIAN_POINT('Ctrl Pts',(6.00301326485105,-19.656599446821,-31.2970878781438));
#8242=CARTESIAN_POINT('Ctrl Pts',(5.95092570058428,-19.6406835885936,-31.2074921725789));
#8243=CARTESIAN_POINT('Ctrl Pts',(5.92551519569362,-19.6329191634565,-31.163783618599));
#8244=CARTESIAN_POINT('Ctrl Pts',(6.48741771873438,-19.8820326962101,-31.4226340590852));
#8245=CARTESIAN_POINT('Ctrl Pts',(6.48741771873438,-19.6851155500999,-31.4576145903536));
#8246=CARTESIAN_POINT('Ctrl Pts',(6.42382310344284,-19.8815707480372,-31.4200335978413));
#8247=CARTESIAN_POINT('Ctrl Pts',(6.42382310344284,-19.684653601927,-31.4550141291097));
#8248=CARTESIAN_POINT('Ctrl Pts',(6.30231116007572,-19.8806880912279,-31.4150648265399));
#8249=CARTESIAN_POINT('Ctrl Pts',(6.30231116007572,-19.6837709451178,-31.4500453578083));
#8250=CARTESIAN_POINT('Ctrl Pts',(6.19092061269984,-19.8722061770828,-31.3673172862237));
#8251=CARTESIAN_POINT('Ctrl Pts',(6.19092061269984,-19.6752890309726,-31.4022978174922));
#8252=CARTESIAN_POINT('Ctrl Pts',(6.13782753643,-19.8681633662229,-31.3445589475728));
#8253=CARTESIAN_POINT('Ctrl Pts',(6.13782753643,-19.6712462201127,-31.3795394788412));
#8254=CARTESIAN_POINT('',(6.48741771873438,-19.8820326962101,-31.4226340590852));
#8255=CARTESIAN_POINT('Ctrl Pts',(6.48741771873438,-19.8820326962101,-31.4226340590852));
#8256=CARTESIAN_POINT('Ctrl Pts',(6.42382310344284,-19.8815707480372,-31.4200335978413));
#8257=CARTESIAN_POINT('Ctrl Pts',(6.30231116007572,-19.8806880912279,-31.4150648265399));
#8258=CARTESIAN_POINT('Ctrl Pts',(6.19092061269984,-19.8722061770828,-31.3673172862237));
#8259=CARTESIAN_POINT('Ctrl Pts',(6.13782753643,-19.8681633662229,-31.3445589475728));
#8260=CARTESIAN_POINT('',(6.48741771873438,-19.6851155500999,-31.4576145903536));
#8261=CARTESIAN_POINT('',(6.48741771873438,-19.8820326962101,-31.4226340590852));
#8262=CARTESIAN_POINT('Ctrl Pts',(6.48741771873438,-19.6851155500999,-31.4576145903536));
#8263=CARTESIAN_POINT('Ctrl Pts',(6.42382310344284,-19.684653601927,-31.4550141291097));
#8264=CARTESIAN_POINT('Ctrl Pts',(6.30231116007572,-19.6837709451178,-31.4500453578083));
#8265=CARTESIAN_POINT('Ctrl Pts',(6.19092061269984,-19.6752890309726,-31.4022978174922));
#8266=CARTESIAN_POINT('Ctrl Pts',(6.13782753643,-19.6712462201127,-31.3795394788412));
#8267=CARTESIAN_POINT('Ctrl Pts',(7.02970971759761,-19.8384859930708,-31.1774950576532));
#8268=CARTESIAN_POINT('Ctrl Pts',(7.02970971759761,-19.6415688469606,-31.2124755889216));
#8269=CARTESIAN_POINT('Ctrl Pts',(6.95346624861524,-19.8511871056761,-31.248993881598));
#8270=CARTESIAN_POINT('Ctrl Pts',(6.95346624861524,-19.6542699595659,-31.2839744128664));
#8271=CARTESIAN_POINT('Ctrl Pts',(6.80117309549685,-19.8765570489983,-31.3918098039078));
#8272=CARTESIAN_POINT('Ctrl Pts',(6.80117309549685,-19.6796399028881,-31.4267903351762));
#8273=CARTESIAN_POINT('Ctrl Pts',(6.59191408737755,-19.8802090294557,-31.4123680271038));
#8274=CARTESIAN_POINT('Ctrl Pts',(6.59191408737755,-19.6832918833455,-31.4473485583722));
#8275=CARTESIAN_POINT('Ctrl Pts',(6.48741771873438,-19.8820326962101,-31.4226340590852));
#8276=CARTESIAN_POINT('Ctrl Pts',(6.48741771873438,-19.6851155500999,-31.4576145903536));
#8277=CARTESIAN_POINT('',(7.02970971759761,-19.8384859930708,-31.1774950576532));
#8278=CARTESIAN_POINT('Ctrl Pts',(7.02970971759761,-19.8384859930708,-31.1774950576532));
#8279=CARTESIAN_POINT('Ctrl Pts',(6.95346624861524,-19.8511871056761,-31.248993881598));
#8280=CARTESIAN_POINT('Ctrl Pts',(6.80117309549685,-19.8765570489983,-31.3918098039078));
#8281=CARTESIAN_POINT('Ctrl Pts',(6.59191408737755,-19.8802090294557,-31.4123680271038));
#8282=CARTESIAN_POINT('Ctrl Pts',(6.48741771873438,-19.8820326962101,-31.4226340590852));
#8283=CARTESIAN_POINT('',(7.02970971759761,-19.6415688469606,-31.2124755889216));
#8284=CARTESIAN_POINT('',(7.02970971759761,-19.8384859930708,-31.1774950576532));
#8285=CARTESIAN_POINT('Ctrl Pts',(7.02970971759761,-19.6415688469606,-31.2124755889216));
#8286=CARTESIAN_POINT('Ctrl Pts',(6.95346624861524,-19.6542699595659,-31.2839744128664));
#8287=CARTESIAN_POINT('Ctrl Pts',(6.80117309549685,-19.6796399028881,-31.4267903351762));
#8288=CARTESIAN_POINT('Ctrl Pts',(6.59191408737755,-19.6832918833455,-31.4473485583722));
#8289=CARTESIAN_POINT('Ctrl Pts',(6.48741771873438,-19.6851155500999,-31.4576145903536));
#8290=CARTESIAN_POINT('Origin',(7.02970971759757,-19.9953734386198,-32.0606671227361));
#8291=CARTESIAN_POINT('',(7.02970971759757,-19.9953734386198,-32.0606671227361));
#8292=CARTESIAN_POINT('',(7.0297097175974,-20.6561383519327,-35.7803344994413));
#8293=CARTESIAN_POINT('',(7.02970971759757,-19.7984562925096,-32.0956476540046));
#8294=CARTESIAN_POINT('',(7.02970971759757,-19.9953734386198,-32.0606671227361));
#8295=CARTESIAN_POINT('',(7.02970971759757,-19.7984562925096,-32.0956476540046));
#8296=CARTESIAN_POINT('Origin',(7.33666767772635,-19.9953734386198,-32.0606671227362));
#8297=CARTESIAN_POINT('',(7.33666767772635,-19.9953734386198,-32.0606671227362));
#8298=CARTESIAN_POINT('',(36.4183338388633,-19.9953734386217,-32.0606671227371));
#8299=CARTESIAN_POINT('',(7.33666767772635,-19.7984562925096,-32.0956476540046));
#8300=CARTESIAN_POINT('',(7.33666767772635,-19.9953734386198,-32.0606671227362));
#8301=CARTESIAN_POINT('',(7.33666767772635,-19.7984562925096,-32.0956476540046));
#8302=CARTESIAN_POINT('Origin',(7.33666767772646,-19.5581167977646,-29.5992027963589));
#8303=CARTESIAN_POINT('',(7.33666767772646,-19.5581167977646,-29.5992027963589));
#8304=CARTESIAN_POINT('',(7.33666767772625,-20.437510031505,-34.5496023362527));
#8305=CARTESIAN_POINT('',(7.33666767772646,-19.3611996516544,-29.6341833276273));
#8306=CARTESIAN_POINT('',(7.33666767772646,-19.5581167977646,-29.5992027963589));
#8307=CARTESIAN_POINT('',(7.33666767772646,-19.3611996516544,-29.6341833276273));
#8308=CARTESIAN_POINT('Origin',(7.02970971759768,-19.5581167977646,-29.5992027963589));
#8309=CARTESIAN_POINT('',(36.2648548587991,-19.5581167977664,-29.5992027963598));
#8310=CARTESIAN_POINT('',(7.02970971759768,-19.3611996516544,-29.6341833276273));
#8311=CARTESIAN_POINT('Origin',(-0.209376564609061,-19.5191310317125,-30.5232320502909));
#8312=CARTESIAN_POINT('Origin',(3.15181066688499,-19.9953734386198,-32.060667122736));
#8313=CARTESIAN_POINT('',(3.15181066688499,-19.9953734386198,-32.060667122736));
#8314=CARTESIAN_POINT('',(3.15181066688509,-19.5581167977646,-29.5992027963587));
#8315=CARTESIAN_POINT('',(3.15181066688482,-20.6561383519327,-35.7803344994412));
#8316=CARTESIAN_POINT('',(3.15181066688499,-19.7984562925096,-32.0956476540044));
#8317=CARTESIAN_POINT('',(3.15181066688499,-19.9953734386198,-32.060667122736));
#8318=CARTESIAN_POINT('',(3.15181066688509,-19.3611996516544,-29.6341833276271));
#8319=CARTESIAN_POINT('',(3.15181066688499,-19.7984562925096,-32.0956476540044));
#8320=CARTESIAN_POINT('',(3.15181066688509,-19.5581167977646,-29.5992027963587));
#8321=CARTESIAN_POINT('Origin',(3.45876862701377,-19.9953734386198,-32.060667122736));
#8322=CARTESIAN_POINT('',(3.45876862701377,-19.9953734386198,-32.060667122736));
#8323=CARTESIAN_POINT('',(34.479384313507,-19.9953734386217,-32.060667122737));
#8324=CARTESIAN_POINT('',(3.45876862701377,-19.7984562925096,-32.0956476540044));
#8325=CARTESIAN_POINT('',(3.45876862701377,-19.9953734386198,-32.060667122736));
#8326=CARTESIAN_POINT('',(3.45876862701377,-19.7984562925096,-32.0956476540044));
#8327=CARTESIAN_POINT('Origin',(3.45876862701388,-19.5581167977646,-29.5992027963587));
#8328=CARTESIAN_POINT('',(3.45876862701388,-19.5581167977646,-29.5992027963587));
#8329=CARTESIAN_POINT('',(3.45876862701366,-20.437510031505,-34.5496023362526));
#8330=CARTESIAN_POINT('',(3.45876862701388,-19.3611996516544,-29.6341833276271));
#8331=CARTESIAN_POINT('',(3.45876862701388,-19.5581167977646,-29.5992027963587));
#8332=CARTESIAN_POINT('',(3.45876862701388,-19.3611996516544,-29.6341833276271));
#8333=CARTESIAN_POINT('Origin',(3.15181066688509,-19.5581167977646,-29.5992027963587));
#8334=CARTESIAN_POINT('',(34.3259053334428,-19.5581167977664,-29.5992027963597));
#8335=CARTESIAN_POINT('',(3.15181066688509,-19.3611996516544,-29.6341833276271));
#8336=CARTESIAN_POINT('Origin',(-0.209376564609061,-19.5191310317125,-30.5232320502909));
#8337=CARTESIAN_POINT('Ctrl Pts',(-13.2329101354221,-19.8375912404646,-31.1724581950531));
#8338=CARTESIAN_POINT('Ctrl Pts',(-13.2329101354221,-19.6406740943545,-31.2074387263215));
#8339=CARTESIAN_POINT('Ctrl Pts',(-13.1671499867669,-19.8362971657643,-31.1651734144165));
#8340=CARTESIAN_POINT('Ctrl Pts',(-13.1671499867669,-19.6393800196541,-31.2001539456849));
#8341=CARTESIAN_POINT('Ctrl Pts',(-13.0334894932228,-19.833666900069,-31.1503667663909));
#8342=CARTESIAN_POINT('Ctrl Pts',(-13.0334894932228,-19.6367497539588,-31.1853472976593));
#8343=CARTESIAN_POINT('Ctrl Pts',(-12.9389952951579,-19.8168860372012,-31.0559016595053));
#8344=CARTESIAN_POINT('Ctrl Pts',(-12.9389952951579,-19.619968891091,-31.0908821907737));
#8345=CARTESIAN_POINT('Ctrl Pts',(-12.8909916669468,-19.8083612566468,-31.0079128097905));
#8346=CARTESIAN_POINT('Ctrl Pts',(-12.8909916669468,-19.6114441105366,-31.0428933410589));
#8347=CARTESIAN_POINT('',(-13.2329101354221,-19.8375912404646,-31.1724581950531));
#8348=CARTESIAN_POINT('',(-12.8909916669468,-19.8083612566468,-31.0079128097905));
#8349=CARTESIAN_POINT('Ctrl Pts',(-13.2329101354221,-19.8375912404646,-31.1724581950531));
#8350=CARTESIAN_POINT('Ctrl Pts',(-13.1671499867669,-19.8362971657643,-31.1651734144165));
#8351=CARTESIAN_POINT('Ctrl Pts',(-13.0334894932228,-19.833666900069,-31.1503667663909));
#8352=CARTESIAN_POINT('Ctrl Pts',(-12.9389952951579,-19.8168860372012,-31.0559016595053));
#8353=CARTESIAN_POINT('Ctrl Pts',(-12.8909916669468,-19.8083612566468,-31.0079128097905));
#8354=CARTESIAN_POINT('',(-13.2329101354221,-19.6406740943545,-31.2074387263215));
#8355=CARTESIAN_POINT('',(-13.2329101354221,-19.8375912404646,-31.1724581950531));
#8356=CARTESIAN_POINT('',(-12.8909916669468,-19.6114441105366,-31.0428933410589));
#8357=CARTESIAN_POINT('Ctrl Pts',(-13.2329101354221,-19.6406740943545,-31.2074387263216));
#8358=CARTESIAN_POINT('Ctrl Pts',(-13.1671499867669,-19.6393800196541,-31.2001539456849));
#8359=CARTESIAN_POINT('Ctrl Pts',(-13.0334894932228,-19.6367497539588,-31.1853472976593));
#8360=CARTESIAN_POINT('Ctrl Pts',(-12.9389952951579,-19.619968891091,-31.0908821907737));
#8361=CARTESIAN_POINT('Ctrl Pts',(-12.8909916669468,-19.6114441105366,-31.0428933410589));
#8362=CARTESIAN_POINT('',(-12.8909916669468,-19.8083612566468,-31.0079128097905));
#8363=CARTESIAN_POINT('Ctrl Pts',(-13.5859102994541,-19.8071681923596,-31.0011966506572));
#8364=CARTESIAN_POINT('Ctrl Pts',(-13.5859102994541,-19.6102510462494,-31.0361771819256));
#8365=CARTESIAN_POINT('Ctrl Pts',(-13.5361432650381,-19.8160404745255,-31.0511417035261));
#8366=CARTESIAN_POINT('Ctrl Pts',(-13.5361432650381,-19.6191233284153,-31.0861222347945));
#8367=CARTESIAN_POINT('Ctrl Pts',(-13.4386314495585,-19.8334245190359,-31.1490023222394));
#8368=CARTESIAN_POINT('Ctrl Pts',(-13.4386314495585,-19.6365073729257,-31.1839828535078));
#8369=CARTESIAN_POINT('Ctrl Pts',(-13.3005292269973,-19.8362216696011,-31.1647484211854));
#8370=CARTESIAN_POINT('Ctrl Pts',(-13.3005292269973,-19.6393045234909,-31.1997289524538));
#8371=CARTESIAN_POINT('Ctrl Pts',(-13.2329101354221,-19.8375912404646,-31.1724581950531));
#8372=CARTESIAN_POINT('Ctrl Pts',(-13.2329101354221,-19.6406740943545,-31.2074387263215));
#8373=CARTESIAN_POINT('',(-13.5859102994541,-19.8071681923596,-31.0011966506572));
#8374=CARTESIAN_POINT('Ctrl Pts',(-13.5859102994541,-19.8071681923596,-31.0011966506572));
#8375=CARTESIAN_POINT('Ctrl Pts',(-13.5361432650381,-19.8160404745255,-31.0511417035261));
#8376=CARTESIAN_POINT('Ctrl Pts',(-13.4386314495585,-19.8334245190359,-31.1490023222394));
#8377=CARTESIAN_POINT('Ctrl Pts',(-13.3005292269973,-19.8362216696011,-31.1647484211854));
#8378=CARTESIAN_POINT('Ctrl Pts',(-13.2329101354221,-19.8375912404646,-31.1724581950531));
#8379=CARTESIAN_POINT('',(-13.5859102994541,-19.6102510462494,-31.0361771819256));
#8380=CARTESIAN_POINT('',(-13.5859102994541,-19.8071681923596,-31.0011966506572));
#8381=CARTESIAN_POINT('Ctrl Pts',(-13.5859102994541,-19.6102510462494,-31.0361771819256));
#8382=CARTESIAN_POINT('Ctrl Pts',(-13.5361432650381,-19.6191233284153,-31.0861222347945));
#8383=CARTESIAN_POINT('Ctrl Pts',(-13.4386314495585,-19.6365073729257,-31.1839828535078));
#8384=CARTESIAN_POINT('Ctrl Pts',(-13.3005292269973,-19.6393045234909,-31.1997289524538));
#8385=CARTESIAN_POINT('Ctrl Pts',(-13.2329101354221,-19.6406740943545,-31.2074387263216));
#8386=CARTESIAN_POINT('Ctrl Pts',(-13.7291569501499,-19.7117233360705,-30.4639055338606));
#8387=CARTESIAN_POINT('Ctrl Pts',(-13.7291569501499,-19.5148061899603,-30.498886065129));
#8388=CARTESIAN_POINT('Ctrl Pts',(-13.7271137307212,-19.7310106228339,-30.5724801417337));
#8389=CARTESIAN_POINT('Ctrl Pts',(-13.7271137307212,-19.5340934767237,-30.6074606730021));
#8390=CARTESIAN_POINT('Ctrl Pts',(-13.7235086612132,-19.7650412357122,-30.764049878538));
#8391=CARTESIAN_POINT('Ctrl Pts',(-13.7235086612132,-19.568124089602,-30.7990304098064));
#8392=CARTESIAN_POINT('Ctrl Pts',(-13.6275033625153,-19.794434107869,-30.9295122169081));
#8393=CARTESIAN_POINT('Ctrl Pts',(-13.6275033625153,-19.5975169617588,-30.9644927481765));
#8394=CARTESIAN_POINT('Ctrl Pts',(-13.5859102994541,-19.8071681923596,-31.0011966506572));
#8395=CARTESIAN_POINT('Ctrl Pts',(-13.5859102994541,-19.6102510462494,-31.0361771819256));
#8396=CARTESIAN_POINT('',(-13.7291569501499,-19.7117233360705,-30.4639055338606));
#8397=CARTESIAN_POINT('Ctrl Pts',(-13.7291569501499,-19.7117233360705,-30.4639055338606));
#8398=CARTESIAN_POINT('Ctrl Pts',(-13.7271137307212,-19.7310106228339,-30.5724801417337));
#8399=CARTESIAN_POINT('Ctrl Pts',(-13.7235086612132,-19.7650412357122,-30.764049878538));
#8400=CARTESIAN_POINT('Ctrl Pts',(-13.6275033625153,-19.794434107869,-30.9295122169081));
#8401=CARTESIAN_POINT('Ctrl Pts',(-13.5859102994541,-19.8071681923596,-31.0011966506572));
#8402=CARTESIAN_POINT('',(-13.7291569501499,-19.5148061899603,-30.498886065129));
#8403=CARTESIAN_POINT('',(-13.7291569501499,-19.7117233360705,-30.4639055338606));
#8404=CARTESIAN_POINT('Ctrl Pts',(-13.7291569501499,-19.5148061899603,-30.498886065129));
#8405=CARTESIAN_POINT('Ctrl Pts',(-13.7271137307212,-19.5340934767237,-30.6074606730021));
#8406=CARTESIAN_POINT('Ctrl Pts',(-13.7235086612132,-19.568124089602,-30.7990304098064));
#8407=CARTESIAN_POINT('Ctrl Pts',(-13.6275033625153,-19.5975169617588,-30.9644927481765));
#8408=CARTESIAN_POINT('Ctrl Pts',(-13.5859102994541,-19.6102510462494,-31.0361771819256));
#8409=CARTESIAN_POINT('Ctrl Pts',(-13.5884685308078,-19.6238842809015,-29.969430023235));
#8410=CARTESIAN_POINT('Ctrl Pts',(-13.5884685308078,-19.4269671347913,-30.0044105545034));
#8411=CARTESIAN_POINT('Ctrl Pts',(-13.6293529106351,-19.6356984373912,-30.0359358736409));
#8412=CARTESIAN_POINT('Ctrl Pts',(-13.6293529106351,-19.438781291281,-30.0709164049093));
#8413=CARTESIAN_POINT('Ctrl Pts',(-13.7222400330748,-19.6625395685278,-30.187033605726));
#8414=CARTESIAN_POINT('Ctrl Pts',(-13.7222400330748,-19.4656224224176,-30.2220141369944));
#8415=CARTESIAN_POINT('Ctrl Pts',(-13.7266743841112,-19.6940706810465,-30.3645328164507));
#8416=CARTESIAN_POINT('Ctrl Pts',(-13.7266743841112,-19.4971535349364,-30.3995133477191));
#8417=CARTESIAN_POINT('Ctrl Pts',(-13.7291569501499,-19.7117233360705,-30.4639055338606));
#8418=CARTESIAN_POINT('Ctrl Pts',(-13.7291569501499,-19.5148061899603,-30.498886065129));
#8419=CARTESIAN_POINT('',(-13.5884685308078,-19.6238842809015,-29.969430023235));
#8420=CARTESIAN_POINT('Ctrl Pts',(-13.5884685308078,-19.6238842809015,-29.969430023235));
#8421=CARTESIAN_POINT('Ctrl Pts',(-13.6293529106351,-19.6356984373912,-30.0359358736409));
#8422=CARTESIAN_POINT('Ctrl Pts',(-13.7222400330748,-19.6625395685278,-30.187033605726));
#8423=CARTESIAN_POINT('Ctrl Pts',(-13.7266743841112,-19.6940706810465,-30.3645328164507));
#8424=CARTESIAN_POINT('Ctrl Pts',(-13.7291569501499,-19.7117233360705,-30.4639055338606));
#8425=CARTESIAN_POINT('',(-13.5884685308078,-19.4269671347913,-30.0044105545034));
#8426=CARTESIAN_POINT('',(-13.5884685308078,-19.6238842809015,-29.969430023235));
#8427=CARTESIAN_POINT('Ctrl Pts',(-13.5884685308078,-19.4269671347913,-30.0044105545034));
#8428=CARTESIAN_POINT('Ctrl Pts',(-13.6293529106351,-19.438781291281,-30.0709164049093));
#8429=CARTESIAN_POINT('Ctrl Pts',(-13.7222400330748,-19.4656224224176,-30.2220141369944));
#8430=CARTESIAN_POINT('Ctrl Pts',(-13.7266743841112,-19.4971535349364,-30.3995133477191));
#8431=CARTESIAN_POINT('Ctrl Pts',(-13.7291569501499,-19.5148061899603,-30.498886065129));
#8432=CARTESIAN_POINT('Ctrl Pts',(-13.2465524465182,-19.5951016603554,-29.8074029959146));
#8433=CARTESIAN_POINT('Ctrl Pts',(-13.2465524465182,-19.3981845142452,-29.842383527183));
#8434=CARTESIAN_POINT('Ctrl Pts',(-13.311576850574,-19.5963987805595,-29.814704920714));
#8435=CARTESIAN_POINT('Ctrl Pts',(-13.311576850574,-19.3994816344493,-29.8496854519824));
#8436=CARTESIAN_POINT('Ctrl Pts',(-13.444421688587,-19.5990487967482,-29.8296227508925));
#8437=CARTESIAN_POINT('Ctrl Pts',(-13.444421688587,-19.402131650638,-29.864603282161));
#8438=CARTESIAN_POINT('Ctrl Pts',(-13.5397838767385,-19.6154904352884,-29.9221782502324));
#8439=CARTESIAN_POINT('Ctrl Pts',(-13.5397838767385,-19.4185732891782,-29.9571587815008));
#8440=CARTESIAN_POINT('Ctrl Pts',(-13.5884685308078,-19.6238842809015,-29.969430023235));
#8441=CARTESIAN_POINT('Ctrl Pts',(-13.5884685308078,-19.4269671347913,-30.0044105545034));
#8442=CARTESIAN_POINT('',(-13.2465524465182,-19.5951016603554,-29.8074029959146));
#8443=CARTESIAN_POINT('Ctrl Pts',(-13.2465524465182,-19.5951016603554,-29.8074029959146));
#8444=CARTESIAN_POINT('Ctrl Pts',(-13.311576850574,-19.5963987805595,-29.814704920714));
#8445=CARTESIAN_POINT('Ctrl Pts',(-13.444421688587,-19.5990487967482,-29.8296227508925));
#8446=CARTESIAN_POINT('Ctrl Pts',(-13.5397838767385,-19.6154904352884,-29.9221782502324));
#8447=CARTESIAN_POINT('Ctrl Pts',(-13.5884685308078,-19.6238842809015,-29.969430023235));
#8448=CARTESIAN_POINT('',(-13.2465524465182,-19.3981845142452,-29.842383527183));
#8449=CARTESIAN_POINT('',(-13.2465524465182,-19.5951016603554,-29.8074029959146));
#8450=CARTESIAN_POINT('Ctrl Pts',(-13.2465524465182,-19.3981845142452,-29.842383527183));
#8451=CARTESIAN_POINT('Ctrl Pts',(-13.311576850574,-19.3994816344493,-29.8496854519824));
#8452=CARTESIAN_POINT('Ctrl Pts',(-13.444421688587,-19.402131650638,-29.864603282161));
#8453=CARTESIAN_POINT('Ctrl Pts',(-13.5397838767385,-19.4185732891782,-29.9571587815008));
#8454=CARTESIAN_POINT('Ctrl Pts',(-13.5884685308078,-19.4269671347913,-30.0044105545034));
#8455=CARTESIAN_POINT('Ctrl Pts',(-12.9003710538486,-19.6252264489042,-29.9769855372059));
#8456=CARTESIAN_POINT('Ctrl Pts',(-12.9003710538486,-19.428309302794,-30.0119660684743));
#8457=CARTESIAN_POINT('Ctrl Pts',(-12.9501753075471,-19.616443438884,-29.9275430271945));
#8458=CARTESIAN_POINT('Ctrl Pts',(-12.9501753075471,-19.4195262927738,-29.9625235584629));
#8459=CARTESIAN_POINT('Ctrl Pts',(-13.0463136165644,-19.5994893904097,-29.8321030004279));
#8460=CARTESIAN_POINT('Ctrl Pts',(-13.0463136165644,-19.4025722442995,-29.8670835316963));
#8461=CARTESIAN_POINT('Ctrl Pts',(-13.1814319084596,-19.5965286130701,-29.8154357914734));
#8462=CARTESIAN_POINT('Ctrl Pts',(-13.1814319084596,-19.3996114669599,-29.8504163227418));
#8463=CARTESIAN_POINT('Ctrl Pts',(-13.2465524465182,-19.5951016603554,-29.8074029959146));
#8464=CARTESIAN_POINT('Ctrl Pts',(-13.2465524465182,-19.3981845142452,-29.842383527183));
#8465=CARTESIAN_POINT('',(-12.9003710538486,-19.6252264489042,-29.9769855372059));
#8466=CARTESIAN_POINT('Ctrl Pts',(-12.9003710538486,-19.6252264489042,-29.9769855372059));
#8467=CARTESIAN_POINT('Ctrl Pts',(-12.9501753075471,-19.616443438884,-29.9275430271945));
#8468=CARTESIAN_POINT('Ctrl Pts',(-13.0463136165644,-19.5994893904097,-29.8321030004279));
#8469=CARTESIAN_POINT('Ctrl Pts',(-13.1814319084596,-19.5965286130701,-29.8154357914734));
#8470=CARTESIAN_POINT('Ctrl Pts',(-13.2465524465182,-19.5951016603554,-29.8074029959146));
#8471=CARTESIAN_POINT('',(-12.9003710538486,-19.428309302794,-30.0119660684743));
#8472=CARTESIAN_POINT('',(-12.9003710538486,-19.6252264489042,-29.9769855372059));
#8473=CARTESIAN_POINT('Ctrl Pts',(-12.9003710538486,-19.428309302794,-30.0119660684743));
#8474=CARTESIAN_POINT('Ctrl Pts',(-12.9501753075471,-19.4195262927738,-29.9625235584629));
#8475=CARTESIAN_POINT('Ctrl Pts',(-13.0463136165644,-19.4025722442995,-29.8670835316963));
#8476=CARTESIAN_POINT('Ctrl Pts',(-13.1814319084596,-19.3996114669599,-29.8504163227419));
#8477=CARTESIAN_POINT('Ctrl Pts',(-13.2465524465182,-19.3981845142452,-29.842383527183));
#8478=CARTESIAN_POINT('Ctrl Pts',(-12.7537150174716,-19.7161973336632,-30.4890911672889));
#8479=CARTESIAN_POINT('Ctrl Pts',(-12.7537150174716,-19.519280187553,-30.5240716985573));
#8480=CARTESIAN_POINT('Ctrl Pts',(-12.7564321631366,-19.6979696016881,-30.3864811487891));
#8481=CARTESIAN_POINT('Ctrl Pts',(-12.7564321631366,-19.501052455578,-30.4214616800575));
#8482=CARTESIAN_POINT('Ctrl Pts',(-12.7613015893467,-19.6653034855596,-30.2025926219629));
#8483=CARTESIAN_POINT('Ctrl Pts',(-12.7613015893467,-19.4683863394494,-30.2375731532313));
#8484=CARTESIAN_POINT('Ctrl Pts',(-12.8577437392506,-19.637510787927,-30.0461382028317));
#8485=CARTESIAN_POINT('Ctrl Pts',(-12.8577437392506,-19.4405936418168,-30.0811187341001));
#8486=CARTESIAN_POINT('Ctrl Pts',(-12.9003710538486,-19.6252264489042,-29.9769855372059));
#8487=CARTESIAN_POINT('Ctrl Pts',(-12.9003710538486,-19.428309302794,-30.0119660684743));
#8488=CARTESIAN_POINT('',(-12.7537150174716,-19.7161973336632,-30.4890911672889));
#8489=CARTESIAN_POINT('Ctrl Pts',(-12.7537150174716,-19.7161973336632,-30.4890911672889));
#8490=CARTESIAN_POINT('Ctrl Pts',(-12.7564321631366,-19.6979696016881,-30.3864811487891));
#8491=CARTESIAN_POINT('Ctrl Pts',(-12.7613015893467,-19.6653034855596,-30.2025926219629));
#8492=CARTESIAN_POINT('Ctrl Pts',(-12.8577437392506,-19.637510787927,-30.0461382028317));
#8493=CARTESIAN_POINT('Ctrl Pts',(-12.9003710538486,-19.6252264489042,-29.9769855372059));
#8494=CARTESIAN_POINT('',(-12.7537150174716,-19.519280187553,-30.5240716985573));
#8495=CARTESIAN_POINT('',(-12.7537150174716,-19.7161973336632,-30.4890911672889));
#8496=CARTESIAN_POINT('Ctrl Pts',(-12.7537150174716,-19.519280187553,-30.5240716985573));
#8497=CARTESIAN_POINT('Ctrl Pts',(-12.7564321631366,-19.501052455578,-30.4214616800575));
#8498=CARTESIAN_POINT('Ctrl Pts',(-12.7613015893467,-19.4683863394494,-30.2375731532313));
#8499=CARTESIAN_POINT('Ctrl Pts',(-12.8577437392506,-19.4405936418168,-30.0811187341001));
#8500=CARTESIAN_POINT('Ctrl Pts',(-12.9003710538486,-19.428309302794,-30.0119660684743));
#8501=CARTESIAN_POINT('Ctrl Pts',(-12.8909916669468,-19.8083612566468,-31.0079128097905));
#8502=CARTESIAN_POINT('Ctrl Pts',(-12.8909916669468,-19.6114441105366,-31.0428933410589));
#8503=CARTESIAN_POINT('Ctrl Pts',(-12.8511373570646,-19.796085402834,-30.9388079102584));
#8504=CARTESIAN_POINT('Ctrl Pts',(-12.8511373570646,-19.5991682567238,-30.9737884415268));
#8505=CARTESIAN_POINT('Ctrl Pts',(-12.7589233603367,-19.7676818111855,-30.7789145637627));
#8506=CARTESIAN_POINT('Ctrl Pts',(-12.7589233603367,-19.5707646650753,-30.8138950950311));
#8507=CARTESIAN_POINT('Ctrl Pts',(-12.7556013026838,-19.7348432659923,-30.5940553758837));
#8508=CARTESIAN_POINT('Ctrl Pts',(-12.7556013026838,-19.5379261198821,-30.6290359071521));
#8509=CARTESIAN_POINT('Ctrl Pts',(-12.7537150174716,-19.7161973336632,-30.4890911672889));
#8510=CARTESIAN_POINT('Ctrl Pts',(-12.7537150174716,-19.519280187553,-30.5240716985573));
#8511=CARTESIAN_POINT('Ctrl Pts',(-12.8909916669468,-19.8083612566468,-31.0079128097905));
#8512=CARTESIAN_POINT('Ctrl Pts',(-12.8511373570646,-19.796085402834,-30.9388079102584));
#8513=CARTESIAN_POINT('Ctrl Pts',(-12.7589233603367,-19.7676818111855,-30.7789145637627));
#8514=CARTESIAN_POINT('Ctrl Pts',(-12.7556013026838,-19.7348432659923,-30.5940553758837));
#8515=CARTESIAN_POINT('Ctrl Pts',(-12.7537150174716,-19.7161973336632,-30.4890911672889));
#8516=CARTESIAN_POINT('Ctrl Pts',(-12.8909916669468,-19.6114441105366,-31.0428933410589));
#8517=CARTESIAN_POINT('Ctrl Pts',(-12.8511373570646,-19.5991682567238,-30.9737884415268));
#8518=CARTESIAN_POINT('Ctrl Pts',(-12.7589233603367,-19.5707646650753,-30.8138950950311));
#8519=CARTESIAN_POINT('Ctrl Pts',(-12.7556013026838,-19.5379261198821,-30.6290359071521));
#8520=CARTESIAN_POINT('Ctrl Pts',(-12.7537150174716,-19.519280187553,-30.5240716985573));
#8521=CARTESIAN_POINT('Origin',(-14.0088314801792,-19.9953734386196,-32.0606671227353));
#8522=CARTESIAN_POINT('',(-14.0088314801792,-19.9953734386196,-32.0606671227353));
#8523=CARTESIAN_POINT('',(-14.0088314801791,-19.5581167977644,-29.599202796358));
#8524=CARTESIAN_POINT('',(-14.0088314801794,-20.6561383519325,-35.7803344994404));
#8525=CARTESIAN_POINT('',(-14.0088314801792,-19.7984562925094,-32.0956476540037));
#8526=CARTESIAN_POINT('',(-14.0088314801792,-19.9953734386196,-32.0606671227353));
#8527=CARTESIAN_POINT('',(-14.0088314801791,-19.3611996516543,-29.6341833276264));
#8528=CARTESIAN_POINT('',(-14.0088314801792,-19.7984562925094,-32.0956476540037));
#8529=CARTESIAN_POINT('',(-14.0088314801791,-19.5581167977644,-29.599202796358));
#8530=CARTESIAN_POINT('Origin',(-13.7035770207981,-19.9953734386196,-32.0606671227353));
#8531=CARTESIAN_POINT('',(-13.7035770207981,-19.9953734386196,-32.0606671227353));
#8532=CARTESIAN_POINT('',(25.8982114896011,-19.9953734386216,-32.0606671227367));
#8533=CARTESIAN_POINT('',(-13.7035770207981,-19.7984562925094,-32.0956476540037));
#8534=CARTESIAN_POINT('',(-13.7035770207981,-19.9953734386196,-32.0606671227353));
#8535=CARTESIAN_POINT('',(-13.7035770207981,-19.7984562925094,-32.0956476540037));
#8536=CARTESIAN_POINT('Origin',(-13.7035770207981,-19.8384860191332,-31.177495204367));
#8537=CARTESIAN_POINT('',(-13.7035770207981,-19.8384860191332,-31.177495204367));
#8538=CARTESIAN_POINT('',(-13.7035770207983,-20.5776946421893,-35.3387485402563));
#8539=CARTESIAN_POINT('',(-13.7035770207981,-19.641568873023,-31.2124757356354));
#8540=CARTESIAN_POINT('',(-13.7035770207981,-19.8384860191332,-31.177495204367));
#8541=CARTESIAN_POINT('',(-13.7035770207981,-19.641568873023,-31.2124757356354));
#8542=CARTESIAN_POINT('Ctrl Pts',(-13.4955282003025,-19.8699530017473,-31.3546334063438));
#8543=CARTESIAN_POINT('Ctrl Pts',(-13.4955282003025,-19.6730358556371,-31.3896139376122));
#8544=CARTESIAN_POINT('Ctrl Pts',(-13.5359533529659,-19.8656743834244,-31.3305476283725));
#8545=CARTESIAN_POINT('Ctrl Pts',(-13.5359533529659,-19.6687572373142,-31.3655281596409));
#8546=CARTESIAN_POINT('Ctrl Pts',(-13.6155481977389,-19.8572500253497,-31.2831240904867));
#8547=CARTESIAN_POINT('Ctrl Pts',(-13.6155481977389,-19.6603328792395,-31.3181046217552));
#8548=CARTESIAN_POINT('Ctrl Pts',(-13.6745442641646,-19.8446745697354,-31.2123326319005));
#8549=CARTESIAN_POINT('Ctrl Pts',(-13.6745442641646,-19.6477574236252,-31.2473131631689));
#8550=CARTESIAN_POINT('Ctrl Pts',(-13.7035770207981,-19.8384860191332,-31.177495204367));
#8551=CARTESIAN_POINT('Ctrl Pts',(-13.7035770207981,-19.641568873023,-31.2124757356354));
#8552=CARTESIAN_POINT('',(-13.4955282003025,-19.8699530017473,-31.3546334063438));
#8553=CARTESIAN_POINT('Ctrl Pts',(-13.4955282003025,-19.8699530017473,-31.3546334063438));
#8554=CARTESIAN_POINT('Ctrl Pts',(-13.5359533529659,-19.8656743834244,-31.3305476283725));
#8555=CARTESIAN_POINT('Ctrl Pts',(-13.6155481977389,-19.8572500253497,-31.2831240904867));
#8556=CARTESIAN_POINT('Ctrl Pts',(-13.6745442641646,-19.8446745697354,-31.2123326319005));
#8557=CARTESIAN_POINT('Ctrl Pts',(-13.7035770207981,-19.8384860191332,-31.177495204367));
#8558=CARTESIAN_POINT('',(-13.4955282003025,-19.6730358556371,-31.3896139376122));
#8559=CARTESIAN_POINT('',(-13.4955282003025,-19.8699530017473,-31.3546334063438));
#8560=CARTESIAN_POINT('Ctrl Pts',(-13.4955282003025,-19.6730358556371,-31.3896139376122));
#8561=CARTESIAN_POINT('Ctrl Pts',(-13.5359533529659,-19.6687572373142,-31.3655281596409));
#8562=CARTESIAN_POINT('Ctrl Pts',(-13.6155481977389,-19.6603328792395,-31.3181046217552));
#8563=CARTESIAN_POINT('Ctrl Pts',(-13.6745442641646,-19.6477574236252,-31.2473131631689));
#8564=CARTESIAN_POINT('Ctrl Pts',(-13.7035770207981,-19.641568873023,-31.2124757356354));
#8565=CARTESIAN_POINT('Ctrl Pts',(-13.2039184362034,-19.8820327222725,-31.422634205799));
#8566=CARTESIAN_POINT('Ctrl Pts',(-13.2039184362034,-19.6851155761623,-31.4576147370675));
#8567=CARTESIAN_POINT('Ctrl Pts',(-13.2562881473438,-19.8815950115243,-31.4201701851505));
#8568=CARTESIAN_POINT('Ctrl Pts',(-13.2562881473438,-19.6846778654142,-31.4551507164189));
#8569=CARTESIAN_POINT('Ctrl Pts',(-13.3578694747706,-19.8807459856685,-31.4153907337685));
#8570=CARTESIAN_POINT('Ctrl Pts',(-13.3578694747706,-19.6838288395583,-31.4503712650369));
#8571=CARTESIAN_POINT('Ctrl Pts',(-13.4506029656561,-19.8734753163214,-31.3744616967809));
#8572=CARTESIAN_POINT('Ctrl Pts',(-13.4506029656561,-19.6765581702112,-31.4094422280493));
#8573=CARTESIAN_POINT('Ctrl Pts',(-13.4955282003025,-19.8699530017473,-31.3546334063438));
#8574=CARTESIAN_POINT('Ctrl Pts',(-13.4955282003025,-19.6730358556371,-31.3896139376122));
#8575=CARTESIAN_POINT('',(-13.2039184362034,-19.8820327222725,-31.422634205799));
#8576=CARTESIAN_POINT('Ctrl Pts',(-13.2039184362034,-19.8820327222725,-31.422634205799));
#8577=CARTESIAN_POINT('Ctrl Pts',(-13.2562881473438,-19.8815950115243,-31.4201701851505));
#8578=CARTESIAN_POINT('Ctrl Pts',(-13.3578694747706,-19.8807459856685,-31.4153907337685));
#8579=CARTESIAN_POINT('Ctrl Pts',(-13.4506029656561,-19.8734753163214,-31.3744616967809));
#8580=CARTESIAN_POINT('Ctrl Pts',(-13.4955282003025,-19.8699530017473,-31.3546334063438));
#8581=CARTESIAN_POINT('',(-13.2039184362034,-19.6851155761623,-31.4576147370675));
#8582=CARTESIAN_POINT('',(-13.2039184362034,-19.8820327222725,-31.422634205799));
#8583=CARTESIAN_POINT('Ctrl Pts',(-13.2039184362034,-19.6851155761623,-31.4576147370675));
#8584=CARTESIAN_POINT('Ctrl Pts',(-13.2562881473438,-19.6846778654142,-31.4551507164189));
#8585=CARTESIAN_POINT('Ctrl Pts',(-13.3578694747706,-19.6838288395583,-31.4503712650369));
#8586=CARTESIAN_POINT('Ctrl Pts',(-13.4506029656561,-19.6765581702112,-31.4094422280493));
#8587=CARTESIAN_POINT('Ctrl Pts',(-13.4955282003025,-19.6730358556371,-31.3896139376122));
#8588=CARTESIAN_POINT('Ctrl Pts',(-12.7997584134678,-19.8614524480213,-31.3067809375736));
#8589=CARTESIAN_POINT('Ctrl Pts',(-12.7997584134678,-19.6645353019111,-31.341761468842));
#8590=CARTESIAN_POINT('Ctrl Pts',(-12.8621310519714,-19.8674548860311,-31.3405706748857));
#8591=CARTESIAN_POINT('Ctrl Pts',(-12.8621310519714,-19.6705377399209,-31.3755512061541));
#8592=CARTESIAN_POINT('Ctrl Pts',(-12.9880533552864,-19.8795730333123,-31.4087877914424));
#8593=CARTESIAN_POINT('Ctrl Pts',(-12.9880533552864,-19.6826558872021,-31.4437683227108));
#8594=CARTESIAN_POINT('Ctrl Pts',(-13.1315164145618,-19.881207732642,-31.417990062394));
#8595=CARTESIAN_POINT('Ctrl Pts',(-13.1315164145618,-19.6842905865319,-31.4529705936625));
#8596=CARTESIAN_POINT('Ctrl Pts',(-13.2039184362034,-19.8820327222725,-31.422634205799));
#8597=CARTESIAN_POINT('Ctrl Pts',(-13.2039184362034,-19.6851155761623,-31.4576147370675));
#8598=CARTESIAN_POINT('',(-12.7997584134678,-19.8614524480213,-31.3067809375736));
#8599=CARTESIAN_POINT('Ctrl Pts',(-12.7997584134678,-19.8614524480213,-31.3067809375736));
#8600=CARTESIAN_POINT('Ctrl Pts',(-12.8621310519714,-19.8674548860311,-31.3405706748857));
#8601=CARTESIAN_POINT('Ctrl Pts',(-12.9880533552864,-19.8795730333123,-31.4087877914424));
#8602=CARTESIAN_POINT('Ctrl Pts',(-13.1315164145618,-19.881207732642,-31.417990062394));
#8603=CARTESIAN_POINT('Ctrl Pts',(-13.2039184362034,-19.8820327222725,-31.422634205799));
#8604=CARTESIAN_POINT('',(-12.7997584134678,-19.6645353019111,-31.341761468842));
#8605=CARTESIAN_POINT('',(-12.7997584134678,-19.8614524480213,-31.3067809375736));
#8606=CARTESIAN_POINT('Ctrl Pts',(-12.7997584134678,-19.6645353019111,-31.3417614688421));
#8607=CARTESIAN_POINT('Ctrl Pts',(-12.8621310519714,-19.6705377399209,-31.3755512061541));
#8608=CARTESIAN_POINT('Ctrl Pts',(-12.9880533552864,-19.6826558872021,-31.4437683227108));
#8609=CARTESIAN_POINT('Ctrl Pts',(-13.1315164145618,-19.6842905865319,-31.4529705936625));
#8610=CARTESIAN_POINT('Ctrl Pts',(-13.2039184362034,-19.6851155761623,-31.4576147370675));
#8611=CARTESIAN_POINT('Ctrl Pts',(-12.5286121160129,-19.8022468054327,-30.973492512572));
#8612=CARTESIAN_POINT('Ctrl Pts',(-12.5286121160129,-19.6053296593225,-31.0084730438404));
#8613=CARTESIAN_POINT('Ctrl Pts',(-12.5616520564805,-19.8142710064379,-31.0411807740233));
#8614=CARTESIAN_POINT('Ctrl Pts',(-12.5616520564805,-19.6173538603277,-31.0761613052918));
#8615=CARTESIAN_POINT('Ctrl Pts',(-12.6259921935689,-19.8376862647617,-31.172993118701));
#8616=CARTESIAN_POINT('Ctrl Pts',(-12.6259921935689,-19.6407691186515,-31.2079736499694));
#8617=CARTESIAN_POINT('Ctrl Pts',(-12.7428899706472,-19.8536744930508,-31.2629962196228));
#8618=CARTESIAN_POINT('Ctrl Pts',(-12.7428899706472,-19.6567573469407,-31.2979767508913));
#8619=CARTESIAN_POINT('Ctrl Pts',(-12.7997584134678,-19.8614524480213,-31.3067809375736));
#8620=CARTESIAN_POINT('Ctrl Pts',(-12.7997584134678,-19.6645353019111,-31.341761468842));
#8621=CARTESIAN_POINT('',(-12.5286121160129,-19.8022468054327,-30.973492512572));
#8622=CARTESIAN_POINT('Ctrl Pts',(-12.5286121160129,-19.8022468054327,-30.973492512572));
#8623=CARTESIAN_POINT('Ctrl Pts',(-12.5616520564805,-19.8142710064379,-31.0411807740233));
#8624=CARTESIAN_POINT('Ctrl Pts',(-12.6259921935689,-19.8376862647617,-31.172993118701));
#8625=CARTESIAN_POINT('Ctrl Pts',(-12.7428899706472,-19.8536744930508,-31.2629962196228));
#8626=CARTESIAN_POINT('Ctrl Pts',(-12.7997584134678,-19.8614524480213,-31.3067809375736));
#8627=CARTESIAN_POINT('',(-12.5286121160129,-19.6053296593225,-31.0084730438404));
#8628=CARTESIAN_POINT('',(-12.5286121160129,-19.8022468054327,-30.973492512572));
#8629=CARTESIAN_POINT('Ctrl Pts',(-12.5286121160129,-19.6053296593225,-31.0084730438405));
#8630=CARTESIAN_POINT('Ctrl Pts',(-12.5616520564805,-19.6173538603277,-31.0761613052918));
#8631=CARTESIAN_POINT('Ctrl Pts',(-12.6259921935689,-19.6407691186515,-31.2079736499694));
#8632=CARTESIAN_POINT('Ctrl Pts',(-12.7428899706472,-19.6567573469407,-31.2979767508913));
#8633=CARTESIAN_POINT('Ctrl Pts',(-12.7997584134678,-19.6645353019111,-31.3417614688421));
#8634=CARTESIAN_POINT('Ctrl Pts',(-12.4382300168613,-19.7161973336632,-30.4890911672889));
#8635=CARTESIAN_POINT('Ctrl Pts',(-12.4382300168613,-19.519280187553,-30.5240716985573));
#8636=CARTESIAN_POINT('Ctrl Pts',(-12.4414761042051,-19.7314123459867,-30.5747415761345));
#8637=CARTESIAN_POINT('Ctrl Pts',(-12.4414761042051,-19.5344951998765,-30.6097221074029));
#8638=CARTESIAN_POINT('Ctrl Pts',(-12.4477619861264,-19.760875438247,-30.7405992070252));
#8639=CARTESIAN_POINT('Ctrl Pts',(-12.4477619861264,-19.5639582921368,-30.7755797382936));
#8640=CARTESIAN_POINT('Ctrl Pts',(-12.5022582331125,-19.7887614076012,-30.8975786839697));
#8641=CARTESIAN_POINT('Ctrl Pts',(-12.5022582331125,-19.5918442614911,-30.9325592152381));
#8642=CARTESIAN_POINT('Ctrl Pts',(-12.5286121160129,-19.8022468054327,-30.973492512572));
#8643=CARTESIAN_POINT('Ctrl Pts',(-12.5286121160129,-19.6053296593225,-31.0084730438404));
#8644=CARTESIAN_POINT('',(-12.4382300168613,-19.7161973336632,-30.4890911672889));
#8645=CARTESIAN_POINT('Ctrl Pts',(-12.4382300168613,-19.7161973336632,-30.4890911672889));
#8646=CARTESIAN_POINT('Ctrl Pts',(-12.4414761042051,-19.7314123459867,-30.5747415761345));
#8647=CARTESIAN_POINT('Ctrl Pts',(-12.4477619861264,-19.760875438247,-30.7405992070252));
#8648=CARTESIAN_POINT('Ctrl Pts',(-12.5022582331125,-19.7887614076012,-30.8975786839697));
#8649=CARTESIAN_POINT('Ctrl Pts',(-12.5286121160129,-19.8022468054327,-30.973492512572));
#8650=CARTESIAN_POINT('',(-12.4382300168613,-19.519280187553,-30.5240716985573));
#8651=CARTESIAN_POINT('',(-12.4382300168613,-19.7161973336632,-30.4890911672889));
#8652=CARTESIAN_POINT('Ctrl Pts',(-12.4382300168613,-19.519280187553,-30.5240716985574));
#8653=CARTESIAN_POINT('Ctrl Pts',(-12.4414761042051,-19.5344951998765,-30.6097221074029));
#8654=CARTESIAN_POINT('Ctrl Pts',(-12.4477619861264,-19.5639582921368,-30.7755797382936));
#8655=CARTESIAN_POINT('Ctrl Pts',(-12.5022582331125,-19.5918442614911,-30.9325592152381));
#8656=CARTESIAN_POINT('Ctrl Pts',(-12.5286121160129,-19.6053296593225,-31.0084730438405));
#8657=CARTESIAN_POINT('Ctrl Pts',(-12.5379915029147,-19.6301478358312,-30.0046896752911));
#8658=CARTESIAN_POINT('Ctrl Pts',(-12.5379915029147,-19.433230689721,-30.0396702065595));
#8659=CARTESIAN_POINT('Ctrl Pts',(-12.5089077154605,-19.6434068982494,-30.0793293859196));
#8660=CARTESIAN_POINT('Ctrl Pts',(-12.5089077154605,-19.4464897521393,-30.114309917188));
#8661=CARTESIAN_POINT('Ctrl Pts',(-12.448179516718,-19.6710923906889,-30.2351803110529));
#8662=CARTESIAN_POINT('Ctrl Pts',(-12.448179516718,-19.4741752445787,-30.2701608423213));
#8663=CARTESIAN_POINT('Ctrl Pts',(-12.4416384521699,-19.700745574033,-30.4021080284277));
#8664=CARTESIAN_POINT('Ctrl Pts',(-12.4416384521699,-19.5038284279228,-30.4370885596961));
#8665=CARTESIAN_POINT('Ctrl Pts',(-12.4382300168613,-19.7161973336632,-30.4890911672889));
#8666=CARTESIAN_POINT('Ctrl Pts',(-12.4382300168613,-19.519280187553,-30.5240716985573));
#8667=CARTESIAN_POINT('',(-12.5379915029147,-19.6301478358312,-30.0046896752911));
#8668=CARTESIAN_POINT('Ctrl Pts',(-12.5379915029147,-19.6301478358312,-30.0046896752911));
#8669=CARTESIAN_POINT('Ctrl Pts',(-12.5089077154605,-19.6434068982494,-30.0793293859196));
#8670=CARTESIAN_POINT('Ctrl Pts',(-12.448179516718,-19.6710923906889,-30.2351803110529));
#8671=CARTESIAN_POINT('Ctrl Pts',(-12.4416384521699,-19.700745574033,-30.4021080284277));
#8672=CARTESIAN_POINT('Ctrl Pts',(-12.4382300168613,-19.7161973336632,-30.4890911672889));
#8673=CARTESIAN_POINT('',(-12.5379915029147,-19.433230689721,-30.0396702065595));
#8674=CARTESIAN_POINT('',(-12.5379915029147,-19.6301478358312,-30.0046896752911));
#8675=CARTESIAN_POINT('Ctrl Pts',(-12.5379915029147,-19.433230689721,-30.0396702065595));
#8676=CARTESIAN_POINT('Ctrl Pts',(-12.5089077154605,-19.4464897521393,-30.114309917188));
#8677=CARTESIAN_POINT('Ctrl Pts',(-12.448179516718,-19.4741752445787,-30.2701608423213));
#8678=CARTESIAN_POINT('Ctrl Pts',(-12.4416384521699,-19.5038284279228,-30.4370885596961));
#8679=CARTESIAN_POINT('Ctrl Pts',(-12.4382300168613,-19.519280187553,-30.5240716985574));
#8680=CARTESIAN_POINT('Ctrl Pts',(-12.8193683415988,-19.5718369979736,-29.6764384063181));
#8681=CARTESIAN_POINT('Ctrl Pts',(-12.8193683415988,-19.3749198518634,-29.7114189375865));
#8682=CARTESIAN_POINT('Ctrl Pts',(-12.7618944369265,-19.5796179563942,-29.7202400316972));
#8683=CARTESIAN_POINT('Ctrl Pts',(-12.7618944369265,-19.382700810284,-29.7552205629656));
#8684=CARTESIAN_POINT('Ctrl Pts',(-12.6443671854364,-19.5955290844503,-29.8098091095414));
#8685=CARTESIAN_POINT('Ctrl Pts',(-12.6443671854364,-19.3986119383401,-29.8447896408098));
#8686=CARTESIAN_POINT('Ctrl Pts',(-12.5739651161153,-19.6184406341274,-29.9387859092573));
#8687=CARTESIAN_POINT('Ctrl Pts',(-12.5739651161153,-19.4215234880172,-29.9737664405258));
#8688=CARTESIAN_POINT('Ctrl Pts',(-12.5379915029147,-19.6301478358312,-30.0046896752911));
#8689=CARTESIAN_POINT('Ctrl Pts',(-12.5379915029147,-19.433230689721,-30.0396702065595));
#8690=CARTESIAN_POINT('',(-12.8193683415988,-19.5718369979736,-29.6764384063181));
#8691=CARTESIAN_POINT('Ctrl Pts',(-12.8193683415988,-19.5718369979736,-29.6764384063181));
#8692=CARTESIAN_POINT('Ctrl Pts',(-12.7618944369265,-19.5796179563942,-29.7202400316972));
#8693=CARTESIAN_POINT('Ctrl Pts',(-12.6443671854364,-19.5955290844503,-29.8098091095414));
#8694=CARTESIAN_POINT('Ctrl Pts',(-12.5739651161153,-19.6184406341274,-29.9387859092573));
#8695=CARTESIAN_POINT('Ctrl Pts',(-12.5379915029147,-19.6301478358312,-30.0046896752911));
#8696=CARTESIAN_POINT('',(-12.8193683415988,-19.3749198518634,-29.7114189375865));
#8697=CARTESIAN_POINT('',(-12.8193683415988,-19.5718369979736,-29.6764384063181));
#8698=CARTESIAN_POINT('Ctrl Pts',(-12.8193683415988,-19.3749198518634,-29.7114189375865));
#8699=CARTESIAN_POINT('Ctrl Pts',(-12.7618944369265,-19.382700810284,-29.7552205629656));
#8700=CARTESIAN_POINT('Ctrl Pts',(-12.6443671854364,-19.3986119383401,-29.8447896408098));
#8701=CARTESIAN_POINT('Ctrl Pts',(-12.5739651161153,-19.4215234880172,-29.9737664405258));
#8702=CARTESIAN_POINT('Ctrl Pts',(-12.5379915029147,-19.433230689721,-30.0396702065595));
#8703=CARTESIAN_POINT('Ctrl Pts',(-13.2175607472995,-19.5509584120412,-29.5589058415586));
#8704=CARTESIAN_POINT('Ctrl Pts',(-13.2175607472995,-19.354041265931,-29.593886372827));
#8705=CARTESIAN_POINT('Ctrl Pts',(-13.1467979294049,-19.5518316193402,-29.5638214183968));
#8706=CARTESIAN_POINT('Ctrl Pts',(-13.1467979294049,-19.35491447323,-29.5988019496652));
#8707=CARTESIAN_POINT('Ctrl Pts',(-13.0051391405669,-19.5535796770359,-29.5736618216207));
#8708=CARTESIAN_POINT('Ctrl Pts',(-13.0051391405669,-19.3566625309257,-29.6086423528891));
#8709=CARTESIAN_POINT('Ctrl Pts',(-12.881330732746,-19.5657474119486,-29.6421580835916));
#8710=CARTESIAN_POINT('Ctrl Pts',(-12.881330732746,-19.3688302658384,-29.67713861486));
#8711=CARTESIAN_POINT('Ctrl Pts',(-12.8193683415988,-19.5718369979736,-29.6764384063181));
#8712=CARTESIAN_POINT('Ctrl Pts',(-12.8193683415988,-19.3749198518634,-29.7114189375865));
#8713=CARTESIAN_POINT('',(-13.2175607472995,-19.5509584120412,-29.5589058415586));
#8714=CARTESIAN_POINT('Ctrl Pts',(-13.2175607472995,-19.5509584120412,-29.5589058415586));
#8715=CARTESIAN_POINT('Ctrl Pts',(-13.1467979294049,-19.5518316193402,-29.5638214183968));
#8716=CARTESIAN_POINT('Ctrl Pts',(-13.0051391405669,-19.5535796770359,-29.5736618216207));
#8717=CARTESIAN_POINT('Ctrl Pts',(-12.881330732746,-19.5657474119486,-29.6421580835916));
#8718=CARTESIAN_POINT('Ctrl Pts',(-12.8193683415988,-19.5718369979736,-29.6764384063181));
#8719=CARTESIAN_POINT('',(-13.2175607472995,-19.354041265931,-29.593886372827));
#8720=CARTESIAN_POINT('',(-13.2175607472995,-19.5509584120412,-29.5589058415586));
#8721=CARTESIAN_POINT('Ctrl Pts',(-13.2175607472995,-19.354041265931,-29.593886372827));
#8722=CARTESIAN_POINT('Ctrl Pts',(-13.1467979294049,-19.35491447323,-29.5988019496652));
#8723=CARTESIAN_POINT('Ctrl Pts',(-13.0051391405669,-19.3566625309257,-29.6086423528891));
#8724=CARTESIAN_POINT('Ctrl Pts',(-12.881330732746,-19.3688302658384,-29.67713861486));
#8725=CARTESIAN_POINT('Ctrl Pts',(-12.8193683415988,-19.3749198518634,-29.7114189375865));
#8726=CARTESIAN_POINT('Ctrl Pts',(-13.7240428716281,-19.5980843080421,-29.8241933203903));
#8727=CARTESIAN_POINT('Ctrl Pts',(-13.7240428716281,-19.4011671619319,-29.8591738516587));
#8728=CARTESIAN_POINT('Ctrl Pts',(-13.6591523188898,-19.584339940201,-29.746821662722));
#8729=CARTESIAN_POINT('Ctrl Pts',(-13.6591523188898,-19.3874227940908,-29.7818021939904));
#8730=CARTESIAN_POINT('Ctrl Pts',(-13.5276139865899,-19.556479009017,-29.5899831340378));
#8731=CARTESIAN_POINT('Ctrl Pts',(-13.5276139865899,-19.3595618629068,-29.6249636653063));
#8732=CARTESIAN_POINT('Ctrl Pts',(-13.3218281944506,-19.5528149272472,-29.5693567884947));
#8733=CARTESIAN_POINT('Ctrl Pts',(-13.3218281944506,-19.355897781137,-29.6043373197631));
#8734=CARTESIAN_POINT('Ctrl Pts',(-13.2175607472995,-19.5509584120412,-29.5589058415586));
#8735=CARTESIAN_POINT('Ctrl Pts',(-13.2175607472995,-19.354041265931,-29.593886372827));
#8736=CARTESIAN_POINT('',(-13.7240428716281,-19.5980843080421,-29.8241933203903));
#8737=CARTESIAN_POINT('Ctrl Pts',(-13.7240428716281,-19.5980843080421,-29.8241933203903));
#8738=CARTESIAN_POINT('Ctrl Pts',(-13.6591523188898,-19.584339940201,-29.746821662722));
#8739=CARTESIAN_POINT('Ctrl Pts',(-13.5276139865899,-19.556479009017,-29.5899831340378));
#8740=CARTESIAN_POINT('Ctrl Pts',(-13.3218281944506,-19.5528149272472,-29.5693567884947));
#8741=CARTESIAN_POINT('Ctrl Pts',(-13.2175607472995,-19.5509584120412,-29.5589058415586));
#8742=CARTESIAN_POINT('',(-13.7240428716281,-19.4011671619319,-29.8591738516587));
#8743=CARTESIAN_POINT('',(-13.7240428716281,-19.5980843080421,-29.8241933203903));
#8744=CARTESIAN_POINT('Ctrl Pts',(-13.7240428716281,-19.4011671619319,-29.8591738516587));
#8745=CARTESIAN_POINT('Ctrl Pts',(-13.6591523188898,-19.3874227940908,-29.7818021939904));
#8746=CARTESIAN_POINT('Ctrl Pts',(-13.5276139865899,-19.3595618629068,-29.6249636653063));
#8747=CARTESIAN_POINT('Ctrl Pts',(-13.3218281944506,-19.355897781137,-29.6043373197631));
#8748=CARTESIAN_POINT('Ctrl Pts',(-13.2175607472995,-19.354041265931,-29.593886372827));
#8749=CARTESIAN_POINT('Origin',(-13.7240428716281,-19.5581167977644,-29.599202796358));
#8750=CARTESIAN_POINT('',(-13.7240428716281,-19.5581167977644,-29.599202796358));
#8751=CARTESIAN_POINT('',(-13.7240428716283,-20.4375100315049,-34.5496023362518));
#8752=CARTESIAN_POINT('',(-13.7240428716281,-19.3611996516543,-29.6341833276264));
#8753=CARTESIAN_POINT('',(-13.7240428716281,-19.5581167977644,-29.599202796358));
#8754=CARTESIAN_POINT('',(-13.7240428716281,-19.3611996516543,-29.6341833276264));
#8755=CARTESIAN_POINT('Origin',(-14.0088314801791,-19.5581167977644,-29.599202796358));
#8756=CARTESIAN_POINT('',(25.7455842599107,-19.5581167977663,-29.5992027963594));
#8757=CARTESIAN_POINT('',(-14.0088314801791,-19.3611996516543,-29.6341833276264));
#8758=CARTESIAN_POINT('Origin',(-0.209376564609061,-19.5191310317125,-30.5232320502909));
#8759=CARTESIAN_POINT('Origin',(-1.08761499229464,-19.7642179822702,-30.7594155087203));
#8760=CARTESIAN_POINT('',(-1.08761499229464,-19.7642179822702,-30.7594155087203));
#8761=CARTESIAN_POINT('',(-1.08761499229459,-19.5581167977645,-29.5992027963585));
#8762=CARTESIAN_POINT('',(-1.08761499229483,-20.5405606237579,-35.1297086924333));
#8763=CARTESIAN_POINT('',(-1.08761499229464,-19.56730083616,-30.7943960399887));
#8764=CARTESIAN_POINT('',(-1.08761499229464,-19.7642179822702,-30.7594155087203));
#8765=CARTESIAN_POINT('',(-1.08761499229459,-19.3611996516543,-29.6341833276269));
#8766=CARTESIAN_POINT('',(-1.08761499229464,-19.56730083616,-30.7943960399887));
#8767=CARTESIAN_POINT('',(-1.08761499229459,-19.5581167977645,-29.5992027963585));
#8768=CARTESIAN_POINT('Origin',(-2.38707015815768,-19.7642179822702,-30.7594155087202));
#8769=CARTESIAN_POINT('',(-2.38707015815768,-19.7642179822702,-30.7594155087202));
#8770=CARTESIAN_POINT('',(31.5564649209213,-19.7642179822721,-30.7594155087214));
#8771=CARTESIAN_POINT('',(-2.38707015815768,-19.56730083616,-30.7943960399887));
#8772=CARTESIAN_POINT('',(-2.38707015815768,-19.7642179822702,-30.7594155087202));
#8773=CARTESIAN_POINT('',(-2.38707015815768,-19.56730083616,-30.7943960399887));
#8774=CARTESIAN_POINT('Origin',(-2.38707015815763,-19.5581167977645,-29.5992027963585));
#8775=CARTESIAN_POINT('',(-2.38707015815763,-19.5581167977645,-29.5992027963585));
#8776=CARTESIAN_POINT('',(-2.38707015815785,-20.437510031505,-34.5496023362523));
#8777=CARTESIAN_POINT('',(-2.38707015815763,-19.3611996516543,-29.6341833276269));
#8778=CARTESIAN_POINT('',(-2.38707015815763,-19.5581167977645,-29.5992027963585));
#8779=CARTESIAN_POINT('',(-2.38707015815763,-19.3611996516543,-29.6341833276269));
#8780=CARTESIAN_POINT('Origin',(-2.71790216270475,-19.5581167977645,-29.5992027963584));
#8781=CARTESIAN_POINT('',(-2.71790216270475,-19.5581167977645,-29.5992027963584));
#8782=CARTESIAN_POINT('',(31.3910489186478,-19.5581167977663,-29.5992027963596));
#8783=CARTESIAN_POINT('',(-2.71790216270475,-19.3611996516543,-29.6341833276269));
#8784=CARTESIAN_POINT('',(-2.71790216270475,-19.5581167977645,-29.5992027963584));
#8785=CARTESIAN_POINT('',(-2.71790216270475,-19.3611996516543,-29.6341833276269));
#8786=CARTESIAN_POINT('Origin',(-2.71790216270486,-19.9953734386197,-32.0606671227357));
#8787=CARTESIAN_POINT('',(-2.71790216270486,-19.9953734386197,-32.0606671227357));
#8788=CARTESIAN_POINT('',(-2.71790216270502,-20.6561383519326,-35.7803344994409));
#8789=CARTESIAN_POINT('',(-2.71790216270486,-19.7984562925095,-32.0956476540041));
#8790=CARTESIAN_POINT('',(-2.71790216270486,-19.9953734386197,-32.0606671227357));
#8791=CARTESIAN_POINT('',(-2.71790216270486,-19.7984562925095,-32.0956476540042));
#8792=CARTESIAN_POINT('Origin',(-2.38707015815774,-19.9953734386197,-32.0606671227357));
#8793=CARTESIAN_POINT('',(-2.38707015815774,-19.9953734386197,-32.0606671227357));
#8794=CARTESIAN_POINT('',(31.5564649209213,-19.9953734386217,-32.0606671227369));
#8795=CARTESIAN_POINT('',(-2.38707015815774,-19.7984562925095,-32.0956476540042));
#8796=CARTESIAN_POINT('',(-2.38707015815774,-19.9953734386197,-32.0606671227357));
#8797=CARTESIAN_POINT('',(-2.38707015815774,-19.7984562925095,-32.0956476540042));
#8798=CARTESIAN_POINT('Origin',(-2.38707015815769,-19.8158178498013,-31.0498884742655));
#8799=CARTESIAN_POINT('',(-2.38707015815769,-19.8158178498013,-31.0498884742655));
#8800=CARTESIAN_POINT('',(-2.38707015815788,-20.5663605575234,-35.2749451752059));
#8801=CARTESIAN_POINT('',(-2.38707015815769,-19.6189007036911,-31.0848690055339));
#8802=CARTESIAN_POINT('',(-2.38707015815769,-19.8158178498013,-31.0498884742655));
#8803=CARTESIAN_POINT('',(-2.38707015815769,-19.6189007036911,-31.0848690055339));
#8804=CARTESIAN_POINT('Origin',(-1.08761499229466,-19.8158178498013,-31.0498884742656));
#8805=CARTESIAN_POINT('',(-1.08761499229466,-19.8158178498013,-31.0498884742656));
#8806=CARTESIAN_POINT('',(32.2061925038529,-19.8158178498032,-31.0498884742667));
#8807=CARTESIAN_POINT('',(-1.08761499229466,-19.6189007036911,-31.084869005534));
#8808=CARTESIAN_POINT('',(-1.08761499229466,-19.8158178498013,-31.0498884742656));
#8809=CARTESIAN_POINT('',(-1.08761499229466,-19.6189007036911,-31.084869005534));
#8810=CARTESIAN_POINT('Origin',(-1.0876149922947,-19.9953734386197,-32.0606671227358));
#8811=CARTESIAN_POINT('',(-1.0876149922947,-19.9953734386197,-32.0606671227358));
#8812=CARTESIAN_POINT('',(-1.08761499229487,-20.6561383519326,-35.780334499441));
#8813=CARTESIAN_POINT('',(-1.0876149922947,-19.7984562925095,-32.0956476540042));
#8814=CARTESIAN_POINT('',(-1.0876149922947,-19.9953734386197,-32.0606671227358));
#8815=CARTESIAN_POINT('',(-1.0876149922947,-19.7984562925095,-32.0956476540042));
#8816=CARTESIAN_POINT('Origin',(-0.756782987747583,-19.9953734386197,-32.0606671227358));
#8817=CARTESIAN_POINT('',(-0.756782987747583,-19.9953734386197,-32.0606671227358));
#8818=CARTESIAN_POINT('',(32.3716085061264,-19.9953734386217,-32.0606671227369));
#8819=CARTESIAN_POINT('',(-0.756782987747583,-19.7984562925095,-32.0956476540042));
#8820=CARTESIAN_POINT('',(-0.756782987747583,-19.9953734386197,-32.0606671227358));
#8821=CARTESIAN_POINT('',(-0.756782987747582,-19.7984562925095,-32.0956476540042));
#8822=CARTESIAN_POINT('Origin',(-0.756782987747476,-19.5581167977645,-29.5992027963585));
#8823=CARTESIAN_POINT('',(-0.756782987747476,-19.5581167977645,-29.5992027963585));
#8824=CARTESIAN_POINT('',(-0.756782987747693,-20.437510031505,-34.5496023362524));
#8825=CARTESIAN_POINT('',(-0.756782987747476,-19.3611996516544,-29.6341833276269));
#8826=CARTESIAN_POINT('',(-0.756782987747476,-19.5581167977645,-29.5992027963585));
#8827=CARTESIAN_POINT('',(-0.756782987747476,-19.3611996516544,-29.6341833276269));
#8828=CARTESIAN_POINT('Origin',(-1.08761499229459,-19.5581167977645,-29.5992027963585));
#8829=CARTESIAN_POINT('',(32.2061925038529,-19.5581167977664,-29.5992027963596));
#8830=CARTESIAN_POINT('',(-1.0876149922946,-19.3611996516543,-29.6341833276269));
#8831=CARTESIAN_POINT('Origin',(-0.209376564609061,-19.5191310317125,-30.5232320502909));
#8832=CARTESIAN_POINT('Ctrl Pts',(-5.89832494560271,-19.5951016603554,-29.8074029959149));
#8833=CARTESIAN_POINT('Ctrl Pts',(-5.89832494560271,-19.3981845142452,-29.8423835271833));
#8834=CARTESIAN_POINT('Ctrl Pts',(-5.95552031348529,-19.595819655129,-29.8114448293753));
#8835=CARTESIAN_POINT('Ctrl Pts',(-5.95552031348529,-19.3989025090188,-29.8464253606437));
#8836=CARTESIAN_POINT('Ctrl Pts',(-6.06693696106856,-19.5972183098387,-29.8193183259698));
#8837=CARTESIAN_POINT('Ctrl Pts',(-6.06693696106856,-19.4003011637285,-29.8542988572382));
#8838=CARTESIAN_POINT('Ctrl Pts',(-6.1565548118901,-19.6088354007187,-29.8847148279455));
#8839=CARTESIAN_POINT('Ctrl Pts',(-6.1565548118901,-19.4119182546086,-29.9196953592139));
#8840=CARTESIAN_POINT('Ctrl Pts',(-6.20016763511688,-19.6144888963819,-29.9165402517218));
#8841=CARTESIAN_POINT('Ctrl Pts',(-6.20016763511688,-19.4175717502717,-29.9515207829902));
#8842=CARTESIAN_POINT('',(-5.89832494560271,-19.5951016603554,-29.8074029959149));
#8843=CARTESIAN_POINT('',(-6.20016763511688,-19.6144888963819,-29.9165402517218));
#8844=CARTESIAN_POINT('Ctrl Pts',(-5.89832494560271,-19.5951016603554,-29.8074029959149));
#8845=CARTESIAN_POINT('Ctrl Pts',(-5.95552031348529,-19.595819655129,-29.8114448293753));
#8846=CARTESIAN_POINT('Ctrl Pts',(-6.06693696106856,-19.5972183098387,-29.8193183259698));
#8847=CARTESIAN_POINT('Ctrl Pts',(-6.1565548118901,-19.6088354007187,-29.8847148279455));
#8848=CARTESIAN_POINT('Ctrl Pts',(-6.20016763511688,-19.6144888963819,-29.9165402517218));
#8849=CARTESIAN_POINT('',(-5.89832494560271,-19.3981845142452,-29.8423835271833));
#8850=CARTESIAN_POINT('',(-5.89832494560271,-19.5951016603554,-29.8074029959149));
#8851=CARTESIAN_POINT('',(-6.20016763511688,-19.4175717502717,-29.9515207829902));
#8852=CARTESIAN_POINT('Ctrl Pts',(-5.89832494560271,-19.3981845142452,-29.8423835271833));
#8853=CARTESIAN_POINT('Ctrl Pts',(-5.95552031348529,-19.3989025090188,-29.8464253606437));
#8854=CARTESIAN_POINT('Ctrl Pts',(-6.06693696106856,-19.4003011637285,-29.8542988572382));
#8855=CARTESIAN_POINT('Ctrl Pts',(-6.1565548118901,-19.4119182546086,-29.9196953592139));
#8856=CARTESIAN_POINT('Ctrl Pts',(-6.20016763511688,-19.4175717502717,-29.9515207829902));
#8857=CARTESIAN_POINT('',(-6.20016763511688,-19.6144888963819,-29.9165402517218));
#8858=CARTESIAN_POINT('Ctrl Pts',(-5.53338716331512,-19.6240333585545,-29.9702692313582));
#8859=CARTESIAN_POINT('Ctrl Pts',(-5.53338716331512,-19.4271162124444,-30.0052497626267));
#8860=CARTESIAN_POINT('Ctrl Pts',(-5.5839597109842,-19.6155952402635,-29.9227682325982));
#8861=CARTESIAN_POINT('Ctrl Pts',(-5.5839597109842,-19.4186780941533,-29.9577487638666));
#8862=CARTESIAN_POINT('Ctrl Pts',(-5.68623990004958,-19.598529611302,-29.8267000818345));
#8863=CARTESIAN_POINT('Ctrl Pts',(-5.68623990004958,-19.4016124651918,-29.8616806131029));
#8864=CARTESIAN_POINT('Ctrl Pts',(-5.82710881476887,-19.5962527335132,-29.8138827728929));
#8865=CARTESIAN_POINT('Ctrl Pts',(-5.82710881476887,-19.399335587403,-29.8488633041614));
#8866=CARTESIAN_POINT('Ctrl Pts',(-5.89832494560271,-19.5951016603554,-29.8074029959149));
#8867=CARTESIAN_POINT('Ctrl Pts',(-5.89832494560271,-19.3981845142452,-29.8423835271833));
#8868=CARTESIAN_POINT('',(-5.53338716331512,-19.6240333585545,-29.9702692313582));
#8869=CARTESIAN_POINT('Ctrl Pts',(-5.53338716331512,-19.6240333585545,-29.9702692313582));
#8870=CARTESIAN_POINT('Ctrl Pts',(-5.5839597109842,-19.6155952402635,-29.9227682325982));
#8871=CARTESIAN_POINT('Ctrl Pts',(-5.68623990004958,-19.598529611302,-29.8267000818345));
#8872=CARTESIAN_POINT('Ctrl Pts',(-5.82710881476887,-19.5962527335132,-29.8138827728929));
#8873=CARTESIAN_POINT('Ctrl Pts',(-5.89832494560271,-19.5951016603554,-29.8074029959149));
#8874=CARTESIAN_POINT('',(-5.53338716331512,-19.4271162124444,-30.0052497626267));
#8875=CARTESIAN_POINT('',(-5.53338716331512,-19.6240333585545,-29.9702692313582));
#8876=CARTESIAN_POINT('Ctrl Pts',(-5.53338716331512,-19.4271162124444,-30.0052497626267));
#8877=CARTESIAN_POINT('Ctrl Pts',(-5.5839597109842,-19.4186780941533,-29.9577487638666));
#8878=CARTESIAN_POINT('Ctrl Pts',(-5.68623990004958,-19.4016124651918,-29.8616806131029));
#8879=CARTESIAN_POINT('Ctrl Pts',(-5.82710881476887,-19.399335587403,-29.8488633041614));
#8880=CARTESIAN_POINT('Ctrl Pts',(-5.89832494560271,-19.3981845142452,-29.8423835271833));
#8881=CARTESIAN_POINT('Ctrl Pts',(-5.39354989830049,-19.7167938527756,-30.4924491734985));
#8882=CARTESIAN_POINT('Ctrl Pts',(-5.39354989830049,-19.5198767066654,-30.5274297047669));
#8883=CARTESIAN_POINT('Ctrl Pts',(-5.39534224864566,-19.6979261830633,-30.3862367307831));
#8884=CARTESIAN_POINT('Ctrl Pts',(-5.39534224864566,-19.5010090369531,-30.4212172620515));
#8885=CARTESIAN_POINT('Ctrl Pts',(-5.39848869464622,-19.6648042523725,-30.1997822708653));
#8886=CARTESIAN_POINT('Ctrl Pts',(-5.39848869464622,-19.4678871062623,-30.2347628021337));
#8887=CARTESIAN_POINT('Ctrl Pts',(-5.4927997308886,-19.6363002576093,-30.0393237215531));
#8888=CARTESIAN_POINT('Ctrl Pts',(-5.4927997308886,-19.4393831114991,-30.0743042528215));
#8889=CARTESIAN_POINT('Ctrl Pts',(-5.53338716331512,-19.6240333585545,-29.9702692313582));
#8890=CARTESIAN_POINT('Ctrl Pts',(-5.53338716331512,-19.4271162124444,-30.0052497626267));
#8891=CARTESIAN_POINT('',(-5.39354989830049,-19.7167938527756,-30.4924491734985));
#8892=CARTESIAN_POINT('Ctrl Pts',(-5.39354989830049,-19.7167938527756,-30.4924491734985));
#8893=CARTESIAN_POINT('Ctrl Pts',(-5.39534224864566,-19.6979261830633,-30.3862367307831));
#8894=CARTESIAN_POINT('Ctrl Pts',(-5.39848869464622,-19.6648042523725,-30.1997822708653));
#8895=CARTESIAN_POINT('Ctrl Pts',(-5.4927997308886,-19.6363002576093,-30.0393237215531));
#8896=CARTESIAN_POINT('Ctrl Pts',(-5.53338716331512,-19.6240333585545,-29.9702692313582));
#8897=CARTESIAN_POINT('',(-5.39354989830049,-19.5198767066654,-30.5274297047669));
#8898=CARTESIAN_POINT('',(-5.39354989830049,-19.7167938527756,-30.4924491734985));
#8899=CARTESIAN_POINT('Ctrl Pts',(-5.39354989830049,-19.5198767066654,-30.5274297047669));
#8900=CARTESIAN_POINT('Ctrl Pts',(-5.39534224864566,-19.5010090369531,-30.4212172620515));
#8901=CARTESIAN_POINT('Ctrl Pts',(-5.39848869464622,-19.4678871062623,-30.2347628021337));
#8902=CARTESIAN_POINT('Ctrl Pts',(-5.4927997308886,-19.4393831114991,-30.0743042528215));
#8903=CARTESIAN_POINT('Ctrl Pts',(-5.53338716331512,-19.4271162124444,-30.0052497626267));
#8904=CARTESIAN_POINT('Ctrl Pts',(-5.53850243392979,-19.8088086199186,-31.010431167733));
#8905=CARTESIAN_POINT('Ctrl Pts',(-5.53850243392979,-19.6118914738084,-31.0454116990015));
#8906=CARTESIAN_POINT('Ctrl Pts',(-5.49640902619637,-19.7966020934243,-30.9417165349351));
#8907=CARTESIAN_POINT('Ctrl Pts',(-5.49640902619637,-19.5996849473141,-30.9766970662036));
#8908=CARTESIAN_POINT('Ctrl Pts',(-5.39946601944159,-19.768489915197,-30.7834636523539));
#8909=CARTESIAN_POINT('Ctrl Pts',(-5.39946601944159,-19.5715727690868,-30.8184441836224));
#8910=CARTESIAN_POINT('Ctrl Pts',(-5.39568766298732,-19.7354740004699,-30.5976059918627));
#8911=CARTESIAN_POINT('Ctrl Pts',(-5.39568766298732,-19.5385568543597,-30.6325865231311));
#8912=CARTESIAN_POINT('Ctrl Pts',(-5.39354989830049,-19.7167938527756,-30.4924491734985));
#8913=CARTESIAN_POINT('Ctrl Pts',(-5.39354989830049,-19.5198767066654,-30.5274297047669));
#8914=CARTESIAN_POINT('',(-5.53850243392979,-19.8088086199186,-31.010431167733));
#8915=CARTESIAN_POINT('Ctrl Pts',(-5.53850243392979,-19.8088086199186,-31.010431167733));
#8916=CARTESIAN_POINT('Ctrl Pts',(-5.49640902619637,-19.7966020934243,-30.9417165349351));
#8917=CARTESIAN_POINT('Ctrl Pts',(-5.39946601944159,-19.768489915197,-30.7834636523539));
#8918=CARTESIAN_POINT('Ctrl Pts',(-5.39568766298732,-19.7354740004699,-30.5976059918627));
#8919=CARTESIAN_POINT('Ctrl Pts',(-5.39354989830049,-19.7167938527756,-30.4924491734985));
#8920=CARTESIAN_POINT('',(-5.53850243392979,-19.6118914738084,-31.0454116990015));
#8921=CARTESIAN_POINT('',(-5.53850243392979,-19.8088086199186,-31.010431167733));
#8922=CARTESIAN_POINT('Ctrl Pts',(-5.53850243392979,-19.6118914738084,-31.0454116990015));
#8923=CARTESIAN_POINT('Ctrl Pts',(-5.49640902619637,-19.5996849473141,-30.9766970662036));
#8924=CARTESIAN_POINT('Ctrl Pts',(-5.39946601944159,-19.5715727690868,-30.8184441836224));
#8925=CARTESIAN_POINT('Ctrl Pts',(-5.39568766298732,-19.5385568543597,-30.6325865231311));
#8926=CARTESIAN_POINT('Ctrl Pts',(-5.39354989830049,-19.5198767066654,-30.5274297047669));
#8927=CARTESIAN_POINT('Ctrl Pts',(-5.9153790265659,-19.8378894739583,-31.1741370514434));
#8928=CARTESIAN_POINT('Ctrl Pts',(-5.9153790265659,-19.6409723278482,-31.2091175827118));
#8929=CARTESIAN_POINT('Ctrl Pts',(-5.84205377178458,-19.8367489988247,-31.1677169342985));
#8930=CARTESIAN_POINT('Ctrl Pts',(-5.84205377178458,-19.6398318527145,-31.2026974655669));
#8931=CARTESIAN_POINT('Ctrl Pts',(-5.69748242652676,-19.8345003871451,-31.1550587447687));
#8932=CARTESIAN_POINT('Ctrl Pts',(-5.69748242652676,-19.6375832410349,-31.1900392760371));
#8933=CARTESIAN_POINT('Ctrl Pts',(-5.59098523217071,-19.8172900383271,-31.0581759173814));
#8934=CARTESIAN_POINT('Ctrl Pts',(-5.59098523217071,-19.620372892217,-31.0931564486498));
#8935=CARTESIAN_POINT('Ctrl Pts',(-5.53850243392979,-19.8088086199186,-31.010431167733));
#8936=CARTESIAN_POINT('Ctrl Pts',(-5.53850243392979,-19.6118914738084,-31.0454116990015));
#8937=CARTESIAN_POINT('',(-5.9153790265659,-19.8378894739583,-31.1741370514434));
#8938=CARTESIAN_POINT('Ctrl Pts',(-5.9153790265659,-19.8378894739583,-31.1741370514434));
#8939=CARTESIAN_POINT('Ctrl Pts',(-5.84205377178458,-19.8367489988247,-31.1677169342985));
#8940=CARTESIAN_POINT('Ctrl Pts',(-5.69748242652676,-19.8345003871451,-31.1550587447687));
#8941=CARTESIAN_POINT('Ctrl Pts',(-5.59098523217071,-19.8172900383271,-31.0581759173814));
#8942=CARTESIAN_POINT('Ctrl Pts',(-5.53850243392979,-19.8088086199186,-31.010431167733));
#8943=CARTESIAN_POINT('',(-5.9153790265659,-19.6409723278482,-31.2091175827118));
#8944=CARTESIAN_POINT('',(-5.9153790265659,-19.8378894739583,-31.1741370514434));
#8945=CARTESIAN_POINT('Ctrl Pts',(-5.9153790265659,-19.6409723278482,-31.2091175827118));
#8946=CARTESIAN_POINT('Ctrl Pts',(-5.84205377178458,-19.6398318527145,-31.2026974655669));
#8947=CARTESIAN_POINT('Ctrl Pts',(-5.69748242652676,-19.6375832410349,-31.1900392760371));
#8948=CARTESIAN_POINT('Ctrl Pts',(-5.59098523217071,-19.620372892217,-31.0931564486498));
#8949=CARTESIAN_POINT('Ctrl Pts',(-5.53850243392979,-19.6118914738084,-31.0454116990015));
#8950=CARTESIAN_POINT('Ctrl Pts',(-6.17714474502598,-19.8217831451748,-31.0834691232168));
#8951=CARTESIAN_POINT('Ctrl Pts',(-6.17714474502598,-19.6248659990646,-31.1184496544852));
#8952=CARTESIAN_POINT('Ctrl Pts',(-6.13864846497064,-19.8264802423924,-31.1099106592812));
#8953=CARTESIAN_POINT('Ctrl Pts',(-6.13864846497064,-19.6295630962822,-31.1448911905496));
#8954=CARTESIAN_POINT('Ctrl Pts',(-6.0600010336578,-19.8360763548026,-31.1639303954334));
#8955=CARTESIAN_POINT('Ctrl Pts',(-6.0600010336578,-19.6391592086924,-31.1989109267018));
#8956=CARTESIAN_POINT('Ctrl Pts',(-5.96425789326847,-19.8372766819545,-31.1706874396684));
#8957=CARTESIAN_POINT('Ctrl Pts',(-5.96425789326847,-19.6403595358443,-31.2056679709368));
#8958=CARTESIAN_POINT('Ctrl Pts',(-5.9153790265659,-19.8378894739583,-31.1741370514434));
#8959=CARTESIAN_POINT('Ctrl Pts',(-5.9153790265659,-19.6409723278482,-31.2091175827118));
#8960=CARTESIAN_POINT('',(-6.17714474502598,-19.8217831451748,-31.0834691232168));
#8961=CARTESIAN_POINT('Ctrl Pts',(-6.17714474502598,-19.8217831451748,-31.0834691232168));
#8962=CARTESIAN_POINT('Ctrl Pts',(-6.13864846497064,-19.8264802423924,-31.1099106592812));
#8963=CARTESIAN_POINT('Ctrl Pts',(-6.0600010336578,-19.8360763548026,-31.1639303954334));
#8964=CARTESIAN_POINT('Ctrl Pts',(-5.96425789326847,-19.8372766819545,-31.1706874396684));
#8965=CARTESIAN_POINT('Ctrl Pts',(-5.9153790265659,-19.8378894739583,-31.1741370514434));
#8966=CARTESIAN_POINT('',(-6.17714474502598,-19.6248659990646,-31.1184496544852));
#8967=CARTESIAN_POINT('',(-6.17714474502598,-19.8217831451748,-31.0834691232168));
#8968=CARTESIAN_POINT('Ctrl Pts',(-6.17714474502598,-19.6248659990646,-31.1184496544852));
#8969=CARTESIAN_POINT('Ctrl Pts',(-6.13864846497064,-19.6295630962822,-31.1448911905496));
#8970=CARTESIAN_POINT('Ctrl Pts',(-6.0600010336578,-19.6391592086924,-31.1989109267018));
#8971=CARTESIAN_POINT('Ctrl Pts',(-5.96425789326847,-19.6403595358443,-31.2056679709368));
#8972=CARTESIAN_POINT('Ctrl Pts',(-5.9153790265659,-19.6409723278482,-31.2091175827118));
#8973=CARTESIAN_POINT('Ctrl Pts',(-6.32806608978305,-19.7737624705053,-30.8131446350712));
#8974=CARTESIAN_POINT('Ctrl Pts',(-6.32806608978305,-19.5768453243951,-30.8481251663396));
#8975=CARTESIAN_POINT('Ctrl Pts',(-6.31263597353569,-19.7835037580285,-30.8679816106386));
#8976=CARTESIAN_POINT('Ctrl Pts',(-6.31263597353569,-19.5865866119183,-30.902962141907));
#8977=CARTESIAN_POINT('Ctrl Pts',(-6.2839018382488,-19.8016440927526,-30.9700996406921));
#8978=CARTESIAN_POINT('Ctrl Pts',(-6.2839018382488,-19.6047269466424,-31.0050801719605));
#8979=CARTESIAN_POINT('Ctrl Pts',(-6.2109306812451,-19.8154096413625,-31.0475905320137));
#8980=CARTESIAN_POINT('Ctrl Pts',(-6.2109306812451,-19.6184924952523,-31.0825710632821));
#8981=CARTESIAN_POINT('Ctrl Pts',(-6.17714474502598,-19.8217831451748,-31.0834691232168));
#8982=CARTESIAN_POINT('Ctrl Pts',(-6.17714474502598,-19.6248659990646,-31.1184496544852));
#8983=CARTESIAN_POINT('',(-6.32806608978305,-19.7737624705053,-30.8131446350712));
#8984=CARTESIAN_POINT('Ctrl Pts',(-6.32806608978305,-19.7737624705053,-30.8131446350712));
#8985=CARTESIAN_POINT('Ctrl Pts',(-6.31263597353569,-19.7835037580285,-30.8679816106386));
#8986=CARTESIAN_POINT('Ctrl Pts',(-6.2839018382488,-19.8016440927526,-30.9700996406921));
#8987=CARTESIAN_POINT('Ctrl Pts',(-6.2109306812451,-19.8154096413625,-31.0475905320137));
#8988=CARTESIAN_POINT('Ctrl Pts',(-6.17714474502598,-19.8217831451748,-31.0834691232168));
#8989=CARTESIAN_POINT('',(-6.32806608978305,-19.5768453243951,-30.8481251663396));
#8990=CARTESIAN_POINT('',(-6.32806608978305,-19.7737624705053,-30.8131446350712));
#8991=CARTESIAN_POINT('Ctrl Pts',(-6.32806608978305,-19.5768453243951,-30.8481251663396));
#8992=CARTESIAN_POINT('Ctrl Pts',(-6.31263597353569,-19.5865866119183,-30.902962141907));
#8993=CARTESIAN_POINT('Ctrl Pts',(-6.2839018382488,-19.6047269466424,-31.0050801719605));
#8994=CARTESIAN_POINT('Ctrl Pts',(-6.2109306812451,-19.6184924952523,-31.0825710632821));
#8995=CARTESIAN_POINT('Ctrl Pts',(-6.17714474502598,-19.6248659990646,-31.1184496544852));
#8996=CARTESIAN_POINT('Origin',(-6.62649820152316,-19.7818156348971,-30.8584785991845));
#8997=CARTESIAN_POINT('',(-6.62649820152316,-19.7818156348971,-30.8584785991845));
#8998=CARTESIAN_POINT('',(27.9369376685988,-18.8491243458016,-25.6080464247419));
#8999=CARTESIAN_POINT('',(-6.62649820152316,-19.5848984887869,-30.8934591304529));
#9000=CARTESIAN_POINT('',(-6.62649820152316,-19.7818156348971,-30.8584785991845));
#9001=CARTESIAN_POINT('',(-6.62649820152316,-19.5848984887869,-30.8934591304529));
#9002=CARTESIAN_POINT('Ctrl Pts',(-6.38604710403478,-19.8559345159195,-31.2757186465647));
#9003=CARTESIAN_POINT('Ctrl Pts',(-6.38604710403478,-19.6590173698094,-31.3106991778331));
#9004=CARTESIAN_POINT('Ctrl Pts',(-6.44328473543431,-19.846008032078,-31.21983913879));
#9005=CARTESIAN_POINT('Ctrl Pts',(-6.44328473543431,-19.6490908859679,-31.2548196700584));
#9006=CARTESIAN_POINT('Ctrl Pts',(-6.56280588408221,-19.825279977444,-31.1031539652109));
#9007=CARTESIAN_POINT('Ctrl Pts',(-6.56280588408221,-19.6283628313339,-31.1381344964794));
#9008=CARTESIAN_POINT('Ctrl Pts',(-6.60467818094027,-19.7967058585081,-30.942300663404));
#9009=CARTESIAN_POINT('Ctrl Pts',(-6.60467818094027,-19.5997887123979,-30.9772811946724));
#9010=CARTESIAN_POINT('Ctrl Pts',(-6.62649820152316,-19.7818156348971,-30.8584785991845));
#9011=CARTESIAN_POINT('Ctrl Pts',(-6.62649820152316,-19.5848984887869,-30.8934591304529));
#9012=CARTESIAN_POINT('',(-6.38604710403478,-19.8559345159195,-31.2757186465647));
#9013=CARTESIAN_POINT('Ctrl Pts',(-6.38604710403478,-19.8559345159195,-31.2757186465647));
#9014=CARTESIAN_POINT('Ctrl Pts',(-6.44328473543431,-19.846008032078,-31.21983913879));
#9015=CARTESIAN_POINT('Ctrl Pts',(-6.56280588408221,-19.825279977444,-31.1031539652109));
#9016=CARTESIAN_POINT('Ctrl Pts',(-6.60467818094027,-19.7967058585081,-30.942300663404));
#9017=CARTESIAN_POINT('Ctrl Pts',(-6.62649820152316,-19.7818156348971,-30.8584785991845));
#9018=CARTESIAN_POINT('',(-6.38604710403478,-19.6590173698094,-31.3106991778331));
#9019=CARTESIAN_POINT('',(-6.38604710403478,-19.8559345159195,-31.2757186465647));
#9020=CARTESIAN_POINT('Ctrl Pts',(-6.38604710403478,-19.6590173698094,-31.3106991778331));
#9021=CARTESIAN_POINT('Ctrl Pts',(-6.44328473543431,-19.6490908859679,-31.2548196700584));
#9022=CARTESIAN_POINT('Ctrl Pts',(-6.56280588408221,-19.6283628313339,-31.1381344964794));
#9023=CARTESIAN_POINT('Ctrl Pts',(-6.60467818094027,-19.5997887123979,-30.9772811946724));
#9024=CARTESIAN_POINT('Ctrl Pts',(-6.62649820152316,-19.5848984887869,-30.8934591304529));
#9025=CARTESIAN_POINT('Ctrl Pts',(-5.9034414083103,-19.88203269621,-31.4226340590846));
#9026=CARTESIAN_POINT('Ctrl Pts',(-5.9034414083103,-19.6851155500998,-31.4576145903531));
#9027=CARTESIAN_POINT('Ctrl Pts',(-5.9953052186539,-19.8812120004457,-31.4180140872923));
#9028=CARTESIAN_POINT('Ctrl Pts',(-5.9953052186539,-19.6842948543355,-31.4529946185607));
#9029=CARTESIAN_POINT('Ctrl Pts',(-6.16924266282102,-19.8796580727003,-31.4092665066871));
#9030=CARTESIAN_POINT('Ctrl Pts',(-6.16924266282102,-19.6827409265901,-31.4442470379555));
#9031=CARTESIAN_POINT('Ctrl Pts',(-6.31654257923394,-19.8635399622443,-31.3185322554742));
#9032=CARTESIAN_POINT('Ctrl Pts',(-6.31654257923394,-19.6666228161342,-31.3535127867427));
#9033=CARTESIAN_POINT('Ctrl Pts',(-6.38604710403478,-19.8559345159195,-31.2757186465647));
#9034=CARTESIAN_POINT('Ctrl Pts',(-6.38604710403478,-19.6590173698094,-31.3106991778331));
#9035=CARTESIAN_POINT('',(-5.9034414083103,-19.88203269621,-31.4226340590846));
#9036=CARTESIAN_POINT('Ctrl Pts',(-5.9034414083103,-19.88203269621,-31.4226340590846));
#9037=CARTESIAN_POINT('Ctrl Pts',(-5.9953052186539,-19.8812120004457,-31.4180140872923));
#9038=CARTESIAN_POINT('Ctrl Pts',(-6.16924266282102,-19.8796580727003,-31.4092665066871));
#9039=CARTESIAN_POINT('Ctrl Pts',(-6.31654257923394,-19.8635399622443,-31.3185322554742));
#9040=CARTESIAN_POINT('Ctrl Pts',(-6.38604710403478,-19.8559345159195,-31.2757186465647));
#9041=CARTESIAN_POINT('',(-5.9034414083103,-19.6851155500998,-31.4576145903531));
#9042=CARTESIAN_POINT('',(-5.9034414083103,-19.88203269621,-31.4226340590846));
#9043=CARTESIAN_POINT('Ctrl Pts',(-5.9034414083103,-19.6851155500998,-31.4576145903531));
#9044=CARTESIAN_POINT('Ctrl Pts',(-5.9953052186539,-19.6842948543355,-31.4529946185607));
#9045=CARTESIAN_POINT('Ctrl Pts',(-6.16924266282102,-19.6827409265901,-31.4442470379555));
#9046=CARTESIAN_POINT('Ctrl Pts',(-6.31654257923394,-19.6666228161342,-31.3535127867427));
#9047=CARTESIAN_POINT('Ctrl Pts',(-6.38604710403478,-19.6590173698094,-31.3106991778331));
#9048=CARTESIAN_POINT('Ctrl Pts',(-5.47114203277624,-19.8627946160241,-31.3143364515448));
#9049=CARTESIAN_POINT('Ctrl Pts',(-5.47114203277624,-19.6658774699139,-31.3493169828132));
#9050=CARTESIAN_POINT('Ctrl Pts',(-5.53910838940378,-19.8684056312921,-31.3459227389247));
#9051=CARTESIAN_POINT('Ctrl Pts',(-5.53910838940378,-19.6714884851819,-31.3809032701931));
#9052=CARTESIAN_POINT('Ctrl Pts',(-5.67606075428767,-19.8797118399588,-31.4095691806235));
#9053=CARTESIAN_POINT('Ctrl Pts',(-5.67606075428767,-19.6827946938486,-31.4445497118919));
#9054=CARTESIAN_POINT('Ctrl Pts',(-5.82727258442115,-19.8812552470825,-31.4182575371201));
#9055=CARTESIAN_POINT('Ctrl Pts',(-5.82727258442115,-19.6843381009723,-31.4532380683885));
#9056=CARTESIAN_POINT('Ctrl Pts',(-5.9034414083103,-19.88203269621,-31.4226340590846));
#9057=CARTESIAN_POINT('Ctrl Pts',(-5.9034414083103,-19.6851155500998,-31.4576145903531));
#9058=CARTESIAN_POINT('',(-5.47114203277624,-19.8627946160241,-31.3143364515448));
#9059=CARTESIAN_POINT('Ctrl Pts',(-5.47114203277624,-19.8627946160241,-31.3143364515448));
#9060=CARTESIAN_POINT('Ctrl Pts',(-5.53910838940378,-19.8684056312921,-31.3459227389247));
#9061=CARTESIAN_POINT('Ctrl Pts',(-5.67606075428767,-19.8797118399588,-31.4095691806235));
#9062=CARTESIAN_POINT('Ctrl Pts',(-5.82727258442115,-19.8812552470825,-31.4182575371201));
#9063=CARTESIAN_POINT('Ctrl Pts',(-5.9034414083103,-19.88203269621,-31.4226340590846));
#9064=CARTESIAN_POINT('',(-5.47114203277624,-19.6658774699139,-31.3493169828132));
#9065=CARTESIAN_POINT('',(-5.47114203277624,-19.8627946160241,-31.3143364515448));
#9066=CARTESIAN_POINT('Ctrl Pts',(-5.47114203277624,-19.6658774699139,-31.3493169828132));
#9067=CARTESIAN_POINT('Ctrl Pts',(-5.53910838940378,-19.6714884851819,-31.3809032701931));
#9068=CARTESIAN_POINT('Ctrl Pts',(-5.67606075428767,-19.6827946938486,-31.4445497118919));
#9069=CARTESIAN_POINT('Ctrl Pts',(-5.82727258442115,-19.6843381009723,-31.4532380683885));
#9070=CARTESIAN_POINT('Ctrl Pts',(-5.9034414083103,-19.6851155500998,-31.4576145903531));
#9071=CARTESIAN_POINT('Ctrl Pts',(-5.17526934448276,-19.8050802972789,-30.989443188781));
#9072=CARTESIAN_POINT('Ctrl Pts',(-5.17526934448276,-19.6081631511687,-31.0244237200495));
#9073=CARTESIAN_POINT('Ctrl Pts',(-5.21136972111119,-19.8170523462882,-31.0568378691513));
#9074=CARTESIAN_POINT('Ctrl Pts',(-5.21136972111119,-19.6201352001781,-31.0918184004197));
#9075=CARTESIAN_POINT('Ctrl Pts',(-5.28246616197679,-19.8406302187076,-31.1895656231278));
#9076=CARTESIAN_POINT('Ctrl Pts',(-5.28246616197679,-19.6437130725974,-31.2245461543962));
#9077=CARTESIAN_POINT('Ctrl Pts',(-5.40890471555852,-19.8554833863428,-31.2731790868282));
#9078=CARTESIAN_POINT('Ctrl Pts',(-5.40890471555852,-19.6585662402327,-31.3081596180967));
#9079=CARTESIAN_POINT('Ctrl Pts',(-5.47114203277624,-19.8627946160241,-31.3143364515448));
#9080=CARTESIAN_POINT('Ctrl Pts',(-5.47114203277624,-19.6658774699139,-31.3493169828132));
#9081=CARTESIAN_POINT('',(-5.17526934448276,-19.8050802972789,-30.989443188781));
#9082=CARTESIAN_POINT('Ctrl Pts',(-5.17526934448276,-19.8050802972789,-30.989443188781));
#9083=CARTESIAN_POINT('Ctrl Pts',(-5.21136972111119,-19.8170523462882,-31.0568378691513));
#9084=CARTESIAN_POINT('Ctrl Pts',(-5.28246616197679,-19.8406302187076,-31.1895656231278));
#9085=CARTESIAN_POINT('Ctrl Pts',(-5.40890471555852,-19.8554833863428,-31.2731790868282));
#9086=CARTESIAN_POINT('Ctrl Pts',(-5.47114203277624,-19.8627946160241,-31.3143364515448));
#9087=CARTESIAN_POINT('',(-5.17526934448276,-19.6081631511687,-31.0244237200495));
#9088=CARTESIAN_POINT('',(-5.17526934448276,-19.8050802972789,-30.989443188781));
#9089=CARTESIAN_POINT('Ctrl Pts',(-5.17526934448276,-19.6081631511687,-31.0244237200495));
#9090=CARTESIAN_POINT('Ctrl Pts',(-5.21136972111119,-19.6201352001781,-31.0918184004197));
#9091=CARTESIAN_POINT('Ctrl Pts',(-5.28246616197679,-19.6437130725974,-31.2245461543962));
#9092=CARTESIAN_POINT('Ctrl Pts',(-5.40890471555852,-19.6585662402327,-31.3081596180967));
#9093=CARTESIAN_POINT('Ctrl Pts',(-5.47114203277624,-19.6658774699139,-31.3493169828132));
#9094=CARTESIAN_POINT('Ctrl Pts',(-5.07806608978304,-19.7153025028697,-30.4840538645459));
#9095=CARTESIAN_POINT('Ctrl Pts',(-5.07806608978304,-19.5183853567595,-30.5190343958144));
#9096=CARTESIAN_POINT('Ctrl Pts',(-5.08122173900781,-19.7315028278527,-30.5752509289138));
#9097=CARTESIAN_POINT('Ctrl Pts',(-5.08122173900781,-19.5345856817425,-30.6102314601822));
#9098=CARTESIAN_POINT('Ctrl Pts',(-5.08722627950963,-19.7623286581571,-30.7487798694392));
#9099=CARTESIAN_POINT('Ctrl Pts',(-5.08722627950963,-19.5654115120469,-30.7837604007076));
#9100=CARTESIAN_POINT('Ctrl Pts',(-5.14693850892978,-19.791323510666,-30.9120016216799));
#9101=CARTESIAN_POINT('Ctrl Pts',(-5.14693850892978,-19.5944063645558,-30.9469821529483));
#9102=CARTESIAN_POINT('Ctrl Pts',(-5.17526934448276,-19.8050802972789,-30.989443188781));
#9103=CARTESIAN_POINT('Ctrl Pts',(-5.17526934448276,-19.6081631511687,-31.0244237200495));
#9104=CARTESIAN_POINT('',(-5.07806608978304,-19.7153025028697,-30.4840538645459));
#9105=CARTESIAN_POINT('Ctrl Pts',(-5.07806608978304,-19.7153025028697,-30.4840538645459));
#9106=CARTESIAN_POINT('Ctrl Pts',(-5.08122173900781,-19.7315028278527,-30.5752509289138));
#9107=CARTESIAN_POINT('Ctrl Pts',(-5.08722627950963,-19.7623286581571,-30.7487798694392));
#9108=CARTESIAN_POINT('Ctrl Pts',(-5.14693850892978,-19.791323510666,-30.9120016216799));
#9109=CARTESIAN_POINT('Ctrl Pts',(-5.17526934448276,-19.8050802972789,-30.989443188781));
#9110=CARTESIAN_POINT('',(-5.07806608978304,-19.5183853567595,-30.5190343958144));
#9111=CARTESIAN_POINT('',(-5.07806608978304,-19.7153025028697,-30.4840538645459));
#9112=CARTESIAN_POINT('Ctrl Pts',(-5.07806608978304,-19.5183853567595,-30.5190343958144));
#9113=CARTESIAN_POINT('Ctrl Pts',(-5.08122173900781,-19.5345856817425,-30.6102314601822));
#9114=CARTESIAN_POINT('Ctrl Pts',(-5.08722627950963,-19.5654115120469,-30.7837604007076));
#9115=CARTESIAN_POINT('Ctrl Pts',(-5.14693850892978,-19.5944063645558,-30.9469821529483));
#9116=CARTESIAN_POINT('Ctrl Pts',(-5.17526934448276,-19.6081631511687,-31.0244237200495));
#9117=CARTESIAN_POINT('Ctrl Pts',(-5.30402133766204,-19.5934612327965,-29.7981684788395));
#9118=CARTESIAN_POINT('Ctrl Pts',(-5.30402133766204,-19.3965440866863,-29.8331490101079));
#9119=CARTESIAN_POINT('Ctrl Pts',(-5.23824584938034,-19.6101417340246,-29.8920686163852));
#9120=CARTESIAN_POINT('Ctrl Pts',(-5.23824584938034,-19.4132245879144,-29.9270491476536));
#9121=CARTESIAN_POINT('Ctrl Pts',(-5.09431526861173,-19.6466421735043,-30.0975418357299));
#9122=CARTESIAN_POINT('Ctrl Pts',(-5.09431526861173,-19.4497250273941,-30.1325223669983));
#9123=CARTESIAN_POINT('Ctrl Pts',(-5.08378440585258,-19.6911399609413,-30.3480348097523));
#9124=CARTESIAN_POINT('Ctrl Pts',(-5.08378440585258,-19.4942228148311,-30.3830153410207));
#9125=CARTESIAN_POINT('Ctrl Pts',(-5.07806608978304,-19.7153025028697,-30.4840538645459));
#9126=CARTESIAN_POINT('Ctrl Pts',(-5.07806608978304,-19.5183853567595,-30.5190343958144));
#9127=CARTESIAN_POINT('',(-5.30402133766204,-19.5934612327965,-29.7981684788395));
#9128=CARTESIAN_POINT('Ctrl Pts',(-5.30402133766204,-19.5934612327965,-29.7981684788395));
#9129=CARTESIAN_POINT('Ctrl Pts',(-5.23824584938034,-19.6101417340246,-29.8920686163852));
#9130=CARTESIAN_POINT('Ctrl Pts',(-5.09431526861173,-19.6466421735043,-30.0975418357299));
#9131=CARTESIAN_POINT('Ctrl Pts',(-5.08378440585258,-19.6911399609413,-30.3480348097523));
#9132=CARTESIAN_POINT('Ctrl Pts',(-5.07806608978304,-19.7153025028697,-30.4840538645459));
#9133=CARTESIAN_POINT('',(-5.30402133766204,-19.3965440866863,-29.8331490101079));
#9134=CARTESIAN_POINT('',(-5.30402133766204,-19.5934612327965,-29.7981684788395));
#9135=CARTESIAN_POINT('Ctrl Pts',(-5.30402133766204,-19.3965440866863,-29.8331490101079));
#9136=CARTESIAN_POINT('Ctrl Pts',(-5.23824584938034,-19.4132245879144,-29.9270491476536));
#9137=CARTESIAN_POINT('Ctrl Pts',(-5.09431526861173,-19.4497250273941,-30.1325223669983));
#9138=CARTESIAN_POINT('Ctrl Pts',(-5.08378440585258,-19.4942228148311,-30.3830153410207));
#9139=CARTESIAN_POINT('Ctrl Pts',(-5.07806608978304,-19.5183853567595,-30.5190343958144));
#9140=CARTESIAN_POINT('Ctrl Pts',(-5.90173552337675,-19.5509584120412,-29.5589058415589));
#9141=CARTESIAN_POINT('Ctrl Pts',(-5.90173552337675,-19.354041265931,-29.5938863728273));
#9142=CARTESIAN_POINT('Ctrl Pts',(-5.78519830807492,-19.552489678137,-29.5675258521357));
#9143=CARTESIAN_POINT('Ctrl Pts',(-5.78519830807492,-19.3555725320268,-29.6025063834041));
#9144=CARTESIAN_POINT('Ctrl Pts',(-5.55940024473514,-19.5554566009177,-29.5842276558398));
#9145=CARTESIAN_POINT('Ctrl Pts',(-5.55940024473514,-19.3585394548075,-29.6192081871082));
#9146=CARTESIAN_POINT('Ctrl Pts',(-5.38729897932535,-19.5810681336505,-29.7284035659924));
#9147=CARTESIAN_POINT('Ctrl Pts',(-5.38729897932535,-19.3841509875403,-29.7633840972609));
#9148=CARTESIAN_POINT('Ctrl Pts',(-5.30402133766204,-19.5934612327965,-29.7981684788395));
#9149=CARTESIAN_POINT('Ctrl Pts',(-5.30402133766204,-19.3965440866863,-29.8331490101079));
#9150=CARTESIAN_POINT('',(-5.90173552337675,-19.5509584120412,-29.5589058415589));
#9151=CARTESIAN_POINT('Ctrl Pts',(-5.90173552337675,-19.5509584120412,-29.5589058415589));
#9152=CARTESIAN_POINT('Ctrl Pts',(-5.78519830807492,-19.552489678137,-29.5675258521357));
#9153=CARTESIAN_POINT('Ctrl Pts',(-5.55940024473514,-19.5554566009177,-29.5842276558398));
#9154=CARTESIAN_POINT('Ctrl Pts',(-5.38729897932535,-19.5810681336505,-29.7284035659924));
#9155=CARTESIAN_POINT('Ctrl Pts',(-5.30402133766204,-19.5934612327965,-29.7981684788395));
#9156=CARTESIAN_POINT('',(-5.90173552337675,-19.354041265931,-29.5938863728273));
#9157=CARTESIAN_POINT('',(-5.90173552337675,-19.5509584120412,-29.5589058415589));
#9158=CARTESIAN_POINT('Ctrl Pts',(-5.90173552337675,-19.354041265931,-29.5938863728274));
#9159=CARTESIAN_POINT('Ctrl Pts',(-5.78519830807492,-19.3555725320268,-29.6025063834041));
#9160=CARTESIAN_POINT('Ctrl Pts',(-5.55940024473514,-19.3585394548075,-29.6192081871082));
#9161=CARTESIAN_POINT('Ctrl Pts',(-5.38729897932535,-19.3841509875403,-29.7633840972609));
#9162=CARTESIAN_POINT('Ctrl Pts',(-5.30402133766204,-19.3965440866863,-29.8331490101079));
#9163=CARTESIAN_POINT('Ctrl Pts',(-6.40224764648467,-19.5818288494805,-29.7326858906117));
#9164=CARTESIAN_POINT('Ctrl Pts',(-6.40224764648467,-19.3849117033703,-29.7676664218802));
#9165=CARTESIAN_POINT('Ctrl Pts',(-6.32920442854517,-19.5728267268226,-29.6820099220526));
#9166=CARTESIAN_POINT('Ctrl Pts',(-6.32920442854517,-19.3759095807124,-29.716990453321));
#9167=CARTESIAN_POINT('Ctrl Pts',(-6.17916230316228,-19.5543349673593,-29.5779136042431));
#9168=CARTESIAN_POINT('Ctrl Pts',(-6.17916230316228,-19.3574178212491,-29.6128941355115));
#9169=CARTESIAN_POINT('Ctrl Pts',(-5.99582229999641,-19.5521035401583,-29.5653521519082));
#9170=CARTESIAN_POINT('Ctrl Pts',(-5.99582229999641,-19.3551863940481,-29.6003326831767));
#9171=CARTESIAN_POINT('Ctrl Pts',(-5.90173552337675,-19.5509584120412,-29.5589058415589));
#9172=CARTESIAN_POINT('Ctrl Pts',(-5.90173552337675,-19.354041265931,-29.5938863728273));
#9173=CARTESIAN_POINT('',(-6.40224764648467,-19.5818288494805,-29.7326858906117));
#9174=CARTESIAN_POINT('Ctrl Pts',(-6.40224764648467,-19.5818288494805,-29.7326858906117));
#9175=CARTESIAN_POINT('Ctrl Pts',(-6.32920442854517,-19.5728267268226,-29.6820099220526));
#9176=CARTESIAN_POINT('Ctrl Pts',(-6.17916230316228,-19.5543349673593,-29.5779136042431));
#9177=CARTESIAN_POINT('Ctrl Pts',(-5.99582229999641,-19.5521035401583,-29.5653521519082));
#9178=CARTESIAN_POINT('Ctrl Pts',(-5.90173552337675,-19.5509584120412,-29.5589058415589));
#9179=CARTESIAN_POINT('',(-6.40224764648467,-19.3849117033703,-29.7676664218802));
#9180=CARTESIAN_POINT('',(-6.40224764648467,-19.5818288494805,-29.7326858906117));
#9181=CARTESIAN_POINT('Ctrl Pts',(-6.40224764648467,-19.3849117033703,-29.7676664218802));
#9182=CARTESIAN_POINT('Ctrl Pts',(-6.32920442854517,-19.3759095807124,-29.716990453321));
#9183=CARTESIAN_POINT('Ctrl Pts',(-6.17916230316228,-19.3574178212491,-29.6128941355115));
#9184=CARTESIAN_POINT('Ctrl Pts',(-5.99582229999641,-19.3551863940481,-29.6003326831767));
#9185=CARTESIAN_POINT('Ctrl Pts',(-5.90173552337675,-19.354041265931,-29.5938863728274));
#9186=CARTESIAN_POINT('Ctrl Pts',(-6.65548751655609,-19.6672818282002,-30.2137293764003));
#9187=CARTESIAN_POINT('Ctrl Pts',(-6.65548751655609,-19.47036468209,-30.2487099076687));
#9188=CARTESIAN_POINT('Ctrl Pts',(-6.63415441641885,-19.6503231554758,-30.1182633181784));
#9189=CARTESIAN_POINT('Ctrl Pts',(-6.63415441641885,-19.4534060093656,-30.1532438494468));
#9190=CARTESIAN_POINT('Ctrl Pts',(-6.5932632504539,-19.6178168672919,-29.9352745164732));
#9191=CARTESIAN_POINT('Ctrl Pts',(-6.5932632504539,-19.4208997211817,-29.9702550477417));
#9192=CARTESIAN_POINT('Ctrl Pts',(-6.46404985051206,-19.5934726040906,-29.7982324916692));
#9193=CARTESIAN_POINT('Ctrl Pts',(-6.46404985051206,-19.3965554579804,-29.8332130229376));
#9194=CARTESIAN_POINT('Ctrl Pts',(-6.40224764648467,-19.5818288494805,-29.7326858906117));
#9195=CARTESIAN_POINT('Ctrl Pts',(-6.40224764648467,-19.3849117033703,-29.7676664218802));
#9196=CARTESIAN_POINT('',(-6.6554875165561,-19.6672818282002,-30.2137293764003));
#9197=CARTESIAN_POINT('Ctrl Pts',(-6.65548751655609,-19.6672818282002,-30.2137293764003));
#9198=CARTESIAN_POINT('Ctrl Pts',(-6.63415441641885,-19.6503231554758,-30.1182633181784));
#9199=CARTESIAN_POINT('Ctrl Pts',(-6.5932632504539,-19.6178168672919,-29.9352745164732));
#9200=CARTESIAN_POINT('Ctrl Pts',(-6.46404985051206,-19.5934726040906,-29.7982324916692));
#9201=CARTESIAN_POINT('Ctrl Pts',(-6.40224764648467,-19.5818288494805,-29.7326858906117));
#9202=CARTESIAN_POINT('',(-6.6554875165561,-19.47036468209,-30.2487099076687));
#9203=CARTESIAN_POINT('',(-6.6554875165561,-19.6672818282002,-30.2137293764003));
#9204=CARTESIAN_POINT('Ctrl Pts',(-6.65548751655609,-19.47036468209,-30.2487099076687));
#9205=CARTESIAN_POINT('Ctrl Pts',(-6.63415441641885,-19.4534060093656,-30.1532438494468));
#9206=CARTESIAN_POINT('Ctrl Pts',(-6.5932632504539,-19.4208997211817,-29.9702550477417));
#9207=CARTESIAN_POINT('Ctrl Pts',(-6.46404985051206,-19.3965554579804,-29.8332130229376));
#9208=CARTESIAN_POINT('Ctrl Pts',(-6.40224764648467,-19.3849117033703,-29.7676664218802));
#9209=CARTESIAN_POINT('Origin',(-6.35364601913483,-19.6741419283048,-30.2523471813803));
#9210=CARTESIAN_POINT('',(-6.35364601913483,-19.6741419283048,-30.2523471813803));
#9211=CARTESIAN_POINT('',(29.5767234529179,-20.4907490995483,-34.8493029114152));
#9212=CARTESIAN_POINT('',(-6.35364601913483,-19.4772247821946,-30.2873277126487));
#9213=CARTESIAN_POINT('',(-6.35364601913483,-19.6741419283048,-30.2523471813803));
#9214=CARTESIAN_POINT('',(-6.35364601913483,-19.4772247821946,-30.2873277126488));
#9215=CARTESIAN_POINT('Ctrl Pts',(-6.20016763511688,-19.6144888963819,-29.9165402517218));
#9216=CARTESIAN_POINT('Ctrl Pts',(-6.20016763511688,-19.4175717502717,-29.9515207829902));
#9217=CARTESIAN_POINT('Ctrl Pts',(-6.23719250754403,-19.6223578392494,-29.9608371710706));
#9218=CARTESIAN_POINT('Ctrl Pts',(-6.23719250754403,-19.4254406931392,-29.995817702339));
#9219=CARTESIAN_POINT('Ctrl Pts',(-6.31892719693414,-19.6397290159461,-30.0586253525435));
#9220=CARTESIAN_POINT('Ctrl Pts',(-6.31892719693414,-19.442811869836,-30.0936058838119));
#9221=CARTESIAN_POINT('Ctrl Pts',(-6.34136970733186,-19.6619737838982,-30.1838486142315));
#9222=CARTESIAN_POINT('Ctrl Pts',(-6.34136970733186,-19.4650566377881,-30.2188291454999));
#9223=CARTESIAN_POINT('Ctrl Pts',(-6.35364601913483,-19.6741419283048,-30.2523471813803));
#9224=CARTESIAN_POINT('Ctrl Pts',(-6.35364601913483,-19.4772247821946,-30.2873277126487));
#9225=CARTESIAN_POINT('Ctrl Pts',(-6.20016763511688,-19.6144888963819,-29.9165402517218));
#9226=CARTESIAN_POINT('Ctrl Pts',(-6.23719250754403,-19.6223578392494,-29.9608371710706));
#9227=CARTESIAN_POINT('Ctrl Pts',(-6.31892719693414,-19.6397290159461,-30.0586253525435));
#9228=CARTESIAN_POINT('Ctrl Pts',(-6.34136970733186,-19.6619737838982,-30.1838486142315));
#9229=CARTESIAN_POINT('Ctrl Pts',(-6.35364601913483,-19.6741419283048,-30.2523471813803));
#9230=CARTESIAN_POINT('Ctrl Pts',(-6.20016763511688,-19.4175717502717,-29.9515207829902));
#9231=CARTESIAN_POINT('Ctrl Pts',(-6.23719250754403,-19.4254406931392,-29.995817702339));
#9232=CARTESIAN_POINT('Ctrl Pts',(-6.31892719693414,-19.442811869836,-30.0936058838119));
#9233=CARTESIAN_POINT('Ctrl Pts',(-6.34136970733186,-19.4650566377881,-30.2188291454999));
#9234=CARTESIAN_POINT('Ctrl Pts',(-6.35364601913483,-19.4772247821946,-30.2873277126488));
#9235=CARTESIAN_POINT('Origin',(-0.209376564609061,-19.5191310317125,-30.5232320502909));
#9236=CARTESIAN_POINT('Ctrl Pts',(-9.44027850929295,-19.8399773429766,-31.1858903666051));
#9237=CARTESIAN_POINT('Ctrl Pts',(-9.44027850929295,-19.6430601968664,-31.2208708978735));
#9238=CARTESIAN_POINT('Ctrl Pts',(-9.37555980043732,-19.8383696431158,-31.1768400847226));
#9239=CARTESIAN_POINT('Ctrl Pts',(-9.37555980043732,-19.6414524970056,-31.211820615991));
#9240=CARTESIAN_POINT('Ctrl Pts',(-9.23856397146391,-19.8349664822825,-31.157682550667));
#9241=CARTESIAN_POINT('Ctrl Pts',(-9.23856397146391,-19.6380493361723,-31.1926630819354));
#9242=CARTESIAN_POINT('Ctrl Pts',(-9.14343480538107,-19.8172570622609,-31.0579902840413));
#9243=CARTESIAN_POINT('Ctrl Pts',(-9.14343480538107,-19.6203399161507,-31.0929708153097));
#9244=CARTESIAN_POINT('Ctrl Pts',(-9.09324596229587,-19.8079138151875,-31.0053940117043));
#9245=CARTESIAN_POINT('Ctrl Pts',(-9.09324596229587,-19.6109966690774,-31.0403745429727));
#9246=CARTESIAN_POINT('',(-9.44027850929295,-19.8399773429766,-31.1858903666051));
#9247=CARTESIAN_POINT('',(-9.09324596229587,-19.8079138151875,-31.0053940117043));
#9248=CARTESIAN_POINT('Ctrl Pts',(-9.44027850929295,-19.8399773429766,-31.1858903666051));
#9249=CARTESIAN_POINT('Ctrl Pts',(-9.37555980043732,-19.8383696431158,-31.1768400847226));
#9250=CARTESIAN_POINT('Ctrl Pts',(-9.23856397146391,-19.8349664822825,-31.157682550667));
#9251=CARTESIAN_POINT('Ctrl Pts',(-9.14343480538107,-19.8172570622609,-31.0579902840413));
#9252=CARTESIAN_POINT('Ctrl Pts',(-9.09324596229587,-19.8079138151875,-31.0053940117043));
#9253=CARTESIAN_POINT('',(-9.44027850929295,-19.6430601968664,-31.2208708978735));
#9254=CARTESIAN_POINT('',(-9.44027850929295,-19.8399773429766,-31.1858903666051));
#9255=CARTESIAN_POINT('',(-9.09324596229587,-19.6109966690774,-31.0403745429727));
#9256=CARTESIAN_POINT('Ctrl Pts',(-9.44027850929295,-19.6430601968664,-31.2208708978735));
#9257=CARTESIAN_POINT('Ctrl Pts',(-9.37555980043732,-19.6414524970056,-31.211820615991));
#9258=CARTESIAN_POINT('Ctrl Pts',(-9.23856397146391,-19.6380493361723,-31.1926630819354));
#9259=CARTESIAN_POINT('Ctrl Pts',(-9.14343480538107,-19.6203399161507,-31.0929708153097));
#9260=CARTESIAN_POINT('Ctrl Pts',(-9.09324596229587,-19.6109966690774,-31.0403745429727));
#9261=CARTESIAN_POINT('',(-9.09324596229587,-19.8079138151875,-31.0053940117043));
#9262=CARTESIAN_POINT('Ctrl Pts',(-9.78048990074192,-19.8098525544277,-31.0163078253138));
#9263=CARTESIAN_POINT('Ctrl Pts',(-9.78048990074192,-19.6129354083175,-31.0512883565822));
#9264=CARTESIAN_POINT('Ctrl Pts',(-9.73195561855992,-19.8186357252779,-31.0657512406907));
#9265=CARTESIAN_POINT('Ctrl Pts',(-9.73195561855992,-19.6217185791677,-31.1007317719591));
#9266=CARTESIAN_POINT('Ctrl Pts',(-9.6381918178843,-19.835604009218,-31.1612714036704));
#9267=CARTESIAN_POINT('Ctrl Pts',(-9.6381918178843,-19.6386868631078,-31.1962519349388));
#9268=CARTESIAN_POINT('Ctrl Pts',(-9.5046810554338,-19.8385542257987,-31.1778791625702));
#9269=CARTESIAN_POINT('Ctrl Pts',(-9.5046810554338,-19.6416370796886,-31.2128596938386));
#9270=CARTESIAN_POINT('Ctrl Pts',(-9.44027850929295,-19.8399773429766,-31.1858903666051));
#9271=CARTESIAN_POINT('Ctrl Pts',(-9.44027850929295,-19.6430601968664,-31.2208708978735));
#9272=CARTESIAN_POINT('',(-9.78048990074192,-19.8098525544277,-31.0163078253138));
#9273=CARTESIAN_POINT('Ctrl Pts',(-9.78048990074192,-19.8098525544277,-31.0163078253138));
#9274=CARTESIAN_POINT('Ctrl Pts',(-9.73195561855992,-19.8186357252779,-31.0657512406907));
#9275=CARTESIAN_POINT('Ctrl Pts',(-9.6381918178843,-19.835604009218,-31.1612714036704));
#9276=CARTESIAN_POINT('Ctrl Pts',(-9.5046810554338,-19.8385542257987,-31.1778791625702));
#9277=CARTESIAN_POINT('Ctrl Pts',(-9.44027850929295,-19.8399773429766,-31.1858903666051));
#9278=CARTESIAN_POINT('',(-9.78048990074192,-19.6129354083175,-31.0512883565822));
#9279=CARTESIAN_POINT('',(-9.78048990074192,-19.8098525544277,-31.0163078253138));
#9280=CARTESIAN_POINT('Ctrl Pts',(-9.78048990074192,-19.6129354083175,-31.0512883565822));
#9281=CARTESIAN_POINT('Ctrl Pts',(-9.73195561855992,-19.6217185791677,-31.1007317719591));
#9282=CARTESIAN_POINT('Ctrl Pts',(-9.6381918178843,-19.6386868631078,-31.1962519349388));
#9283=CARTESIAN_POINT('Ctrl Pts',(-9.5046810554338,-19.6416370796886,-31.2128596938386));
#9284=CARTESIAN_POINT('Ctrl Pts',(-9.44027850929295,-19.6430601968664,-31.2208708978735));
#9285=CARTESIAN_POINT('Ctrl Pts',(-9.92288301292451,-19.71917998135,-30.5058814917648));
#9286=CARTESIAN_POINT('Ctrl Pts',(-9.92288301292451,-19.5222628352398,-30.5408620230332));
#9287=CARTESIAN_POINT('Ctrl Pts',(-9.92029382234286,-19.7373086395485,-30.6079337907386));
#9288=CARTESIAN_POINT('Ctrl Pts',(-9.92029382234286,-19.5403914934384,-30.642914322007));
#9289=CARTESIAN_POINT('Ctrl Pts',(-9.91565972907178,-19.7697550317017,-30.7905854175921));
#9290=CARTESIAN_POINT('Ctrl Pts',(-9.91565972907178,-19.5728378855915,-30.8255659488605));
#9291=CARTESIAN_POINT('Ctrl Pts',(-9.82187473569546,-19.7975759289369,-30.9471985817474));
#9292=CARTESIAN_POINT('Ctrl Pts',(-9.82187473569546,-19.6006587828267,-30.9821791130158));
#9293=CARTESIAN_POINT('Ctrl Pts',(-9.78048990074192,-19.8098525544277,-31.0163078253138));
#9294=CARTESIAN_POINT('Ctrl Pts',(-9.78048990074192,-19.6129354083175,-31.0512883565822));
#9295=CARTESIAN_POINT('',(-9.92288301292451,-19.71917998135,-30.5058814917648));
#9296=CARTESIAN_POINT('Ctrl Pts',(-9.92288301292451,-19.71917998135,-30.5058814917648));
#9297=CARTESIAN_POINT('Ctrl Pts',(-9.92029382234286,-19.7373086395485,-30.6079337907386));
#9298=CARTESIAN_POINT('Ctrl Pts',(-9.91565972907178,-19.7697550317017,-30.7905854175921));
#9299=CARTESIAN_POINT('Ctrl Pts',(-9.82187473569546,-19.7975759289369,-30.9471985817474));
#9300=CARTESIAN_POINT('Ctrl Pts',(-9.78048990074192,-19.8098525544277,-31.0163078253138));
#9301=CARTESIAN_POINT('',(-9.92288301292451,-19.5222628352398,-30.5408620230332));
#9302=CARTESIAN_POINT('',(-9.92288301292451,-19.71917998135,-30.5058814917648));
#9303=CARTESIAN_POINT('Ctrl Pts',(-9.92288301292451,-19.5222628352398,-30.5408620230332));
#9304=CARTESIAN_POINT('Ctrl Pts',(-9.92029382234286,-19.5403914934384,-30.642914322007));
#9305=CARTESIAN_POINT('Ctrl Pts',(-9.91565972907178,-19.5728378855915,-30.8255659488605));
#9306=CARTESIAN_POINT('Ctrl Pts',(-9.82187473569546,-19.6006587828267,-30.9821791130158));
#9307=CARTESIAN_POINT('Ctrl Pts',(-9.78048990074192,-19.6129354083175,-31.0512883565822));
#9308=CARTESIAN_POINT('Ctrl Pts',(-9.77707813087493,-19.6253755786823,-29.9778250387583));
#9309=CARTESIAN_POINT('Ctrl Pts',(-9.77707813087493,-19.4284584325722,-30.0128055700267));
#9310=CARTESIAN_POINT('Ctrl Pts',(-9.81943074179869,-19.6379329899247,-30.0485149195212));
#9311=CARTESIAN_POINT('Ctrl Pts',(-9.81943074179869,-19.4410158438146,-30.0834954507896));
#9312=CARTESIAN_POINT('Ctrl Pts',(-9.91644332008302,-19.6666969035214,-30.210436639147));
#9313=CARTESIAN_POINT('Ctrl Pts',(-9.91644332008302,-19.4697797574112,-30.2454171704155));
#9314=CARTESIAN_POINT('Ctrl Pts',(-9.92056226727453,-19.700266055241,-30.3994086562739));
#9315=CARTESIAN_POINT('Ctrl Pts',(-9.92056226727453,-19.5033489091308,-30.4343891875423));
#9316=CARTESIAN_POINT('Ctrl Pts',(-9.92288301292451,-19.71917998135,-30.5058814917648));
#9317=CARTESIAN_POINT('Ctrl Pts',(-9.92288301292451,-19.5222628352398,-30.5408620230332));
#9318=CARTESIAN_POINT('',(-9.77707813087493,-19.6253755786823,-29.9778250387583));
#9319=CARTESIAN_POINT('Ctrl Pts',(-9.77707813087493,-19.6253755786823,-29.9778250387583));
#9320=CARTESIAN_POINT('Ctrl Pts',(-9.81943074179869,-19.6379329899247,-30.0485149195212));
#9321=CARTESIAN_POINT('Ctrl Pts',(-9.91644332008302,-19.6666969035214,-30.210436639147));
#9322=CARTESIAN_POINT('Ctrl Pts',(-9.92056226727453,-19.700266055241,-30.3994086562739));
#9323=CARTESIAN_POINT('Ctrl Pts',(-9.92288301292451,-19.71917998135,-30.5058814917648));
#9324=CARTESIAN_POINT('',(-9.77707813087493,-19.4284584325722,-30.0128055700267));
#9325=CARTESIAN_POINT('',(-9.77707813087493,-19.6253755786823,-29.9778250387583));
#9326=CARTESIAN_POINT('Ctrl Pts',(-9.77707813087493,-19.4284584325722,-30.0128055700267));
#9327=CARTESIAN_POINT('Ctrl Pts',(-9.81943074179869,-19.4410158438146,-30.0834954507896));
#9328=CARTESIAN_POINT('Ctrl Pts',(-9.91644332008302,-19.4697797574112,-30.2454171704155));
#9329=CARTESIAN_POINT('Ctrl Pts',(-9.92056226727453,-19.5033489091308,-30.4343891875423));
#9330=CARTESIAN_POINT('Ctrl Pts',(-9.92288301292451,-19.5222628352398,-30.5408620230332));
#9331=CARTESIAN_POINT('Ctrl Pts',(-9.4266361981967,-19.5951016603554,-29.8074029959148));
#9332=CARTESIAN_POINT('Ctrl Pts',(-9.4266361981967,-19.3981845142452,-29.8423835271832));
#9333=CARTESIAN_POINT('Ctrl Pts',(-9.49305857567578,-19.5965032799578,-29.8152931828854));
#9334=CARTESIAN_POINT('Ctrl Pts',(-9.49305857567578,-19.3995861338476,-29.8502737141538));
#9335=CARTESIAN_POINT('Ctrl Pts',(-9.62987335210322,-19.5993902930371,-29.8315451480714));
#9336=CARTESIAN_POINT('Ctrl Pts',(-9.62987335210322,-19.4024731469269,-29.8665256793398));
#9337=CARTESIAN_POINT('Ctrl Pts',(-9.72706973953612,-19.616547860286,-29.9281308502985));
#9338=CARTESIAN_POINT('Ctrl Pts',(-9.72706973953612,-19.4196307141758,-29.9631113815669));
#9339=CARTESIAN_POINT('Ctrl Pts',(-9.77707813087493,-19.6253755786823,-29.9778250387583));
#9340=CARTESIAN_POINT('Ctrl Pts',(-9.77707813087493,-19.4284584325722,-30.0128055700267));
#9341=CARTESIAN_POINT('',(-9.4266361981967,-19.5951016603554,-29.8074029959148));
#9342=CARTESIAN_POINT('Ctrl Pts',(-9.4266361981967,-19.5951016603554,-29.8074029959148));
#9343=CARTESIAN_POINT('Ctrl Pts',(-9.49305857567578,-19.5965032799578,-29.8152931828854));
#9344=CARTESIAN_POINT('Ctrl Pts',(-9.62987335210322,-19.5993902930371,-29.8315451480714));
#9345=CARTESIAN_POINT('Ctrl Pts',(-9.72706973953612,-19.616547860286,-29.9281308502985));
#9346=CARTESIAN_POINT('Ctrl Pts',(-9.77707813087493,-19.6253755786823,-29.9778250387583));
#9347=CARTESIAN_POINT('',(-9.4266361981967,-19.3981845142452,-29.8423835271832));
#9348=CARTESIAN_POINT('',(-9.4266361981967,-19.5951016603554,-29.8074029959148));
#9349=CARTESIAN_POINT('Ctrl Pts',(-9.4266361981967,-19.3981845142452,-29.8423835271832));
#9350=CARTESIAN_POINT('Ctrl Pts',(-9.49305857567578,-19.3995861338476,-29.8502737141538));
#9351=CARTESIAN_POINT('Ctrl Pts',(-9.62987335210322,-19.4024731469269,-29.8665256793398));
#9352=CARTESIAN_POINT('Ctrl Pts',(-9.72706973953612,-19.4196307141758,-29.9631113815669));
#9353=CARTESIAN_POINT('Ctrl Pts',(-9.77707813087493,-19.4284584325722,-30.0128055700267));
#9354=CARTESIAN_POINT('Ctrl Pts',(-9.08386657539397,-19.6243316702357,-29.9719485278921));
#9355=CARTESIAN_POINT('Ctrl Pts',(-9.08386657539397,-19.4274145241256,-30.0069290591606));
#9356=CARTESIAN_POINT('Ctrl Pts',(-9.13267893524194,-19.615807742366,-29.9239644782252));
#9357=CARTESIAN_POINT('Ctrl Pts',(-9.13267893524194,-19.4188905962558,-29.9589450094936));
#9358=CARTESIAN_POINT('Ctrl Pts',(-9.22797941548046,-19.5991657602525,-29.8302811776986));
#9359=CARTESIAN_POINT('Ctrl Pts',(-9.22797941548046,-19.4022486141424,-29.865261708967));
#9360=CARTESIAN_POINT('Ctrl Pts',(-9.36150275030075,-19.5964341536902,-29.8149040479342));
#9361=CARTESIAN_POINT('Ctrl Pts',(-9.36150275030075,-19.3995170075801,-29.8498845792026));
#9362=CARTESIAN_POINT('Ctrl Pts',(-9.4266361981967,-19.5951016603554,-29.8074029959148));
#9363=CARTESIAN_POINT('Ctrl Pts',(-9.4266361981967,-19.3981845142452,-29.8423835271832));
#9364=CARTESIAN_POINT('',(-9.08386657539397,-19.6243316702357,-29.9719485278921));
#9365=CARTESIAN_POINT('Ctrl Pts',(-9.08386657539397,-19.6243316702357,-29.9719485278921));
#9366=CARTESIAN_POINT('Ctrl Pts',(-9.13267893524194,-19.615807742366,-29.9239644782252));
#9367=CARTESIAN_POINT('Ctrl Pts',(-9.22797941548046,-19.5991657602525,-29.8302811776986));
#9368=CARTESIAN_POINT('Ctrl Pts',(-9.36150275030075,-19.5964341536902,-29.8149040479342));
#9369=CARTESIAN_POINT('Ctrl Pts',(-9.4266361981967,-19.5951016603554,-29.8074029959148));
#9370=CARTESIAN_POINT('',(-9.08386657539397,-19.4274145241256,-30.0069290591606));
#9371=CARTESIAN_POINT('',(-9.08386657539397,-19.6243316702357,-29.9719485278921));
#9372=CARTESIAN_POINT('Ctrl Pts',(-9.08386657539397,-19.4274145241256,-30.0069290591606));
#9373=CARTESIAN_POINT('Ctrl Pts',(-9.13267893524194,-19.4188905962558,-29.9589450094936));
#9374=CARTESIAN_POINT('Ctrl Pts',(-9.22797941548046,-19.4022486141424,-29.865261708967));
#9375=CARTESIAN_POINT('Ctrl Pts',(-9.36150275030075,-19.3995170075801,-29.8498845792026));
#9376=CARTESIAN_POINT('Ctrl Pts',(-9.4266361981967,-19.3981845142452,-29.8423835271832));
#9377=CARTESIAN_POINT('Ctrl Pts',(-8.94232461753877,-19.7147059837573,-30.4806958583365));
#9378=CARTESIAN_POINT('Ctrl Pts',(-8.94232461753877,-19.5177888376471,-30.5156763896049));
#9379=CARTESIAN_POINT('Ctrl Pts',(-8.94462286169638,-19.696489533245,-30.378149346975));
#9380=CARTESIAN_POINT('Ctrl Pts',(-8.94462286169638,-19.4995723871348,-30.4131298782435));
#9381=CARTESIAN_POINT('Ctrl Pts',(-8.94870662826206,-19.664120591372,-30.1959337137328));
#9382=CARTESIAN_POINT('Ctrl Pts',(-8.94870662826206,-19.4672034452618,-30.2309142450012));
#9383=CARTESIAN_POINT('Ctrl Pts',(-9.04274896892469,-19.6364360342566,-30.0400880538521));
#9384=CARTESIAN_POINT('Ctrl Pts',(-9.04274896892469,-19.4395188881464,-30.0750685851205));
#9385=CARTESIAN_POINT('Ctrl Pts',(-9.08386657539397,-19.6243316702357,-29.9719485278921));
#9386=CARTESIAN_POINT('Ctrl Pts',(-9.08386657539397,-19.4274145241256,-30.0069290591606));
#9387=CARTESIAN_POINT('',(-8.94232461753877,-19.7147059837573,-30.4806958583365));
#9388=CARTESIAN_POINT('Ctrl Pts',(-8.94232461753877,-19.7147059837573,-30.4806958583365));
#9389=CARTESIAN_POINT('Ctrl Pts',(-8.94462286169638,-19.696489533245,-30.378149346975));
#9390=CARTESIAN_POINT('Ctrl Pts',(-8.94870662826206,-19.664120591372,-30.1959337137328));
#9391=CARTESIAN_POINT('Ctrl Pts',(-9.04274896892469,-19.6364360342566,-30.0400880538521));
#9392=CARTESIAN_POINT('Ctrl Pts',(-9.08386657539397,-19.6243316702357,-29.9719485278921));
#9393=CARTESIAN_POINT('',(-8.94232461753877,-19.5177888376471,-30.5156763896049));
#9394=CARTESIAN_POINT('',(-8.94232461753877,-19.7147059837573,-30.4806958583365));
#9395=CARTESIAN_POINT('Ctrl Pts',(-8.94232461753877,-19.5177888376471,-30.5156763896049));
#9396=CARTESIAN_POINT('Ctrl Pts',(-8.94462286169638,-19.4995723871348,-30.4131298782435));
#9397=CARTESIAN_POINT('Ctrl Pts',(-8.94870662826206,-19.4672034452618,-30.2309142450012));
#9398=CARTESIAN_POINT('Ctrl Pts',(-9.04274896892469,-19.4395188881464,-30.0750685851205));
#9399=CARTESIAN_POINT('Ctrl Pts',(-9.08386657539397,-19.4274145241256,-30.0069290591606));
#9400=CARTESIAN_POINT('Ctrl Pts',(-9.09324596229587,-19.8079138151875,-31.0053940117043));
#9401=CARTESIAN_POINT('Ctrl Pts',(-9.09324596229587,-19.6109966690774,-31.0403745429727));
#9402=CARTESIAN_POINT('Ctrl Pts',(-9.04935057139675,-19.79512914915,-30.9334248374579));
#9403=CARTESIAN_POINT('Ctrl Pts',(-9.04935057139675,-19.5982120030398,-30.9684053687264));
#9404=CARTESIAN_POINT('Ctrl Pts',(-8.95135052502478,-19.7665863377325,-30.7727477761759));
#9405=CARTESIAN_POINT('Ctrl Pts',(-8.95135052502478,-19.5696691916223,-30.8077283074444));
#9406=CARTESIAN_POINT('Ctrl Pts',(-8.94553519294464,-19.7331601711926,-30.5845806705957));
#9407=CARTESIAN_POINT('Ctrl Pts',(-8.94553519294464,-19.5362430250824,-30.6195612018641));
#9408=CARTESIAN_POINT('Ctrl Pts',(-8.94232461753877,-19.7147059837573,-30.4806958583365));
#9409=CARTESIAN_POINT('Ctrl Pts',(-8.94232461753877,-19.5177888376471,-30.5156763896049));
#9410=CARTESIAN_POINT('Ctrl Pts',(-9.09324596229587,-19.8079138151875,-31.0053940117043));
#9411=CARTESIAN_POINT('Ctrl Pts',(-9.04935057139675,-19.79512914915,-30.9334248374579));
#9412=CARTESIAN_POINT('Ctrl Pts',(-8.95135052502478,-19.7665863377325,-30.7727477761759));
#9413=CARTESIAN_POINT('Ctrl Pts',(-8.94553519294464,-19.7331601711926,-30.5845806705957));
#9414=CARTESIAN_POINT('Ctrl Pts',(-8.94232461753877,-19.7147059837573,-30.4806958583365));
#9415=CARTESIAN_POINT('Ctrl Pts',(-9.09324596229587,-19.6109966690774,-31.0403745429727));
#9416=CARTESIAN_POINT('Ctrl Pts',(-9.04935057139675,-19.5982120030398,-30.9684053687264));
#9417=CARTESIAN_POINT('Ctrl Pts',(-8.95135052502478,-19.5696691916223,-30.8077283074444));
#9418=CARTESIAN_POINT('Ctrl Pts',(-8.94553519294464,-19.5362430250824,-30.6195612018641));
#9419=CARTESIAN_POINT('Ctrl Pts',(-8.94232461753877,-19.5177888376471,-30.5156763896049));
#9420=CARTESIAN_POINT('Origin',(-8.9713139325717,-19.5909259744439,-29.7838966590205));
#9421=CARTESIAN_POINT('',(-8.9713139325717,-19.5909259744439,-29.7838966590205));
#9422=CARTESIAN_POINT('',(-8.97131393257166,-19.4367229170255,-28.9158359153086));
#9423=CARTESIAN_POINT('',(-8.97131393257191,-20.4539146198447,-34.6419492675832));
#9424=CARTESIAN_POINT('',(-8.9713139325717,-19.3940088283338,-29.8188771902889));
#9425=CARTESIAN_POINT('',(-8.9713139325717,-19.5909259744439,-29.7838966590205));
#9426=CARTESIAN_POINT('',(-8.97131393257166,-19.2398057709153,-28.9508164465771));
#9427=CARTESIAN_POINT('',(-8.9713139325717,-19.3940088283338,-29.8188771902889));
#9428=CARTESIAN_POINT('',(-8.97131393257166,-19.4367229170255,-28.9158359153086));
#9429=CARTESIAN_POINT('Ctrl Pts',(-9.17169044319181,-19.5622924836759,-29.6227091332524));
#9430=CARTESIAN_POINT('Ctrl Pts',(-9.17169044319181,-19.3653753375657,-29.6576896645208));
#9431=CARTESIAN_POINT('Ctrl Pts',(-9.13317706342491,-19.5662495081189,-29.6449845513818));
#9432=CARTESIAN_POINT('Ctrl Pts',(-9.13317706342491,-19.3693323620087,-29.6799650826502));
#9433=CARTESIAN_POINT('Ctrl Pts',(-9.05789135260593,-19.5739846744355,-29.6885283976453));
#9434=CARTESIAN_POINT('Ctrl Pts',(-9.05789135260593,-19.3770675283254,-29.7235089289137));
#9435=CARTESIAN_POINT('Ctrl Pts',(-8.99972468737319,-19.585366613581,-29.7526011516157));
#9436=CARTESIAN_POINT('Ctrl Pts',(-8.99972468737319,-19.3884494674708,-29.7875816828841));
#9437=CARTESIAN_POINT('Ctrl Pts',(-8.9713139325717,-19.5909259744439,-29.7838966590205));
#9438=CARTESIAN_POINT('Ctrl Pts',(-8.9713139325717,-19.3940088283338,-29.8188771902889));
#9439=CARTESIAN_POINT('',(-9.17169044319181,-19.5622924836759,-29.6227091332524));
#9440=CARTESIAN_POINT('Ctrl Pts',(-9.17169044319181,-19.5622924836759,-29.6227091332524));
#9441=CARTESIAN_POINT('Ctrl Pts',(-9.13317706342491,-19.5662495081189,-29.6449845513818));
#9442=CARTESIAN_POINT('Ctrl Pts',(-9.05789135260593,-19.5739846744355,-29.6885283976453));
#9443=CARTESIAN_POINT('Ctrl Pts',(-8.99972468737319,-19.585366613581,-29.7526011516157));
#9444=CARTESIAN_POINT('Ctrl Pts',(-8.9713139325717,-19.5909259744439,-29.7838966590205));
#9445=CARTESIAN_POINT('',(-9.17169044319181,-19.3653753375657,-29.6576896645208));
#9446=CARTESIAN_POINT('',(-9.17169044319181,-19.5622924836759,-29.6227091332524));
#9447=CARTESIAN_POINT('Ctrl Pts',(-9.17169044319181,-19.3653753375657,-29.6576896645208));
#9448=CARTESIAN_POINT('Ctrl Pts',(-9.13317706342491,-19.3693323620087,-29.6799650826502));
#9449=CARTESIAN_POINT('Ctrl Pts',(-9.05789135260593,-19.3770675283254,-29.7235089289137));
#9450=CARTESIAN_POINT('Ctrl Pts',(-8.99972468737319,-19.3884494674708,-29.7875816828841));
#9451=CARTESIAN_POINT('Ctrl Pts',(-8.9713139325717,-19.3940088283338,-29.8188771902889));
#9452=CARTESIAN_POINT('Ctrl Pts',(-9.44709966484098,-19.5509584120412,-29.5589058415588));
#9453=CARTESIAN_POINT('Ctrl Pts',(-9.44709966484098,-19.354041265931,-29.5938863728272));
#9454=CARTESIAN_POINT('Ctrl Pts',(-9.39784934578578,-19.5513762646976,-29.5612580743471));
#9455=CARTESIAN_POINT('Ctrl Pts',(-9.39784934578578,-19.3544591185875,-29.5962386056155));
#9456=CARTESIAN_POINT('Ctrl Pts',(-9.30199630093701,-19.5521895071332,-29.5658360888508));
#9457=CARTESIAN_POINT('Ctrl Pts',(-9.30199630093701,-19.355272361023,-29.6008166201192));
#9458=CARTESIAN_POINT('Ctrl Pts',(-9.21431846823014,-19.5589874140154,-29.604103787317));
#9459=CARTESIAN_POINT('Ctrl Pts',(-9.21431846823014,-19.3620702679052,-29.6390843185854));
#9460=CARTESIAN_POINT('Ctrl Pts',(-9.17169044319181,-19.5622924836759,-29.6227091332524));
#9461=CARTESIAN_POINT('Ctrl Pts',(-9.17169044319181,-19.3653753375657,-29.6576896645208));
#9462=CARTESIAN_POINT('',(-9.44709966484098,-19.5509584120412,-29.5589058415588));
#9463=CARTESIAN_POINT('Ctrl Pts',(-9.44709966484098,-19.5509584120412,-29.5589058415588));
#9464=CARTESIAN_POINT('Ctrl Pts',(-9.39784934578578,-19.5513762646976,-29.5612580743471));
#9465=CARTESIAN_POINT('Ctrl Pts',(-9.30199630093701,-19.5521895071332,-29.5658360888508));
#9466=CARTESIAN_POINT('Ctrl Pts',(-9.21431846823014,-19.5589874140154,-29.604103787317));
#9467=CARTESIAN_POINT('Ctrl Pts',(-9.17169044319181,-19.5622924836759,-29.6227091332524));
#9468=CARTESIAN_POINT('',(-9.44709966484098,-19.354041265931,-29.5938863728272));
#9469=CARTESIAN_POINT('',(-9.44709966484098,-19.5509584120412,-29.5589058415588));
#9470=CARTESIAN_POINT('Ctrl Pts',(-9.44709966484098,-19.354041265931,-29.5938863728272));
#9471=CARTESIAN_POINT('Ctrl Pts',(-9.39784934578578,-19.3544591185875,-29.5962386056155));
#9472=CARTESIAN_POINT('Ctrl Pts',(-9.30199630093701,-19.355272361023,-29.6008166201192));
#9473=CARTESIAN_POINT('Ctrl Pts',(-9.21431846823014,-19.3620702679052,-29.6390843185854));
#9474=CARTESIAN_POINT('Ctrl Pts',(-9.17169044319181,-19.3653753375657,-29.6576896645208));
#9475=CARTESIAN_POINT('Ctrl Pts',(-9.84699676338224,-19.5716878681955,-29.6755989047659));
#9476=CARTESIAN_POINT('Ctrl Pts',(-9.84699676338224,-19.3747707220853,-29.7105794360343));
#9477=CARTESIAN_POINT('Ctrl Pts',(-9.78343089574221,-19.5656423202754,-29.6415664873056));
#9478=CARTESIAN_POINT('Ctrl Pts',(-9.78343089574221,-19.3687251741652,-29.676547018574));
#9479=CARTESIAN_POINT('Ctrl Pts',(-9.65848255279332,-19.5537588799498,-29.5746706149438));
#9480=CARTESIAN_POINT('Ctrl Pts',(-9.65848255279332,-19.3568417338396,-29.6096511462122));
#9481=CARTESIAN_POINT('Ctrl Pts',(-9.51673497810678,-19.5518809628777,-29.5640991897236));
#9482=CARTESIAN_POINT('Ctrl Pts',(-9.51673497810678,-19.3549638167675,-29.599079720992));
#9483=CARTESIAN_POINT('Ctrl Pts',(-9.44709966484098,-19.5509584120412,-29.5589058415588));
#9484=CARTESIAN_POINT('Ctrl Pts',(-9.44709966484098,-19.354041265931,-29.5938863728272));
#9485=CARTESIAN_POINT('',(-9.84699676338224,-19.5716878681955,-29.6755989047659));
#9486=CARTESIAN_POINT('Ctrl Pts',(-9.84699676338224,-19.5716878681955,-29.6755989047659));
#9487=CARTESIAN_POINT('Ctrl Pts',(-9.78343089574221,-19.5656423202754,-29.6415664873056));
#9488=CARTESIAN_POINT('Ctrl Pts',(-9.65848255279332,-19.5537588799498,-29.5746706149438));
#9489=CARTESIAN_POINT('Ctrl Pts',(-9.51673497810678,-19.5518809628777,-29.5640991897236));
#9490=CARTESIAN_POINT('Ctrl Pts',(-9.44709966484098,-19.5509584120412,-29.5589058415588));
#9491=CARTESIAN_POINT('',(-9.84699676338224,-19.3747707220853,-29.7105794360343));
#9492=CARTESIAN_POINT('',(-9.84699676338224,-19.5716878681955,-29.6755989047659));
#9493=CARTESIAN_POINT('Ctrl Pts',(-9.84699676338224,-19.3747707220853,-29.7105794360343));
#9494=CARTESIAN_POINT('Ctrl Pts',(-9.78343089574221,-19.3687251741652,-29.676547018574));
#9495=CARTESIAN_POINT('Ctrl Pts',(-9.65848255279332,-19.3568417338396,-29.6096511462122));
#9496=CARTESIAN_POINT('Ctrl Pts',(-9.51673497810678,-19.3549638167675,-29.599079720992));
#9497=CARTESIAN_POINT('Ctrl Pts',(-9.44709966484098,-19.354041265931,-29.5938863728272));
#9498=CARTESIAN_POINT('Ctrl Pts',(-10.1369018346408,-19.6313408740559,-30.0114056877097));
#9499=CARTESIAN_POINT('Ctrl Pts',(-10.1369018346408,-19.4344237279457,-30.0463862189782));
#9500=CARTESIAN_POINT('Ctrl Pts',(-10.1006285929452,-19.6192070001587,-29.9431000407555));
#9501=CARTESIAN_POINT('Ctrl Pts',(-10.1006285929452,-19.4222898540485,-29.9780805720239));
#9502=CARTESIAN_POINT('Ctrl Pts',(-10.0296870681683,-19.5954761320179,-29.8095110225345));
#9503=CARTESIAN_POINT('Ctrl Pts',(-10.0296870681683,-19.3985589859077,-29.8444915538029));
#9504=CARTESIAN_POINT('Ctrl Pts',(-9.90696807978717,-19.5794967855767,-29.7195579205142));
#9505=CARTESIAN_POINT('Ctrl Pts',(-9.90696807978717,-19.3825796394665,-29.7545384517826));
#9506=CARTESIAN_POINT('Ctrl Pts',(-9.84699676338224,-19.5716878681955,-29.6755989047659));
#9507=CARTESIAN_POINT('Ctrl Pts',(-9.84699676338224,-19.3747707220853,-29.7105794360343));
#9508=CARTESIAN_POINT('',(-10.1369018346408,-19.6313408740559,-30.0114056877097));
#9509=CARTESIAN_POINT('Ctrl Pts',(-10.1369018346408,-19.6313408740559,-30.0114056877097));
#9510=CARTESIAN_POINT('Ctrl Pts',(-10.1006285929452,-19.6192070001587,-29.9431000407555));
#9511=CARTESIAN_POINT('Ctrl Pts',(-10.0296870681683,-19.5954761320179,-29.8095110225345));
#9512=CARTESIAN_POINT('Ctrl Pts',(-9.90696807978717,-19.5794967855767,-29.7195579205142));
#9513=CARTESIAN_POINT('Ctrl Pts',(-9.84699676338224,-19.5716878681955,-29.6755989047659));
#9514=CARTESIAN_POINT('',(-10.1369018346408,-19.4344237279457,-30.0463862189782));
#9515=CARTESIAN_POINT('',(-10.1369018346408,-19.6313408740559,-30.0114056877097));
#9516=CARTESIAN_POINT('Ctrl Pts',(-10.1369018346408,-19.4344237279457,-30.0463862189782));
#9517=CARTESIAN_POINT('Ctrl Pts',(-10.1006285929452,-19.4222898540485,-29.9780805720239));
#9518=CARTESIAN_POINT('Ctrl Pts',(-10.0296870681683,-19.3985589859077,-29.8444915538029));
#9519=CARTESIAN_POINT('Ctrl Pts',(-9.90696807978717,-19.3825796394665,-29.7545384517826));
#9520=CARTESIAN_POINT('Ctrl Pts',(-9.84699676338224,-19.3747707220853,-29.7105794360343));
#9521=CARTESIAN_POINT('Ctrl Pts',(-10.2366633206943,-19.7188816696687,-30.5042021952307));
#9522=CARTESIAN_POINT('Ctrl Pts',(-10.2366633206943,-19.5219645235586,-30.5391827264991));
#9523=CARTESIAN_POINT('Ctrl Pts',(-10.233097083642,-19.7033151268853,-30.4165729034912));
#9524=CARTESIAN_POINT('Ctrl Pts',(-10.233097083642,-19.5063979807751,-30.4515534347596));
#9525=CARTESIAN_POINT('Ctrl Pts',(-10.2261975574951,-19.673198853801,-30.247038298607));
#9526=CARTESIAN_POINT('Ctrl Pts',(-10.2261975574951,-19.4762817076908,-30.2820188298754));
#9527=CARTESIAN_POINT('Ctrl Pts',(-10.1659894759358,-19.6449759045057,-30.0881618485212));
#9528=CARTESIAN_POINT('Ctrl Pts',(-10.1659894759358,-19.4480587583955,-30.1231423797896));
#9529=CARTESIAN_POINT('Ctrl Pts',(-10.1369018346408,-19.6313408740559,-30.0114056877097));
#9530=CARTESIAN_POINT('Ctrl Pts',(-10.1369018346408,-19.4344237279457,-30.0463862189782));
#9531=CARTESIAN_POINT('',(-10.2366633206943,-19.7188816696687,-30.5042021952307));
#9532=CARTESIAN_POINT('Ctrl Pts',(-10.2366633206943,-19.7188816696687,-30.5042021952307));
#9533=CARTESIAN_POINT('Ctrl Pts',(-10.233097083642,-19.7033151268853,-30.4165729034912));
#9534=CARTESIAN_POINT('Ctrl Pts',(-10.2261975574951,-19.673198853801,-30.247038298607));
#9535=CARTESIAN_POINT('Ctrl Pts',(-10.1659894759358,-19.6449759045057,-30.0881618485212));
#9536=CARTESIAN_POINT('Ctrl Pts',(-10.1369018346408,-19.6313408740559,-30.0114056877097));
#9537=CARTESIAN_POINT('',(-10.2366633206943,-19.5219645235586,-30.5391827264991));
#9538=CARTESIAN_POINT('',(-10.2366633206943,-19.7188816696687,-30.5042021952307));
#9539=CARTESIAN_POINT('Ctrl Pts',(-10.2366633206943,-19.5219645235586,-30.5391827264991));
#9540=CARTESIAN_POINT('Ctrl Pts',(-10.233097083642,-19.5063979807751,-30.4515534347596));
#9541=CARTESIAN_POINT('Ctrl Pts',(-10.2261975574951,-19.4762817076908,-30.2820188298754));
#9542=CARTESIAN_POINT('Ctrl Pts',(-10.1659894759358,-19.4480587583955,-30.1231423797896));
#9543=CARTESIAN_POINT('Ctrl Pts',(-10.1369018346408,-19.4344237279457,-30.0463862189782));
#9544=CARTESIAN_POINT('Ctrl Pts',(-10.1462812215427,-19.8022467793702,-30.9734923658574));
#9545=CARTESIAN_POINT('Ctrl Pts',(-10.1462812215427,-19.60532963326,-31.0084728971258));
#9546=CARTESIAN_POINT('Ctrl Pts',(-10.1726372999204,-19.7890879736005,-30.8994170335388));
#9547=CARTESIAN_POINT('Ctrl Pts',(-10.1726372999204,-19.5921708274903,-30.9343975648072));
#9548=CARTESIAN_POINT('Ctrl Pts',(-10.2266849106188,-19.7621036096407,-30.7475129958389));
#9549=CARTESIAN_POINT('Ctrl Pts',(-10.2266849106188,-19.5651864635305,-30.7824935271073));
#9550=CARTESIAN_POINT('Ctrl Pts',(-10.2332828415883,-19.7335243696468,-30.5866308658792));
#9551=CARTESIAN_POINT('Ctrl Pts',(-10.2332828415883,-19.5366072235366,-30.6216113971476));
#9552=CARTESIAN_POINT('Ctrl Pts',(-10.2366633206943,-19.7188816696687,-30.5042021952307));
#9553=CARTESIAN_POINT('Ctrl Pts',(-10.2366633206943,-19.5219645235586,-30.5391827264991));
#9554=CARTESIAN_POINT('',(-10.1462812215427,-19.8022467793702,-30.9734923658574));
#9555=CARTESIAN_POINT('Ctrl Pts',(-10.1462812215427,-19.8022467793702,-30.9734923658574));
#9556=CARTESIAN_POINT('Ctrl Pts',(-10.1726372999204,-19.7890879736005,-30.8994170335388));
#9557=CARTESIAN_POINT('Ctrl Pts',(-10.2266849106188,-19.7621036096407,-30.7475129958389));
#9558=CARTESIAN_POINT('Ctrl Pts',(-10.2332828415883,-19.7335243696468,-30.5866308658792));
#9559=CARTESIAN_POINT('Ctrl Pts',(-10.2366633206943,-19.7188816696687,-30.5042021952307));
#9560=CARTESIAN_POINT('',(-10.1462812215427,-19.60532963326,-31.0084728971258));
#9561=CARTESIAN_POINT('',(-10.1462812215427,-19.8022467793702,-30.9734923658574));
#9562=CARTESIAN_POINT('Ctrl Pts',(-10.1462812215427,-19.60532963326,-31.0084728971258));
#9563=CARTESIAN_POINT('Ctrl Pts',(-10.1726372999204,-19.5921708274903,-30.9343975648072));
#9564=CARTESIAN_POINT('Ctrl Pts',(-10.2266849106188,-19.5651864635305,-30.7824935271073));
#9565=CARTESIAN_POINT('Ctrl Pts',(-10.2332828415883,-19.5366072235366,-30.6216113971476));
#9566=CARTESIAN_POINT('Ctrl Pts',(-10.2366633206943,-19.5219645235586,-30.5391827264991));
#9567=CARTESIAN_POINT('Ctrl Pts',(-9.87854430976903,-19.8611541363401,-31.3051016410397));
#9568=CARTESIAN_POINT('Ctrl Pts',(-9.87854430976903,-19.6642369902299,-31.3400821723081));
#9569=CARTESIAN_POINT('Ctrl Pts',(-9.93440187341256,-19.85332421594,-31.2610243922516));
#9570=CARTESIAN_POINT('Ctrl Pts',(-9.93440187341256,-19.6564070698298,-31.29600492352));
#9571=CARTESIAN_POINT('Ctrl Pts',(-10.0490671932419,-19.8372508273359,-31.1705418953467));
#9572=CARTESIAN_POINT('Ctrl Pts',(-10.0490671932419,-19.6403336812258,-31.2055224266151));
#9573=CARTESIAN_POINT('Ctrl Pts',(-10.1133254510827,-19.8141132289978,-31.0402925918805));
#9574=CARTESIAN_POINT('Ctrl Pts',(-10.1133254510827,-19.6171960828876,-31.0752731231489));
#9575=CARTESIAN_POINT('Ctrl Pts',(-10.1462812215427,-19.8022467793702,-30.9734923658574));
#9576=CARTESIAN_POINT('Ctrl Pts',(-10.1462812215427,-19.60532963326,-31.0084728971258));
#9577=CARTESIAN_POINT('',(-9.87854430976903,-19.8611541363401,-31.3051016410397));
#9578=CARTESIAN_POINT('Ctrl Pts',(-9.87854430976903,-19.8611541363401,-31.3051016410397));
#9579=CARTESIAN_POINT('Ctrl Pts',(-9.93440187341256,-19.85332421594,-31.2610243922516));
#9580=CARTESIAN_POINT('Ctrl Pts',(-10.0490671932419,-19.8372508273359,-31.1705418953467));
#9581=CARTESIAN_POINT('Ctrl Pts',(-10.1133254510827,-19.8141132289978,-31.0402925918805));
#9582=CARTESIAN_POINT('Ctrl Pts',(-10.1462812215427,-19.8022467793702,-30.9734923658574));
#9583=CARTESIAN_POINT('',(-9.87854430976903,-19.6642369902299,-31.3400821723081));
#9584=CARTESIAN_POINT('',(-9.87854430976903,-19.8611541363401,-31.3051016410397));
#9585=CARTESIAN_POINT('Ctrl Pts',(-9.87854430976903,-19.6642369902299,-31.3400821723081));
#9586=CARTESIAN_POINT('Ctrl Pts',(-9.93440187341256,-19.6564070698298,-31.29600492352));
#9587=CARTESIAN_POINT('Ctrl Pts',(-10.0490671932419,-19.6403336812258,-31.2055224266151));
#9588=CARTESIAN_POINT('Ctrl Pts',(-10.1133254510827,-19.6171960828876,-31.0752731231489));
#9589=CARTESIAN_POINT('Ctrl Pts',(-10.1462812215427,-19.60532963326,-31.0084728971258));
#9590=CARTESIAN_POINT('Ctrl Pts',(-9.46926782432592,-19.8820327222725,-31.4226342057992));
#9591=CARTESIAN_POINT('Ctrl Pts',(-9.46926782432592,-19.6851155761623,-31.4576147370676));
#9592=CARTESIAN_POINT('Ctrl Pts',(-9.54362898017064,-19.8812409510005,-31.4181770596781));
#9593=CARTESIAN_POINT('Ctrl Pts',(-9.54362898017064,-19.6843238048903,-31.4531575909465));
#9594=CARTESIAN_POINT('Ctrl Pts',(-9.689186941727,-19.8796911013368,-31.4094524359631));
#9595=CARTESIAN_POINT('Ctrl Pts',(-9.689186941727,-19.6827739552266,-31.4444329672316));
#9596=CARTESIAN_POINT('Ctrl Pts',(-9.81634664780994,-19.8672429191244,-31.3393774420551));
#9597=CARTESIAN_POINT('Ctrl Pts',(-9.81634664780994,-19.6703257730142,-31.3743579733235));
#9598=CARTESIAN_POINT('Ctrl Pts',(-9.87854430976903,-19.8611541363401,-31.3051016410397));
#9599=CARTESIAN_POINT('Ctrl Pts',(-9.87854430976903,-19.6642369902299,-31.3400821723081));
#9600=CARTESIAN_POINT('',(-9.46926782432592,-19.8820327222725,-31.4226342057992));
#9601=CARTESIAN_POINT('Ctrl Pts',(-9.46926782432592,-19.8820327222725,-31.4226342057992));
#9602=CARTESIAN_POINT('Ctrl Pts',(-9.54362898017064,-19.8812409510005,-31.4181770596781));
#9603=CARTESIAN_POINT('Ctrl Pts',(-9.689186941727,-19.8796911013368,-31.4094524359631));
#9604=CARTESIAN_POINT('Ctrl Pts',(-9.81634664780994,-19.8672429191244,-31.3393774420551));
#9605=CARTESIAN_POINT('Ctrl Pts',(-9.87854430976903,-19.8611541363401,-31.3051016410397));
#9606=CARTESIAN_POINT('',(-9.46926782432592,-19.6851155761623,-31.4576147370676));
#9607=CARTESIAN_POINT('',(-9.46926782432592,-19.8820327222725,-31.4226342057992));
#9608=CARTESIAN_POINT('Ctrl Pts',(-9.46926782432592,-19.6851155761623,-31.4576147370676));
#9609=CARTESIAN_POINT('Ctrl Pts',(-9.54362898017064,-19.6843238048903,-31.4531575909465));
#9610=CARTESIAN_POINT('Ctrl Pts',(-9.689186941727,-19.6827739552266,-31.4444329672316));
#9611=CARTESIAN_POINT('Ctrl Pts',(-9.81634664780994,-19.6703257730142,-31.3743579733235));
#9612=CARTESIAN_POINT('Ctrl Pts',(-9.87854430976903,-19.6642369902299,-31.3400821723081));
#9613=CARTESIAN_POINT('Ctrl Pts',(-9.16742751899755,-19.8699529496223,-31.3546331129146));
#9614=CARTESIAN_POINT('Ctrl Pts',(-9.16742751899755,-19.6730358035121,-31.389613644183));
#9615=CARTESIAN_POINT('Ctrl Pts',(-9.21265211011932,-19.8734730798638,-31.3744491070104));
#9616=CARTESIAN_POINT('Ctrl Pts',(-9.21265211011932,-19.6765559337536,-31.4094296382788));
#9617=CARTESIAN_POINT('Ctrl Pts',(-9.30860938515656,-19.8809420717854,-31.4164945683054));
#9618=CARTESIAN_POINT('Ctrl Pts',(-9.30860938515656,-19.6840249256752,-31.4514750995738));
#9619=CARTESIAN_POINT('Ctrl Pts',(-9.41370414518304,-19.8816555210869,-31.4205108137787));
#9620=CARTESIAN_POINT('Ctrl Pts',(-9.41370414518304,-19.6847383749768,-31.4554913450471));
#9621=CARTESIAN_POINT('Ctrl Pts',(-9.46926782432592,-19.8820327222725,-31.4226342057992));
#9622=CARTESIAN_POINT('Ctrl Pts',(-9.46926782432592,-19.6851155761623,-31.4576147370676));
#9623=CARTESIAN_POINT('',(-9.16742751899755,-19.8699529496223,-31.3546331129146));
#9624=CARTESIAN_POINT('Ctrl Pts',(-9.16742751899755,-19.8699529496223,-31.3546331129146));
#9625=CARTESIAN_POINT('Ctrl Pts',(-9.21265211011932,-19.8734730798638,-31.3744491070104));
#9626=CARTESIAN_POINT('Ctrl Pts',(-9.30860938515656,-19.8809420717854,-31.4164945683054));
#9627=CARTESIAN_POINT('Ctrl Pts',(-9.41370414518304,-19.8816555210869,-31.4205108137787));
#9628=CARTESIAN_POINT('Ctrl Pts',(-9.46926782432592,-19.8820327222725,-31.4226342057992));
#9629=CARTESIAN_POINT('',(-9.16742751899755,-19.6730358035121,-31.389613644183));
#9630=CARTESIAN_POINT('',(-9.16742751899755,-19.8699529496223,-31.3546331129146));
#9631=CARTESIAN_POINT('Ctrl Pts',(-9.16742751899755,-19.6730358035121,-31.389613644183));
#9632=CARTESIAN_POINT('Ctrl Pts',(-9.21265211011932,-19.6765559337536,-31.4094296382788));
#9633=CARTESIAN_POINT('Ctrl Pts',(-9.30860938515656,-19.6840249256752,-31.4514750995738));
#9634=CARTESIAN_POINT('Ctrl Pts',(-9.41370414518304,-19.6847383749768,-31.4554913450471));
#9635=CARTESIAN_POINT('Ctrl Pts',(-9.46926782432592,-19.6851155761623,-31.4576147370676));
#9636=CARTESIAN_POINT('Ctrl Pts',(-8.94402931037938,-19.8337137359218,-31.1506304211196));
#9637=CARTESIAN_POINT('Ctrl Pts',(-8.94402931037938,-19.6367965898116,-31.185610952388));
#9638=CARTESIAN_POINT('Ctrl Pts',(-8.97703017933587,-19.8411604887588,-31.1925506911461));
#9639=CARTESIAN_POINT('Ctrl Pts',(-8.97703017933587,-19.6442433426486,-31.2275312224145));
#9640=CARTESIAN_POINT('Ctrl Pts',(-9.04014588645217,-19.8554027522472,-31.2727251704519));
#9641=CARTESIAN_POINT('Ctrl Pts',(-9.04014588645217,-19.658485606137,-31.3077057017203));
#9642=CARTESIAN_POINT('Ctrl Pts',(-9.12631367853391,-19.8652530217409,-31.3281756420936));
#9643=CARTESIAN_POINT('Ctrl Pts',(-9.12631367853391,-19.6683358756307,-31.363156173362));
#9644=CARTESIAN_POINT('Ctrl Pts',(-9.16742751899755,-19.8699529496223,-31.3546331129146));
#9645=CARTESIAN_POINT('Ctrl Pts',(-9.16742751899755,-19.6730358035121,-31.389613644183));
#9646=CARTESIAN_POINT('',(-8.94402931037938,-19.8337137359218,-31.1506304211196));
#9647=CARTESIAN_POINT('Ctrl Pts',(-8.94402931037938,-19.8337137359218,-31.1506304211196));
#9648=CARTESIAN_POINT('Ctrl Pts',(-8.97703017933587,-19.8411604887588,-31.1925506911461));
#9649=CARTESIAN_POINT('Ctrl Pts',(-9.04014588645217,-19.8554027522472,-31.2727251704519));
#9650=CARTESIAN_POINT('Ctrl Pts',(-9.12631367853391,-19.8652530217409,-31.3281756420936));
#9651=CARTESIAN_POINT('Ctrl Pts',(-9.16742751899755,-19.8699529496223,-31.3546331129146));
#9652=CARTESIAN_POINT('',(-8.94402931037938,-19.6367965898116,-31.185610952388));
#9653=CARTESIAN_POINT('',(-8.94402931037938,-19.8337137359218,-31.1506304211196));
#9654=CARTESIAN_POINT('Ctrl Pts',(-8.94402931037938,-19.6367965898116,-31.185610952388));
#9655=CARTESIAN_POINT('Ctrl Pts',(-8.97703017933587,-19.6442433426486,-31.2275312224145));
#9656=CARTESIAN_POINT('Ctrl Pts',(-9.04014588645217,-19.658485606137,-31.3077057017203));
#9657=CARTESIAN_POINT('Ctrl Pts',(-9.12631367853391,-19.6683358756307,-31.363156173362));
#9658=CARTESIAN_POINT('Ctrl Pts',(-9.16742751899755,-19.6730358035121,-31.389613644183));
#9659=CARTESIAN_POINT('Origin',(-8.94402931037939,-19.8748743365492,-31.3823372509998));
#9660=CARTESIAN_POINT('',(-8.94402931037939,-19.8748743365492,-31.3823372509998));
#9661=CARTESIAN_POINT('',(-8.94402931037956,-20.5958888008973,-35.4411695635728));
#9662=CARTESIAN_POINT('',(-8.94402931037939,-19.6779571904391,-31.4173177822683));
#9663=CARTESIAN_POINT('',(-8.94402931037939,-19.8748743365492,-31.3823372509998));
#9664=CARTESIAN_POINT('',(-8.94402931037939,-19.6779571904391,-31.4173177822683));
#9665=CARTESIAN_POINT('Origin',(-8.66435716453588,-19.8748743365492,-31.3823372509998));
#9666=CARTESIAN_POINT('',(-8.66435716453588,-19.8748743365492,-31.3823372509998));
#9667=CARTESIAN_POINT('',(28.4178214177322,-19.8748743365512,-31.3823372510011));
#9668=CARTESIAN_POINT('',(-8.66435716453588,-19.6779571904391,-31.4173177822683));
#9669=CARTESIAN_POINT('',(-8.66435716453588,-19.8748743365492,-31.3823372509998));
#9670=CARTESIAN_POINT('',(-8.66435716453588,-19.6779571904391,-31.4173177822683));
#9671=CARTESIAN_POINT('Origin',(-8.66435716453577,-19.4367229170255,-28.9158359153087));
#9672=CARTESIAN_POINT('',(-8.66435716453577,-19.4367229170255,-28.9158359153087));
#9673=CARTESIAN_POINT('',(-8.66435716453601,-20.3768130911354,-34.2079188957273));
#9674=CARTESIAN_POINT('',(-8.66435716453577,-19.2398057709154,-28.9508164465771));
#9675=CARTESIAN_POINT('',(-8.66435716453577,-19.4367229170255,-28.9158359153087));
#9676=CARTESIAN_POINT('',(-8.66435716453577,-19.2398057709154,-28.9508164465771));
#9677=CARTESIAN_POINT('Origin',(-8.97131393257166,-19.4367229170255,-28.9158359153086));
#9678=CARTESIAN_POINT('',(28.2643430337144,-19.4367229170273,-28.91583591531));
#9679=CARTESIAN_POINT('',(-8.97131393257166,-19.2398057709153,-28.9508164465771));
#9680=CARTESIAN_POINT('Origin',(-0.209376564609061,-19.5191310317125,-30.5232320502909));
#9681=CARTESIAN_POINT('Ctrl Pts',(-11.7134685308078,-19.6437189062622,-30.0810857836989));
#9682=CARTESIAN_POINT('Ctrl Pts',(-11.7134685308078,-19.446801760152,-30.1160663149673));
#9683=CARTESIAN_POINT('Ctrl Pts',(-11.7278191293168,-19.6511638408927,-30.1229958184312));
#9684=CARTESIAN_POINT('Ctrl Pts',(-11.7278191293168,-19.4542466947825,-30.1579763496996));
#9685=CARTESIAN_POINT('Ctrl Pts',(-11.7613021473129,-19.6685344669371,-30.2207809000972));
#9686=CARTESIAN_POINT('Ctrl Pts',(-11.7613021473129,-19.4716173208269,-30.2557614313657));
#9687=CARTESIAN_POINT('Ctrl Pts',(-11.7623340567473,-19.6869079093711,-30.3242111716552));
#9688=CARTESIAN_POINT('Ctrl Pts',(-11.7623340567473,-19.4899907632609,-30.3591917029236));
#9689=CARTESIAN_POINT('Ctrl Pts',(-11.7629236966708,-19.697406616749,-30.3833119176913));
#9690=CARTESIAN_POINT('Ctrl Pts',(-11.7629236966708,-19.5004894706389,-30.4182924489597));
#9691=CARTESIAN_POINT('',(-11.7134685308078,-19.6437189062622,-30.0810857836989));
#9692=CARTESIAN_POINT('',(-11.7629236966708,-19.697406616749,-30.3833119176913));
#9693=CARTESIAN_POINT('Ctrl Pts',(-11.7134685308078,-19.6437189062622,-30.0810857836989));
#9694=CARTESIAN_POINT('Ctrl Pts',(-11.7278191293168,-19.6511638408927,-30.1229958184312));
#9695=CARTESIAN_POINT('Ctrl Pts',(-11.7613021473129,-19.6685344669371,-30.2207809000972));
#9696=CARTESIAN_POINT('Ctrl Pts',(-11.7623340567473,-19.6869079093711,-30.3242111716552));
#9697=CARTESIAN_POINT('Ctrl Pts',(-11.7629236966708,-19.697406616749,-30.3833119176913));
#9698=CARTESIAN_POINT('',(-11.7134685308078,-19.446801760152,-30.1160663149673));
#9699=CARTESIAN_POINT('',(-11.7134685308078,-19.6437189062622,-30.0810857836989));
#9700=CARTESIAN_POINT('',(-11.7629236966708,-19.5004894706389,-30.4182924489597));
#9701=CARTESIAN_POINT('Ctrl Pts',(-11.7134685308078,-19.446801760152,-30.1160663149673));
#9702=CARTESIAN_POINT('Ctrl Pts',(-11.7278191293168,-19.4542466947825,-30.1579763496996));
#9703=CARTESIAN_POINT('Ctrl Pts',(-11.7613021473129,-19.4716173208269,-30.2557614313657));
#9704=CARTESIAN_POINT('Ctrl Pts',(-11.7623340567473,-19.4899907632609,-30.3591917029236));
#9705=CARTESIAN_POINT('Ctrl Pts',(-11.7629236966708,-19.5004894706389,-30.4182924489598));
#9706=CARTESIAN_POINT('',(-11.7629236966708,-19.697406616749,-30.3833119176913));
#9707=CARTESIAN_POINT('Ctrl Pts',(-11.5105361730197,-19.6065848617682,-29.8720457891606));
#9708=CARTESIAN_POINT('Ctrl Pts',(-11.5105361730197,-19.409667715658,-29.907026320429));
#9709=CARTESIAN_POINT('Ctrl Pts',(-11.5533493194743,-19.6114620377459,-29.8995010489806));
#9710=CARTESIAN_POINT('Ctrl Pts',(-11.5533493194743,-19.4145448916357,-29.9344815802491));
#9711=CARTESIAN_POINT('Ctrl Pts',(-11.6376633506925,-19.6210668998432,-29.9535700400561));
#9712=CARTESIAN_POINT('Ctrl Pts',(-11.6376633506925,-19.424149753733,-29.9885505713246));
#9713=CARTESIAN_POINT('Ctrl Pts',(-11.6884636892125,-19.6362469916587,-30.0390238696471));
#9714=CARTESIAN_POINT('Ctrl Pts',(-11.6884636892125,-19.4393298455485,-30.0740044009156));
#9715=CARTESIAN_POINT('Ctrl Pts',(-11.7134685308078,-19.6437189062622,-30.0810857836989));
#9716=CARTESIAN_POINT('Ctrl Pts',(-11.7134685308078,-19.446801760152,-30.1160663149673));
#9717=CARTESIAN_POINT('',(-11.5105361730197,-19.6065848617682,-29.8720457891606));
#9718=CARTESIAN_POINT('Ctrl Pts',(-11.5105361730197,-19.6065848617682,-29.8720457891606));
#9719=CARTESIAN_POINT('Ctrl Pts',(-11.5533493194743,-19.6114620377459,-29.8995010489806));
#9720=CARTESIAN_POINT('Ctrl Pts',(-11.6376633506925,-19.6210668998432,-29.9535700400561));
#9721=CARTESIAN_POINT('Ctrl Pts',(-11.6884636892125,-19.6362469916587,-30.0390238696471));
#9722=CARTESIAN_POINT('Ctrl Pts',(-11.7134685308078,-19.6437189062622,-30.0810857836989));
#9723=CARTESIAN_POINT('',(-11.5105361730197,-19.409667715658,-29.907026320429));
#9724=CARTESIAN_POINT('',(-11.5105361730197,-19.6065848617682,-29.8720457891606));
#9725=CARTESIAN_POINT('Ctrl Pts',(-11.5105361730197,-19.409667715658,-29.907026320429));
#9726=CARTESIAN_POINT('Ctrl Pts',(-11.5533493194743,-19.4145448916357,-29.9344815802491));
#9727=CARTESIAN_POINT('Ctrl Pts',(-11.6376633506925,-19.424149753733,-29.9885505713246));
#9728=CARTESIAN_POINT('Ctrl Pts',(-11.6884636892125,-19.4393298455485,-30.0740044009156));
#9729=CARTESIAN_POINT('Ctrl Pts',(-11.7134685308078,-19.446801760152,-30.1160663149673));
#9730=CARTESIAN_POINT('Ctrl Pts',(-11.1950511724093,-19.5930137913371,-29.7956496807528));
#9731=CARTESIAN_POINT('Ctrl Pts',(-11.1950511724093,-19.3960966452269,-29.8306302120213));
#9732=CARTESIAN_POINT('Ctrl Pts',(-11.2518092041199,-19.5935092468298,-29.7984387659411));
#9733=CARTESIAN_POINT('Ctrl Pts',(-11.2518092041199,-19.3965921007196,-29.8334192972095));
#9734=CARTESIAN_POINT('Ctrl Pts',(-11.3620621426856,-19.5944716731569,-29.8038565866204));
#9735=CARTESIAN_POINT('Ctrl Pts',(-11.3620621426856,-19.3975545270467,-29.8388371178888));
#9736=CARTESIAN_POINT('Ctrl Pts',(-11.4620310803101,-19.6026275950645,-29.8497690072644));
#9737=CARTESIAN_POINT('Ctrl Pts',(-11.4620310803101,-19.4057104489543,-29.8847495385328));
#9738=CARTESIAN_POINT('Ctrl Pts',(-11.5105361730197,-19.6065848617682,-29.8720457891606));
#9739=CARTESIAN_POINT('Ctrl Pts',(-11.5105361730197,-19.409667715658,-29.907026320429));
#9740=CARTESIAN_POINT('',(-11.1950511724093,-19.5930137913371,-29.7956496807528));
#9741=CARTESIAN_POINT('Ctrl Pts',(-11.1950511724093,-19.5930137913371,-29.7956496807528));
#9742=CARTESIAN_POINT('Ctrl Pts',(-11.2518092041199,-19.5935092468298,-29.7984387659411));
#9743=CARTESIAN_POINT('Ctrl Pts',(-11.3620621426856,-19.5944716731569,-29.8038565866204));
#9744=CARTESIAN_POINT('Ctrl Pts',(-11.4620310803101,-19.6026275950645,-29.8497690072644));
#9745=CARTESIAN_POINT('Ctrl Pts',(-11.5105361730197,-19.6065848617682,-29.8720457891606));
#9746=CARTESIAN_POINT('',(-11.1950511724093,-19.3960966452269,-29.8306302120213));
#9747=CARTESIAN_POINT('',(-11.1950511724093,-19.5930137913371,-29.7956496807528));
#9748=CARTESIAN_POINT('Ctrl Pts',(-11.1950511724093,-19.3960966452269,-29.8306302120213));
#9749=CARTESIAN_POINT('Ctrl Pts',(-11.2518092041199,-19.3965921007196,-29.8334192972095));
#9750=CARTESIAN_POINT('Ctrl Pts',(-11.3620621426856,-19.3975545270467,-29.8388371178888));
#9751=CARTESIAN_POINT('Ctrl Pts',(-11.4620310803101,-19.4057104489543,-29.8847495385328));
#9752=CARTESIAN_POINT('Ctrl Pts',(-11.5105361730197,-19.409667715658,-29.907026320429));
#9753=CARTESIAN_POINT('Ctrl Pts',(-10.9230513364413,-19.6073305627837,-29.8762435903516));
#9754=CARTESIAN_POINT('Ctrl Pts',(-10.9230513364413,-19.4104134166735,-29.91122412162));
#9755=CARTESIAN_POINT('Ctrl Pts',(-10.9601326002808,-19.6031657333444,-29.8527983681816));
#9756=CARTESIAN_POINT('Ctrl Pts',(-10.9601326002808,-19.4062485872342,-29.88777889945));
#9757=CARTESIAN_POINT('Ctrl Pts',(-11.0425626946912,-19.5939074921645,-29.8006806225373));
#9758=CARTESIAN_POINT('Ctrl Pts',(-11.0425626946912,-19.3969903460543,-29.8356611538057));
#9759=CARTESIAN_POINT('Ctrl Pts',(-11.1409329041497,-19.5933309663909,-29.7974351655394));
#9760=CARTESIAN_POINT('Ctrl Pts',(-11.1409329041497,-19.3964138202807,-29.8324156968078));
#9761=CARTESIAN_POINT('Ctrl Pts',(-11.1950511724093,-19.5930137913371,-29.7956496807528));
#9762=CARTESIAN_POINT('Ctrl Pts',(-11.1950511724093,-19.3960966452269,-29.8306302120213));
#9763=CARTESIAN_POINT('',(-10.9230513364413,-19.6073305627837,-29.8762435903516));
#9764=CARTESIAN_POINT('Ctrl Pts',(-10.9230513364413,-19.6073305627837,-29.8762435903516));
#9765=CARTESIAN_POINT('Ctrl Pts',(-10.9601326002808,-19.6031657333444,-29.8527983681816));
#9766=CARTESIAN_POINT('Ctrl Pts',(-11.0425626946912,-19.5939074921645,-29.8006806225373));
#9767=CARTESIAN_POINT('Ctrl Pts',(-11.1409329041497,-19.5933309663909,-29.7974351655394));
#9768=CARTESIAN_POINT('Ctrl Pts',(-11.1950511724093,-19.5930137913371,-29.7956496807528));
#9769=CARTESIAN_POINT('',(-10.9230513364413,-19.4104134166735,-29.91122412162));
#9770=CARTESIAN_POINT('',(-10.9230513364413,-19.6073305627837,-29.8762435903516));
#9771=CARTESIAN_POINT('Ctrl Pts',(-10.9230513364413,-19.4104134166735,-29.91122412162));
#9772=CARTESIAN_POINT('Ctrl Pts',(-10.9601326002808,-19.4062485872342,-29.88777889945));
#9773=CARTESIAN_POINT('Ctrl Pts',(-11.0425626946912,-19.3969903460543,-29.8356611538057));
#9774=CARTESIAN_POINT('Ctrl Pts',(-11.1409329041497,-19.3964138202807,-29.8324156968078));
#9775=CARTESIAN_POINT('Ctrl Pts',(-11.1950511724093,-19.3960966452269,-29.8306302120213));
#9776=CARTESIAN_POINT('Ctrl Pts',(-10.8301133901218,-19.6431223350248,-30.0777274840603));
#9777=CARTESIAN_POINT('Ctrl Pts',(-10.8301133901218,-19.4462051889146,-30.1127080153287));
#9778=CARTESIAN_POINT('Ctrl Pts',(-10.8340236529275,-19.6362563956436,-30.0390768078331));
#9779=CARTESIAN_POINT('Ctrl Pts',(-10.8340236529275,-19.4393392495335,-30.0740573391015));
#9780=CARTESIAN_POINT('Ctrl Pts',(-10.8418635573068,-19.622490490154,-29.9615839075155));
#9781=CARTESIAN_POINT('Ctrl Pts',(-10.8418635573068,-19.4255733440438,-29.9965644387839));
#9782=CARTESIAN_POINT('Ctrl Pts',(-10.8959441843529,-19.612392192271,-29.9047372008592));
#9783=CARTESIAN_POINT('Ctrl Pts',(-10.8959441843529,-19.4154750461608,-29.9397177321276));
#9784=CARTESIAN_POINT('Ctrl Pts',(-10.9230513364413,-19.6073305627837,-29.8762435903516));
#9785=CARTESIAN_POINT('Ctrl Pts',(-10.9230513364413,-19.4104134166735,-29.91122412162));
#9786=CARTESIAN_POINT('',(-10.8301133901218,-19.6431223350248,-30.0777274840603));
#9787=CARTESIAN_POINT('Ctrl Pts',(-10.8301133901218,-19.6431223350248,-30.0777274840603));
#9788=CARTESIAN_POINT('Ctrl Pts',(-10.8340236529275,-19.6362563956436,-30.0390768078331));
#9789=CARTESIAN_POINT('Ctrl Pts',(-10.8418635573068,-19.622490490154,-29.9615839075155));
#9790=CARTESIAN_POINT('Ctrl Pts',(-10.8959441843529,-19.612392192271,-29.9047372008592));
#9791=CARTESIAN_POINT('Ctrl Pts',(-10.9230513364413,-19.6073305627837,-29.8762435903516));
#9792=CARTESIAN_POINT('',(-10.8301133901218,-19.4462051889146,-30.1127080153287));
#9793=CARTESIAN_POINT('',(-10.8301133901218,-19.6431223350248,-30.0777274840603));
#9794=CARTESIAN_POINT('Ctrl Pts',(-10.8301133901218,-19.4462051889146,-30.1127080153287));
#9795=CARTESIAN_POINT('Ctrl Pts',(-10.8340236529275,-19.4393392495335,-30.0740573391015));
#9796=CARTESIAN_POINT('Ctrl Pts',(-10.8418635573068,-19.4255733440438,-29.9965644387839));
#9797=CARTESIAN_POINT('Ctrl Pts',(-10.8959441843529,-19.4154750461608,-29.9397177321276));
#9798=CARTESIAN_POINT('Ctrl Pts',(-10.9230513364413,-19.4104134166735,-29.91122412162));
#9799=CARTESIAN_POINT('Ctrl Pts',(-10.8727450162509,-19.668624048328,-30.2212851838004));
#9800=CARTESIAN_POINT('Ctrl Pts',(-10.8727450162509,-19.4717069022178,-30.2562657150688));
#9801=CARTESIAN_POINT('Ctrl Pts',(-10.86031063416,-19.6646761853948,-30.199061338883));
#9802=CARTESIAN_POINT('Ctrl Pts',(-10.86031063416,-19.4677590392846,-30.2340418701514));
#9803=CARTESIAN_POINT('Ctrl Pts',(-10.8352848523092,-19.6567306070926,-30.154333012962));
#9804=CARTESIAN_POINT('Ctrl Pts',(-10.8352848523092,-19.4598134609824,-30.1893135442304));
#9805=CARTESIAN_POINT('Ctrl Pts',(-10.8318444062414,-19.6476773597851,-30.1033692465986));
#9806=CARTESIAN_POINT('Ctrl Pts',(-10.8318444062414,-19.4507602136749,-30.138349777867));
#9807=CARTESIAN_POINT('Ctrl Pts',(-10.8301133901218,-19.6431223350248,-30.0777274840603));
#9808=CARTESIAN_POINT('Ctrl Pts',(-10.8301133901218,-19.4462051889146,-30.1127080153287));
#9809=CARTESIAN_POINT('',(-10.8727450162509,-19.668624048328,-30.2212851838004));
#9810=CARTESIAN_POINT('Ctrl Pts',(-10.8727450162509,-19.668624048328,-30.2212851838004));
#9811=CARTESIAN_POINT('Ctrl Pts',(-10.86031063416,-19.6646761853948,-30.199061338883));
#9812=CARTESIAN_POINT('Ctrl Pts',(-10.8352848523092,-19.6567306070926,-30.154333012962));
#9813=CARTESIAN_POINT('Ctrl Pts',(-10.8318444062414,-19.6476773597851,-30.1033692465986));
#9814=CARTESIAN_POINT('Ctrl Pts',(-10.8301133901218,-19.6431223350248,-30.0777274840603));
#9815=CARTESIAN_POINT('',(-10.8727450162509,-19.4717069022178,-30.2562657150688));
#9816=CARTESIAN_POINT('',(-10.8727450162509,-19.668624048328,-30.2212851838004));
#9817=CARTESIAN_POINT('Ctrl Pts',(-10.8727450162509,-19.4717069022178,-30.2562657150688));
#9818=CARTESIAN_POINT('Ctrl Pts',(-10.86031063416,-19.4677590392846,-30.2340418701514));
#9819=CARTESIAN_POINT('Ctrl Pts',(-10.8352848523092,-19.4598134609824,-30.1893135442304));
#9820=CARTESIAN_POINT('Ctrl Pts',(-10.8318444062414,-19.4507602136749,-30.138349777867));
#9821=CARTESIAN_POINT('Ctrl Pts',(-10.8301133901218,-19.4462051889146,-30.1127080153287));
#9822=CARTESIAN_POINT('Ctrl Pts',(-10.9938235074619,-19.6860725451143,-30.3195086259977));
#9823=CARTESIAN_POINT('Ctrl Pts',(-10.9938235074619,-19.4891553990041,-30.3544891572661));
#9824=CARTESIAN_POINT('Ctrl Pts',(-10.9693450604348,-19.6839013105459,-30.3072860181857));
#9825=CARTESIAN_POINT('Ctrl Pts',(-10.9693450604348,-19.4869841644357,-30.3422665494541));
#9826=CARTESIAN_POINT('Ctrl Pts',(-10.9215175447581,-19.6796590171012,-30.2834047251406));
#9827=CARTESIAN_POINT('Ctrl Pts',(-10.9215175447581,-19.482741870991,-30.318385256409));
#9828=CARTESIAN_POINT('Ctrl Pts',(-10.8887445633928,-19.6722440062941,-30.2416631416493));
#9829=CARTESIAN_POINT('Ctrl Pts',(-10.8887445633928,-19.4753268601839,-30.2766436729177));
#9830=CARTESIAN_POINT('Ctrl Pts',(-10.8727450162509,-19.668624048328,-30.2212851838004));
#9831=CARTESIAN_POINT('Ctrl Pts',(-10.8727450162509,-19.4717069022178,-30.2562657150688));
#9832=CARTESIAN_POINT('',(-10.9938235074619,-19.6860725451143,-30.3195086259977));
#9833=CARTESIAN_POINT('Ctrl Pts',(-10.9938235074619,-19.6860725451143,-30.3195086259977));
#9834=CARTESIAN_POINT('Ctrl Pts',(-10.9693450604348,-19.6839013105459,-30.3072860181857));
#9835=CARTESIAN_POINT('Ctrl Pts',(-10.9215175447581,-19.6796590171012,-30.2834047251406));
#9836=CARTESIAN_POINT('Ctrl Pts',(-10.8887445633928,-19.6722440062941,-30.2416631416493));
#9837=CARTESIAN_POINT('Ctrl Pts',(-10.8727450162509,-19.668624048328,-30.2212851838004));
#9838=CARTESIAN_POINT('',(-10.9938235074619,-19.4891553990041,-30.3544891572661));
#9839=CARTESIAN_POINT('',(-10.9938235074619,-19.6860725451143,-30.3195086259977));
#9840=CARTESIAN_POINT('Ctrl Pts',(-10.9938235074619,-19.4891553990041,-30.3544891572662));
#9841=CARTESIAN_POINT('Ctrl Pts',(-10.9693450604348,-19.4869841644357,-30.3422665494541));
#9842=CARTESIAN_POINT('Ctrl Pts',(-10.9215175447581,-19.482741870991,-30.318385256409));
#9843=CARTESIAN_POINT('Ctrl Pts',(-10.8887445633928,-19.4753268601839,-30.2766436729177));
#9844=CARTESIAN_POINT('Ctrl Pts',(-10.8727450162509,-19.4717069022178,-30.2562657150688));
#9845=CARTESIAN_POINT('Ctrl Pts',(-11.2615580350498,-19.6968100715742,-30.3799537647674));
#9846=CARTESIAN_POINT('Ctrl Pts',(-11.2615580350498,-19.499892925464,-30.4149342960358));
#9847=CARTESIAN_POINT('Ctrl Pts',(-11.2072440085579,-19.695449165835,-30.372292769792));
#9848=CARTESIAN_POINT('Ctrl Pts',(-11.2072440085579,-19.4985320197248,-30.4072733010604));
#9849=CARTESIAN_POINT('Ctrl Pts',(-11.1162073450708,-19.6931681285815,-30.3594520458282));
#9850=CARTESIAN_POINT('Ctrl Pts',(-11.1162073450708,-19.4962509824713,-30.3944325770966));
#9851=CARTESIAN_POINT('Ctrl Pts',(-11.029001042292,-19.6881120720603,-30.3309898074166));
#9852=CARTESIAN_POINT('Ctrl Pts',(-11.029001042292,-19.4911949259501,-30.365970338685));
#9853=CARTESIAN_POINT('Ctrl Pts',(-10.9938235074619,-19.6860725451143,-30.3195086259977));
#9854=CARTESIAN_POINT('Ctrl Pts',(-10.9938235074619,-19.4891553990041,-30.3544891572661));
#9855=CARTESIAN_POINT('',(-11.2615580350498,-19.6968100715742,-30.3799537647674));
#9856=CARTESIAN_POINT('Ctrl Pts',(-11.2615580350498,-19.6968100715742,-30.3799537647674));
#9857=CARTESIAN_POINT('Ctrl Pts',(-11.2072440085579,-19.695449165835,-30.372292769792));
#9858=CARTESIAN_POINT('Ctrl Pts',(-11.1162073450708,-19.6931681285815,-30.3594520458282));
#9859=CARTESIAN_POINT('Ctrl Pts',(-11.029001042292,-19.6881120720603,-30.3309898074166));
#9860=CARTESIAN_POINT('Ctrl Pts',(-10.9938235074619,-19.6860725451143,-30.3195086259977));
#9861=CARTESIAN_POINT('',(-11.2615580350498,-19.499892925464,-30.4149342960358));
#9862=CARTESIAN_POINT('',(-11.2615580350498,-19.6968100715742,-30.3799537647674));
#9863=CARTESIAN_POINT('Ctrl Pts',(-11.2615580350498,-19.499892925464,-30.4149342960358));
#9864=CARTESIAN_POINT('Ctrl Pts',(-11.2072440085579,-19.4985320197248,-30.4072733010604));
#9865=CARTESIAN_POINT('Ctrl Pts',(-11.1162073450708,-19.4962509824713,-30.3944325770966));
#9866=CARTESIAN_POINT('Ctrl Pts',(-11.029001042292,-19.4911949259501,-30.365970338685));
#9867=CARTESIAN_POINT('Ctrl Pts',(-10.9938235074619,-19.4891553990041,-30.3544891572662));
#9868=CARTESIAN_POINT('Ctrl Pts',(-11.7629236966708,-19.7170921123317,-30.4941281766029));
#9869=CARTESIAN_POINT('Ctrl Pts',(-11.7629236966708,-19.5201749662215,-30.5291087078713));
#9870=CARTESIAN_POINT('Ctrl Pts',(-11.6937017427716,-19.713113832085,-30.4717331024227));
#9871=CARTESIAN_POINT('Ctrl Pts',(-11.6937017427716,-19.5161966859748,-30.5067136336911));
#9872=CARTESIAN_POINT('Ctrl Pts',(-11.5302050234948,-19.703717452294,-30.418837728193));
#9873=CARTESIAN_POINT('Ctrl Pts',(-11.5302050234948,-19.5068003061838,-30.4538182594614));
#9874=CARTESIAN_POINT('Ctrl Pts',(-11.3598102984411,-19.6993363079327,-30.3941747967555));
#9875=CARTESIAN_POINT('Ctrl Pts',(-11.3598102984411,-19.5024191618226,-30.4291553280239));
#9876=CARTESIAN_POINT('Ctrl Pts',(-11.2615580350498,-19.6968100715742,-30.3799537647674));
#9877=CARTESIAN_POINT('Ctrl Pts',(-11.2615580350498,-19.499892925464,-30.4149342960358));
#9878=CARTESIAN_POINT('',(-11.7629236966708,-19.7170921123317,-30.4941281766029));
#9879=CARTESIAN_POINT('Ctrl Pts',(-11.7629236966708,-19.7170921123317,-30.4941281766029));
#9880=CARTESIAN_POINT('Ctrl Pts',(-11.6937017427716,-19.713113832085,-30.4717331024227));
#9881=CARTESIAN_POINT('Ctrl Pts',(-11.5302050234948,-19.703717452294,-30.418837728193));
#9882=CARTESIAN_POINT('Ctrl Pts',(-11.3598102984411,-19.6993363079327,-30.3941747967555));
#9883=CARTESIAN_POINT('Ctrl Pts',(-11.2615580350498,-19.6968100715742,-30.3799537647674));
#9884=CARTESIAN_POINT('',(-11.7629236966708,-19.5201749662215,-30.5291087078713));
#9885=CARTESIAN_POINT('',(-11.7629236966708,-19.7170921123317,-30.4941281766029));
#9886=CARTESIAN_POINT('Ctrl Pts',(-11.7629236966708,-19.5201749662215,-30.5291087078713));
#9887=CARTESIAN_POINT('Ctrl Pts',(-11.6937017427716,-19.5161966859748,-30.5067136336911));
#9888=CARTESIAN_POINT('Ctrl Pts',(-11.5302050234948,-19.5068003061838,-30.4538182594614));
#9889=CARTESIAN_POINT('Ctrl Pts',(-11.3598102984411,-19.5024191618226,-30.4291553280239));
#9890=CARTESIAN_POINT('Ctrl Pts',(-11.2615580350498,-19.499892925464,-30.4149342960358));
#9891=CARTESIAN_POINT('Origin',(-11.7629236966708,-19.697406616749,-30.3833119176913));
#9892=CARTESIAN_POINT('',(-11.762923696671,-20.5071549409972,-34.9416568969185));
#9893=CARTESIAN_POINT('',(-11.7629236966708,-19.5004894706389,-30.4182924489598));
#9894=CARTESIAN_POINT('Origin',(-12.1704954892734,-19.5581167977645,-29.599202796358));
#9895=CARTESIAN_POINT('',(-12.1704954892734,-19.5581167977645,-29.599202796358));
#9896=CARTESIAN_POINT('',(-11.8498940259555,-19.5581167977645,-29.5992027963581));
#9897=CARTESIAN_POINT('',(26.6647522553635,-19.5581167977663,-29.5992027963594));
#9898=CARTESIAN_POINT('',(-12.1704954892734,-19.3611996516543,-29.6341833276265));
#9899=CARTESIAN_POINT('',(-12.1704954892734,-19.5581167977645,-29.599202796358));
#9900=CARTESIAN_POINT('',(-11.8498940259555,-19.3611996516543,-29.6341833276265));
#9901=CARTESIAN_POINT('',(-12.1704954892734,-19.3611996516543,-29.6341833276265));
#9902=CARTESIAN_POINT('',(-11.8498940259555,-19.5581167977645,-29.5992027963581));
#9903=CARTESIAN_POINT('Ctrl Pts',(-12.0929021627048,-19.596145620927,-29.8132798002103));
#9904=CARTESIAN_POINT('Ctrl Pts',(-12.0929021627048,-19.3992284748168,-29.8482603314787));
#9905=CARTESIAN_POINT('Ctrl Pts',(-12.1011212167869,-19.5895764098994,-29.7762995074345));
#9906=CARTESIAN_POINT('Ctrl Pts',(-12.1011212167869,-19.3926592637892,-29.811280038703));
#9907=CARTESIAN_POINT('Ctrl Pts',(-12.1177042241213,-19.5763221748544,-29.70168697171));
#9908=CARTESIAN_POINT('Ctrl Pts',(-12.1177042241213,-19.3794050287442,-29.7366675029785));
#9909=CARTESIAN_POINT('Ctrl Pts',(-12.1527961919051,-19.5642205041615,-29.6335626073964));
#9910=CARTESIAN_POINT('Ctrl Pts',(-12.1527961919051,-19.3673033580513,-29.6685431386648));
#9911=CARTESIAN_POINT('Ctrl Pts',(-12.1704954892734,-19.5581167977645,-29.599202796358));
#9912=CARTESIAN_POINT('Ctrl Pts',(-12.1704954892734,-19.3611996516543,-29.6341833276265));
#9913=CARTESIAN_POINT('',(-12.0929021627048,-19.596145620927,-29.8132798002103));
#9914=CARTESIAN_POINT('Ctrl Pts',(-12.0929021627048,-19.596145620927,-29.8132798002103));
#9915=CARTESIAN_POINT('Ctrl Pts',(-12.1011212167869,-19.5895764098994,-29.7762995074345));
#9916=CARTESIAN_POINT('Ctrl Pts',(-12.1177042241213,-19.5763221748544,-29.70168697171));
#9917=CARTESIAN_POINT('Ctrl Pts',(-12.1527961919051,-19.5642205041615,-29.6335626073964));
#9918=CARTESIAN_POINT('Ctrl Pts',(-12.1704954892734,-19.5581167977645,-29.599202796358));
#9919=CARTESIAN_POINT('',(-12.0929021627048,-19.3992284748168,-29.8482603314787));
#9920=CARTESIAN_POINT('',(-12.0929021627048,-19.596145620927,-29.8132798002103));
#9921=CARTESIAN_POINT('Ctrl Pts',(-12.0929021627048,-19.3992284748168,-29.8482603314787));
#9922=CARTESIAN_POINT('Ctrl Pts',(-12.1011212167869,-19.3926592637892,-29.811280038703));
#9923=CARTESIAN_POINT('Ctrl Pts',(-12.1177042241213,-19.3794050287442,-29.7366675029785));
#9924=CARTESIAN_POINT('Ctrl Pts',(-12.1527961919051,-19.3673033580513,-29.6685431386648));
#9925=CARTESIAN_POINT('Ctrl Pts',(-12.1704954892734,-19.3611996516543,-29.6341833276265));
#9926=CARTESIAN_POINT('Ctrl Pts',(-12.0732922345737,-19.6908447762006,-30.3463731158159));
#9927=CARTESIAN_POINT('Ctrl Pts',(-12.0732922345737,-19.4939276300905,-30.3813536470843));
#9928=CARTESIAN_POINT('Ctrl Pts',(-12.0725864210547,-19.6704572338575,-30.2316048001601));
#9929=CARTESIAN_POINT('Ctrl Pts',(-12.0725864210547,-19.4735400877473,-30.2665853314285));
#9930=CARTESIAN_POINT('Ctrl Pts',(-12.0714915062532,-19.6388304354542,-30.0535669414898));
#9931=CARTESIAN_POINT('Ctrl Pts',(-12.0714915062532,-19.441913289344,-30.0885474727582));
#9932=CARTESIAN_POINT('Ctrl Pts',(-12.0872884001767,-19.6073373568205,-29.8762818362642));
#9933=CARTESIAN_POINT('Ctrl Pts',(-12.0872884001767,-19.4104202107103,-29.9112623675326));
#9934=CARTESIAN_POINT('Ctrl Pts',(-12.0929021627048,-19.596145620927,-29.8132798002103));
#9935=CARTESIAN_POINT('Ctrl Pts',(-12.0929021627048,-19.3992284748168,-29.8482603314787));
#9936=CARTESIAN_POINT('',(-12.0732922345737,-19.6908447762006,-30.3463731158159));
#9937=CARTESIAN_POINT('Ctrl Pts',(-12.0732922345737,-19.6908447762006,-30.3463731158159));
#9938=CARTESIAN_POINT('Ctrl Pts',(-12.0725864210547,-19.6704572338575,-30.2316048001601));
#9939=CARTESIAN_POINT('Ctrl Pts',(-12.0714915062532,-19.6388304354542,-30.0535669414898));
#9940=CARTESIAN_POINT('Ctrl Pts',(-12.0872884001767,-19.6073373568205,-29.8762818362642));
#9941=CARTESIAN_POINT('Ctrl Pts',(-12.0929021627048,-19.596145620927,-29.8132798002103));
#9942=CARTESIAN_POINT('',(-12.0732922345737,-19.4939276300905,-30.3813536470843));
#9943=CARTESIAN_POINT('',(-12.0732922345737,-19.6908447762006,-30.3463731158159));
#9944=CARTESIAN_POINT('Ctrl Pts',(-12.0732922345737,-19.4939276300905,-30.3813536470843));
#9945=CARTESIAN_POINT('Ctrl Pts',(-12.0725864210547,-19.4735400877473,-30.2665853314285));
#9946=CARTESIAN_POINT('Ctrl Pts',(-12.0714915062532,-19.441913289344,-30.0885474727582));
#9947=CARTESIAN_POINT('Ctrl Pts',(-12.0872884001767,-19.4104202107103,-29.9112623675326));
#9948=CARTESIAN_POINT('Ctrl Pts',(-12.0929021627048,-19.3992284748168,-29.8482603314787));
#9949=CARTESIAN_POINT('Origin',(-12.0732922345737,-19.7624283988706,-30.7493413433773));
#9950=CARTESIAN_POINT('',(-12.0732922345737,-19.7624283988706,-30.7493413433773));
#9951=CARTESIAN_POINT('',(-12.0732922345739,-20.539665832058,-35.1246716097615));
#9952=CARTESIAN_POINT('',(-12.0732922345737,-19.5655112527604,-30.7843218746458));
#9953=CARTESIAN_POINT('',(-12.0732922345737,-19.7624283988706,-30.7493413433773));
#9954=CARTESIAN_POINT('',(-12.0732922345737,-19.5655112527604,-30.7843218746458));
#9955=CARTESIAN_POINT('Ctrl Pts',(-12.0579428464511,-19.8119403973834,-31.0280609937608));
#9956=CARTESIAN_POINT('Ctrl Pts',(-12.0579428464511,-19.6150232512732,-31.0630415250292));
#9957=CARTESIAN_POINT('Ctrl Pts',(-12.0623683059073,-19.8055342115424,-30.9919984244536));
#9958=CARTESIAN_POINT('Ctrl Pts',(-12.0623683059073,-19.6086170654322,-31.0269789557221));
#9959=CARTESIAN_POINT('Ctrl Pts',(-12.0737217332257,-19.7890992704803,-30.8994806274653));
#9960=CARTESIAN_POINT('Ctrl Pts',(-12.0737217332257,-19.5921821243701,-30.9344611587338));
#9961=CARTESIAN_POINT('Ctrl Pts',(-12.0734549985656,-19.7725356658239,-30.8062385399395));
#9962=CARTESIAN_POINT('Ctrl Pts',(-12.0734549985656,-19.5756185197137,-30.8412190712079));
#9963=CARTESIAN_POINT('Ctrl Pts',(-12.0732922345737,-19.7624283988706,-30.7493413433773));
#9964=CARTESIAN_POINT('Ctrl Pts',(-12.0732922345737,-19.5655112527604,-30.7843218746458));
#9965=CARTESIAN_POINT('',(-12.0579428464511,-19.8119403973834,-31.0280609937608));
#9966=CARTESIAN_POINT('Ctrl Pts',(-12.0579428464511,-19.8119403973834,-31.0280609937608));
#9967=CARTESIAN_POINT('Ctrl Pts',(-12.0623683059073,-19.8055342115424,-30.9919984244536));
#9968=CARTESIAN_POINT('Ctrl Pts',(-12.0737217332257,-19.7890992704803,-30.8994806274653));
#9969=CARTESIAN_POINT('Ctrl Pts',(-12.0734549985656,-19.7725356658239,-30.8062385399395));
#9970=CARTESIAN_POINT('Ctrl Pts',(-12.0732922345737,-19.7624283988706,-30.7493413433773));
#9971=CARTESIAN_POINT('',(-12.0579428464511,-19.6150232512732,-31.0630415250292));
#9972=CARTESIAN_POINT('',(-12.0579428464511,-19.8119403973834,-31.0280609937608));
#9973=CARTESIAN_POINT('Ctrl Pts',(-12.0579428464511,-19.6150232512732,-31.0630415250292));
#9974=CARTESIAN_POINT('Ctrl Pts',(-12.0623683059073,-19.6086170654322,-31.0269789557221));
#9975=CARTESIAN_POINT('Ctrl Pts',(-12.0737217332257,-19.5921821243701,-30.9344611587338));
#9976=CARTESIAN_POINT('Ctrl Pts',(-12.0734549985656,-19.5756185197137,-30.8412190712079));
#9977=CARTESIAN_POINT('Ctrl Pts',(-12.0732922345737,-19.5655112527604,-30.7843218746458));
#9978=CARTESIAN_POINT('Ctrl Pts',(-11.962444284592,-19.8484778706401,-31.2337426886605));
#9979=CARTESIAN_POINT('Ctrl Pts',(-11.962444284592,-19.6515607245299,-31.2687232199289));
#9980=CARTESIAN_POINT('Ctrl Pts',(-11.983668562984,-19.8431761515711,-31.2038975333501));
#9981=CARTESIAN_POINT('Ctrl Pts',(-11.983668562984,-19.6462590054609,-31.2388780646186));
#9982=CARTESIAN_POINT('Ctrl Pts',(-12.0282736922571,-19.8320340123626,-31.1411746936753));
#9983=CARTESIAN_POINT('Ctrl Pts',(-12.0282736922571,-19.6351168662524,-31.1761552249437));
#9984=CARTESIAN_POINT('Ctrl Pts',(-12.0477394182089,-19.8188507311673,-31.0669615809747));
#9985=CARTESIAN_POINT('Ctrl Pts',(-12.0477394182089,-19.6219335850571,-31.1019421122432));
#9986=CARTESIAN_POINT('Ctrl Pts',(-12.0579428464511,-19.8119403973834,-31.0280609937608));
#9987=CARTESIAN_POINT('Ctrl Pts',(-12.0579428464511,-19.6150232512732,-31.0630415250292));
#9988=CARTESIAN_POINT('',(-11.962444284592,-19.8484778706401,-31.2337426886605));
#9989=CARTESIAN_POINT('Ctrl Pts',(-11.962444284592,-19.8484778706401,-31.2337426886605));
#9990=CARTESIAN_POINT('Ctrl Pts',(-11.983668562984,-19.8431761515711,-31.2038975333501));
#9991=CARTESIAN_POINT('Ctrl Pts',(-12.0282736922571,-19.8320340123626,-31.1411746936753));
#9992=CARTESIAN_POINT('Ctrl Pts',(-12.0477394182089,-19.8188507311673,-31.0669615809747));
#9993=CARTESIAN_POINT('Ctrl Pts',(-12.0579428464511,-19.8119403973834,-31.0280609937608));
#9994=CARTESIAN_POINT('',(-11.962444284592,-19.6515607245299,-31.2687232199289));
#9995=CARTESIAN_POINT('',(-11.962444284592,-19.8484778706401,-31.2337426886605));
#9996=CARTESIAN_POINT('Ctrl Pts',(-11.962444284592,-19.6515607245299,-31.2687232199289));
#9997=CARTESIAN_POINT('Ctrl Pts',(-11.983668562984,-19.6462590054609,-31.2388780646186));
#9998=CARTESIAN_POINT('Ctrl Pts',(-12.0282736922571,-19.6351168662524,-31.1761552249437));
#9999=CARTESIAN_POINT('Ctrl Pts',(-12.0477394182089,-19.6219335850571,-31.1019421122432));
#10000=CARTESIAN_POINT('Ctrl Pts',(-12.0579428464511,-19.6150232512732,
-31.0630415250292));
#10001=CARTESIAN_POINT('Ctrl Pts',(-11.7492790013889,-19.8724882079748,
-31.3689049327333));
#10002=CARTESIAN_POINT('Ctrl Pts',(-11.7492790013889,-19.6755710618646,
-31.4038854640017));
#10003=CARTESIAN_POINT('Ctrl Pts',(-11.7930181353675,-19.8693767222865,
-31.3513893359234));
#10004=CARTESIAN_POINT('Ctrl Pts',(-11.7930181353675,-19.6724595761764,
-31.3863698671918));
#10005=CARTESIAN_POINT('Ctrl Pts',(-11.8728634100902,-19.8636967417525,
-31.3194148199235));
#10006=CARTESIAN_POINT('Ctrl Pts',(-11.8728634100902,-19.6667795956423,
-31.3543953511919));
#10007=CARTESIAN_POINT('Ctrl Pts',(-11.934549673304,-19.8532168787853,-31.2604201553975));
#10008=CARTESIAN_POINT('Ctrl Pts',(-11.934549673304,-19.6562997326751,-31.2954006866659));
#10009=CARTESIAN_POINT('Ctrl Pts',(-11.962444284592,-19.8484778706401,-31.2337426886605));
#10010=CARTESIAN_POINT('Ctrl Pts',(-11.962444284592,-19.6515607245299,-31.2687232199289));
#10011=CARTESIAN_POINT('',(-11.7492790013889,-19.8724882079748,-31.3689049327333));
#10012=CARTESIAN_POINT('Ctrl Pts',(-11.7492790013889,-19.8724882079748,
-31.3689049327333));
#10013=CARTESIAN_POINT('Ctrl Pts',(-11.7930181353675,-19.8693767222865,
-31.3513893359234));
#10014=CARTESIAN_POINT('Ctrl Pts',(-11.8728634100902,-19.8636967417525,
-31.3194148199235));
#10015=CARTESIAN_POINT('Ctrl Pts',(-11.934549673304,-19.8532168787853,-31.2604201553975));
#10016=CARTESIAN_POINT('Ctrl Pts',(-11.962444284592,-19.8484778706401,-31.2337426886605));
#10017=CARTESIAN_POINT('',(-11.7492790013889,-19.6755710618646,-31.4038854640017));
#10018=CARTESIAN_POINT('',(-11.7492790013889,-19.8724882079748,-31.3689049327333));
#10019=CARTESIAN_POINT('Ctrl Pts',(-11.7492790013889,-19.6755710618646,
-31.4038854640017));
#10020=CARTESIAN_POINT('Ctrl Pts',(-11.7930181353675,-19.6724595761764,
-31.3863698671918));
#10021=CARTESIAN_POINT('Ctrl Pts',(-11.8728634100902,-19.6667795956423,
-31.354395351192));
#10022=CARTESIAN_POINT('Ctrl Pts',(-11.934549673304,-19.6562997326751,-31.2954006866659));
#10023=CARTESIAN_POINT('Ctrl Pts',(-11.962444284592,-19.6515607245299,-31.2687232199289));
#10024=CARTESIAN_POINT('Ctrl Pts',(-11.3724036008457,-19.88203269621,-31.4226340590844));
#10025=CARTESIAN_POINT('Ctrl Pts',(-11.3724036008457,-19.6851155500998,
-31.4576145903528));
#10026=CARTESIAN_POINT('Ctrl Pts',(-11.4429809571062,-19.8818248371294,
-31.4214639505854));
#10027=CARTESIAN_POINT('Ctrl Pts',(-11.4429809571062,-19.6849076910192,
-31.4564444818539));
#10028=CARTESIAN_POINT('Ctrl Pts',(-11.5710750400175,-19.8814475841448,
-31.4193402669704));
#10029=CARTESIAN_POINT('Ctrl Pts',(-11.5710750400175,-19.6845304380346,
-31.4543207982388));
#10030=CARTESIAN_POINT('Ctrl Pts',(-11.6940574948481,-19.8752645225189,
-31.3845337387263));
#10031=CARTESIAN_POINT('Ctrl Pts',(-11.6940574948481,-19.6783473764087,
-31.4195142699947));
#10032=CARTESIAN_POINT('Ctrl Pts',(-11.7492790013889,-19.8724882079748,
-31.3689049327333));
#10033=CARTESIAN_POINT('Ctrl Pts',(-11.7492790013889,-19.6755710618646,
-31.4038854640017));
#10034=CARTESIAN_POINT('',(-11.3724036008457,-19.88203269621,-31.4226340590844));
#10035=CARTESIAN_POINT('Ctrl Pts',(-11.3724036008457,-19.88203269621,-31.4226340590844));
#10036=CARTESIAN_POINT('Ctrl Pts',(-11.4429809571062,-19.8818248371294,
-31.4214639505854));
#10037=CARTESIAN_POINT('Ctrl Pts',(-11.5710750400175,-19.8814475841448,
-31.4193402669704));
#10038=CARTESIAN_POINT('Ctrl Pts',(-11.6940574948481,-19.8752645225189,
-31.3845337387263));
#10039=CARTESIAN_POINT('Ctrl Pts',(-11.7492790013889,-19.8724882079748,
-31.3689049327333));
#10040=CARTESIAN_POINT('',(-11.3724036008457,-19.6851155500998,-31.4576145903528));
#10041=CARTESIAN_POINT('',(-11.3724036008457,-19.88203269621,-31.4226340590844));
#10042=CARTESIAN_POINT('Ctrl Pts',(-11.3724036008457,-19.6851155500998,
-31.4576145903528));
#10043=CARTESIAN_POINT('Ctrl Pts',(-11.4429809571062,-19.6849076910192,
-31.4564444818539));
#10044=CARTESIAN_POINT('Ctrl Pts',(-11.5710750400175,-19.6845304380346,
-31.4543207982388));
#10045=CARTESIAN_POINT('Ctrl Pts',(-11.6940574948481,-19.6783473764087,
-31.4195142699947));
#10046=CARTESIAN_POINT('Ctrl Pts',(-11.7492790013889,-19.6755710618646,
-31.4038854640017));
#10047=CARTESIAN_POINT('Ctrl Pts',(-10.961422422562,-19.8708477543533,-31.3596702689431));
#10048=CARTESIAN_POINT('Ctrl Pts',(-10.961422422562,-19.6739306082431,-31.3946508002115));
#10049=CARTESIAN_POINT('Ctrl Pts',(-11.024804479524,-19.8741073861765,-31.3780198300477));
#10050=CARTESIAN_POINT('Ctrl Pts',(-11.024804479524,-19.6771902400663,-31.4130003613161));
#10051=CARTESIAN_POINT('Ctrl Pts',(-11.1588923285028,-19.8810032971105,
-31.416839226201));
#10052=CARTESIAN_POINT('Ctrl Pts',(-11.1588923285028,-19.6840861510003,
-31.4518197574694));
#10053=CARTESIAN_POINT('Ctrl Pts',(-11.2986880130856,-19.8816772922127,
-31.4206333707494));
#10054=CARTESIAN_POINT('Ctrl Pts',(-11.2986880130856,-19.6847601461025,
-31.4556139020178));
#10055=CARTESIAN_POINT('Ctrl Pts',(-11.3724036008457,-19.88203269621,-31.4226340590844));
#10056=CARTESIAN_POINT('Ctrl Pts',(-11.3724036008457,-19.6851155500998,
-31.4576145903528));
#10057=CARTESIAN_POINT('',(-10.961422422562,-19.8708477543533,-31.3596702689431));
#10058=CARTESIAN_POINT('Ctrl Pts',(-10.961422422562,-19.8708477543533,-31.3596702689431));
#10059=CARTESIAN_POINT('Ctrl Pts',(-11.024804479524,-19.8741073861765,-31.3780198300477));
#10060=CARTESIAN_POINT('Ctrl Pts',(-11.1588923285028,-19.8810032971105,
-31.416839226201));
#10061=CARTESIAN_POINT('Ctrl Pts',(-11.2986880130856,-19.8816772922127,
-31.4206333707494));
#10062=CARTESIAN_POINT('Ctrl Pts',(-11.3724036008457,-19.88203269621,-31.4226340590844));
#10063=CARTESIAN_POINT('',(-10.961422422562,-19.6739306082431,-31.3946508002115));
#10064=CARTESIAN_POINT('',(-10.961422422562,-19.8708477543533,-31.3596702689431));
#10065=CARTESIAN_POINT('Ctrl Pts',(-10.961422422562,-19.6739306082431,-31.3946508002115));
#10066=CARTESIAN_POINT('Ctrl Pts',(-11.024804479524,-19.6771902400663,-31.4130003613161));
#10067=CARTESIAN_POINT('Ctrl Pts',(-11.1588923285028,-19.6840861510003,
-31.4518197574694));
#10068=CARTESIAN_POINT('Ctrl Pts',(-11.2986880130856,-19.6847601461025,
-31.4556139020178));
#10069=CARTESIAN_POINT('Ctrl Pts',(-11.3724036008457,-19.6851155500998,
-31.4576145903528));
#10070=CARTESIAN_POINT('Ctrl Pts',(-10.6902761251072,-19.8389334084674,
-31.1800137090241));
#10071=CARTESIAN_POINT('Ctrl Pts',(-10.6902761251072,-19.6420162623573,
-31.2149942402925));
#10072=CARTESIAN_POINT('Ctrl Pts',(-10.726577183394,-19.8455396772233,-31.2172026121846));
#10073=CARTESIAN_POINT('Ctrl Pts',(-10.726577183394,-19.6486225311131,-31.252183143453));
#10074=CARTESIAN_POINT('Ctrl Pts',(-10.8036737627018,-19.8595701420941,
-31.2961848060157));
#10075=CARTESIAN_POINT('Ctrl Pts',(-10.8036737627018,-19.6626529959839,
-31.3311653372841));
#10076=CARTESIAN_POINT('Ctrl Pts',(-10.9068348908156,-19.8669452361464,
-31.3377016847025));
#10077=CARTESIAN_POINT('Ctrl Pts',(-10.9068348908156,-19.6700280900362,
-31.3726822159709));
#10078=CARTESIAN_POINT('Ctrl Pts',(-10.961422422562,-19.8708477543533,-31.3596702689431));
#10079=CARTESIAN_POINT('Ctrl Pts',(-10.961422422562,-19.6739306082431,-31.3946508002115));
#10080=CARTESIAN_POINT('',(-10.6902761251072,-19.8389334084674,-31.1800137090241));
#10081=CARTESIAN_POINT('Ctrl Pts',(-10.6902761251072,-19.8389334084674,
-31.1800137090241));
#10082=CARTESIAN_POINT('Ctrl Pts',(-10.726577183394,-19.8455396772233,-31.2172026121846));
#10083=CARTESIAN_POINT('Ctrl Pts',(-10.8036737627018,-19.8595701420941,
-31.2961848060157));
#10084=CARTESIAN_POINT('Ctrl Pts',(-10.9068348908156,-19.8669452361464,
-31.3377016847025));
#10085=CARTESIAN_POINT('Ctrl Pts',(-10.961422422562,-19.8708477543533,-31.3596702689431));
#10086=CARTESIAN_POINT('',(-10.6902761251072,-19.6420162623573,-31.2149942402925));
#10087=CARTESIAN_POINT('',(-10.6902761251072,-19.8389334084674,-31.1800137090241));
#10088=CARTESIAN_POINT('Ctrl Pts',(-10.6902761251072,-19.6420162623573,
-31.2149942402925));
#10089=CARTESIAN_POINT('Ctrl Pts',(-10.726577183394,-19.6486225311131,-31.252183143453));
#10090=CARTESIAN_POINT('Ctrl Pts',(-10.8036737627018,-19.6626529959839,
-31.3311653372841));
#10091=CARTESIAN_POINT('Ctrl Pts',(-10.9068348908156,-19.6700280900362,
-31.3726822159709));
#10092=CARTESIAN_POINT('Ctrl Pts',(-10.961422422562,-19.6739306082431,-31.3946508002115));
#10093=CARTESIAN_POINT('Ctrl Pts',(-10.5555553228,-19.7845000230277,-30.8735899205554));
#10094=CARTESIAN_POINT('Ctrl Pts',(-10.5555553228,-19.5875828769175,-30.9085704518238));
#10095=CARTESIAN_POINT('Ctrl Pts',(-10.570193822028,-19.7949171839402,-30.93223161418));
#10096=CARTESIAN_POINT('Ctrl Pts',(-10.570193822028,-19.59800003783,-30.9672121454484));
#10097=CARTESIAN_POINT('Ctrl Pts',(-10.5975940896028,-19.814415972165,-31.0419968347355));
#10098=CARTESIAN_POINT('Ctrl Pts',(-10.5975940896028,-19.6174988260548,
-31.0769773660039));
#10099=CARTESIAN_POINT('Ctrl Pts',(-10.6608257588625,-19.831142821278,-31.1361578800749));
#10100=CARTESIAN_POINT('Ctrl Pts',(-10.6608257588625,-19.6342256751679,
-31.1711384113433));
#10101=CARTESIAN_POINT('Ctrl Pts',(-10.6902761251072,-19.8389334084674,
-31.1800137090241));
#10102=CARTESIAN_POINT('Ctrl Pts',(-10.6902761251072,-19.6420162623573,
-31.2149942402925));
#10103=CARTESIAN_POINT('',(-10.5555553228,-19.7845000230277,-30.8735899205554));
#10104=CARTESIAN_POINT('Ctrl Pts',(-10.5555553228,-19.7845000230277,-30.8735899205554));
#10105=CARTESIAN_POINT('Ctrl Pts',(-10.570193822028,-19.7949171839402,-30.93223161418));
#10106=CARTESIAN_POINT('Ctrl Pts',(-10.5975940896028,-19.814415972165,-31.0419968347355));
#10107=CARTESIAN_POINT('Ctrl Pts',(-10.6608257588625,-19.831142821278,-31.1361578800749));
#10108=CARTESIAN_POINT('Ctrl Pts',(-10.6902761251072,-19.8389334084674,
-31.1800137090241));
#10109=CARTESIAN_POINT('',(-10.5555553228,-19.5875828769175,-30.9085704518238));
#10110=CARTESIAN_POINT('',(-10.5555553228,-19.7845000230277,-30.8735899205554));
#10111=CARTESIAN_POINT('Ctrl Pts',(-10.5555553228,-19.5875828769175,-30.9085704518238));
#10112=CARTESIAN_POINT('Ctrl Pts',(-10.570193822028,-19.59800003783,-30.9672121454484));
#10113=CARTESIAN_POINT('Ctrl Pts',(-10.5975940896028,-19.6174988260548,
-31.0769773660039));
#10114=CARTESIAN_POINT('Ctrl Pts',(-10.6608257588625,-19.6342256751679,
-31.1711384113433));
#10115=CARTESIAN_POINT('Ctrl Pts',(-10.6902761251072,-19.6420162623573,
-31.2149942402925));
#10116=CARTESIAN_POINT('Origin',(-10.8556933194736,-19.7773416633669,-30.8332931124707));
#10117=CARTESIAN_POINT('',(-10.8556933194736,-19.7773416633669,-30.8332931124707));
#10118=CARTESIAN_POINT('',(27.2144058976092,-20.6853222107715,-35.9446202317227));
#10119=CARTESIAN_POINT('',(-10.8556933194736,-19.5804245172567,-30.8682736437391));
#10120=CARTESIAN_POINT('',(-10.8556933194736,-19.7773416633669,-30.8332931124707));
#10121=CARTESIAN_POINT('',(-10.8556933194736,-19.5804245172567,-30.8682736437391));
#10122=CARTESIAN_POINT('Ctrl Pts',(-11.0083193570713,-19.8243184035273,
-31.0977409430354));
#10123=CARTESIAN_POINT('Ctrl Pts',(-11.0083193570713,-19.6274012574171,
-31.1327214743038));
#10124=CARTESIAN_POINT('Ctrl Pts',(-10.9754550939148,-19.8184987033995,
-31.0649798985681));
#10125=CARTESIAN_POINT('Ctrl Pts',(-10.9754550939148,-19.6215815572893,
-31.0999604298365));
#10126=CARTESIAN_POINT('Ctrl Pts',(-10.9009326324776,-19.805302047315,-30.9906914941291));
#10127=CARTESIAN_POINT('Ctrl Pts',(-10.9009326324776,-19.6083849012048,
-31.0256720253975));
#10128=CARTESIAN_POINT('Ctrl Pts',(-10.8719145070256,-19.7873672495647,
-30.8897305006566));
#10129=CARTESIAN_POINT('Ctrl Pts',(-10.8719145070256,-19.5904501034545,
-30.924711031925));
#10130=CARTESIAN_POINT('Ctrl Pts',(-10.8556933194736,-19.7773416633669,
-30.8332931124707));
#10131=CARTESIAN_POINT('Ctrl Pts',(-10.8556933194736,-19.5804245172567,
-30.8682736437391));
#10132=CARTESIAN_POINT('',(-11.0083193570713,-19.8243184035273,-31.0977409430354));
#10133=CARTESIAN_POINT('Ctrl Pts',(-11.0083193570713,-19.8243184035273,
-31.0977409430354));
#10134=CARTESIAN_POINT('Ctrl Pts',(-10.9754550939148,-19.8184987033995,
-31.0649798985681));
#10135=CARTESIAN_POINT('Ctrl Pts',(-10.9009326324776,-19.805302047315,-30.9906914941291));
#10136=CARTESIAN_POINT('Ctrl Pts',(-10.8719145070256,-19.7873672495647,
-30.8897305006566));
#10137=CARTESIAN_POINT('Ctrl Pts',(-10.8556933194736,-19.7773416633669,
-30.8332931124707));
#10138=CARTESIAN_POINT('',(-11.0083193570713,-19.6274012574171,-31.1327214743038));
#10139=CARTESIAN_POINT('',(-11.0083193570713,-19.8243184035273,-31.0977409430354));
#10140=CARTESIAN_POINT('Ctrl Pts',(-11.0083193570713,-19.6274012574171,
-31.1327214743038));
#10141=CARTESIAN_POINT('Ctrl Pts',(-10.9754550939148,-19.6215815572893,
-31.0999604298365));
#10142=CARTESIAN_POINT('Ctrl Pts',(-10.9009326324776,-19.6083849012048,
-31.0256720253975));
#10143=CARTESIAN_POINT('Ctrl Pts',(-10.8719145070256,-19.5904501034545,
-30.924711031925));
#10144=CARTESIAN_POINT('Ctrl Pts',(-10.8556933194736,-19.5804245172567,
-30.8682736437391));
#10145=CARTESIAN_POINT('Ctrl Pts',(-11.3280648976902,-19.8375912144021,
-31.1724580483385));
#10146=CARTESIAN_POINT('Ctrl Pts',(-11.3280648976902,-19.640674068292,-31.2074385796069));
#10147=CARTESIAN_POINT('Ctrl Pts',(-11.2639383978729,-19.8374166324255,
-31.1714752678218));
#10148=CARTESIAN_POINT('Ctrl Pts',(-11.2639383978729,-19.6404994863154,
-31.2064557990902));
#10149=CARTESIAN_POINT('Ctrl Pts',(-11.1512341772776,-19.8371097994367,
-31.1697480019884));
#10150=CARTESIAN_POINT('Ctrl Pts',(-11.1512341772776,-19.6401926533265,
-31.2047285332568));
#10151=CARTESIAN_POINT('Ctrl Pts',(-11.0513649465025,-19.8281711402538,
-31.1194292906215));
#10152=CARTESIAN_POINT('Ctrl Pts',(-11.0513649465025,-19.6312539941436,
-31.1544098218899));
#10153=CARTESIAN_POINT('Ctrl Pts',(-11.0083193570713,-19.8243184035273,
-31.0977409430354));
#10154=CARTESIAN_POINT('Ctrl Pts',(-11.0083193570713,-19.6274012574171,
-31.1327214743038));
#10155=CARTESIAN_POINT('',(-11.3280648976902,-19.8375912144021,-31.1724580483385));
#10156=CARTESIAN_POINT('Ctrl Pts',(-11.3280648976902,-19.8375912144021,
-31.1724580483385));
#10157=CARTESIAN_POINT('Ctrl Pts',(-11.2639383978729,-19.8374166324255,
-31.1714752678218));
#10158=CARTESIAN_POINT('Ctrl Pts',(-11.1512341772776,-19.8371097994367,
-31.1697480019884));
#10159=CARTESIAN_POINT('Ctrl Pts',(-11.0513649465025,-19.8281711402538,
-31.1194292906215));
#10160=CARTESIAN_POINT('Ctrl Pts',(-11.0083193570713,-19.8243184035273,
-31.0977409430354));
#10161=CARTESIAN_POINT('',(-11.3280648976902,-19.640674068292,-31.2074385796069));
#10162=CARTESIAN_POINT('',(-11.3280648976902,-19.8375912144021,-31.1724580483385));
#10163=CARTESIAN_POINT('Ctrl Pts',(-11.3280648976902,-19.640674068292,-31.2074385796069));
#10164=CARTESIAN_POINT('Ctrl Pts',(-11.2639383978729,-19.6404994863154,
-31.2064557990902));
#10165=CARTESIAN_POINT('Ctrl Pts',(-11.1512341772776,-19.6401926533265,
-31.2047285332568));
#10166=CARTESIAN_POINT('Ctrl Pts',(-11.0513649465025,-19.6312539941436,
-31.1544098218899));
#10167=CARTESIAN_POINT('Ctrl Pts',(-11.0083193570713,-19.6274012574171,
-31.1327214743038));
#10168=CARTESIAN_POINT('Ctrl Pts',(-11.677655676041,-19.8193970426628,-31.0700369516648));
#10169=CARTESIAN_POINT('Ctrl Pts',(-11.677655676041,-19.6224798965527,-31.1050174829332));
#10170=CARTESIAN_POINT('Ctrl Pts',(-11.6302657167835,-19.8246882966235,
-31.0998231953694));
#10171=CARTESIAN_POINT('Ctrl Pts',(-11.6302657167835,-19.6277711505133,
-31.1348037266378));
#10172=CARTESIAN_POINT('Ctrl Pts',(-11.5242567285733,-19.8365245692754,
-31.1664535450717));
#10173=CARTESIAN_POINT('Ctrl Pts',(-11.5242567285733,-19.6396074231652,
-31.2014340763401));
#10174=CARTESIAN_POINT('Ctrl Pts',(-11.3979228405422,-19.8372114145197,
-31.1703200273813));
#10175=CARTESIAN_POINT('Ctrl Pts',(-11.3979228405422,-19.6402942684095,
-31.2053005586497));
#10176=CARTESIAN_POINT('Ctrl Pts',(-11.3280648976902,-19.8375912144021,
-31.1724580483385));
#10177=CARTESIAN_POINT('Ctrl Pts',(-11.3280648976902,-19.640674068292,-31.2074385796069));
#10178=CARTESIAN_POINT('',(-11.677655676041,-19.8193970426628,-31.0700369516648));
#10179=CARTESIAN_POINT('Ctrl Pts',(-11.677655676041,-19.8193970426628,-31.0700369516648));
#10180=CARTESIAN_POINT('Ctrl Pts',(-11.6302657167835,-19.8246882966235,
-31.0998231953694));
#10181=CARTESIAN_POINT('Ctrl Pts',(-11.5242567285733,-19.8365245692754,
-31.1664535450717));
#10182=CARTESIAN_POINT('Ctrl Pts',(-11.3979228405422,-19.8372114145197,
-31.1703200273813));
#10183=CARTESIAN_POINT('Ctrl Pts',(-11.3280648976902,-19.8375912144021,
-31.1724580483385));
#10184=CARTESIAN_POINT('',(-11.677655676041,-19.6224798965527,-31.1050174829332));
#10185=CARTESIAN_POINT('',(-11.677655676041,-19.8193970426628,-31.0700369516648));
#10186=CARTESIAN_POINT('Ctrl Pts',(-11.677655676041,-19.6224798965527,-31.1050174829332));
#10187=CARTESIAN_POINT('Ctrl Pts',(-11.6302657167835,-19.6277711505133,
-31.1348037266378));
#10188=CARTESIAN_POINT('Ctrl Pts',(-11.5242567285733,-19.6396074231652,
-31.2014340763401));
#10189=CARTESIAN_POINT('Ctrl Pts',(-11.3979228405422,-19.6402942684095,
-31.2053005586497));
#10190=CARTESIAN_POINT('Ctrl Pts',(-11.3280648976902,-19.640674068292,-31.2074385796069));
#10191=CARTESIAN_POINT('Ctrl Pts',(-11.7646283895114,-19.7731659513929,
-30.8097866288617));
#10192=CARTESIAN_POINT('Ctrl Pts',(-11.7646283895114,-19.5762488052828,
-30.8447671601301));
#10193=CARTESIAN_POINT('Ctrl Pts',(-11.7634045805187,-19.7828673559344,
-30.8643990897447));
#10194=CARTESIAN_POINT('Ctrl Pts',(-11.7634045805187,-19.5859502098242,
-30.8993796210131));
#10195=CARTESIAN_POINT('Ctrl Pts',(-11.7612466985139,-19.79997336382,-30.9606945470185));
#10196=CARTESIAN_POINT('Ctrl Pts',(-11.7612466985139,-19.6030562177098,
-30.9956750782869));
#10197=CARTESIAN_POINT('Ctrl Pts',(-11.7029083455376,-19.8135291907367,
-31.0370048445699));
#10198=CARTESIAN_POINT('Ctrl Pts',(-11.7029083455376,-19.6166120446265,
-31.0719853758383));
#10199=CARTESIAN_POINT('Ctrl Pts',(-11.677655676041,-19.8193970426628,-31.0700369516648));
#10200=CARTESIAN_POINT('Ctrl Pts',(-11.677655676041,-19.6224798965527,-31.1050174829332));
#10201=CARTESIAN_POINT('',(-11.7646283895114,-19.7731659513929,-30.8097866288617));
#10202=CARTESIAN_POINT('Ctrl Pts',(-11.7646283895114,-19.7731659513929,
-30.8097866288617));
#10203=CARTESIAN_POINT('Ctrl Pts',(-11.7634045805187,-19.7828673559344,
-30.8643990897447));
#10204=CARTESIAN_POINT('Ctrl Pts',(-11.7612466985139,-19.79997336382,-30.9606945470185));
#10205=CARTESIAN_POINT('Ctrl Pts',(-11.7029083455376,-19.8135291907367,
-31.0370048445699));
#10206=CARTESIAN_POINT('Ctrl Pts',(-11.677655676041,-19.8193970426628,-31.0700369516648));
#10207=CARTESIAN_POINT('',(-11.7646283895114,-19.5762488052828,-30.8447671601301));
#10208=CARTESIAN_POINT('',(-11.7646283895114,-19.7731659513929,-30.8097866288617));
#10209=CARTESIAN_POINT('Ctrl Pts',(-11.7646283895114,-19.5762488052828,
-30.8447671601301));
#10210=CARTESIAN_POINT('Ctrl Pts',(-11.7634045805187,-19.5859502098242,
-30.8993796210131));
#10211=CARTESIAN_POINT('Ctrl Pts',(-11.7612466985139,-19.6030562177098,
-30.9956750782869));
#10212=CARTESIAN_POINT('Ctrl Pts',(-11.7029083455376,-19.6166120446265,
-31.0719853758383));
#10213=CARTESIAN_POINT('Ctrl Pts',(-11.677655676041,-19.6224798965527,-31.1050174829332));
#10214=CARTESIAN_POINT('Ctrl Pts',(-11.7629236966709,-19.7591474916276,
-30.730872015797));
#10215=CARTESIAN_POINT('Ctrl Pts',(-11.7629236966709,-19.5622303455174,
-30.7658525470654));
#10216=CARTESIAN_POINT('Ctrl Pts',(-11.7634040652012,-19.7621548053719,
-30.7478011937858));
#10217=CARTESIAN_POINT('Ctrl Pts',(-11.7634040652012,-19.5652376592618,
-30.7827817250542));
#10218=CARTESIAN_POINT('Ctrl Pts',(-11.7641503719551,-19.7668270068524,
-30.774102583394));
#10219=CARTESIAN_POINT('Ctrl Pts',(-11.7641503719551,-19.5699098607423,
-30.8090831146624));
#10220=CARTESIAN_POINT('Ctrl Pts',(-11.7645028041614,-19.7715005762238,
-30.8004116733189));
#10221=CARTESIAN_POINT('Ctrl Pts',(-11.7645028041614,-19.5745834301136,
-30.8353922045873));
#10222=CARTESIAN_POINT('Ctrl Pts',(-11.7646283895114,-19.7731659513929,
-30.8097866288617));
#10223=CARTESIAN_POINT('Ctrl Pts',(-11.7646283895114,-19.5762488052828,
-30.8447671601301));
#10224=CARTESIAN_POINT('',(-11.7629236966709,-19.7591474916276,-30.730872015797));
#10225=CARTESIAN_POINT('Ctrl Pts',(-11.7629236966709,-19.7591474916276,
-30.730872015797));
#10226=CARTESIAN_POINT('Ctrl Pts',(-11.7634040652012,-19.7621548053719,
-30.7478011937858));
#10227=CARTESIAN_POINT('Ctrl Pts',(-11.7641503719551,-19.7668270068524,
-30.774102583394));
#10228=CARTESIAN_POINT('Ctrl Pts',(-11.7645028041614,-19.7715005762238,
-30.8004116733189));
#10229=CARTESIAN_POINT('Ctrl Pts',(-11.7646283895114,-19.7731659513929,
-30.8097866288617));
#10230=CARTESIAN_POINT('',(-11.7629236966709,-19.5622303455174,-30.7658525470654));
#10231=CARTESIAN_POINT('',(-11.7629236966709,-19.7591474916276,-30.730872015797));
#10232=CARTESIAN_POINT('Ctrl Pts',(-11.7629236966709,-19.5622303455174,
-30.7658525470654));
#10233=CARTESIAN_POINT('Ctrl Pts',(-11.7634040652012,-19.5652376592618,
-30.7827817250542));
#10234=CARTESIAN_POINT('Ctrl Pts',(-11.7641503719551,-19.5699098607423,
-30.8090831146624));
#10235=CARTESIAN_POINT('Ctrl Pts',(-11.7645028041614,-19.5745834301136,
-30.8353922045874));
#10236=CARTESIAN_POINT('Ctrl Pts',(-11.7646283895114,-19.5762488052828,
-30.8447671601301));
#10237=CARTESIAN_POINT('Ctrl Pts',(-11.2155146390537,-19.7406550342697,
-30.626771769304));
#10238=CARTESIAN_POINT('Ctrl Pts',(-11.2155146390537,-19.5437378881595,
-30.6617523005724));
#10239=CARTESIAN_POINT('Ctrl Pts',(-11.3237184779793,-19.742946116493,-30.639669039773));
#10240=CARTESIAN_POINT('Ctrl Pts',(-11.3237184779793,-19.5460289703828,
-30.6746495710414));
#10241=CARTESIAN_POINT('Ctrl Pts',(-11.5087806279924,-19.7468645782251,
-30.661727375466));
#10242=CARTESIAN_POINT('Ctrl Pts',(-11.5087806279924,-19.5499474321149,
-30.6967079067344));
#10243=CARTESIAN_POINT('Ctrl Pts',(-11.6883475946316,-19.7555431761214,
-30.7105821146023));
#10244=CARTESIAN_POINT('Ctrl Pts',(-11.6883475946316,-19.5586260300112,
-30.7455626458708));
#10245=CARTESIAN_POINT('Ctrl Pts',(-11.7629236966709,-19.7591474916276,
-30.730872015797));
#10246=CARTESIAN_POINT('Ctrl Pts',(-11.7629236966709,-19.5622303455174,
-30.7658525470654));
#10247=CARTESIAN_POINT('',(-11.2155146390537,-19.7406550342697,-30.626771769304));
#10248=CARTESIAN_POINT('Ctrl Pts',(-11.2155146390537,-19.7406550342697,
-30.626771769304));
#10249=CARTESIAN_POINT('Ctrl Pts',(-11.3237184779793,-19.742946116493,-30.639669039773));
#10250=CARTESIAN_POINT('Ctrl Pts',(-11.5087806279924,-19.7468645782251,
-30.661727375466));
#10251=CARTESIAN_POINT('Ctrl Pts',(-11.6883475946316,-19.7555431761214,
-30.7105821146023));
#10252=CARTESIAN_POINT('Ctrl Pts',(-11.7629236966709,-19.7591474916276,
-30.730872015797));
#10253=CARTESIAN_POINT('',(-11.2155146390537,-19.5437378881595,-30.6617523005724));
#10254=CARTESIAN_POINT('',(-11.2155146390537,-19.7406550342697,-30.626771769304));
#10255=CARTESIAN_POINT('Ctrl Pts',(-11.2155146390537,-19.5437378881595,
-30.6617523005724));
#10256=CARTESIAN_POINT('Ctrl Pts',(-11.3237184779793,-19.5460289703828,
-30.6746495710414));
#10257=CARTESIAN_POINT('Ctrl Pts',(-11.5087806279924,-19.5499474321149,
-30.6967079067345));
#10258=CARTESIAN_POINT('Ctrl Pts',(-11.6883475946316,-19.5586260300112,
-30.7455626458708));
#10259=CARTESIAN_POINT('Ctrl Pts',(-11.7629236966709,-19.5622303455174,
-30.7658525470654));
#10260=CARTESIAN_POINT('Ctrl Pts',(-10.9426636487583,-19.7326018698779,
-30.5814378051908));
#10261=CARTESIAN_POINT('Ctrl Pts',(-10.9426636487583,-19.5356847237677,
-30.6164183364592));
#10262=CARTESIAN_POINT('Ctrl Pts',(-10.9803775444064,-19.7340567116421,
-30.5896275975657));
#10263=CARTESIAN_POINT('Ctrl Pts',(-10.9803775444064,-19.5371395655319,
-30.6246081288341));
#10264=CARTESIAN_POINT('Ctrl Pts',(-11.0705380735109,-19.7375347215632,
-30.6092064822471));
#10265=CARTESIAN_POINT('Ctrl Pts',(-11.0705380735109,-19.540617575453,-30.6441870135155));
#10266=CARTESIAN_POINT('Ctrl Pts',(-11.1621966103079,-19.7395074769251,
-30.620311784018));
#10267=CARTESIAN_POINT('Ctrl Pts',(-11.1621966103079,-19.5425903308149,
-30.6552923152864));
#10268=CARTESIAN_POINT('Ctrl Pts',(-11.2155146390537,-19.7406550342697,
-30.626771769304));
#10269=CARTESIAN_POINT('Ctrl Pts',(-11.2155146390537,-19.5437378881595,
-30.6617523005724));
#10270=CARTESIAN_POINT('',(-10.9426636487583,-19.7326018698779,-30.5814378051908));
#10271=CARTESIAN_POINT('Ctrl Pts',(-10.9426636487583,-19.7326018698779,
-30.5814378051908));
#10272=CARTESIAN_POINT('Ctrl Pts',(-10.9803775444064,-19.7340567116421,
-30.5896275975657));
#10273=CARTESIAN_POINT('Ctrl Pts',(-11.0705380735109,-19.7375347215632,
-30.6092064822471));
#10274=CARTESIAN_POINT('Ctrl Pts',(-11.1621966103079,-19.7395074769251,
-30.620311784018));
#10275=CARTESIAN_POINT('Ctrl Pts',(-11.2155146390537,-19.7406550342697,
-30.626771769304));
#10276=CARTESIAN_POINT('',(-10.9426636487583,-19.5356847237677,-30.6164183364592));
#10277=CARTESIAN_POINT('',(-10.9426636487583,-19.7326018698779,-30.5814378051908));
#10278=CARTESIAN_POINT('Ctrl Pts',(-10.9426636487583,-19.5356847237677,
-30.6164183364592));
#10279=CARTESIAN_POINT('Ctrl Pts',(-10.9803775444064,-19.5371395655319,
-30.6246081288341));
#10280=CARTESIAN_POINT('Ctrl Pts',(-11.0705380735109,-19.540617575453,-30.6441870135155));
#10281=CARTESIAN_POINT('Ctrl Pts',(-11.1621966103079,-19.5425903308149,
-30.6552923152864));
#10282=CARTESIAN_POINT('Ctrl Pts',(-11.2155146390537,-19.5437378881595,
-30.6617523005724));
#10283=CARTESIAN_POINT('Ctrl Pts',(-10.7218236714938,-19.7150042433135,
-30.4823748614411));
#10284=CARTESIAN_POINT('Ctrl Pts',(-10.7218236714938,-19.5180870972033,
-30.5173553927095));
#10285=CARTESIAN_POINT('Ctrl Pts',(-10.755906377109,-19.7186631754279,-30.5029722178464));
#10286=CARTESIAN_POINT('Ctrl Pts',(-10.755906377109,-19.5217460293177,-30.5379527491148));
#10287=CARTESIAN_POINT('Ctrl Pts',(-10.8253604278351,-19.7261193809166,
-30.5449457000208));
#10288=CARTESIAN_POINT('Ctrl Pts',(-10.8253604278351,-19.5292022348064,
-30.5799262312893));
#10289=CARTESIAN_POINT('Ctrl Pts',(-10.9030818978212,-19.7304144767143,
-30.5691242352254));
#10290=CARTESIAN_POINT('Ctrl Pts',(-10.9030818978212,-19.5334973306041,
-30.6041047664938));
#10291=CARTESIAN_POINT('Ctrl Pts',(-10.9426636487583,-19.7326018698779,
-30.5814378051908));
#10292=CARTESIAN_POINT('Ctrl Pts',(-10.9426636487583,-19.5356847237677,
-30.6164183364592));
#10293=CARTESIAN_POINT('',(-10.7218236714938,-19.7150042433135,-30.4823748614411));
#10294=CARTESIAN_POINT('Ctrl Pts',(-10.7218236714938,-19.7150042433135,
-30.4823748614411));
#10295=CARTESIAN_POINT('Ctrl Pts',(-10.755906377109,-19.7186631754279,-30.5029722178464));
#10296=CARTESIAN_POINT('Ctrl Pts',(-10.8253604278351,-19.7261193809166,
-30.5449457000208));
#10297=CARTESIAN_POINT('Ctrl Pts',(-10.9030818978212,-19.7304144767143,
-30.5691242352254));
#10298=CARTESIAN_POINT('Ctrl Pts',(-10.9426636487583,-19.7326018698779,
-30.5814378051908));
#10299=CARTESIAN_POINT('',(-10.7218236714938,-19.5180870972033,-30.5173553927095));
#10300=CARTESIAN_POINT('',(-10.7218236714938,-19.7150042433135,-30.4823748614411));
#10301=CARTESIAN_POINT('Ctrl Pts',(-10.7218236714938,-19.5180870972033,
-30.5173553927095));
#10302=CARTESIAN_POINT('Ctrl Pts',(-10.755906377109,-19.5217460293177,-30.5379527491148));
#10303=CARTESIAN_POINT('Ctrl Pts',(-10.8253604278351,-19.5292022348064,
-30.5799262312893));
#10304=CARTESIAN_POINT('Ctrl Pts',(-10.9030818978212,-19.5334973306041,
-30.6041047664938));
#10305=CARTESIAN_POINT('Ctrl Pts',(-10.9426636487583,-19.5356847237677,
-30.6164183364592));
#10306=CARTESIAN_POINT('Ctrl Pts',(-10.5632300168613,-19.6841338058742,
-30.3085948123882));
#10307=CARTESIAN_POINT('Ctrl Pts',(-10.5632300168613,-19.487216659764,-30.3435753436567));
#10308=CARTESIAN_POINT('Ctrl Pts',(-10.5847194067015,-19.6901992732673,
-30.3427393632445));
#10309=CARTESIAN_POINT('Ctrl Pts',(-10.5847194067015,-19.4932821271571,
-30.3777198945129));
#10310=CARTESIAN_POINT('Ctrl Pts',(-10.6270584295616,-19.7021496340976,
-30.4100119535789));
#10311=CARTESIAN_POINT('Ctrl Pts',(-10.6270584295616,-19.5052324879874,
-30.4449924848473));
#10312=CARTESIAN_POINT('Ctrl Pts',(-10.6905550760503,-19.7107627559605,
-30.4584981061569));
#10313=CARTESIAN_POINT('Ctrl Pts',(-10.6905550760503,-19.5138456098503,
-30.4934786374253));
#10314=CARTESIAN_POINT('Ctrl Pts',(-10.7218236714938,-19.7150042433135,
-30.4823748614411));
#10315=CARTESIAN_POINT('Ctrl Pts',(-10.7218236714938,-19.5180870972033,
-30.5173553927095));
#10316=CARTESIAN_POINT('',(-10.5632300168613,-19.6841338058742,-30.3085948123882));
#10317=CARTESIAN_POINT('Ctrl Pts',(-10.5632300168613,-19.6841338058742,
-30.3085948123882));
#10318=CARTESIAN_POINT('Ctrl Pts',(-10.5847194067015,-19.6901992732673,
-30.3427393632445));
#10319=CARTESIAN_POINT('Ctrl Pts',(-10.6270584295616,-19.7021496340976,
-30.4100119535789));
#10320=CARTESIAN_POINT('Ctrl Pts',(-10.6905550760503,-19.7107627559605,
-30.4584981061569));
#10321=CARTESIAN_POINT('Ctrl Pts',(-10.7218236714938,-19.7150042433135,
-30.4823748614411));
#10322=CARTESIAN_POINT('',(-10.5632300168613,-19.487216659764,-30.3435753436567));
#10323=CARTESIAN_POINT('',(-10.5632300168613,-19.6841338058742,-30.3085948123882));
#10324=CARTESIAN_POINT('Ctrl Pts',(-10.5632300168613,-19.487216659764,-30.3435753436567));
#10325=CARTESIAN_POINT('Ctrl Pts',(-10.5847194067015,-19.4932821271571,
-30.3777198945129));
#10326=CARTESIAN_POINT('Ctrl Pts',(-10.6270584295616,-19.5052324879874,
-30.4449924848473));
#10327=CARTESIAN_POINT('Ctrl Pts',(-10.6905550760503,-19.5138456098503,
-30.4934786374253));
#10328=CARTESIAN_POINT('Ctrl Pts',(-10.7218236714938,-19.5180870972033,
-30.5173553927095));
#10329=CARTESIAN_POINT('Ctrl Pts',(-10.5026907712558,-19.641631037244,-30.0693324685371));
#10330=CARTESIAN_POINT('Ctrl Pts',(-10.5026907712558,-19.4447138911338,
-30.1043129998056));
#10331=CARTESIAN_POINT('Ctrl Pts',(-10.5050570356078,-19.6491680623242,
-30.1117609113061));
#10332=CARTESIAN_POINT('Ctrl Pts',(-10.5050570356078,-19.452250916214,-30.1467414425745));
#10333=CARTESIAN_POINT('Ctrl Pts',(-10.5097190168009,-19.6640174045572,
-30.1953528405341));
#10334=CARTESIAN_POINT('Ctrl Pts',(-10.5097190168009,-19.467100258447,-30.2303333718025));
#10335=CARTESIAN_POINT('Ctrl Pts',(-10.5455738749274,-19.6774963287863,
-30.2712302270567));
#10336=CARTESIAN_POINT('Ctrl Pts',(-10.5455738749274,-19.4805791826761,
-30.3062107583251));
#10337=CARTESIAN_POINT('Ctrl Pts',(-10.5632300168613,-19.6841338058742,
-30.3085948123882));
#10338=CARTESIAN_POINT('Ctrl Pts',(-10.5632300168613,-19.487216659764,-30.3435753436567));
#10339=CARTESIAN_POINT('',(-10.5026907712558,-19.641631037244,-30.0693324685371));
#10340=CARTESIAN_POINT('Ctrl Pts',(-10.5026907712558,-19.641631037244,-30.0693324685371));
#10341=CARTESIAN_POINT('Ctrl Pts',(-10.5050570356078,-19.6491680623242,
-30.1117609113061));
#10342=CARTESIAN_POINT('Ctrl Pts',(-10.5097190168009,-19.6640174045572,
-30.1953528405341));
#10343=CARTESIAN_POINT('Ctrl Pts',(-10.5455738749274,-19.6774963287863,
-30.2712302270567));
#10344=CARTESIAN_POINT('Ctrl Pts',(-10.5632300168613,-19.6841338058742,
-30.3085948123882));
#10345=CARTESIAN_POINT('',(-10.5026907712558,-19.4447138911338,-30.1043129998056));
#10346=CARTESIAN_POINT('',(-10.5026907712558,-19.641631037244,-30.0693324685371));
#10347=CARTESIAN_POINT('Ctrl Pts',(-10.5026907712558,-19.4447138911338,
-30.1043129998056));
#10348=CARTESIAN_POINT('Ctrl Pts',(-10.5050570356078,-19.452250916214,-30.1467414425745));
#10349=CARTESIAN_POINT('Ctrl Pts',(-10.5097190168009,-19.467100258447,-30.2303333718025));
#10350=CARTESIAN_POINT('Ctrl Pts',(-10.5455738749274,-19.4805791826761,
-30.3062107583251));
#10351=CARTESIAN_POINT('Ctrl Pts',(-10.5632300168613,-19.487216659764,-30.3435753436567));
#10352=CARTESIAN_POINT('Ctrl Pts',(-10.6629915029147,-19.5764601253444,
-29.7024635412988));
#10353=CARTESIAN_POINT('Ctrl Pts',(-10.6629915029147,-19.3795429792342,
-29.7374440725672));
#10354=CARTESIAN_POINT('Ctrl Pts',(-10.6162384633152,-19.5856349047142,
-29.7541114524137));
#10355=CARTESIAN_POINT('Ctrl Pts',(-10.6162384633152,-19.388717758604,-29.7890919836821));
#10356=CARTESIAN_POINT('Ctrl Pts',(-10.521501275128,-19.6042260553043,-29.8587672762209));
#10357=CARTESIAN_POINT('Ctrl Pts',(-10.521501275128,-19.4073089091941,-29.8937478074893));
#10358=CARTESIAN_POINT('Ctrl Pts',(-10.5090150254508,-19.6290551585991,
-29.9985386285702));
#10359=CARTESIAN_POINT('Ctrl Pts',(-10.5090150254508,-19.4321380124889,
-30.0335191598386));
#10360=CARTESIAN_POINT('Ctrl Pts',(-10.5026907712558,-19.641631037244,-30.0693324685371));
#10361=CARTESIAN_POINT('Ctrl Pts',(-10.5026907712558,-19.4447138911338,
-30.1043129998056));
#10362=CARTESIAN_POINT('',(-10.6629915029147,-19.5764601253444,-29.7024635412988));
#10363=CARTESIAN_POINT('Ctrl Pts',(-10.6629915029147,-19.5764601253444,
-29.7024635412988));
#10364=CARTESIAN_POINT('Ctrl Pts',(-10.6162384633152,-19.5856349047142,
-29.7541114524137));
#10365=CARTESIAN_POINT('Ctrl Pts',(-10.521501275128,-19.6042260553043,-29.8587672762209));
#10366=CARTESIAN_POINT('Ctrl Pts',(-10.5090150254508,-19.6290551585991,
-29.9985386285702));
#10367=CARTESIAN_POINT('Ctrl Pts',(-10.5026907712558,-19.641631037244,-30.0693324685371));
#10368=CARTESIAN_POINT('',(-10.6629915029147,-19.3795429792342,-29.7374440725672));
#10369=CARTESIAN_POINT('',(-10.6629915029147,-19.5764601253444,-29.7024635412988));
#10370=CARTESIAN_POINT('Ctrl Pts',(-10.6629915029147,-19.3795429792342,
-29.7374440725672));
#10371=CARTESIAN_POINT('Ctrl Pts',(-10.6162384633152,-19.388717758604,-29.7890919836821));
#10372=CARTESIAN_POINT('Ctrl Pts',(-10.521501275128,-19.4073089091941,-29.8937478074893));
#10373=CARTESIAN_POINT('Ctrl Pts',(-10.5090150254508,-19.4321380124889,
-30.0335191598386));
#10374=CARTESIAN_POINT('Ctrl Pts',(-10.5026907712558,-19.4447138911338,
-30.1043129998056));
#10375=CARTESIAN_POINT('Ctrl Pts',(-11.1217231542209,-19.5509584120412,
-29.5589058415587));
#10376=CARTESIAN_POINT('Ctrl Pts',(-11.1217231542209,-19.354041265931,-29.5938863728271));
#10377=CARTESIAN_POINT('Ctrl Pts',(-11.0308939779271,-19.5515942290745,
-29.5624850689491));
#10378=CARTESIAN_POINT('Ctrl Pts',(-11.0308939779271,-19.3546770829643,
-29.5974656002175));
#10379=CARTESIAN_POINT('Ctrl Pts',(-10.8638894172175,-19.552763284533,-29.5690660743308));
#10380=CARTESIAN_POINT('Ctrl Pts',(-10.8638894172175,-19.3558461384228,
-29.6040466055992));
#10381=CARTESIAN_POINT('Ctrl Pts',(-10.7259221686917,-19.5690371614264,
-29.6606771870781));
#10382=CARTESIAN_POINT('Ctrl Pts',(-10.7259221686917,-19.3721200153162,
-29.6956577183465));
#10383=CARTESIAN_POINT('Ctrl Pts',(-10.6629915029147,-19.5764601253444,
-29.7024635412988));
#10384=CARTESIAN_POINT('Ctrl Pts',(-10.6629915029147,-19.3795429792342,
-29.7374440725672));
#10385=CARTESIAN_POINT('',(-11.1217231542209,-19.5509584120412,-29.5589058415587));
#10386=CARTESIAN_POINT('Ctrl Pts',(-11.1217231542209,-19.5509584120412,
-29.5589058415587));
#10387=CARTESIAN_POINT('Ctrl Pts',(-11.0308939779271,-19.5515942290745,
-29.5624850689491));
#10388=CARTESIAN_POINT('Ctrl Pts',(-10.8638894172175,-19.552763284533,-29.5690660743308));
#10389=CARTESIAN_POINT('Ctrl Pts',(-10.7259221686917,-19.5690371614264,
-29.6606771870781));
#10390=CARTESIAN_POINT('Ctrl Pts',(-10.6629915029147,-19.5764601253444,
-29.7024635412988));
#10391=CARTESIAN_POINT('',(-11.1217231542209,-19.354041265931,-29.5938863728271));
#10392=CARTESIAN_POINT('',(-11.1217231542209,-19.5509584120412,-29.5589058415587));
#10393=CARTESIAN_POINT('Ctrl Pts',(-11.1217231542209,-19.354041265931,-29.5938863728271));
#10394=CARTESIAN_POINT('Ctrl Pts',(-11.0308939779271,-19.3546770829643,
-29.5974656002175));
#10395=CARTESIAN_POINT('Ctrl Pts',(-10.8638894172175,-19.3558461384228,
-29.6040466055992));
#10396=CARTESIAN_POINT('Ctrl Pts',(-10.7259221686917,-19.3721200153162,
-29.6956577183465));
#10397=CARTESIAN_POINT('Ctrl Pts',(-10.6629915029147,-19.3795429792342,
-29.7374440725672));
#10398=CARTESIAN_POINT('Ctrl Pts',(-11.4602274686435,-19.5613977050074,
-29.6176721239384));
#10399=CARTESIAN_POINT('Ctrl Pts',(-11.4602274686435,-19.3644805588972,
-29.6526526552068));
#10400=CARTESIAN_POINT('Ctrl Pts',(-11.4061705534925,-19.5583531676025,
-29.6005334014758));
#10401=CARTESIAN_POINT('Ctrl Pts',(-11.4061705534925,-19.3614360214923,
-29.6355139327442));
#10402=CARTESIAN_POINT('Ctrl Pts',(-11.2961032070588,-19.5521540688869,
-29.5656365950737));
#10403=CARTESIAN_POINT('Ctrl Pts',(-11.2961032070588,-19.3552369227768,
-29.6006171263421));
#10404=CARTESIAN_POINT('Ctrl Pts',(-11.1805335628189,-19.5513616523574,
-29.5611758165813));
#10405=CARTESIAN_POINT('Ctrl Pts',(-11.1805335628189,-19.3544445062472,
-29.5961563478498));
#10406=CARTESIAN_POINT('Ctrl Pts',(-11.1217231542209,-19.5509584120412,
-29.5589058415587));
#10407=CARTESIAN_POINT('Ctrl Pts',(-11.1217231542209,-19.354041265931,-29.5938863728271));
#10408=CARTESIAN_POINT('',(-11.4602274686435,-19.5613977050074,-29.6176721239384));
#10409=CARTESIAN_POINT('Ctrl Pts',(-11.4602274686435,-19.5613977050074,
-29.6176721239384));
#10410=CARTESIAN_POINT('Ctrl Pts',(-11.4061705534925,-19.5583531676025,
-29.6005334014758));
#10411=CARTESIAN_POINT('Ctrl Pts',(-11.2961032070588,-19.5521540688869,
-29.5656365950737));
#10412=CARTESIAN_POINT('Ctrl Pts',(-11.1805335628189,-19.5513616523574,
-29.5611758165813));
#10413=CARTESIAN_POINT('Ctrl Pts',(-11.1217231542209,-19.5509584120412,
-29.5589058415587));
#10414=CARTESIAN_POINT('',(-11.4602274686435,-19.3644805588972,-29.6526526552068));
#10415=CARTESIAN_POINT('',(-11.4602274686435,-19.5613977050074,-29.6176721239384));
#10416=CARTESIAN_POINT('Ctrl Pts',(-11.4602274686435,-19.3644805588972,
-29.6526526552068));
#10417=CARTESIAN_POINT('Ctrl Pts',(-11.4061705534925,-19.3614360214923,
-29.6355139327442));
#10418=CARTESIAN_POINT('Ctrl Pts',(-11.2961032070588,-19.3552369227768,
-29.6006171263421));
#10419=CARTESIAN_POINT('Ctrl Pts',(-11.1805335628189,-19.3544445062472,
-29.5961563478498));
#10420=CARTESIAN_POINT('Ctrl Pts',(-11.1217231542209,-19.354041265931,-29.5938863728271));
#10421=CARTESIAN_POINT('Ctrl Pts',(-11.7885036260226,-19.5971895293736,
-29.8191563110765));
#10422=CARTESIAN_POINT('Ctrl Pts',(-11.7885036260226,-19.4002723832634,
-29.8541368423449));
#10423=CARTESIAN_POINT('Ctrl Pts',(-11.7343787651719,-19.5895112290806,
-29.7759325827383));
#10424=CARTESIAN_POINT('Ctrl Pts',(-11.7343787651719,-19.3925940829704,
-29.8109131140067));
#10425=CARTESIAN_POINT('Ctrl Pts',(-11.6333811885441,-19.5751834375626,
-29.6952766374599));
#10426=CARTESIAN_POINT('Ctrl Pts',(-11.6333811885441,-19.3782662914524,
-29.7302571687283));
#10427=CARTESIAN_POINT('Ctrl Pts',(-11.5151146604293,-19.565767580209,-29.6422716174956));
#10428=CARTESIAN_POINT('Ctrl Pts',(-11.5151146604293,-19.3688504340988,
-29.677252148764));
#10429=CARTESIAN_POINT('Ctrl Pts',(-11.4602274686435,-19.5613977050074,
-29.6176721239384));
#10430=CARTESIAN_POINT('Ctrl Pts',(-11.4602274686435,-19.3644805588972,
-29.6526526552068));
#10431=CARTESIAN_POINT('',(-11.7885036260226,-19.5971895293736,-29.8191563110765));
#10432=CARTESIAN_POINT('Ctrl Pts',(-11.7885036260226,-19.5971895293736,
-29.8191563110765));
#10433=CARTESIAN_POINT('Ctrl Pts',(-11.7343787651719,-19.5895112290806,
-29.7759325827383));
#10434=CARTESIAN_POINT('Ctrl Pts',(-11.6333811885441,-19.5751834375626,
-29.6952766374599));
#10435=CARTESIAN_POINT('Ctrl Pts',(-11.5151146604293,-19.565767580209,-29.6422716174956));
#10436=CARTESIAN_POINT('Ctrl Pts',(-11.4602274686435,-19.5613977050074,
-29.6176721239384));
#10437=CARTESIAN_POINT('',(-11.7885036260226,-19.4002723832634,-29.8541368423449));
#10438=CARTESIAN_POINT('',(-11.7885036260226,-19.5971895293736,-29.8191563110765));
#10439=CARTESIAN_POINT('Ctrl Pts',(-11.7885036260226,-19.4002723832634,
-29.8541368423449));
#10440=CARTESIAN_POINT('Ctrl Pts',(-11.7343787651719,-19.3925940829704,
-29.8109131140067));
#10441=CARTESIAN_POINT('Ctrl Pts',(-11.6333811885441,-19.3782662914524,
-29.7302571687283));
#10442=CARTESIAN_POINT('Ctrl Pts',(-11.5151146604293,-19.3688504340988,
-29.677252148764));
#10443=CARTESIAN_POINT('Ctrl Pts',(-11.4602274686435,-19.3644805588972,
-29.6526526552068));
#10444=CARTESIAN_POINT('Ctrl Pts',(-11.8498940259555,-19.5581167977645,
-29.5992027963581));
#10445=CARTESIAN_POINT('Ctrl Pts',(-11.8498940259555,-19.3611996516543,
-29.6341833276265));
#10446=CARTESIAN_POINT('Ctrl Pts',(-11.8353066318816,-19.5640827153291,
-29.632786947832));
#10447=CARTESIAN_POINT('Ctrl Pts',(-11.8353066318816,-19.3671655692189,
-29.6677674791004));
#10448=CARTESIAN_POINT('Ctrl Pts',(-11.8046756493445,-19.5766101013595,
-29.7033078066033));
#10449=CARTESIAN_POINT('Ctrl Pts',(-11.8046756493445,-19.3796929552493,
-29.7382883378717));
#10450=CARTESIAN_POINT('Ctrl Pts',(-11.794062483474,-19.5901157016599,-29.7793353616812));
#10451=CARTESIAN_POINT('Ctrl Pts',(-11.794062483474,-19.3931985555497,-29.8143158929496));
#10452=CARTESIAN_POINT('Ctrl Pts',(-11.7885036260226,-19.5971895293736,
-29.8191563110765));
#10453=CARTESIAN_POINT('Ctrl Pts',(-11.7885036260226,-19.4002723832634,
-29.8541368423449));
#10454=CARTESIAN_POINT('Ctrl Pts',(-11.8498940259555,-19.5581167977645,
-29.5992027963581));
#10455=CARTESIAN_POINT('Ctrl Pts',(-11.8353066318816,-19.5640827153291,
-29.632786947832));
#10456=CARTESIAN_POINT('Ctrl Pts',(-11.8046756493445,-19.5766101013595,
-29.7033078066033));
#10457=CARTESIAN_POINT('Ctrl Pts',(-11.794062483474,-19.5901157016599,-29.7793353616812));
#10458=CARTESIAN_POINT('Ctrl Pts',(-11.7885036260226,-19.5971895293736,
-29.8191563110765));
#10459=CARTESIAN_POINT('Ctrl Pts',(-11.8498940259555,-19.3611996516543,
-29.6341833276265));
#10460=CARTESIAN_POINT('Ctrl Pts',(-11.8353066318816,-19.3671655692189,
-29.6677674791004));
#10461=CARTESIAN_POINT('Ctrl Pts',(-11.8046756493445,-19.3796929552493,
-29.7382883378717));
#10462=CARTESIAN_POINT('Ctrl Pts',(-11.794062483474,-19.3931985555497,-29.8143158929496));
#10463=CARTESIAN_POINT('Ctrl Pts',(-11.7885036260226,-19.4002723832634,
-29.8541368423449));
#10464=CARTESIAN_POINT('Origin',(-0.209376564609061,-19.5191310317125,-30.5232320502909));
#10465=CARTESIAN_POINT('Origin',(-7.22676942649872,-19.6836864165399,-30.3060763077314));
#10466=CARTESIAN_POINT('',(-7.22676942649872,-19.6836864165399,-30.3060763077314));
#10467=CARTESIAN_POINT('',(-7.22676942649869,-19.5581167977645,-29.5992027963582));
#10468=CARTESIAN_POINT('',(-7.22676942649893,-20.5002948408927,-34.9030390919387));
#10469=CARTESIAN_POINT('',(-7.22676942649872,-19.4867692704298,-30.3410568389998));
#10470=CARTESIAN_POINT('',(-7.22676942649872,-19.6836864165399,-30.3060763077314));
#10471=CARTESIAN_POINT('',(-7.22676942649869,-19.3611996516543,-29.6341833276267));
#10472=CARTESIAN_POINT('',(-7.22676942649872,-19.4867692704297,-30.3410568389999));
#10473=CARTESIAN_POINT('',(-7.22676942649869,-19.5581167977645,-29.5992027963582));
#10474=CARTESIAN_POINT('Origin',(-7.4433464795688,-19.7200747600185,-30.5109185010788));
#10475=CARTESIAN_POINT('',(-7.4433464795688,-19.7200747600185,-30.5109185010788));
#10476=CARTESIAN_POINT('',(9.24405707820963,-16.9163291008268,-14.7276935583084));
#10477=CARTESIAN_POINT('',(-7.4433464795688,-19.5231576139083,-30.5458990323472));
#10478=CARTESIAN_POINT('',(-7.4433464795688,-19.7200747600185,-30.5109185010788));
#10479=CARTESIAN_POINT('',(-7.4433464795688,-19.5231576139083,-30.5458990323472));
#10480=CARTESIAN_POINT('Origin',(-8.04191301170377,-19.5581167977645,-29.5992027963582));
#10481=CARTESIAN_POINT('',(-8.04191301170377,-19.5581167977645,-29.5992027963582));
#10482=CARTESIAN_POINT('',(5.08687432612267,-23.1104564792334,-49.5965146359272));
#10483=CARTESIAN_POINT('',(-8.04191301170377,-19.3611996516543,-29.6341833276266));
#10484=CARTESIAN_POINT('',(-8.04191301170377,-19.5581167977645,-29.5992027963582));
#10485=CARTESIAN_POINT('',(-8.04191301170377,-19.3611996516543,-29.6341833276266));
#10486=CARTESIAN_POINT('Origin',(-8.42049548927335,-19.5581167977645,-29.5992027963582));
#10487=CARTESIAN_POINT('',(-8.42049548927335,-19.5581167977645,-29.5992027963582));
#10488=CARTESIAN_POINT('',(28.5397522553635,-19.5581167977663,-29.5992027963595));
#10489=CARTESIAN_POINT('',(-8.42049548927335,-19.3611996516543,-29.6341833276266));
#10490=CARTESIAN_POINT('',(-8.42049548927335,-19.5581167977645,-29.5992027963582));
#10491=CARTESIAN_POINT('',(-8.42049548927335,-19.3611996516543,-29.6341833276266));
#10492=CARTESIAN_POINT('Origin',(-7.65821645561251,-19.7573578821656,-30.72079770374));
#10493=CARTESIAN_POINT('',(-7.65821645561251,-19.7573578821656,-30.72079770374));
#10494=CARTESIAN_POINT('',(5.71584189454676,-23.253009436078,-50.3989930550228));
#10495=CARTESIAN_POINT('',(-7.65821645561251,-19.5604407360554,-30.7557782350084));
#10496=CARTESIAN_POINT('',(-7.65821645561251,-19.7573578821656,-30.72079770374));
#10497=CARTESIAN_POINT('',(-7.65821645561251,-19.5604407360554,-30.7557782350084));
#10498=CARTESIAN_POINT('Origin',(-8.35057685676611,-19.8748743365492,-31.3823372509999));
#10499=CARTESIAN_POINT('',(-8.35057685676611,-19.8748743365492,-31.3823372509999));
#10500=CARTESIAN_POINT('',(8.6055672959877,-16.9968559843598,-15.1810064016382));
#10501=CARTESIAN_POINT('',(-8.35057685676611,-19.6779571904391,-31.4173177822683));
#10502=CARTESIAN_POINT('',(-8.35057685676611,-19.8748743365492,-31.3823372509999));
#10503=CARTESIAN_POINT('',(-8.35057685676611,-19.6779571904391,-31.4173177822683));
#10504=CARTESIAN_POINT('Origin',(-7.95323798957861,-19.8748743365492,-31.3823372509999));
#10505=CARTESIAN_POINT('',(-7.95323798957861,-19.8748743365492,-31.3823372509999));
#10506=CARTESIAN_POINT('',(28.7733810052109,-19.8748743365512,-31.3823372510012));
#10507=CARTESIAN_POINT('',(-7.95323798957861,-19.6779571904391,-31.4173177822683));
#10508=CARTESIAN_POINT('',(-7.95323798957861,-19.8748743365492,-31.3823372509999));
#10509=CARTESIAN_POINT('',(-7.95323798957861,-19.6779571904391,-31.4173177822683));
#10510=CARTESIAN_POINT('Origin',(-7.22676942649874,-19.7460238105309,-30.6569944120464));
#10511=CARTESIAN_POINT('',(-7.22676942649874,-19.7460238105309,-30.6569944120464));
#10512=CARTESIAN_POINT('',(8.45555249101246,-16.9645195157083,-14.9989735710538));
#10513=CARTESIAN_POINT('',(-7.22676942649874,-19.5491066644207,-30.6919749433148));
#10514=CARTESIAN_POINT('',(-7.22676942649874,-19.7460238105309,-30.6569944120464));
#10515=CARTESIAN_POINT('',(-7.22676942649874,-19.5491066644207,-30.6919749433148));
#10516=CARTESIAN_POINT('Origin',(-7.2267694264988,-19.9953734386197,-32.0606671227355));
#10517=CARTESIAN_POINT('',(-7.2267694264988,-19.9953734386197,-32.0606671227355));
#10518=CARTESIAN_POINT('',(-7.22676942649896,-20.6561383519326,-35.7803344994408));
#10519=CARTESIAN_POINT('',(-7.2267694264988,-19.7984562925095,-32.095647654004));
#10520=CARTESIAN_POINT('',(-7.2267694264988,-19.9953734386197,-32.0606671227355));
#10521=CARTESIAN_POINT('',(-7.2267694264988,-19.7984562925095,-32.095647654004));
#10522=CARTESIAN_POINT('Origin',(-6.91981265846291,-19.9953734386197,-32.0606671227356));
#10523=CARTESIAN_POINT('',(-6.91981265846291,-19.9953734386197,-32.0606671227356));
#10524=CARTESIAN_POINT('',(29.2900936707687,-19.9953734386216,-32.0606671227368));
#10525=CARTESIAN_POINT('',(-6.91981265846291,-19.7984562925095,-32.095647654004));
#10526=CARTESIAN_POINT('',(-6.91981265846291,-19.9953734386197,-32.0606671227356));
#10527=CARTESIAN_POINT('',(-6.91981265846291,-19.7984562925095,-32.095647654004));
#10528=CARTESIAN_POINT('Origin',(-6.9198126584628,-19.5581167977645,-29.5992027963583));
#10529=CARTESIAN_POINT('',(-6.9198126584628,-19.5581167977645,-29.5992027963583));
#10530=CARTESIAN_POINT('',(-6.91981265846302,-20.4375100315049,-34.5496023362521));
#10531=CARTESIAN_POINT('',(-6.9198126584628,-19.3611996516543,-29.6341833276267));
#10532=CARTESIAN_POINT('',(-6.9198126584628,-19.5581167977645,-29.5992027963583));
#10533=CARTESIAN_POINT('',(-6.9198126584628,-19.3611996516543,-29.6341833276267));
#10534=CARTESIAN_POINT('Origin',(-7.22676942649869,-19.5581167977645,-29.5992027963582));
#10535=CARTESIAN_POINT('',(29.1366152867509,-19.5581167977663,-29.5992027963595));
#10536=CARTESIAN_POINT('',(-7.22676942649869,-19.3611996516543,-29.6341833276267));
#10537=CARTESIAN_POINT('Origin',(-0.209376564609061,-19.5191310317125,-30.5232320502909));
#10538=CARTESIAN_POINT('Ctrl Pts',(-4.33625171485931,-19.6437189062623,
-30.0810857836992));
#10539=CARTESIAN_POINT('Ctrl Pts',(-4.33625171485931,-19.4468017601521,
-30.1160663149677));
#10540=CARTESIAN_POINT('Ctrl Pts',(-4.35060237745788,-19.6511638401052,
-30.1229958139982));
#10541=CARTESIAN_POINT('Ctrl Pts',(-4.35060237745788,-19.454246693995,-30.1579763452666));
#10542=CARTESIAN_POINT('Ctrl Pts',(-4.38408553615168,-19.6685344597276,
-30.2207808595125));
#10543=CARTESIAN_POINT('Ctrl Pts',(-4.38408553615168,-19.4716173136174,
-30.2557613907809));
#10544=CARTESIAN_POINT('Ctrl Pts',(-4.38511655672416,-19.6869079080722,
-30.3242111643429));
#10545=CARTESIAN_POINT('Ctrl Pts',(-4.38511655672416,-19.489990761962,-30.3591916956114));
#10546=CARTESIAN_POINT('Ctrl Pts',(-4.38570568862947,-19.6974066167491,
-30.3833119176916));
#10547=CARTESIAN_POINT('Ctrl Pts',(-4.38570568862947,-19.5004894706389,
-30.4182924489601));
#10548=CARTESIAN_POINT('',(-4.33625171485931,-19.6437189062623,-30.0810857836992));
#10549=CARTESIAN_POINT('',(-4.38570568862947,-19.6974066167491,-30.3833119176916));
#10550=CARTESIAN_POINT('Ctrl Pts',(-4.33625171485931,-19.6437189062623,
-30.0810857836992));
#10551=CARTESIAN_POINT('Ctrl Pts',(-4.35060237745788,-19.6511638401052,
-30.1229958139982));
#10552=CARTESIAN_POINT('Ctrl Pts',(-4.38408553615168,-19.6685344597276,
-30.2207808595125));
#10553=CARTESIAN_POINT('Ctrl Pts',(-4.38511655672416,-19.6869079080722,
-30.3242111643429));
#10554=CARTESIAN_POINT('Ctrl Pts',(-4.38570568862947,-19.6974066167491,
-30.3833119176916));
#10555=CARTESIAN_POINT('',(-4.33625171485931,-19.4468017601521,-30.1160663149677));
#10556=CARTESIAN_POINT('',(-4.33625171485931,-19.6437189062623,-30.0810857836992));
#10557=CARTESIAN_POINT('',(-4.38570568862947,-19.5004894706389,-30.4182924489601));
#10558=CARTESIAN_POINT('Ctrl Pts',(-4.33625171485931,-19.4468017601521,
-30.1160663149677));
#10559=CARTESIAN_POINT('Ctrl Pts',(-4.35060237745788,-19.454246693995,-30.1579763452666));
#10560=CARTESIAN_POINT('Ctrl Pts',(-4.38408553615168,-19.4716173136174,
-30.2557613907809));
#10561=CARTESIAN_POINT('Ctrl Pts',(-4.38511655672416,-19.489990761962,-30.3591916956114));
#10562=CARTESIAN_POINT('Ctrl Pts',(-4.38570568862947,-19.5004894706389,
-30.4182924489601));
#10563=CARTESIAN_POINT('',(-4.38570568862947,-19.6974066167491,-30.3833119176916));
#10564=CARTESIAN_POINT('Ctrl Pts',(-4.13331816497832,-19.6065848617682,
-29.8720457891609));
#10565=CARTESIAN_POINT('Ctrl Pts',(-4.13331816497832,-19.409667715658,-29.9070263204293));
#10566=CARTESIAN_POINT('Ctrl Pts',(-4.17613177309078,-19.6114620247448,
-29.8995009757932));
#10567=CARTESIAN_POINT('Ctrl Pts',(-4.17613177309078,-19.4145448786347,
-29.9344815070616));
#10568=CARTESIAN_POINT('Ctrl Pts',(-4.26044645344126,-19.6210668316163,
-29.9535696559843));
#10569=CARTESIAN_POINT('Ctrl Pts',(-4.26044645344126,-19.4241496855061,
-29.9885501872527));
#10570=CARTESIAN_POINT('Ctrl Pts',(-4.3112468997594,-19.6362469850848,-30.0390238326404));
#10571=CARTESIAN_POINT('Ctrl Pts',(-4.3112468997594,-19.4393298389746,-30.0740043639088));
#10572=CARTESIAN_POINT('Ctrl Pts',(-4.33625171485931,-19.6437189062623,
-30.0810857836992));
#10573=CARTESIAN_POINT('Ctrl Pts',(-4.33625171485931,-19.4468017601521,
-30.1160663149677));
#10574=CARTESIAN_POINT('',(-4.13331816497832,-19.6065848617682,-29.8720457891609));
#10575=CARTESIAN_POINT('Ctrl Pts',(-4.13331816497832,-19.6065848617682,
-29.8720457891609));
#10576=CARTESIAN_POINT('Ctrl Pts',(-4.17613177309078,-19.6114620247448,
-29.8995009757932));
#10577=CARTESIAN_POINT('Ctrl Pts',(-4.26044645344126,-19.6210668316163,
-29.9535696559843));
#10578=CARTESIAN_POINT('Ctrl Pts',(-4.3112468997594,-19.6362469850848,-30.0390238326404));
#10579=CARTESIAN_POINT('Ctrl Pts',(-4.33625171485931,-19.6437189062623,
-30.0810857836992));
#10580=CARTESIAN_POINT('',(-4.13331816497832,-19.409667715658,-29.9070263204293));
#10581=CARTESIAN_POINT('',(-4.13331816497832,-19.6065848617682,-29.8720457891609));
#10582=CARTESIAN_POINT('Ctrl Pts',(-4.13331816497832,-19.409667715658,-29.9070263204293));
#10583=CARTESIAN_POINT('Ctrl Pts',(-4.17613177309078,-19.4145448786347,
-29.9344815070616));
#10584=CARTESIAN_POINT('Ctrl Pts',(-4.26044645344126,-19.4241496855061,
-29.9885501872527));
#10585=CARTESIAN_POINT('Ctrl Pts',(-4.3112468997594,-19.4393298389746,-30.0740043639088));
#10586=CARTESIAN_POINT('Ctrl Pts',(-4.33625171485931,-19.4468017601521,
-30.1160663149677));
#10587=CARTESIAN_POINT('Ctrl Pts',(-3.81783435646086,-19.5930137913372,
-29.7956496807532));
#10588=CARTESIAN_POINT('Ctrl Pts',(-3.81783435646086,-19.396096645227,-29.8306302120216));
#10589=CARTESIAN_POINT('Ctrl Pts',(-3.87459197998129,-19.5935092554998,
-29.7984388147474));
#10590=CARTESIAN_POINT('Ctrl Pts',(-3.87459197998129,-19.3965921093896,
-29.8334193460158));
#10591=CARTESIAN_POINT('Ctrl Pts',(-3.98484450121132,-19.5944717019469,
-29.803856748689));
#10592=CARTESIAN_POINT('Ctrl Pts',(-3.98484450121132,-19.3975545558367,
-29.8388372799574));
#10593=CARTESIAN_POINT('Ctrl Pts',(-4.08481307398379,-19.6026275948398,
-29.8497690059995));
#10594=CARTESIAN_POINT('Ctrl Pts',(-4.08481307398379,-19.4057104487296,
-29.8847495372679));
#10595=CARTESIAN_POINT('Ctrl Pts',(-4.13331816497832,-19.6065848617682,
-29.8720457891609));
#10596=CARTESIAN_POINT('Ctrl Pts',(-4.13331816497832,-19.409667715658,-29.9070263204293));
#10597=CARTESIAN_POINT('',(-3.81783435646086,-19.5930137913372,-29.7956496807532));
#10598=CARTESIAN_POINT('Ctrl Pts',(-3.81783435646086,-19.5930137913372,
-29.7956496807532));
#10599=CARTESIAN_POINT('Ctrl Pts',(-3.87459197998129,-19.5935092554998,
-29.7984388147474));
#10600=CARTESIAN_POINT('Ctrl Pts',(-3.98484450121132,-19.5944717019469,
-29.803856748689));
#10601=CARTESIAN_POINT('Ctrl Pts',(-4.08481307398379,-19.6026275948398,
-29.8497690059995));
#10602=CARTESIAN_POINT('Ctrl Pts',(-4.13331816497832,-19.6065848617682,
-29.8720457891609));
#10603=CARTESIAN_POINT('',(-3.81783435646086,-19.396096645227,-29.8306302120216));
#10604=CARTESIAN_POINT('',(-3.81783435646086,-19.5930137913372,-29.7956496807532));
#10605=CARTESIAN_POINT('Ctrl Pts',(-3.81783435646086,-19.396096645227,-29.8306302120216));
#10606=CARTESIAN_POINT('Ctrl Pts',(-3.87459197998129,-19.3965921093896,
-29.8334193460158));
#10607=CARTESIAN_POINT('Ctrl Pts',(-3.98484450121132,-19.3975545558367,
-29.8388372799574));
#10608=CARTESIAN_POINT('Ctrl Pts',(-4.08481307398379,-19.4057104487296,
-29.8847495372679));
#10609=CARTESIAN_POINT('Ctrl Pts',(-4.13331816497832,-19.409667715658,-29.9070263204293));
#10610=CARTESIAN_POINT('Ctrl Pts',(-3.54583571258574,-19.6073305627837,
-29.8762435903519));
#10611=CARTESIAN_POINT('Ctrl Pts',(-3.54583571258574,-19.4104134166735,
-29.9112241216203));
#10612=CARTESIAN_POINT('Ctrl Pts',(-3.58291697323581,-19.6031657325798,
-29.8527983638772));
#10613=CARTESIAN_POINT('Ctrl Pts',(-3.58291697323581,-19.4062485864696,
-29.8877788951456));
#10614=CARTESIAN_POINT('Ctrl Pts',(-3.66534672307926,-19.5939075276042,
-29.8006808220393));
#10615=CARTESIAN_POINT('Ctrl Pts',(-3.66534672307926,-19.396990381494,-29.8356613533077));
#10616=CARTESIAN_POINT('Ctrl Pts',(-3.76371650473075,-19.5933309782835,
-29.7974352324869));
#10617=CARTESIAN_POINT('Ctrl Pts',(-3.76371650473075,-19.3964138321733,
-29.8324157637553));
#10618=CARTESIAN_POINT('Ctrl Pts',(-3.81783435646086,-19.5930137913372,
-29.7956496807532));
#10619=CARTESIAN_POINT('Ctrl Pts',(-3.81783435646086,-19.396096645227,-29.8306302120216));
#10620=CARTESIAN_POINT('',(-3.54583571258574,-19.6073305627837,-29.8762435903519));
#10621=CARTESIAN_POINT('Ctrl Pts',(-3.54583571258574,-19.6073305627837,
-29.8762435903519));
#10622=CARTESIAN_POINT('Ctrl Pts',(-3.58291697323581,-19.6031657325798,
-29.8527983638772));
#10623=CARTESIAN_POINT('Ctrl Pts',(-3.66534672307926,-19.5939075276042,
-29.8006808220393));
#10624=CARTESIAN_POINT('Ctrl Pts',(-3.76371650473075,-19.5933309782835,
-29.7974352324869));
#10625=CARTESIAN_POINT('Ctrl Pts',(-3.81783435646086,-19.5930137913372,
-29.7956496807532));
#10626=CARTESIAN_POINT('',(-3.54583571258574,-19.4104134166735,-29.9112241216203));
#10627=CARTESIAN_POINT('',(-3.54583571258574,-19.6073305627837,-29.8762435903519));
#10628=CARTESIAN_POINT('Ctrl Pts',(-3.54583571258574,-19.4104134166735,
-29.9112241216203));
#10629=CARTESIAN_POINT('Ctrl Pts',(-3.58291697323581,-19.4062485864696,
-29.8877788951456));
#10630=CARTESIAN_POINT('Ctrl Pts',(-3.66534672307926,-19.396990381494,-29.8356613533077));
#10631=CARTESIAN_POINT('Ctrl Pts',(-3.76371650473075,-19.3964138321733,
-29.8324157637553));
#10632=CARTESIAN_POINT('Ctrl Pts',(-3.81783435646086,-19.396096645227,-29.8306302120216));
#10633=CARTESIAN_POINT('Ctrl Pts',(-3.45289538208038,-19.6431223350249,
-30.0777274840606));
#10634=CARTESIAN_POINT('Ctrl Pts',(-3.45289538208038,-19.4462051889147,
-30.112708015329));
#10635=CARTESIAN_POINT('Ctrl Pts',(-3.45680607450789,-19.6362563907682,
-30.0390767803874));
#10636=CARTESIAN_POINT('Ctrl Pts',(-3.45680607450789,-19.439339244658,-30.0740573116558));
#10637=CARTESIAN_POINT('Ctrl Pts',(-3.4646468565007,-19.6224904469898,-29.9615836645294));
#10638=CARTESIAN_POINT('Ctrl Pts',(-3.4646468565007,-19.4255733008796,-29.9965641957979));
#10639=CARTESIAN_POINT('Ctrl Pts',(-3.51872816370603,-19.6123921848085,
-29.9047371588503));
#10640=CARTESIAN_POINT('Ctrl Pts',(-3.51872816370603,-19.4154750386983,
-29.9397176901187));
#10641=CARTESIAN_POINT('Ctrl Pts',(-3.54583571258574,-19.6073305627837,
-29.8762435903519));
#10642=CARTESIAN_POINT('Ctrl Pts',(-3.54583571258574,-19.4104134166735,
-29.9112241216203));
#10643=CARTESIAN_POINT('',(-3.45289538208038,-19.6431223350249,-30.0777274840606));
#10644=CARTESIAN_POINT('Ctrl Pts',(-3.45289538208038,-19.6431223350249,
-30.0777274840606));
#10645=CARTESIAN_POINT('Ctrl Pts',(-3.45680607450789,-19.6362563907682,
-30.0390767803874));
#10646=CARTESIAN_POINT('Ctrl Pts',(-3.4646468565007,-19.6224904469898,-29.9615836645294));
#10647=CARTESIAN_POINT('Ctrl Pts',(-3.51872816370603,-19.6123921848085,
-29.9047371588503));
#10648=CARTESIAN_POINT('Ctrl Pts',(-3.54583571258574,-19.6073305627837,
-29.8762435903519));
#10649=CARTESIAN_POINT('',(-3.45289538208038,-19.4462051889147,-30.112708015329));
#10650=CARTESIAN_POINT('',(-3.45289538208038,-19.6431223350249,-30.0777274840606));
#10651=CARTESIAN_POINT('Ctrl Pts',(-3.45289538208038,-19.4462051889147,
-30.112708015329));
#10652=CARTESIAN_POINT('Ctrl Pts',(-3.45680607450789,-19.439339244658,-30.0740573116558));
#10653=CARTESIAN_POINT('Ctrl Pts',(-3.4646468565007,-19.4255733008796,-29.9965641957979));
#10654=CARTESIAN_POINT('Ctrl Pts',(-3.51872816370603,-19.4154750386983,
-29.9397176901187));
#10655=CARTESIAN_POINT('Ctrl Pts',(-3.54583571258574,-19.4104134166735,
-29.9112241216203));
#10656=CARTESIAN_POINT('Ctrl Pts',(-3.49552820030243,-19.6686240483281,
-30.2212851838007));
#10657=CARTESIAN_POINT('Ctrl Pts',(-3.49552820030243,-19.4717069022179,
-30.2562657150691));
#10658=CARTESIAN_POINT('Ctrl Pts',(-3.48309391574519,-19.6646761829678,
-30.1990613252205));
#10659=CARTESIAN_POINT('Ctrl Pts',(-3.48309391574519,-19.4677590368576,
-30.2340418564889));
#10660=CARTESIAN_POINT('Ctrl Pts',(-3.45806830339619,-19.6567305912728,
-30.1543329239067));
#10661=CARTESIAN_POINT('Ctrl Pts',(-3.45806830339619,-19.4598134451626,
-30.1893134551751));
#10662=CARTESIAN_POINT('Ctrl Pts',(-3.45462688782446,-19.6476773576942,
-30.1033692348283));
#10663=CARTESIAN_POINT('Ctrl Pts',(-3.45462688782446,-19.450760211584,-30.1383497660967));
#10664=CARTESIAN_POINT('Ctrl Pts',(-3.45289538208038,-19.6431223350249,
-30.0777274840606));
#10665=CARTESIAN_POINT('Ctrl Pts',(-3.45289538208038,-19.4462051889147,
-30.112708015329));
#10666=CARTESIAN_POINT('',(-3.49552820030243,-19.6686240483281,-30.2212851838007));
#10667=CARTESIAN_POINT('Ctrl Pts',(-3.49552820030243,-19.6686240483281,
-30.2212851838007));
#10668=CARTESIAN_POINT('Ctrl Pts',(-3.48309391574519,-19.6646761829678,
-30.1990613252205));
#10669=CARTESIAN_POINT('Ctrl Pts',(-3.45806830339619,-19.6567305912728,
-30.1543329239067));
#10670=CARTESIAN_POINT('Ctrl Pts',(-3.45462688782446,-19.6476773576942,
-30.1033692348283));
#10671=CARTESIAN_POINT('Ctrl Pts',(-3.45289538208038,-19.6431223350249,
-30.0777274840606));
#10672=CARTESIAN_POINT('',(-3.49552820030243,-19.4717069022179,-30.2562657150691));
#10673=CARTESIAN_POINT('',(-3.49552820030243,-19.6686240483281,-30.2212851838007));
#10674=CARTESIAN_POINT('Ctrl Pts',(-3.49552820030243,-19.4717069022179,
-30.2562657150691));
#10675=CARTESIAN_POINT('Ctrl Pts',(-3.48309391574519,-19.4677590368576,
-30.2340418564889));
#10676=CARTESIAN_POINT('Ctrl Pts',(-3.45806830339619,-19.4598134451626,
-30.1893134551751));
#10677=CARTESIAN_POINT('Ctrl Pts',(-3.45462688782446,-19.450760211584,-30.1383497660967));
#10678=CARTESIAN_POINT('Ctrl Pts',(-3.45289538208038,-19.4462051889147,
-30.112708015329));
#10679=CARTESIAN_POINT('Ctrl Pts',(-3.61660669151337,-19.6860725451144,
-30.3195086259981));
#10680=CARTESIAN_POINT('Ctrl Pts',(-3.61660669151337,-19.4891553990042,
-30.3544891572665));
#10681=CARTESIAN_POINT('Ctrl Pts',(-3.5921282444863,-19.6839013105459,-30.307286018186));
#10682=CARTESIAN_POINT('Ctrl Pts',(-3.5921282444863,-19.4869841644358,-30.3422665494544));
#10683=CARTESIAN_POINT('Ctrl Pts',(-3.54430072880966,-19.6796590171012,
-30.2834047251409));
#10684=CARTESIAN_POINT('Ctrl Pts',(-3.54430072880966,-19.4827418709911,
-30.3183852564093));
#10685=CARTESIAN_POINT('Ctrl Pts',(-3.51152774744436,-19.6722440062942,
-30.2416631416496));
#10686=CARTESIAN_POINT('Ctrl Pts',(-3.51152774744436,-19.475326860184,-30.276643672918));
#10687=CARTESIAN_POINT('Ctrl Pts',(-3.49552820030243,-19.6686240483281,
-30.2212851838007));
#10688=CARTESIAN_POINT('Ctrl Pts',(-3.49552820030243,-19.4717069022179,
-30.2562657150691));
#10689=CARTESIAN_POINT('',(-3.61660669151337,-19.6860725451144,-30.3195086259981));
#10690=CARTESIAN_POINT('Ctrl Pts',(-3.61660669151337,-19.6860725451144,
-30.3195086259981));
#10691=CARTESIAN_POINT('Ctrl Pts',(-3.5921282444863,-19.6839013105459,-30.307286018186));
#10692=CARTESIAN_POINT('Ctrl Pts',(-3.54430072880966,-19.6796590171012,
-30.2834047251409));
#10693=CARTESIAN_POINT('Ctrl Pts',(-3.51152774744436,-19.6722440062942,
-30.2416631416496));
#10694=CARTESIAN_POINT('Ctrl Pts',(-3.49552820030243,-19.6686240483281,
-30.2212851838007));
#10695=CARTESIAN_POINT('',(-3.61660669151337,-19.4891553990042,-30.3544891572665));
#10696=CARTESIAN_POINT('',(-3.61660669151337,-19.6860725451144,-30.3195086259981));
#10697=CARTESIAN_POINT('Ctrl Pts',(-3.61660669151337,-19.4891553990042,
-30.3544891572665));
#10698=CARTESIAN_POINT('Ctrl Pts',(-3.5921282444863,-19.4869841644358,-30.3422665494544));
#10699=CARTESIAN_POINT('Ctrl Pts',(-3.54430072880966,-19.4827418709911,
-30.3183852564093));
#10700=CARTESIAN_POINT('Ctrl Pts',(-3.51152774744436,-19.475326860184,-30.276643672918));
#10701=CARTESIAN_POINT('Ctrl Pts',(-3.49552820030243,-19.4717069022179,
-30.2562657150691));
#10702=CARTESIAN_POINT('Ctrl Pts',(-3.88434121910127,-19.6968100715742,
-30.3799537647677));
#10703=CARTESIAN_POINT('Ctrl Pts',(-3.88434121910127,-19.499892925464,-30.4149342960361));
#10704=CARTESIAN_POINT('Ctrl Pts',(-3.8300271926094,-19.6954491658351,-30.3722927697923));
#10705=CARTESIAN_POINT('Ctrl Pts',(-3.8300271926094,-19.4985320197249,-30.4072733010608));
#10706=CARTESIAN_POINT('Ctrl Pts',(-3.7389905291223,-19.6931681285816,-30.3594520458285));
#10707=CARTESIAN_POINT('Ctrl Pts',(-3.7389905291223,-19.4962509824714,-30.3944325770969));
#10708=CARTESIAN_POINT('Ctrl Pts',(-3.65178422634355,-19.6881120720604,
-30.3309898074169));
#10709=CARTESIAN_POINT('Ctrl Pts',(-3.65178422634355,-19.4911949259502,
-30.3659703386853));
#10710=CARTESIAN_POINT('Ctrl Pts',(-3.61660669151337,-19.6860725451144,
-30.3195086259981));
#10711=CARTESIAN_POINT('Ctrl Pts',(-3.61660669151337,-19.4891553990042,
-30.3544891572665));
#10712=CARTESIAN_POINT('',(-3.88434121910127,-19.6968100715742,-30.3799537647677));
#10713=CARTESIAN_POINT('Ctrl Pts',(-3.88434121910127,-19.6968100715742,
-30.3799537647677));
#10714=CARTESIAN_POINT('Ctrl Pts',(-3.8300271926094,-19.6954491658351,-30.3722927697923));
#10715=CARTESIAN_POINT('Ctrl Pts',(-3.7389905291223,-19.6931681285816,-30.3594520458285));
#10716=CARTESIAN_POINT('Ctrl Pts',(-3.65178422634355,-19.6881120720604,
-30.3309898074169));
#10717=CARTESIAN_POINT('Ctrl Pts',(-3.61660669151337,-19.6860725451144,
-30.3195086259981));
#10718=CARTESIAN_POINT('',(-3.88434121910127,-19.499892925464,-30.4149342960361));
#10719=CARTESIAN_POINT('',(-3.88434121910127,-19.6968100715742,-30.3799537647677));
#10720=CARTESIAN_POINT('Ctrl Pts',(-3.88434121910127,-19.499892925464,-30.4149342960361));
#10721=CARTESIAN_POINT('Ctrl Pts',(-3.8300271926094,-19.4985320197249,-30.4072733010608));
#10722=CARTESIAN_POINT('Ctrl Pts',(-3.7389905291223,-19.4962509824714,-30.3944325770969));
#10723=CARTESIAN_POINT('Ctrl Pts',(-3.65178422634355,-19.4911949259502,
-30.3659703386853));
#10724=CARTESIAN_POINT('Ctrl Pts',(-3.61660669151337,-19.4891553990042,
-30.3544891572665));
#10725=CARTESIAN_POINT('Ctrl Pts',(-4.38570568862947,-19.7170921123318,
-30.4941281766032));
#10726=CARTESIAN_POINT('Ctrl Pts',(-4.38570568862947,-19.5201749662216,
-30.5291087078716));
#10727=CARTESIAN_POINT('Ctrl Pts',(-4.31648413572879,-19.7131138304834,
-30.471733093407));
#10728=CARTESIAN_POINT('Ctrl Pts',(-4.31648413572879,-19.5161966843732,
-30.5067136246754));
#10729=CARTESIAN_POINT('Ctrl Pts',(-4.15298787057951,-19.7037174185761,
-30.4188375383834));
#10730=CARTESIAN_POINT('Ctrl Pts',(-4.15298787057951,-19.5068002724659,
-30.4538180696518));
#10731=CARTESIAN_POINT('Ctrl Pts',(-3.98259349722941,-19.6993362991487,
-30.3941747473072));
#10732=CARTESIAN_POINT('Ctrl Pts',(-3.98259349722941,-19.5024191530385,
-30.4291552785756));
#10733=CARTESIAN_POINT('Ctrl Pts',(-3.88434121910127,-19.6968100715742,
-30.3799537647677));
#10734=CARTESIAN_POINT('Ctrl Pts',(-3.88434121910127,-19.499892925464,-30.4149342960361));
#10735=CARTESIAN_POINT('',(-4.38570568862947,-19.7170921123318,-30.4941281766032));
#10736=CARTESIAN_POINT('Ctrl Pts',(-4.38570568862947,-19.7170921123318,
-30.4941281766032));
#10737=CARTESIAN_POINT('Ctrl Pts',(-4.31648413572879,-19.7131138304834,
-30.471733093407));
#10738=CARTESIAN_POINT('Ctrl Pts',(-4.15298787057951,-19.7037174185761,
-30.4188375383834));
#10739=CARTESIAN_POINT('Ctrl Pts',(-3.98259349722941,-19.6993362991487,
-30.3941747473072));
#10740=CARTESIAN_POINT('Ctrl Pts',(-3.88434121910127,-19.6968100715742,
-30.3799537647677));
#10741=CARTESIAN_POINT('',(-4.38570568862947,-19.5201749662216,-30.5291087078716));
#10742=CARTESIAN_POINT('',(-4.38570568862947,-19.7170921123318,-30.4941281766032));
#10743=CARTESIAN_POINT('Ctrl Pts',(-4.38570568862947,-19.5201749662216,
-30.5291087078716));
#10744=CARTESIAN_POINT('Ctrl Pts',(-4.31648413572879,-19.5161966843732,
-30.5067136246754));
#10745=CARTESIAN_POINT('Ctrl Pts',(-4.15298787057951,-19.5068002724659,
-30.4538180696518));
#10746=CARTESIAN_POINT('Ctrl Pts',(-3.98259349722941,-19.5024191530385,
-30.4291552785756));
#10747=CARTESIAN_POINT('Ctrl Pts',(-3.88434121910127,-19.499892925464,-30.4149342960361));
#10748=CARTESIAN_POINT('Origin',(-4.38570568862947,-19.6974066167491,-30.3833119176916));
#10749=CARTESIAN_POINT('',(-4.38570568862966,-20.5071549409973,-34.9416568969189));
#10750=CARTESIAN_POINT('',(-4.38570568862947,-19.5004894706389,-30.4182924489601));
#10751=CARTESIAN_POINT('Origin',(-4.79327748123197,-19.5581167977645,-29.5992027963584));
#10752=CARTESIAN_POINT('',(-4.79327748123197,-19.5581167977645,-29.5992027963584));
#10753=CARTESIAN_POINT('',(-4.472677210007,-19.5581167977645,-29.5992027963584));
#10754=CARTESIAN_POINT('',(30.3533612593842,-19.5581167977663,-29.5992027963596));
#10755=CARTESIAN_POINT('',(-4.79327748123197,-19.3611996516543,-29.6341833276268));
#10756=CARTESIAN_POINT('',(-4.79327748123197,-19.5581167977645,-29.5992027963584));
#10757=CARTESIAN_POINT('',(-4.472677210007,-19.3611996516543,-29.6341833276268));
#10758=CARTESIAN_POINT('',(-4.79327748123197,-19.3611996516543,-29.6341833276268));
#10759=CARTESIAN_POINT('',(-4.472677210007,-19.5581167977645,-29.5992027963584));
#10760=CARTESIAN_POINT('Ctrl Pts',(-4.71568534675627,-19.5961456209271,
-29.8132798002106));
#10761=CARTESIAN_POINT('Ctrl Pts',(-4.71568534675627,-19.3992284748169,
-29.848260331479));
#10762=CARTESIAN_POINT('Ctrl Pts',(-4.72390447778505,-19.5895764160776,
-29.7762995422136));
#10763=CARTESIAN_POINT('Ctrl Pts',(-4.72390447778505,-19.3926592699674,
-29.811280073482));
#10764=CARTESIAN_POINT('Ctrl Pts',(-4.74048760503885,-19.5763222217358,
-29.7016872356212));
#10765=CARTESIAN_POINT('Ctrl Pts',(-4.74048760503885,-19.3794050756257,
-29.7366677668897));
#10766=CARTESIAN_POINT('Ctrl Pts',(-4.77557867417016,-19.5642205113851,
-29.6335626480601));
#10767=CARTESIAN_POINT('Ctrl Pts',(-4.77557867417016,-19.3673033652749,
-29.6685431793286));
#10768=CARTESIAN_POINT('Ctrl Pts',(-4.79327748123197,-19.5581167977645,
-29.5992027963584));
#10769=CARTESIAN_POINT('Ctrl Pts',(-4.79327748123197,-19.3611996516543,
-29.6341833276268));
#10770=CARTESIAN_POINT('',(-4.71568534675627,-19.5961456209271,-29.8132798002106));
#10771=CARTESIAN_POINT('Ctrl Pts',(-4.71568534675627,-19.5961456209271,
-29.8132798002106));
#10772=CARTESIAN_POINT('Ctrl Pts',(-4.72390447778505,-19.5895764160776,
-29.7762995422136));
#10773=CARTESIAN_POINT('Ctrl Pts',(-4.74048760503885,-19.5763222217358,
-29.7016872356212));
#10774=CARTESIAN_POINT('Ctrl Pts',(-4.77557867417016,-19.5642205113851,
-29.6335626480601));
#10775=CARTESIAN_POINT('Ctrl Pts',(-4.79327748123197,-19.5581167977645,
-29.5992027963584));
#10776=CARTESIAN_POINT('',(-4.71568534675627,-19.3992284748169,-29.848260331479));
#10777=CARTESIAN_POINT('',(-4.71568534675627,-19.5961456209271,-29.8132798002106));
#10778=CARTESIAN_POINT('Ctrl Pts',(-4.71568534675627,-19.3992284748169,
-29.848260331479));
#10779=CARTESIAN_POINT('Ctrl Pts',(-4.72390447778505,-19.3926592699674,
-29.811280073482));
#10780=CARTESIAN_POINT('Ctrl Pts',(-4.74048760503885,-19.3794050756257,
-29.7366677668897));
#10781=CARTESIAN_POINT('Ctrl Pts',(-4.77557867417016,-19.3673033652749,
-29.6685431793286));
#10782=CARTESIAN_POINT('Ctrl Pts',(-4.79327748123197,-19.3611996516543,
-29.6341833276268));
#10783=CARTESIAN_POINT('Ctrl Pts',(-4.6960742265323,-19.6908447762007,-30.3463731158162));
#10784=CARTESIAN_POINT('Ctrl Pts',(-4.6960742265323,-19.4939276300905,-30.3813536470846));
#10785=CARTESIAN_POINT('Ctrl Pts',(-4.69536893827678,-19.6704572341706,
-30.2316048019228));
#10786=CARTESIAN_POINT('Ctrl Pts',(-4.69536893827678,-19.4735400880604,
-30.2665853331912));
#10787=CARTESIAN_POINT('Ctrl Pts',(-4.69427483832503,-19.6388304367909,
-30.053566949015));
#10788=CARTESIAN_POINT('Ctrl Pts',(-4.69427483832503,-19.4419132906808,
-30.0885474802834));
#10789=CARTESIAN_POINT('Ctrl Pts',(-4.71007162316614,-19.6073373569162,
-29.8762818368031));
#10790=CARTESIAN_POINT('Ctrl Pts',(-4.71007162316614,-19.410420210806,-29.9112623680715));
#10791=CARTESIAN_POINT('Ctrl Pts',(-4.71568534675627,-19.5961456209271,
-29.8132798002106));
#10792=CARTESIAN_POINT('Ctrl Pts',(-4.71568534675627,-19.3992284748169,
-29.848260331479));
#10793=CARTESIAN_POINT('',(-4.6960742265323,-19.6908447762007,-30.3463731158162));
#10794=CARTESIAN_POINT('Ctrl Pts',(-4.6960742265323,-19.6908447762007,-30.3463731158162));
#10795=CARTESIAN_POINT('Ctrl Pts',(-4.69536893827678,-19.6704572341706,
-30.2316048019228));
#10796=CARTESIAN_POINT('Ctrl Pts',(-4.69427483832503,-19.6388304367909,
-30.053566949015));
#10797=CARTESIAN_POINT('Ctrl Pts',(-4.71007162316614,-19.6073373569162,
-29.8762818368031));
#10798=CARTESIAN_POINT('Ctrl Pts',(-4.71568534675627,-19.5961456209271,
-29.8132798002106));
#10799=CARTESIAN_POINT('',(-4.6960742265323,-19.4939276300905,-30.3813536470846));
#10800=CARTESIAN_POINT('',(-4.6960742265323,-19.6908447762007,-30.3463731158162));
#10801=CARTESIAN_POINT('Ctrl Pts',(-4.6960742265323,-19.4939276300905,-30.3813536470846));
#10802=CARTESIAN_POINT('Ctrl Pts',(-4.69536893827678,-19.4735400880604,
-30.2665853331912));
#10803=CARTESIAN_POINT('Ctrl Pts',(-4.69427483832503,-19.4419132906808,
-30.0885474802834));
#10804=CARTESIAN_POINT('Ctrl Pts',(-4.71007162316614,-19.410420210806,-29.9112623680715));
#10805=CARTESIAN_POINT('Ctrl Pts',(-4.71568534675627,-19.3992284748169,
-29.848260331479));
#10806=CARTESIAN_POINT('Origin',(-4.69607422653231,-19.7624283988706,-30.7493413433777));
#10807=CARTESIAN_POINT('',(-4.69607422653231,-19.7624283988706,-30.7493413433777));
#10808=CARTESIAN_POINT('',(-4.69607422653251,-20.539665832058,-35.1246716097618));
#10809=CARTESIAN_POINT('',(-4.69607422653231,-19.5655112527604,-30.7843218746461));
#10810=CARTESIAN_POINT('',(-4.69607422653231,-19.7624283988706,-30.7493413433777));
#10811=CARTESIAN_POINT('',(-4.69607422653231,-19.5655112527604,-30.7843218746461));
#10812=CARTESIAN_POINT('Ctrl Pts',(-4.68072603050266,-19.8119403973835,
-31.0280609937611));
#10813=CARTESIAN_POINT('Ctrl Pts',(-4.68072603050266,-19.6150232512733,
-31.0630415250295));
#10814=CARTESIAN_POINT('Ctrl Pts',(-4.68515153945942,-19.8055342117348,
-30.9919984255368));
#10815=CARTESIAN_POINT('Ctrl Pts',(-4.68515153945942,-19.6086170656246,
-31.0269789568053));
#10816=CARTESIAN_POINT('Ctrl Pts',(-4.69650509271319,-19.7890992726969,
-30.8994806399436));
#10817=CARTESIAN_POINT('Ctrl Pts',(-4.69650509271319,-19.5921821265868,
-30.934461171212));
#10818=CARTESIAN_POINT('Ctrl Pts',(-4.69623750876074,-19.7725356662905,
-30.8062385425662));
#10819=CARTESIAN_POINT('Ctrl Pts',(-4.69623750876074,-19.5756185201803,
-30.8412190738346));
#10820=CARTESIAN_POINT('Ctrl Pts',(-4.69607422653231,-19.7624283988706,
-30.7493413433777));
#10821=CARTESIAN_POINT('Ctrl Pts',(-4.69607422653231,-19.5655112527604,
-30.7843218746461));
#10822=CARTESIAN_POINT('',(-4.68072603050266,-19.8119403973835,-31.0280609937611));
#10823=CARTESIAN_POINT('Ctrl Pts',(-4.68072603050266,-19.8119403973835,
-31.0280609937611));
#10824=CARTESIAN_POINT('Ctrl Pts',(-4.68515153945942,-19.8055342117348,
-30.9919984255368));
#10825=CARTESIAN_POINT('Ctrl Pts',(-4.69650509271319,-19.7890992726969,
-30.8994806399436));
#10826=CARTESIAN_POINT('Ctrl Pts',(-4.69623750876074,-19.7725356662905,
-30.8062385425662));
#10827=CARTESIAN_POINT('Ctrl Pts',(-4.69607422653231,-19.7624283988706,
-30.7493413433777));
#10828=CARTESIAN_POINT('',(-4.68072603050266,-19.6150232512733,-31.0630415250295));
#10829=CARTESIAN_POINT('',(-4.68072603050266,-19.8119403973835,-31.0280609937611));
#10830=CARTESIAN_POINT('Ctrl Pts',(-4.68072603050266,-19.6150232512733,
-31.0630415250295));
#10831=CARTESIAN_POINT('Ctrl Pts',(-4.68515153945942,-19.6086170656246,
-31.0269789568053));
#10832=CARTESIAN_POINT('Ctrl Pts',(-4.69650509271319,-19.5921821265868,
-30.934461171212));
#10833=CARTESIAN_POINT('Ctrl Pts',(-4.69623750876074,-19.5756185201803,
-30.8412190738346));
#10834=CARTESIAN_POINT('Ctrl Pts',(-4.69607422653231,-19.5655112527604,
-30.7843218746461));
#10835=CARTESIAN_POINT('Ctrl Pts',(-4.58522866073644,-19.8484778706401,
-31.2337426886608));
#10836=CARTESIAN_POINT('Ctrl Pts',(-4.58522866073644,-19.6515607245299,
-31.2687232199292));
#10837=CARTESIAN_POINT('Ctrl Pts',(-4.60645245695819,-19.8431761428291,
-31.2038974841389));
#10838=CARTESIAN_POINT('Ctrl Pts',(-4.60645245695819,-19.646258996719,-31.2388780154073));
#10839=CARTESIAN_POINT('Ctrl Pts',(-4.65105670624483,-19.8320339519383,
-31.1411743535266));
#10840=CARTESIAN_POINT('Ctrl Pts',(-4.65105670624483,-19.6351168058281,
-31.176154884795));
#10841=CARTESIAN_POINT('Ctrl Pts',(-4.67052252560696,-19.8188507226909,
-31.066961533258));
#10842=CARTESIAN_POINT('Ctrl Pts',(-4.67052252560696,-19.6219335765807,
-31.1019420645264));
#10843=CARTESIAN_POINT('Ctrl Pts',(-4.68072603050266,-19.8119403973835,
-31.0280609937611));
#10844=CARTESIAN_POINT('Ctrl Pts',(-4.68072603050266,-19.6150232512733,
-31.0630415250295));
#10845=CARTESIAN_POINT('',(-4.58522866073644,-19.8484778706401,-31.2337426886608));
#10846=CARTESIAN_POINT('Ctrl Pts',(-4.58522866073644,-19.8484778706401,
-31.2337426886608));
#10847=CARTESIAN_POINT('Ctrl Pts',(-4.60645245695819,-19.8431761428291,
-31.2038974841389));
#10848=CARTESIAN_POINT('Ctrl Pts',(-4.65105670624483,-19.8320339519383,
-31.1411743535266));
#10849=CARTESIAN_POINT('Ctrl Pts',(-4.67052252560696,-19.8188507226909,
-31.066961533258));
#10850=CARTESIAN_POINT('Ctrl Pts',(-4.68072603050266,-19.8119403973835,
-31.0280609937611));
#10851=CARTESIAN_POINT('',(-4.58522866073644,-19.6515607245299,-31.2687232199292));
#10852=CARTESIAN_POINT('',(-4.58522866073644,-19.8484778706401,-31.2337426886608));
#10853=CARTESIAN_POINT('Ctrl Pts',(-4.58522866073644,-19.6515607245299,
-31.2687232199292));
#10854=CARTESIAN_POINT('Ctrl Pts',(-4.60645245695819,-19.646258996719,-31.2388780154073));
#10855=CARTESIAN_POINT('Ctrl Pts',(-4.65105670624483,-19.6351168058281,
-31.176154884795));
#10856=CARTESIAN_POINT('Ctrl Pts',(-4.67052252560696,-19.6219335765807,
-31.1019420645264));
#10857=CARTESIAN_POINT('Ctrl Pts',(-4.68072603050266,-19.6150232512733,
-31.0630415250295));
#10858=CARTESIAN_POINT('Ctrl Pts',(-4.37206337753332,-19.8724882079748,
-31.3689049327336));
#10859=CARTESIAN_POINT('Ctrl Pts',(-4.37206337753332,-19.6755710618647,
-31.403885464002));
#10860=CARTESIAN_POINT('Ctrl Pts',(-4.41580201002812,-19.8693766963328,
-31.3513891898212));
#10861=CARTESIAN_POINT('Ctrl Pts',(-4.41580201002812,-19.6724595502226,
-31.3863697210897));
#10862=CARTESIAN_POINT('Ctrl Pts',(-4.49564692677228,-19.8636966287625,
-31.3194141838648));
#10863=CARTESIAN_POINT('Ctrl Pts',(-4.49564692677228,-19.6667794826523,
-31.3543947151332));
#10864=CARTESIAN_POINT('Ctrl Pts',(-4.55733361935397,-19.8532168712023,
-31.2604201127099));
#10865=CARTESIAN_POINT('Ctrl Pts',(-4.55733361935397,-19.6562997250921,
-31.2954006439783));
#10866=CARTESIAN_POINT('Ctrl Pts',(-4.58522866073644,-19.8484778706401,
-31.2337426886608));
#10867=CARTESIAN_POINT('Ctrl Pts',(-4.58522866073644,-19.6515607245299,
-31.2687232199292));
#10868=CARTESIAN_POINT('',(-4.37206337753332,-19.8724882079748,-31.3689049327336));
#10869=CARTESIAN_POINT('Ctrl Pts',(-4.37206337753332,-19.8724882079748,
-31.3689049327336));
#10870=CARTESIAN_POINT('Ctrl Pts',(-4.41580201002812,-19.8693766963328,
-31.3513891898212));
#10871=CARTESIAN_POINT('Ctrl Pts',(-4.49564692677228,-19.8636966287625,
-31.3194141838648));
#10872=CARTESIAN_POINT('Ctrl Pts',(-4.55733361935397,-19.8532168712023,
-31.2604201127099));
#10873=CARTESIAN_POINT('Ctrl Pts',(-4.58522866073644,-19.8484778706401,
-31.2337426886608));
#10874=CARTESIAN_POINT('',(-4.37206337753332,-19.6755710618647,-31.403885464002));
#10875=CARTESIAN_POINT('',(-4.37206337753332,-19.8724882079748,-31.3689049327336));
#10876=CARTESIAN_POINT('Ctrl Pts',(-4.37206337753332,-19.6755710618647,
-31.403885464002));
#10877=CARTESIAN_POINT('Ctrl Pts',(-4.41580201002812,-19.6724595502226,
-31.3863697210897));
#10878=CARTESIAN_POINT('Ctrl Pts',(-4.49564692677228,-19.6667794826523,
-31.3543947151332));
#10879=CARTESIAN_POINT('Ctrl Pts',(-4.55733361935397,-19.6562997250921,
-31.2954006439783));
#10880=CARTESIAN_POINT('Ctrl Pts',(-4.58522866073644,-19.6515607245299,
-31.2687232199292));
#10881=CARTESIAN_POINT('Ctrl Pts',(-3.99518797699011,-19.88203269621,-31.4226340590847));
#10882=CARTESIAN_POINT('Ctrl Pts',(-3.99518797699011,-19.6851155500998,
-31.4576145903531));
#10883=CARTESIAN_POINT('Ctrl Pts',(-4.06576533325063,-19.8818248371295,
-31.4214639505857));
#10884=CARTESIAN_POINT('Ctrl Pts',(-4.06576533325063,-19.6849076910193,
-31.4564444818542));
#10885=CARTESIAN_POINT('Ctrl Pts',(-4.19385941616191,-19.8814475841448,
-31.4193402669707));
#10886=CARTESIAN_POINT('Ctrl Pts',(-4.19385941616191,-19.6845304380346,
-31.4543207982391));
#10887=CARTESIAN_POINT('Ctrl Pts',(-4.31684187099248,-19.8752645225189,
-31.3845337387266));
#10888=CARTESIAN_POINT('Ctrl Pts',(-4.31684187099248,-19.6783473764088,
-31.419514269995));
#10889=CARTESIAN_POINT('Ctrl Pts',(-4.37206337753332,-19.8724882079748,
-31.3689049327336));
#10890=CARTESIAN_POINT('Ctrl Pts',(-4.37206337753332,-19.6755710618647,
-31.403885464002));
#10891=CARTESIAN_POINT('',(-3.99518797699011,-19.88203269621,-31.4226340590847));
#10892=CARTESIAN_POINT('Ctrl Pts',(-3.99518797699011,-19.88203269621,-31.4226340590847));
#10893=CARTESIAN_POINT('Ctrl Pts',(-4.06576533325063,-19.8818248371295,
-31.4214639505857));
#10894=CARTESIAN_POINT('Ctrl Pts',(-4.19385941616191,-19.8814475841448,
-31.4193402669707));
#10895=CARTESIAN_POINT('Ctrl Pts',(-4.31684187099248,-19.8752645225189,
-31.3845337387266));
#10896=CARTESIAN_POINT('Ctrl Pts',(-4.37206337753332,-19.8724882079748,
-31.3689049327336));
#10897=CARTESIAN_POINT('',(-3.99518797699011,-19.6851155500998,-31.4576145903531));
#10898=CARTESIAN_POINT('',(-3.99518797699011,-19.88203269621,-31.4226340590847));
#10899=CARTESIAN_POINT('Ctrl Pts',(-3.99518797699011,-19.6851155500998,
-31.4576145903531));
#10900=CARTESIAN_POINT('Ctrl Pts',(-4.06576533325063,-19.6849076910193,
-31.4564444818542));
#10901=CARTESIAN_POINT('Ctrl Pts',(-4.19385941616191,-19.6845304380346,
-31.4543207982391));
#10902=CARTESIAN_POINT('Ctrl Pts',(-4.31684187099248,-19.6783473764088,
-31.419514269995));
#10903=CARTESIAN_POINT('Ctrl Pts',(-4.37206337753332,-19.6755710618647,
-31.403885464002));
#10904=CARTESIAN_POINT('Ctrl Pts',(-3.58420560661352,-19.8708477543534,
-31.3596702689434));
#10905=CARTESIAN_POINT('Ctrl Pts',(-3.58420560661352,-19.6739306082432,
-31.3946508002118));
#10906=CARTESIAN_POINT('Ctrl Pts',(-3.64758806268286,-19.8741073864512,
-31.3780198315944));
#10907=CARTESIAN_POINT('Ctrl Pts',(-3.64758806268286,-19.677190240341,-31.4130003628628));
#10908=CARTESIAN_POINT('Ctrl Pts',(-3.78167634167681,-19.8810032766589,
-31.4168391110723));
#10909=CARTESIAN_POINT('Ctrl Pts',(-3.78167634167681,-19.6840861305488,
-31.4518196423408));
#10910=CARTESIAN_POINT('Ctrl Pts',(-3.92147239759902,-19.8816772857963,
-31.4206333346294));
#10911=CARTESIAN_POINT('Ctrl Pts',(-3.92147239759902,-19.6847601396861,
-31.4556138658978));
#10912=CARTESIAN_POINT('Ctrl Pts',(-3.99518797699011,-19.88203269621,-31.4226340590847));
#10913=CARTESIAN_POINT('Ctrl Pts',(-3.99518797699011,-19.6851155500998,
-31.4576145903531));
#10914=CARTESIAN_POINT('',(-3.58420560661352,-19.8708477543534,-31.3596702689434));
#10915=CARTESIAN_POINT('Ctrl Pts',(-3.58420560661352,-19.8708477543534,
-31.3596702689434));
#10916=CARTESIAN_POINT('Ctrl Pts',(-3.64758806268286,-19.8741073864512,
-31.3780198315944));
#10917=CARTESIAN_POINT('Ctrl Pts',(-3.78167634167681,-19.8810032766589,
-31.4168391110723));
#10918=CARTESIAN_POINT('Ctrl Pts',(-3.92147239759902,-19.8816772857963,
-31.4206333346294));
#10919=CARTESIAN_POINT('Ctrl Pts',(-3.99518797699011,-19.88203269621,-31.4226340590847));
#10920=CARTESIAN_POINT('',(-3.58420560661352,-19.6739306082432,-31.3946508002118));
#10921=CARTESIAN_POINT('',(-3.58420560661352,-19.8708477543534,-31.3596702689434));
#10922=CARTESIAN_POINT('Ctrl Pts',(-3.58420560661352,-19.6739306082432,
-31.3946508002118));
#10923=CARTESIAN_POINT('Ctrl Pts',(-3.64758806268286,-19.677190240341,-31.4130003628628));
#10924=CARTESIAN_POINT('Ctrl Pts',(-3.78167634167681,-19.6840861305488,
-31.4518196423408));
#10925=CARTESIAN_POINT('Ctrl Pts',(-3.92147239759902,-19.6847601396861,
-31.4556138658978));
#10926=CARTESIAN_POINT('Ctrl Pts',(-3.99518797699011,-19.6851155500998,
-31.4576145903531));
#10927=CARTESIAN_POINT('Ctrl Pts',(-3.31305930915868,-19.8389334084675,
-31.1800137090244));
#10928=CARTESIAN_POINT('Ctrl Pts',(-3.31305930915868,-19.6420162623573,
-31.2149942402928));
#10929=CARTESIAN_POINT('Ctrl Pts',(-3.34936123443735,-19.8455396610333,
-31.2172025210458));
#10930=CARTESIAN_POINT('Ctrl Pts',(-3.34936123443735,-19.6486225149232,
-31.2521830523142));
#10931=CARTESIAN_POINT('Ctrl Pts',(-3.42645869426317,-19.8595699166709,
-31.2961835370327));
#10932=CARTESIAN_POINT('Ctrl Pts',(-3.42645869426317,-19.6626527705607,
-31.3311640683011));
#10933=CARTESIAN_POINT('Ctrl Pts',(-3.52961907543987,-19.8669451864422,
-31.3377014049009));
#10934=CARTESIAN_POINT('Ctrl Pts',(-3.52961907543987,-19.670028040332,-31.3726819361693));
#10935=CARTESIAN_POINT('Ctrl Pts',(-3.58420560661352,-19.8708477543534,
-31.3596702689434));
#10936=CARTESIAN_POINT('Ctrl Pts',(-3.58420560661352,-19.6739306082432,
-31.3946508002118));
#10937=CARTESIAN_POINT('',(-3.31305930915868,-19.8389334084675,-31.1800137090244));
#10938=CARTESIAN_POINT('Ctrl Pts',(-3.31305930915868,-19.8389334084675,
-31.1800137090244));
#10939=CARTESIAN_POINT('Ctrl Pts',(-3.34936123443735,-19.8455396610333,
-31.2172025210458));
#10940=CARTESIAN_POINT('Ctrl Pts',(-3.42645869426317,-19.8595699166709,
-31.2961835370327));
#10941=CARTESIAN_POINT('Ctrl Pts',(-3.52961907543987,-19.8669451864422,
-31.3377014049009));
#10942=CARTESIAN_POINT('Ctrl Pts',(-3.58420560661352,-19.8708477543534,
-31.3596702689434));
#10943=CARTESIAN_POINT('',(-3.31305930915868,-19.6420162623573,-31.2149942402928));
#10944=CARTESIAN_POINT('',(-3.31305930915868,-19.8389334084675,-31.1800137090244));
#10945=CARTESIAN_POINT('Ctrl Pts',(-3.31305930915868,-19.6420162623573,
-31.2149942402928));
#10946=CARTESIAN_POINT('Ctrl Pts',(-3.34936123443735,-19.6486225149232,
-31.2521830523142));
#10947=CARTESIAN_POINT('Ctrl Pts',(-3.42645869426317,-19.6626527705607,
-31.3311640683011));
#10948=CARTESIAN_POINT('Ctrl Pts',(-3.52961907543987,-19.670028040332,-31.3726819361693));
#10949=CARTESIAN_POINT('Ctrl Pts',(-3.58420560661352,-19.6739306082432,
-31.3946508002118));
#10950=CARTESIAN_POINT('Ctrl Pts',(-3.17833850685153,-19.7845000230277,
-30.8735899205557));
#10951=CARTESIAN_POINT('Ctrl Pts',(-3.17833850685153,-19.5875828769175,
-30.9085704518241));
#10952=CARTESIAN_POINT('Ctrl Pts',(-3.19297814390152,-19.7949171572402,
-30.9322314638769));
#10953=CARTESIAN_POINT('Ctrl Pts',(-3.19297814390152,-19.59800001113,-30.9672119951453));
#10954=CARTESIAN_POINT('Ctrl Pts',(-3.2203803947245,-19.8144157912278,-31.0419958161793));
#10955=CARTESIAN_POINT('Ctrl Pts',(-3.2203803947245,-19.6174986451176,-31.0769763474477));
#10956=CARTESIAN_POINT('Ctrl Pts',(-3.2836100578859,-19.8311427963837,-31.1361577399364));
#10957=CARTESIAN_POINT('Ctrl Pts',(-3.2836100578859,-19.6342256502735,-31.1711382712048));
#10958=CARTESIAN_POINT('Ctrl Pts',(-3.31305930915868,-19.8389334084675,
-31.1800137090244));
#10959=CARTESIAN_POINT('Ctrl Pts',(-3.31305930915868,-19.6420162623573,
-31.2149942402928));
#10960=CARTESIAN_POINT('',(-3.17833850685153,-19.7845000230277,-30.8735899205557));
#10961=CARTESIAN_POINT('Ctrl Pts',(-3.17833850685153,-19.7845000230277,
-30.8735899205557));
#10962=CARTESIAN_POINT('Ctrl Pts',(-3.19297814390152,-19.7949171572402,
-30.9322314638769));
#10963=CARTESIAN_POINT('Ctrl Pts',(-3.2203803947245,-19.8144157912278,-31.0419958161793));
#10964=CARTESIAN_POINT('Ctrl Pts',(-3.2836100578859,-19.8311427963837,-31.1361577399364));
#10965=CARTESIAN_POINT('Ctrl Pts',(-3.31305930915868,-19.8389334084675,
-31.1800137090244));
#10966=CARTESIAN_POINT('',(-3.17833850685153,-19.5875828769175,-30.9085704518241));
#10967=CARTESIAN_POINT('',(-3.17833850685153,-19.7845000230277,-30.8735899205557));
#10968=CARTESIAN_POINT('Ctrl Pts',(-3.17833850685153,-19.5875828769175,
-30.9085704518241));
#10969=CARTESIAN_POINT('Ctrl Pts',(-3.19297814390152,-19.59800001113,-30.9672119951453));
#10970=CARTESIAN_POINT('Ctrl Pts',(-3.2203803947245,-19.6174986451176,-31.0769763474477));
#10971=CARTESIAN_POINT('Ctrl Pts',(-3.2836100578859,-19.6342256502735,-31.1711382712048));
#10972=CARTESIAN_POINT('Ctrl Pts',(-3.31305930915868,-19.6420162623573,
-31.2149942402928));
#10973=CARTESIAN_POINT('Origin',(-3.47847531143222,-19.777341663367,-30.833293112471));
#10974=CARTESIAN_POINT('',(-3.47847531143222,-19.777341663367,-30.833293112471));
#10975=CARTESIAN_POINT('',(30.9703491920369,-20.5989572464032,-35.4584428727566));
#10976=CARTESIAN_POINT('',(-3.47847531143222,-19.5804245172568,-30.8682736437394));
#10977=CARTESIAN_POINT('',(-3.47847531143222,-19.777341663367,-30.833293112471));
#10978=CARTESIAN_POINT('',(-3.47847531143222,-19.5804245172568,-30.8682736437394));
#10979=CARTESIAN_POINT('Ctrl Pts',(-3.63110134902989,-19.8243184035273,
-31.0977409430357));
#10980=CARTESIAN_POINT('Ctrl Pts',(-3.63110134902989,-19.6274012574171,
-31.1327214743041));
#10981=CARTESIAN_POINT('Ctrl Pts',(-3.59823708587345,-19.8184987033996,
-31.0649798985684));
#10982=CARTESIAN_POINT('Ctrl Pts',(-3.59823708587345,-19.6215815572894,
-31.0999604298368));
#10983=CARTESIAN_POINT('Ctrl Pts',(-3.52371462443619,-19.805302047315,-30.9906914941294));
#10984=CARTESIAN_POINT('Ctrl Pts',(-3.52371462443619,-19.6083849012049,
-31.0256720253978));
#10985=CARTESIAN_POINT('Ctrl Pts',(-3.49469649898426,-19.7873672495647,
-30.8897305006569));
#10986=CARTESIAN_POINT('Ctrl Pts',(-3.49469649898426,-19.5904501034546,
-30.9247110319253));
#10987=CARTESIAN_POINT('Ctrl Pts',(-3.47847531143222,-19.777341663367,-30.833293112471));
#10988=CARTESIAN_POINT('Ctrl Pts',(-3.47847531143222,-19.5804245172568,
-30.8682736437394));
#10989=CARTESIAN_POINT('',(-3.63110134902989,-19.8243184035273,-31.0977409430357));
#10990=CARTESIAN_POINT('Ctrl Pts',(-3.63110134902989,-19.8243184035273,
-31.0977409430357));
#10991=CARTESIAN_POINT('Ctrl Pts',(-3.59823708587345,-19.8184987033996,
-31.0649798985684));
#10992=CARTESIAN_POINT('Ctrl Pts',(-3.52371462443619,-19.805302047315,-30.9906914941294));
#10993=CARTESIAN_POINT('Ctrl Pts',(-3.49469649898426,-19.7873672495647,
-30.8897305006569));
#10994=CARTESIAN_POINT('Ctrl Pts',(-3.47847531143222,-19.777341663367,-30.833293112471));
#10995=CARTESIAN_POINT('',(-3.63110134902989,-19.6274012574171,-31.1327214743041));
#10996=CARTESIAN_POINT('',(-3.63110134902989,-19.8243184035273,-31.0977409430357));
#10997=CARTESIAN_POINT('Ctrl Pts',(-3.63110134902989,-19.6274012574171,
-31.1327214743041));
#10998=CARTESIAN_POINT('Ctrl Pts',(-3.59823708587345,-19.6215815572894,
-31.0999604298368));
#10999=CARTESIAN_POINT('Ctrl Pts',(-3.52371462443619,-19.6083849012049,
-31.0256720253978));
#11000=CARTESIAN_POINT('Ctrl Pts',(-3.49469649898426,-19.5904501034546,
-30.9247110319253));
#11001=CARTESIAN_POINT('Ctrl Pts',(-3.47847531143222,-19.5804245172568,
-30.8682736437394));
#11002=CARTESIAN_POINT('Ctrl Pts',(-3.95084927383458,-19.8375912144022,
-31.1724580483388));
#11003=CARTESIAN_POINT('Ctrl Pts',(-3.95084927383458,-19.640674068292,-31.2074385796072));
#11004=CARTESIAN_POINT('Ctrl Pts',(-3.88672239118486,-19.8374166301773,
-31.1714752551657));
#11005=CARTESIAN_POINT('Ctrl Pts',(-3.88672239118486,-19.6404994840671,
-31.2064557864341));
#11006=CARTESIAN_POINT('Ctrl Pts',(-3.77401743146237,-19.8371097930565,
-31.1697479660723));
#11007=CARTESIAN_POINT('Ctrl Pts',(-3.77401743146237,-19.6401926469463,
-31.2047284973407));
#11008=CARTESIAN_POINT('Ctrl Pts',(-3.67414734199539,-19.8281711404224,
-31.119429291571));
#11009=CARTESIAN_POINT('Ctrl Pts',(-3.67414734199539,-19.6312539943122,
-31.1544098228394));
#11010=CARTESIAN_POINT('Ctrl Pts',(-3.63110134902989,-19.8243184035273,
-31.0977409430357));
#11011=CARTESIAN_POINT('Ctrl Pts',(-3.63110134902989,-19.6274012574171,
-31.1327214743041));
#11012=CARTESIAN_POINT('',(-3.95084927383458,-19.8375912144022,-31.1724580483388));
#11013=CARTESIAN_POINT('Ctrl Pts',(-3.95084927383458,-19.8375912144022,
-31.1724580483388));
#11014=CARTESIAN_POINT('Ctrl Pts',(-3.88672239118486,-19.8374166301773,
-31.1714752551657));
#11015=CARTESIAN_POINT('Ctrl Pts',(-3.77401743146237,-19.8371097930565,
-31.1697479660723));
#11016=CARTESIAN_POINT('Ctrl Pts',(-3.67414734199539,-19.8281711404224,
-31.119429291571));
#11017=CARTESIAN_POINT('Ctrl Pts',(-3.63110134902989,-19.8243184035273,
-31.0977409430357));
#11018=CARTESIAN_POINT('',(-3.95084927383458,-19.640674068292,-31.2074385796072));
#11019=CARTESIAN_POINT('',(-3.95084927383458,-19.8375912144022,-31.1724580483388));
#11020=CARTESIAN_POINT('Ctrl Pts',(-3.95084927383458,-19.640674068292,-31.2074385796072));
#11021=CARTESIAN_POINT('Ctrl Pts',(-3.88672239118486,-19.6404994840671,
-31.2064557864341));
#11022=CARTESIAN_POINT('Ctrl Pts',(-3.77401743146237,-19.6401926469463,
-31.2047284973407));
#11023=CARTESIAN_POINT('Ctrl Pts',(-3.67414734199539,-19.6312539943122,
-31.1544098228394));
#11024=CARTESIAN_POINT('Ctrl Pts',(-3.63110134902989,-19.6274012574171,
-31.1327214743041));
#11025=CARTESIAN_POINT('Ctrl Pts',(-4.30044005218541,-19.8193970426629,
-31.0700369516651));
#11026=CARTESIAN_POINT('Ctrl Pts',(-4.30044005218541,-19.6224798965527,
-31.1050174829336));
#11027=CARTESIAN_POINT('Ctrl Pts',(-4.25305009292787,-19.8246882966236,
-31.0998231953697));
#11028=CARTESIAN_POINT('Ctrl Pts',(-4.25305009292787,-19.6277711505134,
-31.1348037266381));
#11029=CARTESIAN_POINT('Ctrl Pts',(-4.14704110471768,-19.8365245692754,
-31.166453545072));
#11030=CARTESIAN_POINT('Ctrl Pts',(-4.14704110471768,-19.6396074231652,
-31.2014340763404));
#11031=CARTESIAN_POINT('Ctrl Pts',(-4.02070721668665,-19.8372114145197,
-31.1703200273816));
#11032=CARTESIAN_POINT('Ctrl Pts',(-4.02070721668665,-19.6402942684095,
-31.20530055865));
#11033=CARTESIAN_POINT('Ctrl Pts',(-3.95084927383458,-19.8375912144022,
-31.1724580483388));
#11034=CARTESIAN_POINT('Ctrl Pts',(-3.95084927383458,-19.640674068292,-31.2074385796072));
#11035=CARTESIAN_POINT('',(-4.30044005218541,-19.8193970426629,-31.0700369516651));
#11036=CARTESIAN_POINT('Ctrl Pts',(-4.30044005218541,-19.8193970426629,
-31.0700369516651));
#11037=CARTESIAN_POINT('Ctrl Pts',(-4.25305009292787,-19.8246882966236,
-31.0998231953697));
#11038=CARTESIAN_POINT('Ctrl Pts',(-4.14704110471768,-19.8365245692754,
-31.166453545072));
#11039=CARTESIAN_POINT('Ctrl Pts',(-4.02070721668665,-19.8372114145197,
-31.1703200273816));
#11040=CARTESIAN_POINT('Ctrl Pts',(-3.95084927383458,-19.8375912144022,
-31.1724580483388));
#11041=CARTESIAN_POINT('',(-4.30044005218541,-19.6224798965527,-31.1050174829336));
#11042=CARTESIAN_POINT('',(-4.30044005218541,-19.8193970426629,-31.0700369516651));
#11043=CARTESIAN_POINT('Ctrl Pts',(-4.30044005218541,-19.6224798965527,
-31.1050174829336));
#11044=CARTESIAN_POINT('Ctrl Pts',(-4.25305009292787,-19.6277711505134,
-31.1348037266381));
#11045=CARTESIAN_POINT('Ctrl Pts',(-4.14704110471768,-19.6396074231652,
-31.2014340763404));
#11046=CARTESIAN_POINT('Ctrl Pts',(-4.02070721668665,-19.6402942684095,
-31.20530055865));
#11047=CARTESIAN_POINT('Ctrl Pts',(-3.95084927383458,-19.640674068292,-31.2074385796072));
#11048=CARTESIAN_POINT('Ctrl Pts',(-4.38741157356296,-19.773165951393,-30.809786628862));
#11049=CARTESIAN_POINT('Ctrl Pts',(-4.38741157356296,-19.5762488052828,
-30.8447671601304));
#11050=CARTESIAN_POINT('Ctrl Pts',(-4.38618707948304,-19.7828673323335,
-30.8643989568872));
#11051=CARTESIAN_POINT('Ctrl Pts',(-4.38618707948304,-19.5859501862233,
-30.8993794881556));
#11052=CARTESIAN_POINT('Ctrl Pts',(-4.3840280000129,-19.799973215297,-30.9606937109328));
#11053=CARTESIAN_POINT('Ctrl Pts',(-4.3840280000129,-19.6030560691868,-30.9956742422013));
#11054=CARTESIAN_POINT('Ctrl Pts',(-4.32569168038839,-19.8135291719989,
-31.0370047390885));
#11055=CARTESIAN_POINT('Ctrl Pts',(-4.32569168038839,-19.6166120258887,
-31.0719852703569));
#11056=CARTESIAN_POINT('Ctrl Pts',(-4.30044005218541,-19.8193970426629,
-31.0700369516651));
#11057=CARTESIAN_POINT('Ctrl Pts',(-4.30044005218541,-19.6224798965527,
-31.1050174829336));
#11058=CARTESIAN_POINT('',(-4.38741157356296,-19.773165951393,-30.809786628862));
#11059=CARTESIAN_POINT('Ctrl Pts',(-4.38741157356296,-19.773165951393,-30.809786628862));
#11060=CARTESIAN_POINT('Ctrl Pts',(-4.38618707948304,-19.7828673323335,
-30.8643989568872));
#11061=CARTESIAN_POINT('Ctrl Pts',(-4.3840280000129,-19.799973215297,-30.9606937109328));
#11062=CARTESIAN_POINT('Ctrl Pts',(-4.32569168038839,-19.8135291719989,
-31.0370047390885));
#11063=CARTESIAN_POINT('Ctrl Pts',(-4.30044005218541,-19.8193970426629,
-31.0700369516651));
#11064=CARTESIAN_POINT('',(-4.38741157356296,-19.5762488052828,-30.8447671601304));
#11065=CARTESIAN_POINT('',(-4.38741157356296,-19.773165951393,-30.809786628862));
#11066=CARTESIAN_POINT('Ctrl Pts',(-4.38741157356296,-19.5762488052828,
-30.8447671601304));
#11067=CARTESIAN_POINT('Ctrl Pts',(-4.38618707948304,-19.5859501862233,
-30.8993794881556));
#11068=CARTESIAN_POINT('Ctrl Pts',(-4.3840280000129,-19.6030560691868,-30.9956742422013));
#11069=CARTESIAN_POINT('Ctrl Pts',(-4.32569168038839,-19.6166120258887,
-31.0719852703569));
#11070=CARTESIAN_POINT('Ctrl Pts',(-4.30044005218541,-19.6224798965527,
-31.1050174829336));
#11071=CARTESIAN_POINT('Ctrl Pts',(-4.38570568862948,-19.7591474916277,
-30.7308720157973));
#11072=CARTESIAN_POINT('Ctrl Pts',(-4.38570568862948,-19.5622303455175,
-30.7658525470657));
#11073=CARTESIAN_POINT('Ctrl Pts',(-4.38618658237184,-19.7621548048178,
-30.7478011906665));
#11074=CARTESIAN_POINT('Ctrl Pts',(-4.38618658237184,-19.5652376587076,
-30.782781721935));
#11075=CARTESIAN_POINT('Ctrl Pts',(-4.38693370494959,-19.7668270044844,
-30.7741025700636));
#11076=CARTESIAN_POINT('Ctrl Pts',(-4.38693370494959,-19.5699098583742,
-30.809083101332));
#11077=CARTESIAN_POINT('Ctrl Pts',(-4.38728602737754,-19.7715005760541,
-30.8004116723635));
#11078=CARTESIAN_POINT('Ctrl Pts',(-4.38728602737754,-19.5745834299439,
-30.8353922036319));
#11079=CARTESIAN_POINT('Ctrl Pts',(-4.38741157356296,-19.773165951393,-30.809786628862));
#11080=CARTESIAN_POINT('Ctrl Pts',(-4.38741157356296,-19.5762488052828,
-30.8447671601304));
#11081=CARTESIAN_POINT('',(-4.38570568862948,-19.7591474916277,-30.7308720157973));
#11082=CARTESIAN_POINT('Ctrl Pts',(-4.38570568862948,-19.7591474916277,
-30.7308720157973));
#11083=CARTESIAN_POINT('Ctrl Pts',(-4.38618658237184,-19.7621548048178,
-30.7478011906665));
#11084=CARTESIAN_POINT('Ctrl Pts',(-4.38693370494959,-19.7668270044844,
-30.7741025700636));
#11085=CARTESIAN_POINT('Ctrl Pts',(-4.38728602737754,-19.7715005760541,
-30.8004116723635));
#11086=CARTESIAN_POINT('Ctrl Pts',(-4.38741157356296,-19.773165951393,-30.809786628862));
#11087=CARTESIAN_POINT('',(-4.38570568862948,-19.5622303455175,-30.7658525470657));
#11088=CARTESIAN_POINT('',(-4.38570568862948,-19.7591474916277,-30.7308720157973));
#11089=CARTESIAN_POINT('Ctrl Pts',(-4.38570568862948,-19.5622303455175,
-30.7658525470657));
#11090=CARTESIAN_POINT('Ctrl Pts',(-4.38618658237184,-19.5652376587076,
-30.782781721935));
#11091=CARTESIAN_POINT('Ctrl Pts',(-4.38693370494959,-19.5699098583742,
-30.809083101332));
#11092=CARTESIAN_POINT('Ctrl Pts',(-4.38728602737754,-19.5745834299439,
-30.8353922036319));
#11093=CARTESIAN_POINT('Ctrl Pts',(-4.38741157356296,-19.5762488052828,
-30.8447671601304));
#11094=CARTESIAN_POINT('Ctrl Pts',(-3.83829782310519,-19.7406550342697,
-30.6267717693043));
#11095=CARTESIAN_POINT('Ctrl Pts',(-3.83829782310519,-19.5437378881595,
-30.6617523005728));
#11096=CARTESIAN_POINT('Ctrl Pts',(-3.94650125888939,-19.7429461222578,
-30.6396690722251));
#11097=CARTESIAN_POINT('Ctrl Pts',(-3.94650125888939,-19.5460289761476,
-30.6746496034935));
#11098=CARTESIAN_POINT('Ctrl Pts',(-4.1315629970049,-19.7468645997273,-30.6617274965092));
#11099=CARTESIAN_POINT('Ctrl Pts',(-4.1315629970049,-19.5499474536172,-30.6967080277776));
#11100=CARTESIAN_POINT('Ctrl Pts',(-4.31112958595764,-19.755543177053,-30.7105821198469));
#11101=CARTESIAN_POINT('Ctrl Pts',(-4.31112958595764,-19.5586260309428,
-30.7455626511153));
#11102=CARTESIAN_POINT('Ctrl Pts',(-4.38570568862948,-19.7591474916277,
-30.7308720157973));
#11103=CARTESIAN_POINT('Ctrl Pts',(-4.38570568862948,-19.5622303455175,
-30.7658525470657));
#11104=CARTESIAN_POINT('',(-3.83829782310519,-19.7406550342697,-30.6267717693043));
#11105=CARTESIAN_POINT('Ctrl Pts',(-3.83829782310519,-19.7406550342697,
-30.6267717693043));
#11106=CARTESIAN_POINT('Ctrl Pts',(-3.94650125888939,-19.7429461222578,
-30.6396690722251));
#11107=CARTESIAN_POINT('Ctrl Pts',(-4.1315629970049,-19.7468645997273,-30.6617274965092));
#11108=CARTESIAN_POINT('Ctrl Pts',(-4.31112958595764,-19.755543177053,-30.7105821198469));
#11109=CARTESIAN_POINT('Ctrl Pts',(-4.38570568862948,-19.7591474916277,
-30.7308720157973));
#11110=CARTESIAN_POINT('',(-3.83829782310519,-19.5437378881595,-30.6617523005728));
#11111=CARTESIAN_POINT('',(-3.83829782310519,-19.7406550342697,-30.6267717693043));
#11112=CARTESIAN_POINT('Ctrl Pts',(-3.83829782310519,-19.5437378881595,
-30.6617523005728));
#11113=CARTESIAN_POINT('Ctrl Pts',(-3.94650125888939,-19.5460289761476,
-30.6746496034935));
#11114=CARTESIAN_POINT('Ctrl Pts',(-4.1315629970049,-19.5499474536172,-30.6967080277776));
#11115=CARTESIAN_POINT('Ctrl Pts',(-4.31112958595764,-19.5586260309428,
-30.7455626511153));
#11116=CARTESIAN_POINT('Ctrl Pts',(-4.38570568862948,-19.5622303455175,
-30.7658525470657));
#11117=CARTESIAN_POINT('Ctrl Pts',(-3.56544683280977,-19.7326018698779,
-30.5814378051911));
#11118=CARTESIAN_POINT('Ctrl Pts',(-3.56544683280977,-19.5356847237677,
-30.6164183364595));
#11119=CARTESIAN_POINT('Ctrl Pts',(-3.60316072845795,-19.7340567116422,
-30.589627597566));
#11120=CARTESIAN_POINT('Ctrl Pts',(-3.60316072845795,-19.537139565532,-30.6246081288344));
#11121=CARTESIAN_POINT('Ctrl Pts',(-3.69332125756241,-19.7375347215632,
-30.6092064822474));
#11122=CARTESIAN_POINT('Ctrl Pts',(-3.69332125756241,-19.540617575453,-30.6441870135159));
#11123=CARTESIAN_POINT('Ctrl Pts',(-3.78497979435937,-19.7395074769251,
-30.6203117840183));
#11124=CARTESIAN_POINT('Ctrl Pts',(-3.78497979435937,-19.5425903308149,
-30.6552923152867));
#11125=CARTESIAN_POINT('Ctrl Pts',(-3.83829782310519,-19.7406550342697,
-30.6267717693043));
#11126=CARTESIAN_POINT('Ctrl Pts',(-3.83829782310519,-19.5437378881595,
-30.6617523005728));
#11127=CARTESIAN_POINT('',(-3.56544683280977,-19.7326018698779,-30.5814378051911));
#11128=CARTESIAN_POINT('Ctrl Pts',(-3.56544683280977,-19.7326018698779,
-30.5814378051911));
#11129=CARTESIAN_POINT('Ctrl Pts',(-3.60316072845795,-19.7340567116422,
-30.589627597566));
#11130=CARTESIAN_POINT('Ctrl Pts',(-3.69332125756241,-19.7375347215632,
-30.6092064822474));
#11131=CARTESIAN_POINT('Ctrl Pts',(-3.78497979435937,-19.7395074769251,
-30.6203117840183));
#11132=CARTESIAN_POINT('Ctrl Pts',(-3.83829782310519,-19.7406550342697,
-30.6267717693043));
#11133=CARTESIAN_POINT('',(-3.56544683280977,-19.5356847237677,-30.6164183364595));
#11134=CARTESIAN_POINT('',(-3.56544683280977,-19.7326018698779,-30.5814378051911));
#11135=CARTESIAN_POINT('Ctrl Pts',(-3.56544683280977,-19.5356847237677,
-30.6164183364595));
#11136=CARTESIAN_POINT('Ctrl Pts',(-3.60316072845795,-19.537139565532,-30.6246081288344));
#11137=CARTESIAN_POINT('Ctrl Pts',(-3.69332125756241,-19.540617575453,-30.6441870135159));
#11138=CARTESIAN_POINT('Ctrl Pts',(-3.78497979435937,-19.5425903308149,
-30.6552923152867));
#11139=CARTESIAN_POINT('Ctrl Pts',(-3.83829782310519,-19.5437378881595,
-30.6617523005728));
#11140=CARTESIAN_POINT('Ctrl Pts',(-3.34460804763826,-19.7150042433135,
-30.4823748614414));
#11141=CARTESIAN_POINT('Ctrl Pts',(-3.34460804763826,-19.5180870972033,
-30.5173553927098));
#11142=CARTESIAN_POINT('Ctrl Pts',(-3.3786903413103,-19.7186631793666,-30.5029722400187));
#11143=CARTESIAN_POINT('Ctrl Pts',(-3.3786903413103,-19.5217460332564,-30.5379527712871));
#11144=CARTESIAN_POINT('Ctrl Pts',(-3.44814386043104,-19.7261194259317,
-30.5449459534261));
#11145=CARTESIAN_POINT('Ctrl Pts',(-3.44814386043104,-19.5292022798215,
-30.5799264846945));
#11146=CARTESIAN_POINT('Ctrl Pts',(-3.52586505372839,-19.7304144857138,
-30.5691242858868));
#11147=CARTESIAN_POINT('Ctrl Pts',(-3.52586505372839,-19.5334973396036,
-30.6041048171552));
#11148=CARTESIAN_POINT('Ctrl Pts',(-3.56544683280977,-19.7326018698779,
-30.5814378051911));
#11149=CARTESIAN_POINT('Ctrl Pts',(-3.56544683280977,-19.5356847237677,
-30.6164183364595));
#11150=CARTESIAN_POINT('',(-3.34460804763826,-19.7150042433135,-30.4823748614414));
#11151=CARTESIAN_POINT('Ctrl Pts',(-3.34460804763826,-19.7150042433135,
-30.4823748614414));
#11152=CARTESIAN_POINT('Ctrl Pts',(-3.3786903413103,-19.7186631793666,-30.5029722400187));
#11153=CARTESIAN_POINT('Ctrl Pts',(-3.44814386043104,-19.7261194259317,
-30.5449459534261));
#11154=CARTESIAN_POINT('Ctrl Pts',(-3.52586505372839,-19.7304144857138,
-30.5691242858868));
#11155=CARTESIAN_POINT('Ctrl Pts',(-3.56544683280977,-19.7326018698779,
-30.5814378051911));
#11156=CARTESIAN_POINT('',(-3.34460804763826,-19.5180870972033,-30.5173553927098));
#11157=CARTESIAN_POINT('',(-3.34460804763826,-19.7150042433135,-30.4823748614414));
#11158=CARTESIAN_POINT('Ctrl Pts',(-3.34460804763826,-19.5180870972033,
-30.5173553927098));
#11159=CARTESIAN_POINT('Ctrl Pts',(-3.3786903413103,-19.5217460332564,-30.5379527712871));
#11160=CARTESIAN_POINT('Ctrl Pts',(-3.44814386043104,-19.5292022798215,
-30.5799264846945));
#11161=CARTESIAN_POINT('Ctrl Pts',(-3.52586505372839,-19.5334973396036,
-30.6041048171552));
#11162=CARTESIAN_POINT('Ctrl Pts',(-3.56544683280977,-19.5356847237677,
-30.6164183364595));
#11163=CARTESIAN_POINT('Ctrl Pts',(-3.18601320091279,-19.6841338058742,
-30.3085948123885));
#11164=CARTESIAN_POINT('Ctrl Pts',(-3.18601320091279,-19.487216659764,-30.343575343657));
#11165=CARTESIAN_POINT('Ctrl Pts',(-3.20750206521085,-19.6901992950088,
-30.3427394856352));
#11166=CARTESIAN_POINT('Ctrl Pts',(-3.20750206521085,-19.4932821488987,
-30.3777200169036));
#11167=CARTESIAN_POINT('Ctrl Pts',(-3.24984048898211,-19.7021498218399,
-30.410013010443));
#11168=CARTESIAN_POINT('Ctrl Pts',(-3.24984048898211,-19.5052326757297,
-30.4449935417114));
#11169=CARTESIAN_POINT('Ctrl Pts',(-3.31333846521327,-19.7107627877195,
-30.4584982849388));
#11170=CARTESIAN_POINT('Ctrl Pts',(-3.31333846521327,-19.5138456416093,
-30.4934788162072));
#11171=CARTESIAN_POINT('Ctrl Pts',(-3.34460804763826,-19.7150042433135,
-30.4823748614414));
#11172=CARTESIAN_POINT('Ctrl Pts',(-3.34460804763826,-19.5180870972033,
-30.5173553927098));
#11173=CARTESIAN_POINT('',(-3.18601320091279,-19.6841338058742,-30.3085948123885));
#11174=CARTESIAN_POINT('Ctrl Pts',(-3.18601320091279,-19.6841338058742,
-30.3085948123885));
#11175=CARTESIAN_POINT('Ctrl Pts',(-3.20750206521085,-19.6901992950088,
-30.3427394856352));
#11176=CARTESIAN_POINT('Ctrl Pts',(-3.24984048898211,-19.7021498218399,
-30.410013010443));
#11177=CARTESIAN_POINT('Ctrl Pts',(-3.31333846521327,-19.7107627877195,
-30.4584982849388));
#11178=CARTESIAN_POINT('Ctrl Pts',(-3.34460804763826,-19.7150042433135,
-30.4823748614414));
#11179=CARTESIAN_POINT('',(-3.18601320091279,-19.487216659764,-30.343575343657));
#11180=CARTESIAN_POINT('',(-3.18601320091279,-19.6841338058742,-30.3085948123885));
#11181=CARTESIAN_POINT('Ctrl Pts',(-3.18601320091279,-19.487216659764,-30.343575343657));
#11182=CARTESIAN_POINT('Ctrl Pts',(-3.20750206521085,-19.4932821488987,
-30.3777200169036));
#11183=CARTESIAN_POINT('Ctrl Pts',(-3.24984048898211,-19.5052326757297,
-30.4449935417114));
#11184=CARTESIAN_POINT('Ctrl Pts',(-3.31333846521327,-19.5138456416093,
-30.4934788162072));
#11185=CARTESIAN_POINT('Ctrl Pts',(-3.34460804763826,-19.5180870972033,
-30.5173553927098));
#11186=CARTESIAN_POINT('Ctrl Pts',(-3.12547395530731,-19.641631037244,-30.0693324685375));
#11187=CARTESIAN_POINT('Ctrl Pts',(-3.12547395530731,-19.4447138911338,
-30.1043129998059));
#11188=CARTESIAN_POINT('Ctrl Pts',(-3.12784021965928,-19.6491680623242,
-30.1117609113064));
#11189=CARTESIAN_POINT('Ctrl Pts',(-3.12784021965928,-19.452250916214,-30.1467414425748));
#11190=CARTESIAN_POINT('Ctrl Pts',(-3.13250220085247,-19.6640174045573,
-30.1953528405344));
#11191=CARTESIAN_POINT('Ctrl Pts',(-3.13250220085247,-19.4671002584471,
-30.2303333718029));
#11192=CARTESIAN_POINT('Ctrl Pts',(-3.16835705897888,-19.6774963287863,
-30.271230227057));
#11193=CARTESIAN_POINT('Ctrl Pts',(-3.16835705897888,-19.4805791826761,
-30.3062107583254));
#11194=CARTESIAN_POINT('Ctrl Pts',(-3.18601320091279,-19.6841338058742,
-30.3085948123885));
#11195=CARTESIAN_POINT('Ctrl Pts',(-3.18601320091279,-19.487216659764,-30.343575343657));
#11196=CARTESIAN_POINT('',(-3.12547395530731,-19.641631037244,-30.0693324685375));
#11197=CARTESIAN_POINT('Ctrl Pts',(-3.12547395530731,-19.641631037244,-30.0693324685375));
#11198=CARTESIAN_POINT('Ctrl Pts',(-3.12784021965928,-19.6491680623242,
-30.1117609113064));
#11199=CARTESIAN_POINT('Ctrl Pts',(-3.13250220085247,-19.6640174045573,
-30.1953528405344));
#11200=CARTESIAN_POINT('Ctrl Pts',(-3.16835705897888,-19.6774963287863,
-30.271230227057));
#11201=CARTESIAN_POINT('Ctrl Pts',(-3.18601320091279,-19.6841338058742,
-30.3085948123885));
#11202=CARTESIAN_POINT('',(-3.12547395530731,-19.4447138911338,-30.1043129998059));
#11203=CARTESIAN_POINT('',(-3.12547395530731,-19.641631037244,-30.0693324685375));
#11204=CARTESIAN_POINT('Ctrl Pts',(-3.12547395530731,-19.4447138911338,
-30.1043129998059));
#11205=CARTESIAN_POINT('Ctrl Pts',(-3.12784021965928,-19.452250916214,-30.1467414425748));
#11206=CARTESIAN_POINT('Ctrl Pts',(-3.13250220085247,-19.4671002584471,
-30.2303333718029));
#11207=CARTESIAN_POINT('Ctrl Pts',(-3.16835705897888,-19.4805791826761,
-30.3062107583254));
#11208=CARTESIAN_POINT('Ctrl Pts',(-3.18601320091279,-19.487216659764,-30.343575343657));
#11209=CARTESIAN_POINT('Ctrl Pts',(-3.28577468696623,-19.5764601253444,
-29.7024635412991));
#11210=CARTESIAN_POINT('Ctrl Pts',(-3.28577468696623,-19.3795429792342,
-29.7374440725675));
#11211=CARTESIAN_POINT('Ctrl Pts',(-3.23902283079246,-19.5856349330113,
-29.7541116117074));
#11212=CARTESIAN_POINT('Ctrl Pts',(-3.23902283079246,-19.3887177869011,
-29.7890921429758));
#11213=CARTESIAN_POINT('Ctrl Pts',(-3.1442876098127,-19.604226225484,-29.8587682342194));
#11214=CARTESIAN_POINT('Ctrl Pts',(-3.1442876098127,-19.4073090793738,-29.8937487654878));
#11215=CARTESIAN_POINT('Ctrl Pts',(-3.13179928737598,-19.629055178828,-29.9985387424453));
#11216=CARTESIAN_POINT('Ctrl Pts',(-3.13179928737598,-19.4321380327178,
-30.0335192737137));
#11217=CARTESIAN_POINT('Ctrl Pts',(-3.12547395530731,-19.641631037244,-30.0693324685375));
#11218=CARTESIAN_POINT('Ctrl Pts',(-3.12547395530731,-19.4447138911338,
-30.1043129998059));
#11219=CARTESIAN_POINT('',(-3.28577468696623,-19.5764601253444,-29.7024635412991));
#11220=CARTESIAN_POINT('Ctrl Pts',(-3.28577468696623,-19.5764601253444,
-29.7024635412991));
#11221=CARTESIAN_POINT('Ctrl Pts',(-3.23902283079246,-19.5856349330113,
-29.7541116117074));
#11222=CARTESIAN_POINT('Ctrl Pts',(-3.1442876098127,-19.604226225484,-29.8587682342194));
#11223=CARTESIAN_POINT('Ctrl Pts',(-3.13179928737598,-19.629055178828,-29.9985387424453));
#11224=CARTESIAN_POINT('Ctrl Pts',(-3.12547395530731,-19.641631037244,-30.0693324685375));
#11225=CARTESIAN_POINT('',(-3.28577468696623,-19.3795429792342,-29.7374440725675));
#11226=CARTESIAN_POINT('',(-3.28577468696623,-19.5764601253444,-29.7024635412991));
#11227=CARTESIAN_POINT('Ctrl Pts',(-3.28577468696623,-19.3795429792342,
-29.7374440725675));
#11228=CARTESIAN_POINT('Ctrl Pts',(-3.23902283079246,-19.3887177869011,
-29.7890921429758));
#11229=CARTESIAN_POINT('Ctrl Pts',(-3.1442876098127,-19.4073090793738,-29.8937487654878));
#11230=CARTESIAN_POINT('Ctrl Pts',(-3.13179928737598,-19.4321380327178,
-30.0335192737137));
#11231=CARTESIAN_POINT('Ctrl Pts',(-3.12547395530731,-19.4447138911338,
-30.1043129998059));
#11232=CARTESIAN_POINT('Ctrl Pts',(-3.74450514617948,-19.5509584120413,
-29.558905841559));
#11233=CARTESIAN_POINT('Ctrl Pts',(-3.74450514617948,-19.3540412659311,
-29.5938863728274));
#11234=CARTESIAN_POINT('Ctrl Pts',(-3.65367593294362,-19.5515942162954,
-29.5624849970112));
#11235=CARTESIAN_POINT('Ctrl Pts',(-3.65367593294362,-19.3546770701852,
-29.5974655282796));
#11236=CARTESIAN_POINT('Ctrl Pts',(-3.48667165873774,-19.5527632457763,
-29.5690658561563));
#11237=CARTESIAN_POINT('Ctrl Pts',(-3.48667165873774,-19.3558460996661,
-29.6040463874247));
#11238=CARTESIAN_POINT('Ctrl Pts',(-3.34870494813468,-19.569037162186,-29.6606771913543));
#11239=CARTESIAN_POINT('Ctrl Pts',(-3.34870494813468,-19.3721200160758,
-29.6956577226227));
#11240=CARTESIAN_POINT('Ctrl Pts',(-3.28577468696623,-19.5764601253444,
-29.7024635412991));
#11241=CARTESIAN_POINT('Ctrl Pts',(-3.28577468696623,-19.3795429792342,
-29.7374440725675));
#11242=CARTESIAN_POINT('',(-3.74450514617948,-19.5509584120413,-29.558905841559));
#11243=CARTESIAN_POINT('Ctrl Pts',(-3.74450514617948,-19.5509584120413,
-29.558905841559));
#11244=CARTESIAN_POINT('Ctrl Pts',(-3.65367593294362,-19.5515942162954,
-29.5624849970112));
#11245=CARTESIAN_POINT('Ctrl Pts',(-3.48667165873774,-19.5527632457763,
-29.5690658561563));
#11246=CARTESIAN_POINT('Ctrl Pts',(-3.34870494813468,-19.569037162186,-29.6606771913543));
#11247=CARTESIAN_POINT('Ctrl Pts',(-3.28577468696623,-19.5764601253444,
-29.7024635412991));
#11248=CARTESIAN_POINT('',(-3.74450514617948,-19.3540412659311,-29.5938863728274));
#11249=CARTESIAN_POINT('',(-3.74450514617948,-19.5509584120413,-29.558905841559));
#11250=CARTESIAN_POINT('Ctrl Pts',(-3.74450514617948,-19.3540412659311,
-29.5938863728274));
#11251=CARTESIAN_POINT('Ctrl Pts',(-3.65367593294362,-19.3546770701852,
-29.5974655282796));
#11252=CARTESIAN_POINT('Ctrl Pts',(-3.48667165873774,-19.3558460996661,
-29.6040463874247));
#11253=CARTESIAN_POINT('Ctrl Pts',(-3.34870494813468,-19.3721200160758,
-29.6956577226227));
#11254=CARTESIAN_POINT('Ctrl Pts',(-3.28577468696623,-19.3795429792342,
-29.7374440725675));
#11255=CARTESIAN_POINT('Ctrl Pts',(-4.08301184478788,-19.5613977050074,
-29.6176721239387));
#11256=CARTESIAN_POINT('Ctrl Pts',(-4.08301184478788,-19.3644805588973,
-29.6526526552071));
#11257=CARTESIAN_POINT('Ctrl Pts',(-4.02895492795143,-19.558353167806,-29.6005334026213));
#11258=CARTESIAN_POINT('Ctrl Pts',(-4.02895492795143,-19.3614360216958,
-29.6355139338897));
#11259=CARTESIAN_POINT('Ctrl Pts',(-3.91888682053926,-19.5521540268389,
-29.565636358371));
#11260=CARTESIAN_POINT('Ctrl Pts',(-3.91888682053926,-19.3552368807287,
-29.6006168896394));
#11261=CARTESIAN_POINT('Ctrl Pts',(-3.80331636054403,-19.5513616399516,
-29.5611757467453));
#11262=CARTESIAN_POINT('Ctrl Pts',(-3.80331636054403,-19.3544444938414,
-29.5961562780137));
#11263=CARTESIAN_POINT('Ctrl Pts',(-3.74450514617948,-19.5509584120413,
-29.558905841559));
#11264=CARTESIAN_POINT('Ctrl Pts',(-3.74450514617948,-19.3540412659311,
-29.5938863728274));
#11265=CARTESIAN_POINT('',(-4.08301184478788,-19.5613977050074,-29.6176721239387));
#11266=CARTESIAN_POINT('Ctrl Pts',(-4.08301184478788,-19.5613977050074,
-29.6176721239387));
#11267=CARTESIAN_POINT('Ctrl Pts',(-4.02895492795143,-19.558353167806,-29.6005334026213));
#11268=CARTESIAN_POINT('Ctrl Pts',(-3.91888682053926,-19.5521540268389,
-29.565636358371));
#11269=CARTESIAN_POINT('Ctrl Pts',(-3.80331636054403,-19.5513616399516,
-29.5611757467453));
#11270=CARTESIAN_POINT('Ctrl Pts',(-3.74450514617948,-19.5509584120413,
-29.558905841559));
#11271=CARTESIAN_POINT('',(-4.08301184478788,-19.3644805588973,-29.6526526552071));
#11272=CARTESIAN_POINT('',(-4.08301184478788,-19.5613977050074,-29.6176721239387));
#11273=CARTESIAN_POINT('Ctrl Pts',(-4.08301184478788,-19.3644805588973,
-29.6526526552071));
#11274=CARTESIAN_POINT('Ctrl Pts',(-4.02895492795143,-19.3614360216958,
-29.6355139338897));
#11275=CARTESIAN_POINT('Ctrl Pts',(-3.91888682053926,-19.3552368807287,
-29.6006168896394));
#11276=CARTESIAN_POINT('Ctrl Pts',(-3.80331636054403,-19.3544444938414,
-29.5961562780137));
#11277=CARTESIAN_POINT('Ctrl Pts',(-3.74450514617948,-19.3540412659311,
-29.5938863728274));
#11278=CARTESIAN_POINT('Ctrl Pts',(-4.41128561798125,-19.5971895293737,
-29.8191563110768));
#11279=CARTESIAN_POINT('Ctrl Pts',(-4.41128561798125,-19.4002723832635,
-29.8541368423452));
#11280=CARTESIAN_POINT('Ctrl Pts',(-4.35716071649852,-19.5895112437725,
-29.7759326654439));
#11281=CARTESIAN_POINT('Ctrl Pts',(-4.35716071649852,-19.3925940976624,
-29.8109131967124));
#11282=CARTESIAN_POINT('Ctrl Pts',(-4.25616361807705,-19.5751835582651,
-29.6952773169347));
#11283=CARTESIAN_POINT('Ctrl Pts',(-4.25616361807705,-19.3782664121549,
-29.7302578482032));
#11284=CARTESIAN_POINT('Ctrl Pts',(-4.13789818206386,-19.5657675995639,
-29.6422717264506));
#11285=CARTESIAN_POINT('Ctrl Pts',(-4.13789818206386,-19.3688504534537,
-29.6772522577191));
#11286=CARTESIAN_POINT('Ctrl Pts',(-4.08301184478788,-19.5613977050074,
-29.6176721239387));
#11287=CARTESIAN_POINT('Ctrl Pts',(-4.08301184478788,-19.3644805588973,
-29.6526526552071));
#11288=CARTESIAN_POINT('',(-4.41128561798125,-19.5971895293737,-29.8191563110768));
#11289=CARTESIAN_POINT('Ctrl Pts',(-4.41128561798125,-19.5971895293737,
-29.8191563110768));
#11290=CARTESIAN_POINT('Ctrl Pts',(-4.35716071649852,-19.5895112437725,
-29.7759326654439));
#11291=CARTESIAN_POINT('Ctrl Pts',(-4.25616361807705,-19.5751835582651,
-29.6952773169347));
#11292=CARTESIAN_POINT('Ctrl Pts',(-4.13789818206386,-19.5657675995639,
-29.6422717264506));
#11293=CARTESIAN_POINT('Ctrl Pts',(-4.08301184478788,-19.5613977050074,
-29.6176721239387));
#11294=CARTESIAN_POINT('',(-4.41128561798125,-19.4002723832635,-29.8541368423452));
#11295=CARTESIAN_POINT('',(-4.41128561798125,-19.5971895293737,-29.8191563110768));
#11296=CARTESIAN_POINT('Ctrl Pts',(-4.41128561798125,-19.4002723832635,
-29.8541368423452));
#11297=CARTESIAN_POINT('Ctrl Pts',(-4.35716071649852,-19.3925940976624,
-29.8109131967124));
#11298=CARTESIAN_POINT('Ctrl Pts',(-4.25616361807705,-19.3782664121549,
-29.7302578482032));
#11299=CARTESIAN_POINT('Ctrl Pts',(-4.13789818206386,-19.3688504534537,
-29.6772522577191));
#11300=CARTESIAN_POINT('Ctrl Pts',(-4.08301184478788,-19.3644805588973,
-29.6526526552071));
#11301=CARTESIAN_POINT('Ctrl Pts',(-4.472677210007,-19.5581167977645,-29.5992027963584));
#11302=CARTESIAN_POINT('Ctrl Pts',(-4.472677210007,-19.3611996516543,-29.6341833276268));
#11303=CARTESIAN_POINT('Ctrl Pts',(-4.45808990052616,-19.5640827180904,
-29.632786963376));
#11304=CARTESIAN_POINT('Ctrl Pts',(-4.45808990052616,-19.3671655719802,
-29.6677674946445));
#11305=CARTESIAN_POINT('Ctrl Pts',(-4.4274590670553,-19.576610121601,-29.7033079205496));
#11306=CARTESIAN_POINT('Ctrl Pts',(-4.4274590670553,-19.3796929754908,-29.738288451818));
#11307=CARTESIAN_POINT('Ctrl Pts',(-4.4168449686041,-19.5901157046814,-29.7793353786904));
#11308=CARTESIAN_POINT('Ctrl Pts',(-4.4168449686041,-19.3931985585712,-29.8143159099588));
#11309=CARTESIAN_POINT('Ctrl Pts',(-4.41128561798125,-19.5971895293737,
-29.8191563110768));
#11310=CARTESIAN_POINT('Ctrl Pts',(-4.41128561798125,-19.4002723832635,
-29.8541368423452));
#11311=CARTESIAN_POINT('Ctrl Pts',(-4.472677210007,-19.5581167977645,-29.5992027963584));
#11312=CARTESIAN_POINT('Ctrl Pts',(-4.45808990052616,-19.5640827180904,
-29.632786963376));
#11313=CARTESIAN_POINT('Ctrl Pts',(-4.4274590670553,-19.576610121601,-29.7033079205496));
#11314=CARTESIAN_POINT('Ctrl Pts',(-4.4168449686041,-19.5901157046814,-29.7793353786904));
#11315=CARTESIAN_POINT('Ctrl Pts',(-4.41128561798125,-19.5971895293737,
-29.8191563110768));
#11316=CARTESIAN_POINT('Ctrl Pts',(-4.472677210007,-19.3611996516543,-29.6341833276268));
#11317=CARTESIAN_POINT('Ctrl Pts',(-4.45808990052616,-19.3671655719802,
-29.6677674946445));
#11318=CARTESIAN_POINT('Ctrl Pts',(-4.4274590670553,-19.3796929754908,-29.738288451818));
#11319=CARTESIAN_POINT('Ctrl Pts',(-4.4168449686041,-19.3931985585712,-29.8143159099588));
#11320=CARTESIAN_POINT('Ctrl Pts',(-4.41128561798125,-19.4002723832635,
-29.8541368423452));
#11321=CARTESIAN_POINT('Origin',(-0.209376564609061,-19.5191310317125,-30.5232320502909));
#11322=CARTESIAN_POINT('Ctrl Pts',(1.35781337913485,-19.5509584120413,-29.5589058415592));
#11323=CARTESIAN_POINT('Ctrl Pts',(1.35781337913485,-19.3540412659311,-29.5938863728276));
#11324=CARTESIAN_POINT('Ctrl Pts',(1.46417636790644,-19.5514834058424,-29.5618612077957));
#11325=CARTESIAN_POINT('Ctrl Pts',(1.46417636790644,-19.3545662597322,-29.5968417390641));
#11326=CARTESIAN_POINT('Ctrl Pts',(1.65621897033983,-19.5524313030104,-29.5671972389636));
#11327=CARTESIAN_POINT('Ctrl Pts',(1.65621897033983,-19.3555141569002,-29.602177770232));
#11328=CARTESIAN_POINT('Ctrl Pts',(1.82191620388948,-19.5691501557922,-29.6613132702716));
#11329=CARTESIAN_POINT('Ctrl Pts',(1.82191620388948,-19.372233009682,-29.69629380154));
#11330=CARTESIAN_POINT('Ctrl Pts',(1.89584185775728,-19.5766092551225,-29.7033030428516));
#11331=CARTESIAN_POINT('Ctrl Pts',(1.89584185775728,-19.3796921090124,-29.7382835741201));
#11332=CARTESIAN_POINT('',(1.35781337913485,-19.5509584120413,-29.5589058415592));
#11333=CARTESIAN_POINT('',(1.89584185775728,-19.5766092551225,-29.7033030428516));
#11334=CARTESIAN_POINT('Ctrl Pts',(1.35781337913485,-19.5509584120413,-29.5589058415592));
#11335=CARTESIAN_POINT('Ctrl Pts',(1.46417636790644,-19.5514834058424,-29.5618612077957));
#11336=CARTESIAN_POINT('Ctrl Pts',(1.65621897033983,-19.5524313030104,-29.5671972389636));
#11337=CARTESIAN_POINT('Ctrl Pts',(1.82191620388948,-19.5691501557922,-29.6613132702716));
#11338=CARTESIAN_POINT('Ctrl Pts',(1.89584185775728,-19.5766092551225,-29.7033030428516));
#11339=CARTESIAN_POINT('',(1.35781337913485,-19.3540412659311,-29.5938863728276));
#11340=CARTESIAN_POINT('',(1.35781337913485,-19.5509584120413,-29.5589058415592));
#11341=CARTESIAN_POINT('',(1.89584185775728,-19.3796921090124,-29.7382835741201));
#11342=CARTESIAN_POINT('Ctrl Pts',(1.35781337913485,-19.3540412659311,-29.5938863728276));
#11343=CARTESIAN_POINT('Ctrl Pts',(1.46417636790644,-19.3545662597322,-29.5968417390641));
#11344=CARTESIAN_POINT('Ctrl Pts',(1.65621897033983,-19.3555141569002,-29.602177770232));
#11345=CARTESIAN_POINT('Ctrl Pts',(1.82191620388948,-19.372233009682,-29.69629380154));
#11346=CARTESIAN_POINT('Ctrl Pts',(1.89584185775728,-19.3796921090124,-29.7382835741201));
#11347=CARTESIAN_POINT('',(1.89584185775728,-19.5766092551225,-29.7033030428516));
#11348=CARTESIAN_POINT('Ctrl Pts',(0.975821515884114,-19.56393296336,-29.6319439437577));
#11349=CARTESIAN_POINT('Ctrl Pts',(0.975821515884114,-19.3670158172498,
-29.6669244750261));
#11350=CARTESIAN_POINT('Ctrl Pts',(1.03518060353905,-19.5601501733275,-29.6106493495788));
#11351=CARTESIAN_POINT('Ctrl Pts',(1.03518060353905,-19.3632330272174,-29.6456298808472));
#11352=CARTESIAN_POINT('Ctrl Pts',(1.15850509955882,-19.5522910452188,-29.5664076807997));
#11353=CARTESIAN_POINT('Ctrl Pts',(1.15850509955882,-19.3553738991086,-29.6013882120681));
#11354=CARTESIAN_POINT('Ctrl Pts',(1.28974331665357,-19.5514135482948,-29.5614679562236));
#11355=CARTESIAN_POINT('Ctrl Pts',(1.28974331665357,-19.3544964021846,-29.596448487492));
#11356=CARTESIAN_POINT('Ctrl Pts',(1.35781337913485,-19.5509584120413,-29.5589058415592));
#11357=CARTESIAN_POINT('Ctrl Pts',(1.35781337913485,-19.3540412659311,-29.5938863728276));
#11358=CARTESIAN_POINT('',(0.975821515884114,-19.56393296336,-29.6319439437577));
#11359=CARTESIAN_POINT('Ctrl Pts',(0.975821515884114,-19.56393296336,-29.6319439437577));
#11360=CARTESIAN_POINT('Ctrl Pts',(1.03518060353905,-19.5601501733275,-29.6106493495788));
#11361=CARTESIAN_POINT('Ctrl Pts',(1.15850509955882,-19.5522910452188,-29.5664076807997));
#11362=CARTESIAN_POINT('Ctrl Pts',(1.28974331665357,-19.5514135482948,-29.5614679562236));
#11363=CARTESIAN_POINT('Ctrl Pts',(1.35781337913485,-19.5509584120413,-29.5589058415592));
#11364=CARTESIAN_POINT('',(0.975821515884114,-19.3670158172498,-29.6669244750261));
#11365=CARTESIAN_POINT('',(0.975821515884114,-19.56393296336,-29.6319439437577));
#11366=CARTESIAN_POINT('Ctrl Pts',(0.975821515884114,-19.3670158172498,
-29.6669244750261));
#11367=CARTESIAN_POINT('Ctrl Pts',(1.03518060353905,-19.3632330272174,-29.6456298808472));
#11368=CARTESIAN_POINT('Ctrl Pts',(1.15850509955882,-19.3553738991086,-29.6013882120681));
#11369=CARTESIAN_POINT('Ctrl Pts',(1.28974331665357,-19.3544964021846,-29.596448487492));
#11370=CARTESIAN_POINT('Ctrl Pts',(1.35781337913485,-19.3540412659311,-29.5938863728276));
#11371=CARTESIAN_POINT('Ctrl Pts',(0.717465183105174,-19.6006195663947,
-29.8384651402097));
#11372=CARTESIAN_POINT('Ctrl Pts',(0.717465183105174,-19.4037024202845,
-29.8734456714781));
#11373=CARTESIAN_POINT('Ctrl Pts',(0.75150457511436,-19.5930959378298,-29.7961121109193));
#11374=CARTESIAN_POINT('Ctrl Pts',(0.75150457511436,-19.3961787917196,-29.8310926421877));
#11375=CARTESIAN_POINT('Ctrl Pts',(0.821952619993921,-19.5775250098103,
-29.7084581332152));
#11376=CARTESIAN_POINT('Ctrl Pts',(0.821952619993921,-19.3806078637001,
-29.7434386644837));
#11377=CARTESIAN_POINT('Ctrl Pts',(0.923394673805165,-19.568564101243,-29.6580141725995));
#11378=CARTESIAN_POINT('Ctrl Pts',(0.923394673805165,-19.3716469551329,
-29.6929947038679));
#11379=CARTESIAN_POINT('Ctrl Pts',(0.975821515884114,-19.56393296336,-29.6319439437577));
#11380=CARTESIAN_POINT('Ctrl Pts',(0.975821515884114,-19.3670158172498,
-29.6669244750261));
#11381=CARTESIAN_POINT('',(0.717465183105174,-19.6006195663947,-29.8384651402097));
#11382=CARTESIAN_POINT('Ctrl Pts',(0.717465183105174,-19.6006195663947,
-29.8384651402097));
#11383=CARTESIAN_POINT('Ctrl Pts',(0.75150457511436,-19.5930959378298,-29.7961121109193));
#11384=CARTESIAN_POINT('Ctrl Pts',(0.821952619993921,-19.5775250098103,
-29.7084581332152));
#11385=CARTESIAN_POINT('Ctrl Pts',(0.923394673805165,-19.568564101243,-29.6580141725995));
#11386=CARTESIAN_POINT('Ctrl Pts',(0.975821515884114,-19.56393296336,-29.6319439437577));
#11387=CARTESIAN_POINT('',(0.717465183105174,-19.4037024202845,-29.8734456714781));
#11388=CARTESIAN_POINT('',(0.717465183105174,-19.6006195663947,-29.8384651402097));
#11389=CARTESIAN_POINT('Ctrl Pts',(0.717465183105174,-19.4037024202845,
-29.8734456714781));
#11390=CARTESIAN_POINT('Ctrl Pts',(0.75150457511436,-19.3961787917196,-29.8310926421877));
#11391=CARTESIAN_POINT('Ctrl Pts',(0.821952619993921,-19.3806078637001,
-29.7434386644837));
#11392=CARTESIAN_POINT('Ctrl Pts',(0.923394673805165,-19.3716469551329,
-29.6929947038679));
#11393=CARTESIAN_POINT('Ctrl Pts',(0.975821515884114,-19.3670158172498,
-29.6669244750261));
#11394=CARTESIAN_POINT('Ctrl Pts',(0.627935430373838,-19.6511754994167,
-30.123061448174));
#11395=CARTESIAN_POINT('Ctrl Pts',(0.627935430373838,-19.4542583533065,
-30.1580419794425));
#11396=CARTESIAN_POINT('Ctrl Pts',(0.631887199320054,-19.6422999560532,
-30.0730980369294));
#11397=CARTESIAN_POINT('Ctrl Pts',(0.631887199320054,-19.445382809943,-30.1080785681978));
#11398=CARTESIAN_POINT('Ctrl Pts',(0.639912439507571,-19.6242755299654,
-29.9716324954761));
#11399=CARTESIAN_POINT('Ctrl Pts',(0.639912439507571,-19.4273583838552,
-30.0066130267445));
#11400=CARTESIAN_POINT('Ctrl Pts',(0.691354231324266,-19.6085842069151,
-29.8833007737521));
#11401=CARTESIAN_POINT('Ctrl Pts',(0.691354231324266,-19.4116670608049,
-29.9182813050205));
#11402=CARTESIAN_POINT('Ctrl Pts',(0.717465183105174,-19.6006195663947,
-29.8384651402097));
#11403=CARTESIAN_POINT('Ctrl Pts',(0.717465183105174,-19.4037024202845,
-29.8734456714781));
#11404=CARTESIAN_POINT('',(0.627935430373838,-19.6511754994167,-30.123061448174));
#11405=CARTESIAN_POINT('Ctrl Pts',(0.627935430373838,-19.6511754994167,
-30.123061448174));
#11406=CARTESIAN_POINT('Ctrl Pts',(0.631887199320054,-19.6422999560532,
-30.0730980369294));
#11407=CARTESIAN_POINT('Ctrl Pts',(0.639912439507571,-19.6242755299654,
-29.9716324954761));
#11408=CARTESIAN_POINT('Ctrl Pts',(0.691354231324266,-19.6085842069151,
-29.8833007737521));
#11409=CARTESIAN_POINT('Ctrl Pts',(0.717465183105174,-19.6006195663947,
-29.8384651402097));
#11410=CARTESIAN_POINT('',(0.627935430373838,-19.4542583533065,-30.1580419794425));
#11411=CARTESIAN_POINT('',(0.627935430373838,-19.6511754994167,-30.123061448174));
#11412=CARTESIAN_POINT('Ctrl Pts',(0.627935430373838,-19.4542583533065,
-30.1580419794425));
#11413=CARTESIAN_POINT('Ctrl Pts',(0.631887199320054,-19.445382809943,-30.1080785681978));
#11414=CARTESIAN_POINT('Ctrl Pts',(0.639912439507571,-19.4273583838552,
-30.0066130267445));
#11415=CARTESIAN_POINT('Ctrl Pts',(0.691354231324266,-19.4116670608049,
-29.9182813050205));
#11416=CARTESIAN_POINT('Ctrl Pts',(0.717465183105174,-19.4037024202845,
-29.8734456714781));
#11417=CARTESIAN_POINT('Ctrl Pts',(0.701264640655202,-19.697108357193,-30.3816329145872));
#11418=CARTESIAN_POINT('Ctrl Pts',(0.701264640655202,-19.5001912110828,
-30.4166134458556));
#11419=CARTESIAN_POINT('Ctrl Pts',(0.67989306508529,-19.6903516786345,-30.3435973041868));
#11420=CARTESIAN_POINT('Ctrl Pts',(0.67989306508529,-19.4934345325243,-30.3785778354552));
#11421=CARTESIAN_POINT('Ctrl Pts',(0.63476143212703,-19.6760831968502,-30.2632752332979));
#11422=CARTESIAN_POINT('Ctrl Pts',(0.63476143212703,-19.4791660507401,-30.2982557645663));
#11423=CARTESIAN_POINT('Ctrl Pts',(0.630289650346852,-19.6597659160178,
-30.1714197852161));
#11424=CARTESIAN_POINT('Ctrl Pts',(0.630289650346852,-19.4628487699076,
-30.2064003164846));
#11425=CARTESIAN_POINT('Ctrl Pts',(0.627935430373838,-19.6511754994167,
-30.123061448174));
#11426=CARTESIAN_POINT('Ctrl Pts',(0.627935430373838,-19.4542583533065,
-30.1580419794425));
#11427=CARTESIAN_POINT('',(0.701264640655202,-19.697108357193,-30.3816329145872));
#11428=CARTESIAN_POINT('Ctrl Pts',(0.701264640655202,-19.697108357193,-30.3816329145872));
#11429=CARTESIAN_POINT('Ctrl Pts',(0.67989306508529,-19.6903516786345,-30.3435973041868));
#11430=CARTESIAN_POINT('Ctrl Pts',(0.63476143212703,-19.6760831968502,-30.2632752332979));
#11431=CARTESIAN_POINT('Ctrl Pts',(0.630289650346852,-19.6597659160178,
-30.1714197852161));
#11432=CARTESIAN_POINT('Ctrl Pts',(0.627935430373838,-19.6511754994167,
-30.123061448174));
#11433=CARTESIAN_POINT('',(0.701264640655202,-19.5001912110828,-30.4166134458556));
#11434=CARTESIAN_POINT('',(0.701264640655202,-19.697108357193,-30.3816329145872));
#11435=CARTESIAN_POINT('Ctrl Pts',(0.701264640655202,-19.5001912110828,
-30.4166134458556));
#11436=CARTESIAN_POINT('Ctrl Pts',(0.67989306508529,-19.4934345325243,-30.3785778354552));
#11437=CARTESIAN_POINT('Ctrl Pts',(0.63476143212703,-19.4791660507401,-30.2982557645663));
#11438=CARTESIAN_POINT('Ctrl Pts',(0.630289650346852,-19.4628487699076,
-30.2064003164846));
#11439=CARTESIAN_POINT('Ctrl Pts',(0.627935430373838,-19.4542583533065,
-30.1580419794425));
#11440=CARTESIAN_POINT('Ctrl Pts',(0.903345844115888,-19.7252944065017,
-30.540301642269));
#11441=CARTESIAN_POINT('Ctrl Pts',(0.903345844115888,-19.5283772603915,
-30.5752821735374));
#11442=CARTESIAN_POINT('Ctrl Pts',(0.863030325160122,-19.721769355186,-30.5204579457954));
#11443=CARTESIAN_POINT('Ctrl Pts',(0.863030325160122,-19.5248522090758,
-30.5554384770638));
#11444=CARTESIAN_POINT('Ctrl Pts',(0.784187723936307,-19.7148756273518,
-30.4816508390435));
#11445=CARTESIAN_POINT('Ctrl Pts',(0.784187723936307,-19.5179584812416,
-30.5166313703119));
#11446=CARTESIAN_POINT('Ctrl Pts',(0.728484484455093,-19.7029405368387,
-30.414464210448));
#11447=CARTESIAN_POINT('Ctrl Pts',(0.728484484455093,-19.5060233907285,
-30.4494447417164));
#11448=CARTESIAN_POINT('Ctrl Pts',(0.701264640655202,-19.697108357193,-30.3816329145872));
#11449=CARTESIAN_POINT('Ctrl Pts',(0.701264640655202,-19.5001912110828,
-30.4166134458556));
#11450=CARTESIAN_POINT('',(0.903345844115888,-19.7252944065017,-30.540301642269));
#11451=CARTESIAN_POINT('Ctrl Pts',(0.903345844115888,-19.7252944065017,
-30.540301642269));
#11452=CARTESIAN_POINT('Ctrl Pts',(0.863030325160122,-19.721769355186,-30.5204579457954));
#11453=CARTESIAN_POINT('Ctrl Pts',(0.784187723936307,-19.7148756273518,
-30.4816508390435));
#11454=CARTESIAN_POINT('Ctrl Pts',(0.728484484455093,-19.7029405368387,
-30.414464210448));
#11455=CARTESIAN_POINT('Ctrl Pts',(0.701264640655202,-19.697108357193,-30.3816329145872));
#11456=CARTESIAN_POINT('',(0.903345844115888,-19.5283772603915,-30.5752821735374));
#11457=CARTESIAN_POINT('',(0.903345844115888,-19.7252944065017,-30.540301642269));
#11458=CARTESIAN_POINT('Ctrl Pts',(0.903345844115888,-19.5283772603915,
-30.5752821735374));
#11459=CARTESIAN_POINT('Ctrl Pts',(0.863030325160122,-19.5248522090758,
-30.5554384770638));
#11460=CARTESIAN_POINT('Ctrl Pts',(0.784187723936307,-19.5179584812416,
-30.5166313703119));
#11461=CARTESIAN_POINT('Ctrl Pts',(0.728484484455093,-19.5060233907285,
-30.4494447417164));
#11462=CARTESIAN_POINT('Ctrl Pts',(0.701264640655202,-19.5001912110828,
-30.4166134458556));
#11463=CARTESIAN_POINT('Ctrl Pts',(1.3578133791348,-19.7501995225049,-30.6805008956557));
#11464=CARTESIAN_POINT('Ctrl Pts',(1.3578133791348,-19.5532823763947,-30.7154814269241));
#11465=CARTESIAN_POINT('Ctrl Pts',(1.26509782600023,-19.7458929242836,-30.6562576094497));
#11466=CARTESIAN_POINT('Ctrl Pts',(1.26509782600023,-19.5489757781735,-30.6912381407181));
#11467=CARTESIAN_POINT('Ctrl Pts',(1.11147217647773,-19.7387570778522,-30.6160875358857));
#11468=CARTESIAN_POINT('Ctrl Pts',(1.11147217647773,-19.541839931742,-30.6510680671541));
#11469=CARTESIAN_POINT('Ctrl Pts',(0.962436206475913,-19.7291166721391,
-30.5618184578721));
#11470=CARTESIAN_POINT('Ctrl Pts',(0.962436206475913,-19.5321995260289,
-30.5967989891405));
#11471=CARTESIAN_POINT('Ctrl Pts',(0.903345844115888,-19.7252944065017,
-30.540301642269));
#11472=CARTESIAN_POINT('Ctrl Pts',(0.903345844115888,-19.5283772603915,
-30.5752821735374));
#11473=CARTESIAN_POINT('',(1.3578133791348,-19.7501995225049,-30.6805008956557));
#11474=CARTESIAN_POINT('Ctrl Pts',(1.3578133791348,-19.7501995225049,-30.6805008956557));
#11475=CARTESIAN_POINT('Ctrl Pts',(1.26509782600023,-19.7458929242836,-30.6562576094497));
#11476=CARTESIAN_POINT('Ctrl Pts',(1.11147217647773,-19.7387570778522,-30.6160875358857));
#11477=CARTESIAN_POINT('Ctrl Pts',(0.962436206475913,-19.7291166721391,
-30.5618184578721));
#11478=CARTESIAN_POINT('Ctrl Pts',(0.903345844115888,-19.7252944065017,
-30.540301642269));
#11479=CARTESIAN_POINT('',(1.3578133791348,-19.5532823763947,-30.7154814269241));
#11480=CARTESIAN_POINT('',(1.3578133791348,-19.7501995225049,-30.6805008956557));
#11481=CARTESIAN_POINT('Ctrl Pts',(1.3578133791348,-19.5532823763947,-30.7154814269241));
#11482=CARTESIAN_POINT('Ctrl Pts',(1.26509782600023,-19.5489757781735,-30.6912381407181));
#11483=CARTESIAN_POINT('Ctrl Pts',(1.11147217647773,-19.541839931742,-30.6510680671541));
#11484=CARTESIAN_POINT('Ctrl Pts',(0.962436206475913,-19.5321995260289,
-30.5967989891405));
#11485=CARTESIAN_POINT('Ctrl Pts',(0.903345844115888,-19.5283772603915,
-30.5752821735374));
#11486=CARTESIAN_POINT('Ctrl Pts',(1.62895967658963,-19.763919722714,-30.7577365056158));
#11487=CARTESIAN_POINT('Ctrl Pts',(1.62895967658963,-19.5670025766039,-30.7927170368842));
#11488=CARTESIAN_POINT('Ctrl Pts',(1.598732888617,-19.762253816131,-30.7483585585659));
#11489=CARTESIAN_POINT('Ctrl Pts',(1.598732888617,-19.5653366700209,-30.7833390898343));
#11490=CARTESIAN_POINT('Ctrl Pts',(1.50897895101527,-19.7573071550556,-30.7205121438193));
#11491=CARTESIAN_POINT('Ctrl Pts',(1.50897895101527,-19.5603900089454,-30.7554926750877));
#11492=CARTESIAN_POINT('Ctrl Pts',(1.41809198363199,-19.753033753647,-30.6964557336091));
#11493=CARTESIAN_POINT('Ctrl Pts',(1.41809198363199,-19.5561166075368,-30.7314362648775));
#11494=CARTESIAN_POINT('Ctrl Pts',(1.3578133791348,-19.7501995225049,-30.6805008956557));
#11495=CARTESIAN_POINT('Ctrl Pts',(1.3578133791348,-19.5532823763947,-30.7154814269241));
#11496=CARTESIAN_POINT('',(1.62895967658963,-19.763919722714,-30.7577365056158));
#11497=CARTESIAN_POINT('Ctrl Pts',(1.62895967658963,-19.763919722714,-30.7577365056158));
#11498=CARTESIAN_POINT('Ctrl Pts',(1.598732888617,-19.762253816131,-30.7483585585659));
#11499=CARTESIAN_POINT('Ctrl Pts',(1.50897895101527,-19.7573071550556,-30.7205121438193));
#11500=CARTESIAN_POINT('Ctrl Pts',(1.41809198363199,-19.753033753647,-30.6964557336091));
#11501=CARTESIAN_POINT('Ctrl Pts',(1.3578133791348,-19.7501995225049,-30.6805008956557));
#11502=CARTESIAN_POINT('',(1.62895967658963,-19.5670025766039,-30.7927170368842));
#11503=CARTESIAN_POINT('',(1.62895967658963,-19.763919722714,-30.7577365056158));
#11504=CARTESIAN_POINT('Ctrl Pts',(1.62895967658963,-19.5670025766039,-30.7927170368842));
#11505=CARTESIAN_POINT('Ctrl Pts',(1.598732888617,-19.5653366700209,-30.7833390898343));
#11506=CARTESIAN_POINT('Ctrl Pts',(1.50897895101527,-19.5603900089454,-30.7554926750877));
#11507=CARTESIAN_POINT('Ctrl Pts',(1.41809198363199,-19.5561166075368,-30.7314362648775));
#11508=CARTESIAN_POINT('Ctrl Pts',(1.3578133791348,-19.5532823763947,-30.7154814269241));
#11509=CARTESIAN_POINT('Ctrl Pts',(1.74662639793362,-19.7782364420355,-30.8383301217851));
#11510=CARTESIAN_POINT('Ctrl Pts',(1.74662639793362,-19.5813192959253,-30.8733106530536));
#11511=CARTESIAN_POINT('Ctrl Pts',(1.73134803527735,-19.7754104734785,-30.822421796695));
#11512=CARTESIAN_POINT('Ctrl Pts',(1.73134803527735,-19.5784933273683,-30.8574023279634));
#11513=CARTESIAN_POINT('Ctrl Pts',(1.69789595829521,-19.7692229964664,-30.7875904127605));
#11514=CARTESIAN_POINT('Ctrl Pts',(1.69789595829521,-19.5723058503562,-30.8225709440289));
#11515=CARTESIAN_POINT('Ctrl Pts',(1.65322716496439,-19.7657866225663,-30.7682459112096));
#11516=CARTESIAN_POINT('Ctrl Pts',(1.65322716496439,-19.5688694764562,-30.803226442478));
#11517=CARTESIAN_POINT('Ctrl Pts',(1.62895967658963,-19.763919722714,-30.7577365056158));
#11518=CARTESIAN_POINT('Ctrl Pts',(1.62895967658963,-19.5670025766039,-30.7927170368842));
#11519=CARTESIAN_POINT('',(1.74662639793362,-19.7782364420355,-30.8383301217851));
#11520=CARTESIAN_POINT('Ctrl Pts',(1.74662639793362,-19.7782364420355,-30.8383301217851));
#11521=CARTESIAN_POINT('Ctrl Pts',(1.73134803527735,-19.7754104734785,-30.822421796695));
#11522=CARTESIAN_POINT('Ctrl Pts',(1.69789595829521,-19.7692229964664,-30.7875904127605));
#11523=CARTESIAN_POINT('Ctrl Pts',(1.65322716496439,-19.7657866225663,-30.7682459112096));
#11524=CARTESIAN_POINT('Ctrl Pts',(1.62895967658963,-19.763919722714,-30.7577365056158));
#11525=CARTESIAN_POINT('',(1.74662639793362,-19.5813192959253,-30.8733106530536));
#11526=CARTESIAN_POINT('',(1.74662639793362,-19.7782364420355,-30.8383301217851));
#11527=CARTESIAN_POINT('Ctrl Pts',(1.74662639793362,-19.5813192959253,-30.8733106530536));
#11528=CARTESIAN_POINT('Ctrl Pts',(1.73134803527735,-19.5784933273683,-30.8574023279634));
#11529=CARTESIAN_POINT('Ctrl Pts',(1.69789595829521,-19.5723058503562,-30.8225709440289));
#11530=CARTESIAN_POINT('Ctrl Pts',(1.65322716496439,-19.5688694764562,-30.803226442478));
#11531=CARTESIAN_POINT('Ctrl Pts',(1.62895967658963,-19.5670025766039,-30.7927170368842));
#11532=CARTESIAN_POINT('Ctrl Pts',(1.78414394554104,-19.7970271589497,-30.9441093713828));
#11533=CARTESIAN_POINT('Ctrl Pts',(1.78414394554104,-19.6001100128395,-30.9790899026512));
#11534=CARTESIAN_POINT('Ctrl Pts',(1.78255159196825,-19.7936279320483,-30.9249739827501));
#11535=CARTESIAN_POINT('Ctrl Pts',(1.78255159196825,-19.5967107859381,-30.9599545140186));
#11536=CARTESIAN_POINT('Ctrl Pts',(1.7793518773552,-19.7867974415246,-30.8865228600344));
#11537=CARTESIAN_POINT('Ctrl Pts',(1.7793518773552,-19.5898802954144,-30.9215033913028));
#11538=CARTESIAN_POINT('Ctrl Pts',(1.75756894688432,-19.7810990175465,-30.8544445197002));
#11539=CARTESIAN_POINT('Ctrl Pts',(1.75756894688432,-19.5841818714363,-30.8894250509686));
#11540=CARTESIAN_POINT('Ctrl Pts',(1.74662639793362,-19.7782364420355,-30.8383301217851));
#11541=CARTESIAN_POINT('Ctrl Pts',(1.74662639793362,-19.5813192959253,-30.8733106530536));
#11542=CARTESIAN_POINT('',(1.78414394554104,-19.7970271589497,-30.9441093713828));
#11543=CARTESIAN_POINT('Ctrl Pts',(1.78414394554104,-19.7970271589497,-30.9441093713828));
#11544=CARTESIAN_POINT('Ctrl Pts',(1.78255159196825,-19.7936279320483,-30.9249739827501));
#11545=CARTESIAN_POINT('Ctrl Pts',(1.7793518773552,-19.7867974415246,-30.8865228600344));
#11546=CARTESIAN_POINT('Ctrl Pts',(1.75756894688432,-19.7810990175465,-30.8544445197002));
#11547=CARTESIAN_POINT('Ctrl Pts',(1.74662639793362,-19.7782364420355,-30.8383301217851));
#11548=CARTESIAN_POINT('',(1.78414394554104,-19.6001100128395,-30.9790899026512));
#11549=CARTESIAN_POINT('',(1.78414394554104,-19.7970271589497,-30.9441093713828));
#11550=CARTESIAN_POINT('Ctrl Pts',(1.78414394554104,-19.6001100128395,-30.9790899026512));
#11551=CARTESIAN_POINT('Ctrl Pts',(1.78255159196825,-19.5967107859381,-30.9599545140186));
#11552=CARTESIAN_POINT('Ctrl Pts',(1.7793518773552,-19.5898802954144,-30.9215033913028));
#11553=CARTESIAN_POINT('Ctrl Pts',(1.75756894688432,-19.5841818714363,-30.8894250509686));
#11554=CARTESIAN_POINT('Ctrl Pts',(1.74662639793362,-19.5813192959253,-30.8733106530536));
#11555=CARTESIAN_POINT('Ctrl Pts',(1.69376184638942,-19.8256605975926,-31.1052966037215));
#11556=CARTESIAN_POINT('Ctrl Pts',(1.69376184638942,-19.6287434514825,-31.1402771349899));
#11557=CARTESIAN_POINT('Ctrl Pts',(1.720097155467,-19.8215855738008,-31.0823569276693));
#11558=CARTESIAN_POINT('Ctrl Pts',(1.720097155467,-19.6246684276906,-31.1173374589377));
#11559=CARTESIAN_POINT('Ctrl Pts',(1.76990262979366,-19.813878867483,-31.038973292288));
#11560=CARTESIAN_POINT('Ctrl Pts',(1.76990262979366,-19.6169617213729,-31.0739538235564));
#11561=CARTESIAN_POINT('Ctrl Pts',(1.77958245640371,-19.8024247561088,-30.9744942566286));
#11562=CARTESIAN_POINT('Ctrl Pts',(1.77958245640371,-19.6055076099986,-31.009474787897));
#11563=CARTESIAN_POINT('Ctrl Pts',(1.78414394554104,-19.7970271589497,-30.9441093713828));
#11564=CARTESIAN_POINT('Ctrl Pts',(1.78414394554104,-19.6001100128395,-30.9790899026512));
#11565=CARTESIAN_POINT('',(1.69376184638942,-19.8256605975926,-31.1052966037215));
#11566=CARTESIAN_POINT('Ctrl Pts',(1.69376184638942,-19.8256605975926,-31.1052966037215));
#11567=CARTESIAN_POINT('Ctrl Pts',(1.720097155467,-19.8215855738008,-31.0823569276693));
#11568=CARTESIAN_POINT('Ctrl Pts',(1.76990262979366,-19.813878867483,-31.038973292288));
#11569=CARTESIAN_POINT('Ctrl Pts',(1.77958245640371,-19.8024247561088,-30.9744942566286));
#11570=CARTESIAN_POINT('Ctrl Pts',(1.78414394554104,-19.7970271589497,-30.9441093713828));
#11571=CARTESIAN_POINT('',(1.69376184638942,-19.6287434514825,-31.1402771349899));
#11572=CARTESIAN_POINT('',(1.69376184638942,-19.8256605975926,-31.1052966037215));
#11573=CARTESIAN_POINT('Ctrl Pts',(1.69376184638942,-19.6287434514825,-31.1402771349899));
#11574=CARTESIAN_POINT('Ctrl Pts',(1.720097155467,-19.6246684276906,-31.1173374589377));
#11575=CARTESIAN_POINT('Ctrl Pts',(1.76990262979366,-19.6169617213729,-31.0739538235564));
#11576=CARTESIAN_POINT('Ctrl Pts',(1.77958245640371,-19.6055076099986,-31.009474787897));
#11577=CARTESIAN_POINT('Ctrl Pts',(1.78414394554104,-19.6001100128395,-30.9790899026512));
#11578=CARTESIAN_POINT('Ctrl Pts',(1.39191915687526,-19.8378894739584,-31.1741370514437));
#11579=CARTESIAN_POINT('Ctrl Pts',(1.39191915687526,-19.6409723278482,-31.2091175827121));
#11580=CARTESIAN_POINT('Ctrl Pts',(1.45369434410402,-19.8378024286893,-31.1736470444209));
#11581=CARTESIAN_POINT('Ctrl Pts',(1.45369434410402,-19.6408852825791,-31.2086275756893));
#11582=CARTESIAN_POINT('Ctrl Pts',(1.56011450140596,-19.8376524757445,-31.1728029089874));
#11583=CARTESIAN_POINT('Ctrl Pts',(1.56011450140596,-19.6407353296344,-31.2077834402559));
#11584=CARTESIAN_POINT('Ctrl Pts',(1.65426443344692,-19.8292046123531,-31.1252470517879));
#11585=CARTESIAN_POINT('Ctrl Pts',(1.65426443344692,-19.6322874662429,-31.1602275830563));
#11586=CARTESIAN_POINT('Ctrl Pts',(1.69376184638942,-19.8256605975926,-31.1052966037215));
#11587=CARTESIAN_POINT('Ctrl Pts',(1.69376184638942,-19.6287434514825,-31.1402771349899));
#11588=CARTESIAN_POINT('',(1.39191915687526,-19.8378894739584,-31.1741370514437));
#11589=CARTESIAN_POINT('Ctrl Pts',(1.39191915687526,-19.8378894739584,-31.1741370514437));
#11590=CARTESIAN_POINT('Ctrl Pts',(1.45369434410402,-19.8378024286893,-31.1736470444209));
#11591=CARTESIAN_POINT('Ctrl Pts',(1.56011450140596,-19.8376524757445,-31.1728029089874));
#11592=CARTESIAN_POINT('Ctrl Pts',(1.65426443344692,-19.8292046123531,-31.1252470517879));
#11593=CARTESIAN_POINT('Ctrl Pts',(1.69376184638942,-19.8256605975926,-31.1052966037215));
#11594=CARTESIAN_POINT('',(1.39191915687526,-19.6409723278482,-31.2091175827121));
#11595=CARTESIAN_POINT('',(1.39191915687526,-19.8378894739584,-31.1741370514437));
#11596=CARTESIAN_POINT('Ctrl Pts',(1.39191915687526,-19.6409723278482,-31.2091175827121));
#11597=CARTESIAN_POINT('Ctrl Pts',(1.45369434410402,-19.6408852825791,-31.2086275756893));
#11598=CARTESIAN_POINT('Ctrl Pts',(1.56011450140596,-19.6407353296344,-31.2077834402559));
#11599=CARTESIAN_POINT('Ctrl Pts',(1.65426443344692,-19.6322874662429,-31.1602275830563));
#11600=CARTESIAN_POINT('Ctrl Pts',(1.69376184638942,-19.6287434514825,-31.1402771349899));
#11601=CARTESIAN_POINT('Ctrl Pts',(1.11480524238552,-19.8241692737493,-31.0969014414836));
#11602=CARTESIAN_POINT('Ctrl Pts',(1.11480524238552,-19.6272521276391,-31.131881972752));
#11603=CARTESIAN_POINT('Ctrl Pts',(1.15327369606323,-19.8281614943996,-31.1193749908724));
#11604=CARTESIAN_POINT('Ctrl Pts',(1.15327369606323,-19.6312443482894,-31.1543555221409));
#11605=CARTESIAN_POINT('Ctrl Pts',(1.23832987026269,-19.8369885457265,-31.1690654241744));
#11606=CARTESIAN_POINT('Ctrl Pts',(1.23832987026269,-19.6400713996163,-31.2040459554428));
#11607=CARTESIAN_POINT('Ctrl Pts',(1.3375651378378,-19.8375706426691,-31.1723422431518));
#11608=CARTESIAN_POINT('Ctrl Pts',(1.3375651378378,-19.6406534965589,-31.2073227744203));
#11609=CARTESIAN_POINT('Ctrl Pts',(1.39191915687526,-19.8378894739584,-31.1741370514437));
#11610=CARTESIAN_POINT('Ctrl Pts',(1.39191915687526,-19.6409723278482,-31.2091175827121));
#11611=CARTESIAN_POINT('',(1.11480524238552,-19.8241692737493,-31.0969014414836));
#11612=CARTESIAN_POINT('Ctrl Pts',(1.11480524238552,-19.8241692737493,-31.0969014414836));
#11613=CARTESIAN_POINT('Ctrl Pts',(1.15327369606323,-19.8281614943996,-31.1193749908724));
#11614=CARTESIAN_POINT('Ctrl Pts',(1.23832987026269,-19.8369885457265,-31.1690654241744));
#11615=CARTESIAN_POINT('Ctrl Pts',(1.3375651378378,-19.8375706426691,-31.1723422431518));
#11616=CARTESIAN_POINT('Ctrl Pts',(1.39191915687526,-19.8378894739584,-31.1741370514437));
#11617=CARTESIAN_POINT('',(1.11480524238552,-19.6272521276391,-31.131881972752));
#11618=CARTESIAN_POINT('',(1.11480524238552,-19.8241692737493,-31.0969014414836));
#11619=CARTESIAN_POINT('Ctrl Pts',(1.11480524238552,-19.6272521276391,-31.131881972752));
#11620=CARTESIAN_POINT('Ctrl Pts',(1.15327369606323,-19.6312443482894,-31.1543555221409));
#11621=CARTESIAN_POINT('Ctrl Pts',(1.23832987026269,-19.6400713996163,-31.2040459554428));
#11622=CARTESIAN_POINT('Ctrl Pts',(1.3375651378378,-19.6406534965589,-31.2073227744203));
#11623=CARTESIAN_POINT('Ctrl Pts',(1.39191915687526,-19.6409723278482,-31.2091175827121));
#11624=CARTESIAN_POINT('Ctrl Pts',(0.996284982528348,-19.7859913468711,
-30.8819850827937));
#11625=CARTESIAN_POINT('Ctrl Pts',(0.996284982528348,-19.589074200761,-30.9169656140622));
#11626=CARTESIAN_POINT('Ctrl Pts',(1.00577410101772,-19.7936154082975,-30.9249034823553));
#11627=CARTESIAN_POINT('Ctrl Pts',(1.00577410101772,-19.5966982621873,-30.9598840136237));
#11628=CARTESIAN_POINT('Ctrl Pts',(1.02414943596222,-19.8083791276572,-31.0080134117032));
#11629=CARTESIAN_POINT('Ctrl Pts',(1.02414943596222,-19.611461981547,-31.0429939429716));
#11630=CARTESIAN_POINT('Ctrl Pts',(1.08525493884693,-19.8190222938883,-31.0679273650886));
#11631=CARTESIAN_POINT('Ctrl Pts',(1.08525493884693,-19.6221051477781,-31.102907896357));
#11632=CARTESIAN_POINT('Ctrl Pts',(1.11480524238552,-19.8241692737493,-31.0969014414836));
#11633=CARTESIAN_POINT('Ctrl Pts',(1.11480524238552,-19.6272521276391,-31.131881972752));
#11634=CARTESIAN_POINT('',(0.996284982528348,-19.7859913468711,-30.8819850827937));
#11635=CARTESIAN_POINT('Ctrl Pts',(0.996284982528348,-19.7859913468711,
-30.8819850827937));
#11636=CARTESIAN_POINT('Ctrl Pts',(1.00577410101772,-19.7936154082975,-30.9249034823553));
#11637=CARTESIAN_POINT('Ctrl Pts',(1.02414943596222,-19.8083791276572,-31.0080134117032));
#11638=CARTESIAN_POINT('Ctrl Pts',(1.08525493884693,-19.8190222938883,-31.0679273650886));
#11639=CARTESIAN_POINT('Ctrl Pts',(1.11480524238552,-19.8241692737493,-31.0969014414836));
#11640=CARTESIAN_POINT('',(0.996284982528348,-19.589074200761,-30.9169656140622));
#11641=CARTESIAN_POINT('',(0.996284982528348,-19.7859913468711,-30.8819850827937));
#11642=CARTESIAN_POINT('Ctrl Pts',(0.996284982528348,-19.589074200761,-30.9169656140622));
#11643=CARTESIAN_POINT('Ctrl Pts',(1.00577410101772,-19.5966982621873,-30.9598840136237));
#11644=CARTESIAN_POINT('Ctrl Pts',(1.02414943596222,-19.611461981547,-31.0429939429716));
#11645=CARTESIAN_POINT('Ctrl Pts',(1.08525493884693,-19.6221051477781,-31.102907896357));
#11646=CARTESIAN_POINT('Ctrl Pts',(1.11480524238552,-19.6272521276391,-31.131881972752));
#11647=CARTESIAN_POINT('Origin',(0.696149370040554,-19.7931497065319,-30.9222818908784));
#11648=CARTESIAN_POINT('',(0.696149370040554,-19.7931497065319,-30.9222818908784));
#11649=CARTESIAN_POINT('',(31.9233980089994,-19.0483667895042,-26.7296489840875));
#11650=CARTESIAN_POINT('',(0.696149370040554,-19.5962325604217,-30.9572624221468));
#11651=CARTESIAN_POINT('',(0.696149370040554,-19.7931497065319,-30.9222818908784));
#11652=CARTESIAN_POINT('',(0.696149370040554,-19.5962325604217,-30.9572624221468));
#11653=CARTESIAN_POINT('Ctrl Pts',(0.80187847312892,-19.8422143157105,-31.1984830366049));
#11654=CARTESIAN_POINT('Ctrl Pts',(0.80187847312892,-19.6452971696003,-31.2334635678733));
#11655=CARTESIAN_POINT('Ctrl Pts',(0.777978850780724,-19.8352243022104,
-31.1591339055372));
#11656=CARTESIAN_POINT('Ctrl Pts',(0.777978850780724,-19.6383071561002,
-31.1941144368056));
#11657=CARTESIAN_POINT('Ctrl Pts',(0.725951958561,-19.8200077990506,-31.0734751042737));
#11658=CARTESIAN_POINT('Ctrl Pts',(0.725951958561,-19.6230906529404,-31.1084556355421));
#11659=CARTESIAN_POINT('Ctrl Pts',(0.706607535010582,-19.8025746047131,
-30.9753378046945));
#11660=CARTESIAN_POINT('Ctrl Pts',(0.706607535010582,-19.6056574586029,
-31.0103183359629));
#11661=CARTESIAN_POINT('Ctrl Pts',(0.696149370040554,-19.7931497065319,
-30.9222818908784));
#11662=CARTESIAN_POINT('Ctrl Pts',(0.696149370040554,-19.5962325604217,
-30.9572624221468));
#11663=CARTESIAN_POINT('',(0.80187847312892,-19.8422143157105,-31.1984830366049));
#11664=CARTESIAN_POINT('Ctrl Pts',(0.80187847312892,-19.8422143157105,-31.1984830366049));
#11665=CARTESIAN_POINT('Ctrl Pts',(0.777978850780724,-19.8352243022104,
-31.1591339055372));
#11666=CARTESIAN_POINT('Ctrl Pts',(0.725951958561,-19.8200077990506,-31.0734751042737));
#11667=CARTESIAN_POINT('Ctrl Pts',(0.706607535010582,-19.8025746047131,
-30.9753378046945));
#11668=CARTESIAN_POINT('Ctrl Pts',(0.696149370040554,-19.7931497065319,
-30.9222818908784));
#11669=CARTESIAN_POINT('',(0.80187847312892,-19.6452971696003,-31.2334635678733));
#11670=CARTESIAN_POINT('',(0.80187847312892,-19.8422143157105,-31.1984830366049));
#11671=CARTESIAN_POINT('Ctrl Pts',(0.80187847312892,-19.6452971696003,-31.2334635678733));
#11672=CARTESIAN_POINT('Ctrl Pts',(0.777978850780724,-19.6383071561002,
-31.1941144368056));
#11673=CARTESIAN_POINT('Ctrl Pts',(0.725951958561,-19.6230906529404,-31.1084556355421));
#11674=CARTESIAN_POINT('Ctrl Pts',(0.706607535010582,-19.6056574586029,
-31.0103183359629));
#11675=CARTESIAN_POINT('Ctrl Pts',(0.696149370040554,-19.5962325604217,
-30.9572624221468));
#11676=CARTESIAN_POINT('Ctrl Pts',(1.03977133926356,-19.8712951697502,-31.3621889203153));
#11677=CARTESIAN_POINT('Ctrl Pts',(1.03977133926356,-19.67437802364,-31.3971694515837));
#11678=CARTESIAN_POINT('Ctrl Pts',(0.990723171198828,-19.8676605129692,
-31.3417282179058));
#11679=CARTESIAN_POINT('Ctrl Pts',(0.990723171198828,-19.670743366859,-31.3767087491742));
#11680=CARTESIAN_POINT('Ctrl Pts',(0.899445541092143,-19.8608964915936,
-31.3036512723246));
#11681=CARTESIAN_POINT('Ctrl Pts',(0.899445541092143,-19.6639793454834,
-31.338631803593));
#11682=CARTESIAN_POINT('Ctrl Pts',(0.832739790882067,-19.8481236514965,
-31.2317486702643));
#11683=CARTESIAN_POINT('Ctrl Pts',(0.832739790882067,-19.6512065053863,
-31.2667292015327));
#11684=CARTESIAN_POINT('Ctrl Pts',(0.80187847312892,-19.8422143157105,-31.1984830366049));
#11685=CARTESIAN_POINT('Ctrl Pts',(0.80187847312892,-19.6452971696003,-31.2334635678733));
#11686=CARTESIAN_POINT('',(1.03977133926356,-19.8712951697502,-31.3621889203153));
#11687=CARTESIAN_POINT('Ctrl Pts',(1.03977133926356,-19.8712951697502,-31.3621889203153));
#11688=CARTESIAN_POINT('Ctrl Pts',(0.990723171198828,-19.8676605129692,
-31.3417282179058));
#11689=CARTESIAN_POINT('Ctrl Pts',(0.899445541092143,-19.8608964915936,
-31.3036512723246));
#11690=CARTESIAN_POINT('Ctrl Pts',(0.832739790882067,-19.8481236514965,
-31.2317486702643));
#11691=CARTESIAN_POINT('Ctrl Pts',(0.80187847312892,-19.8422143157105,-31.1984830366049));
#11692=CARTESIAN_POINT('',(1.03977133926356,-19.67437802364,-31.3971694515837));
#11693=CARTESIAN_POINT('',(1.03977133926356,-19.8712951697502,-31.3621889203153));
#11694=CARTESIAN_POINT('Ctrl Pts',(1.03977133926356,-19.67437802364,-31.3971694515837));
#11695=CARTESIAN_POINT('Ctrl Pts',(0.990723171198828,-19.670743366859,-31.3767087491742));
#11696=CARTESIAN_POINT('Ctrl Pts',(0.899445541092143,-19.6639793454834,
-31.338631803593));
#11697=CARTESIAN_POINT('Ctrl Pts',(0.832739790882067,-19.6512065053863,
-31.2667292015327));
#11698=CARTESIAN_POINT('Ctrl Pts',(0.80187847312892,-19.6452971696003,-31.2334635678733));
#11699=CARTESIAN_POINT('Ctrl Pts',(1.41408850845301,-19.8820326962101,-31.4226340590849));
#11700=CARTESIAN_POINT('Ctrl Pts',(1.41408850845301,-19.6851155500999,-31.4576145903534));
#11701=CARTESIAN_POINT('Ctrl Pts',(1.34683411580309,-19.8816904434704,-31.4207074035911));
#11702=CARTESIAN_POINT('Ctrl Pts',(1.34683411580309,-19.6847732973602,-31.4556879348595));
#11703=CARTESIAN_POINT('Ctrl Pts',(1.21922943017743,-19.8810410724549,-31.4170518762877));
#11704=CARTESIAN_POINT('Ctrl Pts',(1.21922943017743,-19.6841239263447,-31.4520324075561));
#11705=CARTESIAN_POINT('Ctrl Pts',(1.09739337430679,-19.8744244727775,-31.3798048169044));
#11706=CARTESIAN_POINT('Ctrl Pts',(1.09739337430679,-19.6775073266674,-31.4147853481728));
#11707=CARTESIAN_POINT('Ctrl Pts',(1.03977133926356,-19.8712951697502,-31.3621889203153));
#11708=CARTESIAN_POINT('Ctrl Pts',(1.03977133926356,-19.67437802364,-31.3971694515837));
#11709=CARTESIAN_POINT('',(1.41408850845301,-19.8820326962101,-31.4226340590849));
#11710=CARTESIAN_POINT('Ctrl Pts',(1.41408850845301,-19.8820326962101,-31.4226340590849));
#11711=CARTESIAN_POINT('Ctrl Pts',(1.34683411580309,-19.8816904434704,-31.4207074035911));
#11712=CARTESIAN_POINT('Ctrl Pts',(1.21922943017743,-19.8810410724549,-31.4170518762877));
#11713=CARTESIAN_POINT('Ctrl Pts',(1.09739337430679,-19.8744244727775,-31.3798048169044));
#11714=CARTESIAN_POINT('Ctrl Pts',(1.03977133926356,-19.8712951697502,-31.3621889203153));
#11715=CARTESIAN_POINT('',(1.41408850845301,-19.6851155500999,-31.4576145903534));
#11716=CARTESIAN_POINT('',(1.41408850845301,-19.8820326962101,-31.4226340590849));
#11717=CARTESIAN_POINT('Ctrl Pts',(1.41408850845301,-19.6851155500999,-31.4576145903534));
#11718=CARTESIAN_POINT('Ctrl Pts',(1.34683411580309,-19.6847732973602,-31.4556879348595));
#11719=CARTESIAN_POINT('Ctrl Pts',(1.21922943017743,-19.6841239263447,-31.4520324075561));
#11720=CARTESIAN_POINT('Ctrl Pts',(1.09739337430679,-19.6775073266674,-31.4147853481728));
#11721=CARTESIAN_POINT('Ctrl Pts',(1.03977133926356,-19.67437802364,-31.3971694515837));
#11722=CARTESIAN_POINT('Ctrl Pts',(1.67926599678003,-19.8756200115023,-31.3865349054766));
#11723=CARTESIAN_POINT('Ctrl Pts',(1.67926599678003,-19.6787028653921,-31.421515436745));
#11724=CARTESIAN_POINT('Ctrl Pts',(1.63677570343438,-19.8774900799814,-31.3970621483338));
#11725=CARTESIAN_POINT('Ctrl Pts',(1.63677570343438,-19.6805729338712,-31.4320426796022));
#11726=CARTESIAN_POINT('Ctrl Pts',(1.54973851508108,-19.8813207313992,-31.4186261703082));
#11727=CARTESIAN_POINT('Ctrl Pts',(1.54973851508108,-19.6844035852891,-31.4536067015766));
#11728=CARTESIAN_POINT('Ctrl Pts',(1.46001189408371,-19.8817916653736,-31.4212772156433));
#11729=CARTESIAN_POINT('Ctrl Pts',(1.46001189408371,-19.6848745192634,-31.4562577469117));
#11730=CARTESIAN_POINT('Ctrl Pts',(1.41408850845301,-19.8820326962101,-31.4226340590849));
#11731=CARTESIAN_POINT('Ctrl Pts',(1.41408850845301,-19.6851155500999,-31.4576145903534));
#11732=CARTESIAN_POINT('',(1.67926599678003,-19.8756200115023,-31.3865349054766));
#11733=CARTESIAN_POINT('Ctrl Pts',(1.67926599678003,-19.8756200115023,-31.3865349054766));
#11734=CARTESIAN_POINT('Ctrl Pts',(1.63677570343438,-19.8774900799814,-31.3970621483338));
#11735=CARTESIAN_POINT('Ctrl Pts',(1.54973851508108,-19.8813207313992,-31.4186261703082));
#11736=CARTESIAN_POINT('Ctrl Pts',(1.46001189408371,-19.8817916653736,-31.4212772156433));
#11737=CARTESIAN_POINT('Ctrl Pts',(1.41408850845301,-19.8820326962101,-31.4226340590849));
#11738=CARTESIAN_POINT('',(1.67926599678003,-19.6787028653921,-31.421515436745));
#11739=CARTESIAN_POINT('',(1.67926599678003,-19.8756200115023,-31.3865349054766));
#11740=CARTESIAN_POINT('Ctrl Pts',(1.67926599678003,-19.6787028653921,-31.421515436745));
#11741=CARTESIAN_POINT('Ctrl Pts',(1.63677570343438,-19.6805729338712,-31.4320426796022));
#11742=CARTESIAN_POINT('Ctrl Pts',(1.54973851508108,-19.6844035852891,-31.4536067015766));
#11743=CARTESIAN_POINT('Ctrl Pts',(1.46001189408371,-19.6848745192634,-31.4562577469117));
#11744=CARTESIAN_POINT('Ctrl Pts',(1.41408850845301,-19.6851155500999,-31.4576145903534));
#11745=CARTESIAN_POINT('Ctrl Pts',(1.87452485259974,-19.8599610981155,-31.2983856286217));
#11746=CARTESIAN_POINT('Ctrl Pts',(1.87452485259974,-19.6630439520053,-31.3333661598901));
#11747=CARTESIAN_POINT('Ctrl Pts',(1.8468494528773,-19.8630061657033,-31.3155273356616));
#11748=CARTESIAN_POINT('Ctrl Pts',(1.8468494528773,-19.6660890195931,-31.35050786693));
#11749=CARTESIAN_POINT('Ctrl Pts',(1.78577855956986,-19.8697256710992,-31.3533536858585));
#11750=CARTESIAN_POINT('Ctrl Pts',(1.78577855956986,-19.672808524989,-31.3883342171269));
#11751=CARTESIAN_POINT('Ctrl Pts',(1.71692002086608,-19.8735362607249,-31.3748047732745));
#11752=CARTESIAN_POINT('Ctrl Pts',(1.71692002086608,-19.6766191146148,-31.4097853045429));
#11753=CARTESIAN_POINT('Ctrl Pts',(1.67926599678003,-19.8756200115023,-31.3865349054766));
#11754=CARTESIAN_POINT('Ctrl Pts',(1.67926599678003,-19.6787028653921,-31.421515436745));
#11755=CARTESIAN_POINT('',(1.87452485259974,-19.8599610981155,-31.2983856286217));
#11756=CARTESIAN_POINT('Ctrl Pts',(1.87452485259974,-19.8599610981155,-31.2983856286217));
#11757=CARTESIAN_POINT('Ctrl Pts',(1.8468494528773,-19.8630061657033,-31.3155273356616));
#11758=CARTESIAN_POINT('Ctrl Pts',(1.78577855956986,-19.8697256710992,-31.3533536858585));
#11759=CARTESIAN_POINT('Ctrl Pts',(1.71692002086608,-19.8735362607249,-31.3748047732745));
#11760=CARTESIAN_POINT('Ctrl Pts',(1.67926599678003,-19.8756200115023,-31.3865349054766));
#11761=CARTESIAN_POINT('',(1.87452485259974,-19.6630439520053,-31.3333661598901));
#11762=CARTESIAN_POINT('',(1.87452485259974,-19.8599610981155,-31.2983856286217));
#11763=CARTESIAN_POINT('Ctrl Pts',(1.87452485259974,-19.6630439520053,-31.3333661598901));
#11764=CARTESIAN_POINT('Ctrl Pts',(1.8468494528773,-19.6660890195931,-31.35050786693));
#11765=CARTESIAN_POINT('Ctrl Pts',(1.78577855956986,-19.672808524989,-31.3883342171269));
#11766=CARTESIAN_POINT('Ctrl Pts',(1.71692002086608,-19.6766191146148,-31.4097853045429));
#11767=CARTESIAN_POINT('Ctrl Pts',(1.67926599678003,-19.6787028653921,-31.421515436745));
#11768=CARTESIAN_POINT('Ctrl Pts',(2.02544619735683,-19.8299854393447,-31.1296425888827));
#11769=CARTESIAN_POINT('Ctrl Pts',(2.02544619735683,-19.6330682932345,-31.1646231201512));
#11770=CARTESIAN_POINT('Ctrl Pts',(2.00529332557374,-19.8357467523677,-31.1620749527489));
#11771=CARTESIAN_POINT('Ctrl Pts',(2.00529332557374,-19.6388296062575,-31.1970554840173));
#11772=CARTESIAN_POINT('Ctrl Pts',(1.96496605352671,-19.8472755329864,-31.2269743266364));
#11773=CARTESIAN_POINT('Ctrl Pts',(1.96496605352671,-19.6503583868762,-31.2619548579048));
#11774=CARTESIAN_POINT('Ctrl Pts',(1.90468264689134,-19.855731071759,-31.2745733911315));
#11775=CARTESIAN_POINT('Ctrl Pts',(1.90468264689134,-19.6588139256488,-31.3095539224));
#11776=CARTESIAN_POINT('Ctrl Pts',(1.87452485259974,-19.8599610981155,-31.2983856286217));
#11777=CARTESIAN_POINT('Ctrl Pts',(1.87452485259974,-19.6630439520053,-31.3333661598901));
#11778=CARTESIAN_POINT('',(2.02544619735683,-19.8299854393447,-31.1296425888827));
#11779=CARTESIAN_POINT('Ctrl Pts',(2.02544619735683,-19.8299854393447,-31.1296425888827));
#11780=CARTESIAN_POINT('Ctrl Pts',(2.00529332557374,-19.8357467523677,-31.1620749527489));
#11781=CARTESIAN_POINT('Ctrl Pts',(1.96496605352671,-19.8472755329864,-31.2269743266364));
#11782=CARTESIAN_POINT('Ctrl Pts',(1.90468264689134,-19.855731071759,-31.2745733911315));
#11783=CARTESIAN_POINT('Ctrl Pts',(1.87452485259974,-19.8599610981155,-31.2983856286217));
#11784=CARTESIAN_POINT('',(2.02544619735683,-19.6330682932345,-31.1646231201512));
#11785=CARTESIAN_POINT('',(2.02544619735683,-19.8299854393447,-31.1296425888827));
#11786=CARTESIAN_POINT('Ctrl Pts',(2.02544619735683,-19.6330682932345,-31.1646231201512));
#11787=CARTESIAN_POINT('Ctrl Pts',(2.00529332557374,-19.6388296062575,-31.1970554840173));
#11788=CARTESIAN_POINT('Ctrl Pts',(1.96496605352671,-19.6503583868762,-31.2619548579048));
#11789=CARTESIAN_POINT('Ctrl Pts',(1.90468264689134,-19.6588139256488,-31.3095539224));
#11790=CARTESIAN_POINT('Ctrl Pts',(1.87452485259974,-19.6630439520053,-31.3333661598901));
#11791=CARTESIAN_POINT('Ctrl Pts',(2.08086898025479,-19.7907635779575,-30.908849572612));
#11792=CARTESIAN_POINT('Ctrl Pts',(2.08086898025479,-19.5938464318473,-30.9438301038804));
#11793=CARTESIAN_POINT('Ctrl Pts',(2.07864116669153,-19.7976653667162,-30.9477020570122));
#11794=CARTESIAN_POINT('Ctrl Pts',(2.07864116669153,-19.600748220606,-30.9826825882806));
#11795=CARTESIAN_POINT('Ctrl Pts',(2.07422399138966,-19.8113498200952,-31.0247364360732));
#11796=CARTESIAN_POINT('Ctrl Pts',(2.07422399138966,-19.614432673985,-31.0597169673416));
#11797=CARTESIAN_POINT('Ctrl Pts',(2.04161082873559,-19.8238097210357,-31.0948773986327));
#11798=CARTESIAN_POINT('Ctrl Pts',(2.04161082873559,-19.6268925749255,-31.1298579299011));
#11799=CARTESIAN_POINT('Ctrl Pts',(2.02544619735683,-19.8299854393447,-31.1296425888827));
#11800=CARTESIAN_POINT('Ctrl Pts',(2.02544619735683,-19.6330682932345,-31.1646231201512));
#11801=CARTESIAN_POINT('',(2.08086898025479,-19.7907635779575,-30.908849572612));
#11802=CARTESIAN_POINT('Ctrl Pts',(2.08086898025479,-19.7907635779575,-30.908849572612));
#11803=CARTESIAN_POINT('Ctrl Pts',(2.07864116669153,-19.7976653667162,-30.9477020570122));
#11804=CARTESIAN_POINT('Ctrl Pts',(2.07422399138966,-19.8113498200952,-31.0247364360732));
#11805=CARTESIAN_POINT('Ctrl Pts',(2.04161082873559,-19.8238097210357,-31.0948773986327));
#11806=CARTESIAN_POINT('Ctrl Pts',(2.02544619735683,-19.8299854393447,-31.1296425888827));
#11807=CARTESIAN_POINT('',(2.08086898025479,-19.5938464318473,-30.9438301038804));
#11808=CARTESIAN_POINT('',(2.08086898025479,-19.7907635779575,-30.908849572612));
#11809=CARTESIAN_POINT('Ctrl Pts',(2.08086898025479,-19.5938464318473,-30.9438301038804));
#11810=CARTESIAN_POINT('Ctrl Pts',(2.07864116669153,-19.600748220606,-30.9826825882806));
#11811=CARTESIAN_POINT('Ctrl Pts',(2.07422399138966,-19.614432673985,-31.0597169673416));
#11812=CARTESIAN_POINT('Ctrl Pts',(2.04161082873559,-19.6268925749255,-31.1298579299011));
#11813=CARTESIAN_POINT('Ctrl Pts',(2.02544619735683,-19.6330682932345,-31.1646231201512));
#11814=CARTESIAN_POINT('Ctrl Pts',(2.01350857910123,-19.7482608093273,-30.6695872287609));
#11815=CARTESIAN_POINT('Ctrl Pts',(2.01350857910123,-19.5513436632171,-30.7045677600293));
#11816=CARTESIAN_POINT('Ctrl Pts',(2.03315528950787,-19.7548723903057,-30.7068060362044));
#11817=CARTESIAN_POINT('Ctrl Pts',(2.03315528950787,-19.5579552441955,-30.7417865674728));
#11818=CARTESIAN_POINT('Ctrl Pts',(2.07277151279844,-19.7682041829022,-30.7818551694063));
#11819=CARTESIAN_POINT('Ctrl Pts',(2.07277151279844,-19.571287036792,-30.8168357006747));
#11820=CARTESIAN_POINT('Ctrl Pts',(2.07815520190651,-19.7832030415081,-30.8662887764581));
#11821=CARTESIAN_POINT('Ctrl Pts',(2.07815520190651,-19.5862858953979,-30.9012693077265));
#11822=CARTESIAN_POINT('Ctrl Pts',(2.08086898025479,-19.7907635779575,-30.908849572612));
#11823=CARTESIAN_POINT('Ctrl Pts',(2.08086898025479,-19.5938464318473,-30.9438301038804));
#11824=CARTESIAN_POINT('',(2.01350857910123,-19.7482608093273,-30.6695872287609));
#11825=CARTESIAN_POINT('Ctrl Pts',(2.01350857910123,-19.7482608093273,-30.6695872287609));
#11826=CARTESIAN_POINT('Ctrl Pts',(2.03315528950787,-19.7548723903057,-30.7068060362044));
#11827=CARTESIAN_POINT('Ctrl Pts',(2.07277151279844,-19.7682041829022,-30.7818551694063));
#11828=CARTESIAN_POINT('Ctrl Pts',(2.07815520190651,-19.7832030415081,-30.8662887764581));
#11829=CARTESIAN_POINT('Ctrl Pts',(2.08086898025479,-19.7907635779575,-30.908849572612));
#11830=CARTESIAN_POINT('',(2.01350857910123,-19.5513436632171,-30.7045677600293));
#11831=CARTESIAN_POINT('',(2.01350857910123,-19.7482608093273,-30.6695872287609));
#11832=CARTESIAN_POINT('Ctrl Pts',(2.01350857910123,-19.5513436632171,-30.7045677600293));
#11833=CARTESIAN_POINT('Ctrl Pts',(2.03315528950787,-19.5579552441955,-30.7417865674728));
#11834=CARTESIAN_POINT('Ctrl Pts',(2.07277151279844,-19.571287036792,-30.8168357006747));
#11835=CARTESIAN_POINT('Ctrl Pts',(2.07815520190651,-19.5862858953979,-30.9012693077265));
#11836=CARTESIAN_POINT('Ctrl Pts',(2.08086898025479,-19.5938464318473,-30.9438301038804));
#11837=CARTESIAN_POINT('Ctrl Pts',(1.81569149192778,-19.7181360207784,-30.5000046874696));
#11838=CARTESIAN_POINT('Ctrl Pts',(1.81569149192778,-19.5212188746682,-30.5349852187381));
#11839=CARTESIAN_POINT('Ctrl Pts',(1.85618202087348,-19.722010383433,-30.5218147746605));
#11840=CARTESIAN_POINT('Ctrl Pts',(1.85618202087348,-19.5250932373229,-30.5567953059289));
#11841=CARTESIAN_POINT('Ctrl Pts',(1.93478288498772,-19.7295313583493,-30.5641528656721));
#11842=CARTESIAN_POINT('Ctrl Pts',(1.93478288498772,-19.5326142122391,-30.5991333969405));
#11843=CARTESIAN_POINT('Ctrl Pts',(1.98780185508949,-19.7421449810376,-30.6351591795224));
#11844=CARTESIAN_POINT('Ctrl Pts',(1.98780185508949,-19.5452278349274,-30.6701397107908));
#11845=CARTESIAN_POINT('Ctrl Pts',(2.01350857910123,-19.7482608093273,-30.6695872287609));
#11846=CARTESIAN_POINT('Ctrl Pts',(2.01350857910123,-19.5513436632171,-30.7045677600293));
#11847=CARTESIAN_POINT('',(1.81569149192778,-19.7181360207784,-30.5000046874696));
#11848=CARTESIAN_POINT('Ctrl Pts',(1.81569149192778,-19.7181360207784,-30.5000046874696));
#11849=CARTESIAN_POINT('Ctrl Pts',(1.85618202087348,-19.722010383433,-30.5218147746605));
#11850=CARTESIAN_POINT('Ctrl Pts',(1.93478288498772,-19.7295313583493,-30.5641528656721));
#11851=CARTESIAN_POINT('Ctrl Pts',(1.98780185508949,-19.7421449810376,-30.6351591795224));
#11852=CARTESIAN_POINT('Ctrl Pts',(2.01350857910123,-19.7482608093273,-30.6695872287609));
#11853=CARTESIAN_POINT('',(1.81569149192778,-19.5212188746682,-30.5349852187381));
#11854=CARTESIAN_POINT('',(1.81569149192778,-19.7181360207784,-30.5000046874696));
#11855=CARTESIAN_POINT('Ctrl Pts',(1.81569149192778,-19.5212188746682,-30.5349852187381));
#11856=CARTESIAN_POINT('Ctrl Pts',(1.85618202087348,-19.5250932373229,-30.5567953059289));
#11857=CARTESIAN_POINT('Ctrl Pts',(1.93478288498772,-19.5326142122391,-30.5991333969405));
#11858=CARTESIAN_POINT('Ctrl Pts',(1.98780185508949,-19.5452278349274,-30.6701397107908));
#11859=CARTESIAN_POINT('Ctrl Pts',(2.01350857910123,-19.5513436632171,-30.7045677600293));
#11860=CARTESIAN_POINT('Ctrl Pts',(1.34758164581267,-19.6923361000441,-30.3547682780543));
#11861=CARTESIAN_POINT('Ctrl Pts',(1.34758164581267,-19.4954189539339,-30.3897488093227));
#11862=CARTESIAN_POINT('Ctrl Pts',(1.44365831091324,-19.6965454224077,-30.3784639658222));
#11863=CARTESIAN_POINT('Ctrl Pts',(1.44365831091324,-19.4996282762975,-30.4134444970906));
#11864=CARTESIAN_POINT('Ctrl Pts',(1.60272511968891,-19.7035144764936,-30.4176951093161));
#11865=CARTESIAN_POINT('Ctrl Pts',(1.60272511968891,-19.5065973303834,-30.4526756405846));
#11866=CARTESIAN_POINT('Ctrl Pts',(1.75528004235488,-19.713988376829,-30.4766562081876));
#11867=CARTESIAN_POINT('Ctrl Pts',(1.75528004235488,-19.5170712307188,-30.511636739456));
#11868=CARTESIAN_POINT('Ctrl Pts',(1.81569149192778,-19.7181360207784,-30.5000046874696));
#11869=CARTESIAN_POINT('Ctrl Pts',(1.81569149192778,-19.5212188746682,-30.5349852187381));
#11870=CARTESIAN_POINT('',(1.34758164581267,-19.6923361000441,-30.3547682780543));
#11871=CARTESIAN_POINT('Ctrl Pts',(1.34758164581267,-19.6923361000441,-30.3547682780543));
#11872=CARTESIAN_POINT('Ctrl Pts',(1.44365831091324,-19.6965454224077,-30.3784639658222));
#11873=CARTESIAN_POINT('Ctrl Pts',(1.60272511968891,-19.7035144764936,-30.4176951093161));
#11874=CARTESIAN_POINT('Ctrl Pts',(1.75528004235488,-19.713988376829,-30.4766562081876));
#11875=CARTESIAN_POINT('Ctrl Pts',(1.81569149192778,-19.7181360207784,-30.5000046874696));
#11876=CARTESIAN_POINT('',(1.34758164581267,-19.4954189539339,-30.3897488093227));
#11877=CARTESIAN_POINT('',(1.34758164581267,-19.6923361000441,-30.3547682780543));
#11878=CARTESIAN_POINT('Ctrl Pts',(1.34758164581267,-19.4954189539339,-30.3897488093227));
#11879=CARTESIAN_POINT('Ctrl Pts',(1.44365831091324,-19.4996282762975,-30.4134444970906));
#11880=CARTESIAN_POINT('Ctrl Pts',(1.60272511968891,-19.5065973303834,-30.4526756405846));
#11881=CARTESIAN_POINT('Ctrl Pts',(1.75528004235488,-19.5170712307188,-30.511636739456));
#11882=CARTESIAN_POINT('Ctrl Pts',(1.81569149192778,-19.5212188746682,-30.5349852187381));
#11883=CARTESIAN_POINT('Ctrl Pts',(1.0338025301358,-19.6741419283048,-30.2523471813806));
#11884=CARTESIAN_POINT('Ctrl Pts',(1.0338025301358,-19.4772247821946,-30.2873277126491));
#11885=CARTESIAN_POINT('Ctrl Pts',(1.0701713626862,-19.6769984879901,-30.2684277141947));
#11886=CARTESIAN_POINT('Ctrl Pts',(1.0701713626862,-19.4800813418799,-30.3034082454631));
#11887=CARTESIAN_POINT('Ctrl Pts',(1.17103714799446,-19.6849209071531,-30.3130256695517));
#11888=CARTESIAN_POINT('Ctrl Pts',(1.17103714799446,-19.4880037610429,-30.3480062008201));
#11889=CARTESIAN_POINT('Ctrl Pts',(1.27872343586402,-19.6894439288623,-30.3384872761789));
#11890=CARTESIAN_POINT('Ctrl Pts',(1.27872343586402,-19.4925267827521,-30.3734678074473));
#11891=CARTESIAN_POINT('Ctrl Pts',(1.34758164581267,-19.6923361000441,-30.3547682780543));
#11892=CARTESIAN_POINT('Ctrl Pts',(1.34758164581267,-19.4954189539339,-30.3897488093227));
#11893=CARTESIAN_POINT('',(1.0338025301358,-19.6741419283048,-30.2523471813806));
#11894=CARTESIAN_POINT('Ctrl Pts',(1.0338025301358,-19.6741419283048,-30.2523471813806));
#11895=CARTESIAN_POINT('Ctrl Pts',(1.0701713626862,-19.6769984879901,-30.2684277141947));
#11896=CARTESIAN_POINT('Ctrl Pts',(1.17103714799446,-19.6849209071531,-30.3130256695517));
#11897=CARTESIAN_POINT('Ctrl Pts',(1.27872343586402,-19.6894439288623,-30.3384872761789));
#11898=CARTESIAN_POINT('Ctrl Pts',(1.34758164581267,-19.6923361000441,-30.3547682780543));
#11899=CARTESIAN_POINT('',(1.0338025301358,-19.4772247821946,-30.2873277126491));
#11900=CARTESIAN_POINT('',(1.0338025301358,-19.6741419283048,-30.2523471813806));
#11901=CARTESIAN_POINT('Ctrl Pts',(1.0338025301358,-19.4772247821946,-30.2873277126491));
#11902=CARTESIAN_POINT('Ctrl Pts',(1.0701713626862,-19.4800813418799,-30.3034082454631));
#11903=CARTESIAN_POINT('Ctrl Pts',(1.17103714799446,-19.4880037610429,-30.3480062008201));
#11904=CARTESIAN_POINT('Ctrl Pts',(1.27872343586402,-19.4925267827521,-30.3734678074473));
#11905=CARTESIAN_POINT('Ctrl Pts',(1.34758164581267,-19.4954189539339,-30.3897488093227));
#11906=CARTESIAN_POINT('Ctrl Pts',(0.943420430984192,-19.6455084635993,
-30.0911598023272));
#11907=CARTESIAN_POINT('Ctrl Pts',(0.943420430984192,-19.4485913174892,
-30.1261403335957));
#11908=CARTESIAN_POINT('Ctrl Pts',(0.947365638746121,-19.6512705921319,
-30.1235967569706));
#11909=CARTESIAN_POINT('Ctrl Pts',(0.947365638746121,-19.4543534460217,
-30.158577288239));
#11910=CARTESIAN_POINT('Ctrl Pts',(0.955353020906182,-19.6629364727198,
-30.1892679125799));
#11911=CARTESIAN_POINT('Ctrl Pts',(0.955353020906182,-19.4660193266096,
-30.2242484438483));
#11912=CARTESIAN_POINT('Ctrl Pts',(1.00744190776207,-19.6703766685077,-30.2311512707778));
#11913=CARTESIAN_POINT('Ctrl Pts',(1.00744190776207,-19.4734595223976,-30.2661318020462));
#11914=CARTESIAN_POINT('Ctrl Pts',(1.0338025301358,-19.6741419283048,-30.2523471813806));
#11915=CARTESIAN_POINT('Ctrl Pts',(1.0338025301358,-19.4772247821946,-30.2873277126491));
#11916=CARTESIAN_POINT('',(0.943420430984192,-19.6455084635993,-30.0911598023272));
#11917=CARTESIAN_POINT('Ctrl Pts',(0.943420430984192,-19.6455084635993,
-30.0911598023272));
#11918=CARTESIAN_POINT('Ctrl Pts',(0.947365638746121,-19.6512705921319,
-30.1235967569706));
#11919=CARTESIAN_POINT('Ctrl Pts',(0.955353020906182,-19.6629364727198,
-30.1892679125799));
#11920=CARTESIAN_POINT('Ctrl Pts',(1.00744190776207,-19.6703766685077,-30.2311512707778));
#11921=CARTESIAN_POINT('Ctrl Pts',(1.0338025301358,-19.6741419283048,-30.2523471813806));
#11922=CARTESIAN_POINT('',(0.943420430984192,-19.4485913174892,-30.1261403335957));
#11923=CARTESIAN_POINT('',(0.943420430984192,-19.6455084635993,-30.0911598023272));
#11924=CARTESIAN_POINT('Ctrl Pts',(0.943420430984192,-19.4485913174892,
-30.1261403335957));
#11925=CARTESIAN_POINT('Ctrl Pts',(0.947365638746121,-19.4543534460217,
-30.158577288239));
#11926=CARTESIAN_POINT('Ctrl Pts',(0.955353020906182,-19.4660193266096,
-30.2242484438483));
#11927=CARTESIAN_POINT('Ctrl Pts',(1.00744190776207,-19.4734595223976,-30.2661318020462));
#11928=CARTESIAN_POINT('Ctrl Pts',(1.0338025301358,-19.4772247821946,-30.2873277126491));
#11929=CARTESIAN_POINT('Ctrl Pts',(1.04574014839143,-19.6101640806924,-29.8921944132755));
#11930=CARTESIAN_POINT('Ctrl Pts',(1.04574014839143,-19.4132469345822,-29.9271749445439));
#11931=CARTESIAN_POINT('Ctrl Pts',(1.01591188539627,-19.6152524459553,-29.9208385284335));
#11932=CARTESIAN_POINT('Ctrl Pts',(1.01591188539627,-19.4183352998452,-29.9558190597019));
#11933=CARTESIAN_POINT('Ctrl Pts',(0.958608034580153,-19.62502783663,-29.975867482082));
#11934=CARTESIAN_POINT('Ctrl Pts',(0.958608034580153,-19.4281106905198,
-30.0108480133504));
#11935=CARTESIAN_POINT('Ctrl Pts',(0.948342477450873,-19.6388710374266,
-30.0537955036139));
#11936=CARTESIAN_POINT('Ctrl Pts',(0.948342477450873,-19.4419538913164,
-30.0887760348824));
#11937=CARTESIAN_POINT('Ctrl Pts',(0.943420430984192,-19.6455084635993,
-30.0911598023272));
#11938=CARTESIAN_POINT('Ctrl Pts',(0.943420430984192,-19.4485913174892,
-30.1261403335957));
#11939=CARTESIAN_POINT('',(1.04574014839143,-19.6101640806924,-29.8921944132755));
#11940=CARTESIAN_POINT('Ctrl Pts',(1.04574014839143,-19.6101640806924,-29.8921944132755));
#11941=CARTESIAN_POINT('Ctrl Pts',(1.01591188539627,-19.6152524459553,-29.9208385284335));
#11942=CARTESIAN_POINT('Ctrl Pts',(0.958608034580153,-19.62502783663,-29.975867482082));
#11943=CARTESIAN_POINT('Ctrl Pts',(0.948342477450873,-19.6388710374266,
-30.0537955036139));
#11944=CARTESIAN_POINT('Ctrl Pts',(0.943420430984192,-19.6455084635993,
-30.0911598023272));
#11945=CARTESIAN_POINT('',(1.04574014839143,-19.4132469345822,-29.9271749445439));
#11946=CARTESIAN_POINT('',(1.04574014839143,-19.6101640806924,-29.8921944132755));
#11947=CARTESIAN_POINT('Ctrl Pts',(1.04574014839143,-19.4132469345822,-29.9271749445439));
#11948=CARTESIAN_POINT('Ctrl Pts',(1.01591188539627,-19.4183352998452,-29.9558190597019));
#11949=CARTESIAN_POINT('Ctrl Pts',(0.958608034580153,-19.4281106905198,
-30.0108480133504));
#11950=CARTESIAN_POINT('Ctrl Pts',(0.948342477450873,-19.4419538913164,
-30.0887760348824));
#11951=CARTESIAN_POINT('Ctrl Pts',(0.943420430984192,-19.4485913174892,
-30.1261403335957));
#11952=CARTESIAN_POINT('Ctrl Pts',(1.35951807197541,-19.5951016603555,-29.8074029959152));
#11953=CARTESIAN_POINT('Ctrl Pts',(1.35951807197541,-19.3981845142453,-29.8423835271836));
#11954=CARTESIAN_POINT('Ctrl Pts',(1.29642243642732,-19.595355506969,-29.8088319836655));
#11955=CARTESIAN_POINT('Ctrl Pts',(1.29642243642732,-19.3984383608588,-29.8438125149339));
#11956=CARTESIAN_POINT('Ctrl Pts',(1.18405324923849,-19.5958075911327,-29.8113769170924));
#11957=CARTESIAN_POINT('Ctrl Pts',(1.18405324923849,-19.3988904450225,-29.8463574483608));
#11958=CARTESIAN_POINT('Ctrl Pts',(1.08790212712629,-19.605787792374,-29.8675588181323));
#11959=CARTESIAN_POINT('Ctrl Pts',(1.08790212712629,-19.4088706462638,-29.9025393494007));
#11960=CARTESIAN_POINT('Ctrl Pts',(1.04574014839143,-19.6101640806924,-29.8921944132755));
#11961=CARTESIAN_POINT('Ctrl Pts',(1.04574014839143,-19.4132469345822,-29.9271749445439));
#11962=CARTESIAN_POINT('',(1.35951807197541,-19.5951016603555,-29.8074029959152));
#11963=CARTESIAN_POINT('Ctrl Pts',(1.35951807197541,-19.5951016603555,-29.8074029959152));
#11964=CARTESIAN_POINT('Ctrl Pts',(1.29642243642732,-19.595355506969,-29.8088319836655));
#11965=CARTESIAN_POINT('Ctrl Pts',(1.18405324923849,-19.5958075911327,-29.8113769170924));
#11966=CARTESIAN_POINT('Ctrl Pts',(1.08790212712629,-19.605787792374,-29.8675588181323));
#11967=CARTESIAN_POINT('Ctrl Pts',(1.04574014839143,-19.6101640806924,-29.8921944132755));
#11968=CARTESIAN_POINT('',(1.35951807197541,-19.3981845142453,-29.8423835271836));
#11969=CARTESIAN_POINT('',(1.35951807197541,-19.5951016603555,-29.8074029959152));
#11970=CARTESIAN_POINT('Ctrl Pts',(1.35951807197541,-19.3981845142453,-29.8423835271836));
#11971=CARTESIAN_POINT('Ctrl Pts',(1.29642243642732,-19.3984383608588,-29.8438125149339));
#11972=CARTESIAN_POINT('Ctrl Pts',(1.18405324923849,-19.3988904450225,-29.8463574483608));
#11973=CARTESIAN_POINT('Ctrl Pts',(1.08790212712629,-19.4088706462638,-29.9025393494007));
#11974=CARTESIAN_POINT('Ctrl Pts',(1.04574014839143,-19.4132469345822,-29.9271749445439));
#11975=CARTESIAN_POINT('Ctrl Pts',(1.68608715232819,-19.6121027678075,-29.9031079334557));
#11976=CARTESIAN_POINT('Ctrl Pts',(1.68608715232819,-19.4151856216974,-29.9380884647241));
#11977=CARTESIAN_POINT('Ctrl Pts',(1.6406601139829,-19.6071540443277,-29.8752499087427));
#11978=CARTESIAN_POINT('Ctrl Pts',(1.6406601139829,-19.4102368982175,-29.9102304400111));
#11979=CARTESIAN_POINT('Ctrl Pts',(1.54111468677272,-19.596309780407,-29.8142039089968));
#11980=CARTESIAN_POINT('Ctrl Pts',(1.54111468677272,-19.3993926342968,-29.8491844402652));
#11981=CARTESIAN_POINT('Ctrl Pts',(1.42347402769206,-19.5955271444571,-29.809798188669));
#11982=CARTESIAN_POINT('Ctrl Pts',(1.42347402769206,-19.398609998347,-29.8447787199374));
#11983=CARTESIAN_POINT('Ctrl Pts',(1.35951807197541,-19.5951016603555,-29.8074029959152));
#11984=CARTESIAN_POINT('Ctrl Pts',(1.35951807197541,-19.3981845142453,-29.8423835271836));
#11985=CARTESIAN_POINT('',(1.68608715232819,-19.6121027678075,-29.9031079334557));
#11986=CARTESIAN_POINT('Ctrl Pts',(1.68608715232819,-19.6121027678075,-29.9031079334557));
#11987=CARTESIAN_POINT('Ctrl Pts',(1.6406601139829,-19.6071540443277,-29.8752499087427));
#11988=CARTESIAN_POINT('Ctrl Pts',(1.54111468677272,-19.596309780407,-29.8142039089968));
#11989=CARTESIAN_POINT('Ctrl Pts',(1.42347402769206,-19.5955271444571,-29.809798188669));
#11990=CARTESIAN_POINT('Ctrl Pts',(1.35951807197541,-19.5951016603555,-29.8074029959152));
#11991=CARTESIAN_POINT('',(1.68608715232819,-19.4151856216974,-29.9380884647241));
#11992=CARTESIAN_POINT('',(1.68608715232819,-19.6121027678075,-29.9031079334557));
#11993=CARTESIAN_POINT('Ctrl Pts',(1.68608715232819,-19.4151856216974,-29.9380884647241));
#11994=CARTESIAN_POINT('Ctrl Pts',(1.6406601139829,-19.4102368982175,-29.9102304400111));
#11995=CARTESIAN_POINT('Ctrl Pts',(1.54111468677272,-19.3993926342968,-29.8491844402652));
#11996=CARTESIAN_POINT('Ctrl Pts',(1.42347402769206,-19.398609998347,-29.8447787199374));
#11997=CARTESIAN_POINT('Ctrl Pts',(1.35951807197541,-19.3981845142453,-29.8423835271836));
#11998=CARTESIAN_POINT('Ctrl Pts',(1.82848145660369,-19.6610182732706,-30.1784697243446));
#11999=CARTESIAN_POINT('Ctrl Pts',(1.82848145660369,-19.4641011271604,-30.213450255613));
#12000=CARTESIAN_POINT('Ctrl Pts',(1.81728200774139,-19.651172763395,-30.1230460461902));
#12001=CARTESIAN_POINT('Ctrl Pts',(1.81728200774139,-19.4542556172849,-30.1580265774586));
#12002=CARTESIAN_POINT('Ctrl Pts',(1.79601370951865,-19.6324756611749,-30.0177937851119));
#12003=CARTESIAN_POINT('Ctrl Pts',(1.79601370951865,-19.4355585150647,-30.0527743163803));
#12004=CARTESIAN_POINT('Ctrl Pts',(1.72140734036139,-19.6186487239705,-29.9399573167965));
#12005=CARTESIAN_POINT('Ctrl Pts',(1.72140734036139,-19.4217315778603,-29.9749378480649));
#12006=CARTESIAN_POINT('Ctrl Pts',(1.68608715232819,-19.6121027678075,-29.9031079334557));
#12007=CARTESIAN_POINT('Ctrl Pts',(1.68608715232819,-19.4151856216974,-29.9380884647241));
#12008=CARTESIAN_POINT('',(1.82848145660369,-19.6610182732706,-30.1784697243446));
#12009=CARTESIAN_POINT('Ctrl Pts',(1.82848145660369,-19.6610182732706,-30.1784697243446));
#12010=CARTESIAN_POINT('Ctrl Pts',(1.81728200774139,-19.651172763395,-30.1230460461902));
#12011=CARTESIAN_POINT('Ctrl Pts',(1.79601370951865,-19.6324756611749,-30.0177937851119));
#12012=CARTESIAN_POINT('Ctrl Pts',(1.72140734036139,-19.6186487239705,-29.9399573167965));
#12013=CARTESIAN_POINT('Ctrl Pts',(1.68608715232819,-19.6121027678075,-29.9031079334557));
#12014=CARTESIAN_POINT('',(1.82848145660369,-19.4641011271604,-30.213450255613));
#12015=CARTESIAN_POINT('',(1.82848145660369,-19.6610182732706,-30.1784697243446));
#12016=CARTESIAN_POINT('Ctrl Pts',(1.82848145660369,-19.4641011271604,-30.213450255613));
#12017=CARTESIAN_POINT('Ctrl Pts',(1.81728200774139,-19.4542556172849,-30.1580265774586));
#12018=CARTESIAN_POINT('Ctrl Pts',(1.79601370951865,-19.4355585150647,-30.0527743163803));
#12019=CARTESIAN_POINT('Ctrl Pts',(1.72140734036139,-19.4217315778603,-29.9749378480649));
#12020=CARTESIAN_POINT('Ctrl Pts',(1.68608715232819,-19.4151856216974,-29.9380884647241));
#12021=CARTESIAN_POINT('Origin',(2.13202883895843,-19.6526668493226,-30.1314567571267));
#12022=CARTESIAN_POINT('',(2.13202883895843,-19.6526668493226,-30.1314567571267));
#12023=CARTESIAN_POINT('',(32.3206313892157,-18.8220953044878,-25.4558908832275));
#12024=CARTESIAN_POINT('',(2.13202883895843,-19.4557497032124,-30.1664372883951));
#12025=CARTESIAN_POINT('',(2.13202883895843,-19.6526668493226,-30.1314567571267));
#12026=CARTESIAN_POINT('',(2.13202883895843,-19.4557497032124,-30.1664372883951));
#12027=CARTESIAN_POINT('Ctrl Pts',(1.89584185775728,-19.5766092551225,-29.7033030428516));
#12028=CARTESIAN_POINT('Ctrl Pts',(1.89584185775728,-19.3796921090124,-29.7382835741201));
#12029=CARTESIAN_POINT('Ctrl Pts',(1.95235033379691,-19.586638521769,-29.7597611495181));
#12030=CARTESIAN_POINT('Ctrl Pts',(1.95235033379691,-19.3897213756588,-29.7947416807865));
#12031=CARTESIAN_POINT('Ctrl Pts',(2.07245858376991,-19.6079556364719,-29.8797623398483));
#12032=CARTESIAN_POINT('Ctrl Pts',(2.07245858376991,-19.4110384903617,-29.9147428711167));
#12033=CARTESIAN_POINT('Ctrl Pts',(2.1114055984348,-19.6371878137904,-30.0443200730624));
#12034=CARTESIAN_POINT('Ctrl Pts',(2.1114055984348,-19.4402706676803,-30.0793006043308));
#12035=CARTESIAN_POINT('Ctrl Pts',(2.13202883895843,-19.6526668493226,-30.1314567571267));
#12036=CARTESIAN_POINT('Ctrl Pts',(2.13202883895843,-19.4557497032124,-30.1664372883951));
#12037=CARTESIAN_POINT('Ctrl Pts',(1.89584185775728,-19.5766092551225,-29.7033030428516));
#12038=CARTESIAN_POINT('Ctrl Pts',(1.95235033379691,-19.586638521769,-29.7597611495181));
#12039=CARTESIAN_POINT('Ctrl Pts',(2.07245858376991,-19.6079556364719,-29.8797623398483));
#12040=CARTESIAN_POINT('Ctrl Pts',(2.1114055984348,-19.6371878137904,-30.0443200730624));
#12041=CARTESIAN_POINT('Ctrl Pts',(2.13202883895843,-19.6526668493226,-30.1314567571267));
#12042=CARTESIAN_POINT('Ctrl Pts',(1.89584185775728,-19.3796921090124,-29.7382835741201));
#12043=CARTESIAN_POINT('Ctrl Pts',(1.95235033379691,-19.3897213756588,-29.7947416807865));
#12044=CARTESIAN_POINT('Ctrl Pts',(2.07245858376991,-19.4110384903617,-29.9147428711167));
#12045=CARTESIAN_POINT('Ctrl Pts',(2.1114055984348,-19.4402706676803,-30.0793006043308));
#12046=CARTESIAN_POINT('Ctrl Pts',(2.13202883895843,-19.4557497032124,-30.1664372883951));
#12047=CARTESIAN_POINT('Origin',(-0.209376564609061,-19.5191310317125,-30.5232320502909));
#12048=CARTESIAN_POINT('Origin',(2.4031751364132,-19.9222984921064,-31.6493037329366));
#12049=CARTESIAN_POINT('',(2.4031751364132,-19.9222984921064,-31.6493037329366));
#12050=CARTESIAN_POINT('',(2.48503019508327,-19.840573862089,-31.1892483728148));
#12051=CARTESIAN_POINT('',(2.66490623000305,-19.6609844434076,-30.1782792846868));
#12052=CARTESIAN_POINT('',(2.4031751364132,-19.7253813459963,-31.6842842642051));
#12053=CARTESIAN_POINT('',(2.4031751364132,-19.9222984921064,-31.6493037329366));
#12054=CARTESIAN_POINT('',(2.48503019508327,-19.6436567159788,-31.2242289040832));
#12055=CARTESIAN_POINT('',(2.4031751364132,-19.7253813459962,-31.6842842642051));
#12056=CARTESIAN_POINT('',(2.48503019508327,-19.840573862089,-31.1892483728148));
#12057=CARTESIAN_POINT('Origin',(2.40317513641318,-19.9953734386197,-32.0606671227359));
#12058=CARTESIAN_POINT('',(2.40317513641318,-19.9953734386197,-32.0606671227359));
#12059=CARTESIAN_POINT('',(2.40317513641302,-20.6561383519327,-35.7803344994412));
#12060=CARTESIAN_POINT('',(2.40317513641318,-19.7984562925096,-32.0956476540044));
#12061=CARTESIAN_POINT('',(2.40317513641318,-19.9953734386197,-32.0606671227359));
#12062=CARTESIAN_POINT('',(2.40317513641318,-19.7984562925096,-32.0956476540044));
#12063=CARTESIAN_POINT('Origin',(2.75276591476401,-19.9953734386198,-32.060667122736));
#12064=CARTESIAN_POINT('',(2.75276591476401,-19.9953734386198,-32.060667122736));
#12065=CARTESIAN_POINT('',(34.1263829573822,-19.9953734386217,-32.060667122737));
#12066=CARTESIAN_POINT('',(2.75276591476401,-19.7984562925096,-32.0956476540044));
#12067=CARTESIAN_POINT('',(2.75276591476401,-19.9953734386198,-32.060667122736));
#12068=CARTESIAN_POINT('',(2.75276591476401,-19.7984562925096,-32.0956476540044));
#12069=CARTESIAN_POINT('Origin',(2.75276591476403,-19.9222984921064,-31.6493037329367));
#12070=CARTESIAN_POINT('',(2.75276591476403,-19.9222984921064,-31.6493037329367));
#12071=CARTESIAN_POINT('',(2.75276591476386,-20.619600878676,-35.5746528045415));
#12072=CARTESIAN_POINT('',(2.75276591476403,-19.7253813459963,-31.6842842642051));
#12073=CARTESIAN_POINT('',(2.75276591476403,-19.9222984921064,-31.6493037329367));
#12074=CARTESIAN_POINT('',(2.75276591476403,-19.7253813459963,-31.6842842642051));
#12075=CARTESIAN_POINT('Origin',(2.67432143386806,-19.840573862089,-31.1892483728148));
#12076=CARTESIAN_POINT('',(2.67432143386806,-19.840573862089,-31.1892483728148));
#12077=CARTESIAN_POINT('',(4.22452476448009,-21.4555988096597,-40.2807656265589));
#12078=CARTESIAN_POINT('',(2.67432143386806,-19.6436567159788,-31.2242289040832));
#12079=CARTESIAN_POINT('',(2.67432143386806,-19.840573862089,-31.1892483728148));
#12080=CARTESIAN_POINT('',(2.67432143386806,-19.6436567159788,-31.2242289040832));
#12081=CARTESIAN_POINT('Origin',(2.48503019508327,-19.840573862089,-31.1892483728148));
#12082=CARTESIAN_POINT('',(33.9925150975418,-19.8405738620909,-31.1892483728159));
#12083=CARTESIAN_POINT('',(2.48503019508327,-19.6436567159788,-31.2242289040832));
#12084=CARTESIAN_POINT('Origin',(-0.209376564609061,-19.5191310317125,-30.5232320502909));
#12085=CARTESIAN_POINT('Origin',(3.93284787830317,-19.8748743365493,-31.3823372510004));
#12086=CARTESIAN_POINT('',(3.93284787830317,-19.8748743365493,-31.3823372510004));
#12087=CARTESIAN_POINT('',(3.93284787830324,-19.5581167977646,-29.5992027963587));
#12088=CARTESIAN_POINT('',(3.93284787830299,-20.5958888008974,-35.4411695635734));
#12089=CARTESIAN_POINT('',(3.93284787830317,-19.6779571904391,-31.4173177822688));
#12090=CARTESIAN_POINT('',(3.93284787830317,-19.8748743365493,-31.3823372510004));
#12091=CARTESIAN_POINT('',(3.93284787830324,-19.3611996516544,-29.6341833276271));
#12092=CARTESIAN_POINT('',(3.93284787830317,-19.6779571904391,-31.4173177822688));
#12093=CARTESIAN_POINT('',(3.93284787830324,-19.5581167977646,-29.5992027963587));
#12094=CARTESIAN_POINT('Origin',(4.23980583843195,-19.8748743365493,-31.3823372510004));
#12095=CARTESIAN_POINT('',(4.23980583843195,-19.8748743365493,-31.3823372510004));
#12096=CARTESIAN_POINT('',(34.8699029192162,-19.8748743365512,-31.3823372510014));
#12097=CARTESIAN_POINT('',(4.23980583843195,-19.6779571904392,-31.4173177822688));
#12098=CARTESIAN_POINT('',(4.23980583843195,-19.8748743365493,-31.3823372510004));
#12099=CARTESIAN_POINT('',(4.23980583843195,-19.6779571904391,-31.4173177822688));
#12100=CARTESIAN_POINT('Origin',(4.23980583843199,-19.7051614955222,-30.4269667319859));
#12101=CARTESIAN_POINT('',(4.23980583843199,-19.7051614955222,-30.4269667319859));
#12102=CARTESIAN_POINT('',(4.23980583843179,-20.5110323803839,-34.9634843040662));
#12103=CARTESIAN_POINT('',(4.23980583843199,-19.5082443494121,-30.4619472632544));
#12104=CARTESIAN_POINT('',(4.23980583843199,-19.7051614955222,-30.4269667319859));
#12105=CARTESIAN_POINT('',(4.23980583843199,-19.5082443494121,-30.4619472632544));
#12106=CARTESIAN_POINT('Ctrl Pts',(4.29011275466889,-19.643271464803,-30.0785669856132));
#12107=CARTESIAN_POINT('Ctrl Pts',(4.29011275466889,-19.4463543186928,-30.1135475168817));
#12108=CARTESIAN_POINT('Ctrl Pts',(4.27551310973069,-19.6519282381755,-30.1272988671835));
#12109=CARTESIAN_POINT('Ctrl Pts',(4.27551310973069,-19.4550110920654,-30.1622793984519));
#12110=CARTESIAN_POINT('Ctrl Pts',(4.24151166189213,-19.6720891961661,-30.2407916635016));
#12111=CARTESIAN_POINT('Ctrl Pts',(4.24151166189213,-19.4751720500559,-30.27577219477));
#12112=CARTESIAN_POINT('Ctrl Pts',(4.2404255769329,-19.6931460802677,-30.3593279284728));
#12113=CARTESIAN_POINT('Ctrl Pts',(4.2404255769329,-19.4962289341575,-30.3943084597412));
#12114=CARTESIAN_POINT('Ctrl Pts',(4.23980583843199,-19.7051614955222,-30.4269667319859));
#12115=CARTESIAN_POINT('Ctrl Pts',(4.23980583843199,-19.5082443494121,-30.4619472632544));
#12116=CARTESIAN_POINT('',(4.29011275466889,-19.643271464803,-30.0785669856132));
#12117=CARTESIAN_POINT('Ctrl Pts',(4.29011275466889,-19.643271464803,-30.0785669856132));
#12118=CARTESIAN_POINT('Ctrl Pts',(4.27551310973069,-19.6519282381755,-30.1272988671835));
#12119=CARTESIAN_POINT('Ctrl Pts',(4.24151166189213,-19.6720891961661,-30.2407916635016));
#12120=CARTESIAN_POINT('Ctrl Pts',(4.2404255769329,-19.6931460802677,-30.3593279284728));
#12121=CARTESIAN_POINT('Ctrl Pts',(4.23980583843199,-19.7051614955222,-30.4269667319859));
#12122=CARTESIAN_POINT('',(4.29011275466889,-19.4463543186928,-30.1135475168817));
#12123=CARTESIAN_POINT('',(4.29011275466889,-19.643271464803,-30.0785669856132));
#12124=CARTESIAN_POINT('Ctrl Pts',(4.29011275466889,-19.4463543186928,-30.1135475168817));
#12125=CARTESIAN_POINT('Ctrl Pts',(4.27551310973069,-19.4550110920654,-30.1622793984519));
#12126=CARTESIAN_POINT('Ctrl Pts',(4.24151166189213,-19.4751720500559,-30.27577219477));
#12127=CARTESIAN_POINT('Ctrl Pts',(4.2404255769329,-19.4962289341575,-30.3943084597412));
#12128=CARTESIAN_POINT('Ctrl Pts',(4.23980583843199,-19.5082443494121,-30.4619472632544));
#12129=CARTESIAN_POINT('Ctrl Pts',(4.46149756607026,-19.6095675094551,-29.888836113637));
#12130=CARTESIAN_POINT('Ctrl Pts',(4.46149756607026,-19.4126503633449,-29.9238166449054));
#12131=CARTESIAN_POINT('Ctrl Pts',(4.42423245856277,-19.6140055705022,-29.9138194481942));
#12132=CARTESIAN_POINT('Ctrl Pts',(4.42423245856277,-19.417088424392,-29.9487999794626));
#12133=CARTESIAN_POINT('Ctrl Pts',(4.35091937590247,-19.6227367390983,-29.962970125437));
#12134=CARTESIAN_POINT('Ctrl Pts',(4.35091937590247,-19.4258195929881,-29.9979506567054));
#12135=CARTESIAN_POINT('Ctrl Pts',(4.31015604626817,-19.6365027365484,-30.0404635434309));
#12136=CARTESIAN_POINT('Ctrl Pts',(4.31015604626817,-19.4395855904382,-30.0754440746994));
#12137=CARTESIAN_POINT('Ctrl Pts',(4.29011275466889,-19.643271464803,-30.0785669856132));
#12138=CARTESIAN_POINT('Ctrl Pts',(4.29011275466889,-19.4463543186928,-30.1135475168817));
#12139=CARTESIAN_POINT('',(4.46149756607026,-19.6095675094551,-29.888836113637));
#12140=CARTESIAN_POINT('Ctrl Pts',(4.46149756607026,-19.6095675094551,-29.888836113637));
#12141=CARTESIAN_POINT('Ctrl Pts',(4.42423245856277,-19.6140055705022,-29.9138194481942));
#12142=CARTESIAN_POINT('Ctrl Pts',(4.35091937590247,-19.6227367390983,-29.962970125437));
#12143=CARTESIAN_POINT('Ctrl Pts',(4.31015604626817,-19.6365027365484,-30.0404635434309));
#12144=CARTESIAN_POINT('Ctrl Pts',(4.29011275466889,-19.643271464803,-30.0785669856132));
#12145=CARTESIAN_POINT('',(4.46149756607026,-19.4126503633449,-29.9238166449054));
#12146=CARTESIAN_POINT('',(4.46149756607026,-19.6095675094551,-29.888836113637));
#12147=CARTESIAN_POINT('Ctrl Pts',(4.46149756607026,-19.4126503633449,-29.9238166449054));
#12148=CARTESIAN_POINT('Ctrl Pts',(4.42423245856277,-19.417088424392,-29.9487999794626));
#12149=CARTESIAN_POINT('Ctrl Pts',(4.35091937590247,-19.4258195929881,-29.9979506567054));
#12150=CARTESIAN_POINT('Ctrl Pts',(4.31015604626817,-19.4395855904382,-30.0754440746994));
#12151=CARTESIAN_POINT('Ctrl Pts',(4.29011275466889,-19.4463543186928,-30.1135475168817));
#12152=CARTESIAN_POINT('Ctrl Pts',(4.72070624526948,-19.5971895293737,-29.8191563110772));
#12153=CARTESIAN_POINT('Ctrl Pts',(4.72070624526948,-19.4002723832636,-29.8541368423456));
#12154=CARTESIAN_POINT('Ctrl Pts',(4.67529323617824,-19.5977134925711,-29.8221058756991));
#12155=CARTESIAN_POINT('Ctrl Pts',(4.67529323617824,-19.4007963464609,-29.8570864069676));
#12156=CARTESIAN_POINT('Ctrl Pts',(4.58410223671447,-19.5987656300225,-29.8280287103944));
#12157=CARTESIAN_POINT('Ctrl Pts',(4.58410223671447,-19.4018484839123,-29.8630092416628));
#12158=CARTESIAN_POINT('Ctrl Pts',(4.50247469117782,-19.6059572883878,-29.8685129680582));
#12159=CARTESIAN_POINT('Ctrl Pts',(4.50247469117782,-19.4090401422776,-29.9034934993267));
#12160=CARTESIAN_POINT('Ctrl Pts',(4.46149756607026,-19.6095675094551,-29.888836113637));
#12161=CARTESIAN_POINT('Ctrl Pts',(4.46149756607026,-19.4126503633449,-29.9238166449054));
#12162=CARTESIAN_POINT('',(4.72070624526948,-19.5971895293737,-29.8191563110772));
#12163=CARTESIAN_POINT('Ctrl Pts',(4.72070624526948,-19.5971895293737,-29.8191563110772));
#12164=CARTESIAN_POINT('Ctrl Pts',(4.67529323617824,-19.5977134925711,-29.8221058756991));
#12165=CARTESIAN_POINT('Ctrl Pts',(4.58410223671447,-19.5987656300225,-29.8280287103944));
#12166=CARTESIAN_POINT('Ctrl Pts',(4.50247469117782,-19.6059572883878,-29.8685129680582));
#12167=CARTESIAN_POINT('Ctrl Pts',(4.46149756607026,-19.6095675094551,-29.888836113637));
#12168=CARTESIAN_POINT('',(4.72070624526948,-19.4002723832636,-29.8541368423456));
#12169=CARTESIAN_POINT('',(4.72070624526948,-19.5971895293737,-29.8191563110772));
#12170=CARTESIAN_POINT('Ctrl Pts',(4.72070624526948,-19.4002723832636,-29.8541368423456));
#12171=CARTESIAN_POINT('Ctrl Pts',(4.67529323617824,-19.4007963464609,-29.8570864069676));
#12172=CARTESIAN_POINT('Ctrl Pts',(4.58410223671447,-19.4018484839123,-29.8630092416628));
#12173=CARTESIAN_POINT('Ctrl Pts',(4.50247469117782,-19.4090401422776,-29.9034934993267));
#12174=CARTESIAN_POINT('Ctrl Pts',(4.46149756607026,-19.4126503633449,-29.9238166449054));
#12175=CARTESIAN_POINT('Ctrl Pts',(4.95262970622987,-19.6092692498989,-29.8871571105324));
#12176=CARTESIAN_POINT('Ctrl Pts',(4.95262970622987,-19.4123521037887,-29.9221376418008));
#12177=CARTESIAN_POINT('Ctrl Pts',(4.91854752690377,-19.6057480153218,-29.8673348997609));
#12178=CARTESIAN_POINT('Ctrl Pts',(4.91854752690377,-19.4088308692116,-29.9023154310293));
#12179=CARTESIAN_POINT('Ctrl Pts',(4.84710751704847,-19.5983671189747,-29.8257853580101));
#12180=CARTESIAN_POINT('Ctrl Pts',(4.84710751704847,-19.4014499728645,-29.8607658892785));
#12181=CARTESIAN_POINT('Ctrl Pts',(4.76410855245781,-19.5975938774067,-29.8214325218091));
#12182=CARTESIAN_POINT('Ctrl Pts',(4.76410855245781,-19.4006767312965,-29.8564130530775));
#12183=CARTESIAN_POINT('Ctrl Pts',(4.72070624526948,-19.5971895293737,-29.8191563110772));
#12184=CARTESIAN_POINT('Ctrl Pts',(4.72070624526948,-19.4002723832636,-29.8541368423456));
#12185=CARTESIAN_POINT('',(4.95262970622987,-19.6092692498989,-29.8871571105324));
#12186=CARTESIAN_POINT('Ctrl Pts',(4.95262970622987,-19.6092692498989,-29.8871571105324));
#12187=CARTESIAN_POINT('Ctrl Pts',(4.91854752690377,-19.6057480153218,-29.8673348997609));
#12188=CARTESIAN_POINT('Ctrl Pts',(4.84710751704847,-19.5983671189747,-29.8257853580101));
#12189=CARTESIAN_POINT('Ctrl Pts',(4.76410855245781,-19.5975938774067,-29.8214325218091));
#12190=CARTESIAN_POINT('Ctrl Pts',(4.72070624526948,-19.5971895293737,-29.8191563110772));
#12191=CARTESIAN_POINT('',(4.95262970622987,-19.4123521037887,-29.9221376418008));
#12192=CARTESIAN_POINT('',(4.95262970622987,-19.6092692498989,-29.8871571105324));
#12193=CARTESIAN_POINT('Ctrl Pts',(4.95262970622987,-19.4123521037887,-29.9221376418008));
#12194=CARTESIAN_POINT('Ctrl Pts',(4.91854752690377,-19.4088308692116,-29.9023154310293));
#12195=CARTESIAN_POINT('Ctrl Pts',(4.84710751704847,-19.4014499728645,-29.8607658892785));
#12196=CARTESIAN_POINT('Ctrl Pts',(4.76410855245781,-19.4006767312965,-29.8564130530775));
#12197=CARTESIAN_POINT('Ctrl Pts',(4.72070624526948,-19.4002723832636,-29.8541368423456));
#12198=CARTESIAN_POINT('Ctrl Pts',(5.07541289028137,-19.6425258159126,-30.0743694778517));
#12199=CARTESIAN_POINT('Ctrl Pts',(5.07541289028137,-19.4456086698024,-30.1093500091201));
#12200=CARTESIAN_POINT('Ctrl Pts',(5.06334348039034,-19.6358843159398,-30.0369822463515));
#12201=CARTESIAN_POINT('Ctrl Pts',(5.06334348039034,-19.4389671698296,-30.07196277762));
#12202=CARTESIAN_POINT('Ctrl Pts',(5.0396374700012,-19.6228394803782,-29.9635484905702));
#12203=CARTESIAN_POINT('Ctrl Pts',(5.0396374700012,-19.425922334268,-29.9985290218386));
#12204=CARTESIAN_POINT('Ctrl Pts',(4.98127712536001,-19.6137372658941,-29.9123090715416));
#12205=CARTESIAN_POINT('Ctrl Pts',(4.98127712536001,-19.4168201197839,-29.94728960281));
#12206=CARTESIAN_POINT('Ctrl Pts',(4.95262970622987,-19.6092692498989,-29.8871571105324));
#12207=CARTESIAN_POINT('Ctrl Pts',(4.95262970622987,-19.4123521037887,-29.9221376418008));
#12208=CARTESIAN_POINT('',(5.07541289028137,-19.6425258159126,-30.0743694778517));
#12209=CARTESIAN_POINT('Ctrl Pts',(5.07541289028137,-19.6425258159126,-30.0743694778517));
#12210=CARTESIAN_POINT('Ctrl Pts',(5.06334348039034,-19.6358843159398,-30.0369822463515));
#12211=CARTESIAN_POINT('Ctrl Pts',(5.0396374700012,-19.6228394803782,-29.9635484905702));
#12212=CARTESIAN_POINT('Ctrl Pts',(4.98127712536001,-19.6137372658941,-29.9123090715416));
#12213=CARTESIAN_POINT('Ctrl Pts',(4.95262970622987,-19.6092692498989,-29.8871571105324));
#12214=CARTESIAN_POINT('',(5.07541289028137,-19.4456086698024,-30.1093500091201));
#12215=CARTESIAN_POINT('',(5.07541289028137,-19.6425258159126,-30.0743694778517));
#12216=CARTESIAN_POINT('Ctrl Pts',(5.07541289028137,-19.4456086698024,-30.1093500091201));
#12217=CARTESIAN_POINT('Ctrl Pts',(5.06334348039034,-19.4389671698296,-30.07196277762));
#12218=CARTESIAN_POINT('Ctrl Pts',(5.0396374700012,-19.425922334268,-29.9985290218386));
#12219=CARTESIAN_POINT('Ctrl Pts',(4.98127712536001,-19.4168201197839,-29.94728960281));
#12220=CARTESIAN_POINT('Ctrl Pts',(4.95262970622987,-19.4123521037887,-29.9221376418008));
#12221=CARTESIAN_POINT('Ctrl Pts',(5.09417106803862,-19.6991962001487,-30.3933860830345));
#12222=CARTESIAN_POINT('Ctrl Pts',(5.09417106803862,-19.5022790540385,-30.4283666143029));
#12223=CARTESIAN_POINT('Ctrl Pts',(5.09448963799603,-19.687441796127,-30.3272165993171));
#12224=CARTESIAN_POINT('Ctrl Pts',(5.09448963799603,-19.4905246500168,-30.3621971305855));
#12225=CARTESIAN_POINT('Ctrl Pts',(5.09500380850156,-19.668470239903,-30.220419344575));
#12226=CARTESIAN_POINT('Ctrl Pts',(5.09500380850156,-19.4715530937928,-30.2553998758434));
#12227=CARTESIAN_POINT('Ctrl Pts',(5.08081180634378,-19.6496756475763,-30.11461827898));
#12228=CARTESIAN_POINT('Ctrl Pts',(5.08081180634378,-19.4527585014661,-30.1495988102484));
#12229=CARTESIAN_POINT('Ctrl Pts',(5.07541289028137,-19.6425258159126,-30.0743694778517));
#12230=CARTESIAN_POINT('Ctrl Pts',(5.07541289028137,-19.4456086698024,-30.1093500091201));
#12231=CARTESIAN_POINT('',(5.09417106803862,-19.6991962001487,-30.3933860830345));
#12232=CARTESIAN_POINT('Ctrl Pts',(5.09417106803862,-19.6991962001487,-30.3933860830345));
#12233=CARTESIAN_POINT('Ctrl Pts',(5.09448963799603,-19.687441796127,-30.3272165993171));
#12234=CARTESIAN_POINT('Ctrl Pts',(5.09500380850156,-19.668470239903,-30.220419344575));
#12235=CARTESIAN_POINT('Ctrl Pts',(5.08081180634378,-19.6496756475763,-30.11461827898));
#12236=CARTESIAN_POINT('Ctrl Pts',(5.07541289028137,-19.6425258159126,-30.0743694778517));
#12237=CARTESIAN_POINT('',(5.09417106803862,-19.5022790540385,-30.4283666143029));
#12238=CARTESIAN_POINT('',(5.09417106803862,-19.6991962001487,-30.3933860830345));
#12239=CARTESIAN_POINT('Ctrl Pts',(5.09417106803862,-19.5022790540385,-30.4283666143029));
#12240=CARTESIAN_POINT('Ctrl Pts',(5.09448963799603,-19.4905246500168,-30.3621971305855));
#12241=CARTESIAN_POINT('Ctrl Pts',(5.09500380850156,-19.4715530937928,-30.2553998758434));
#12242=CARTESIAN_POINT('Ctrl Pts',(5.08081180634378,-19.4527585014661,-30.1495988102484));
#12243=CARTESIAN_POINT('Ctrl Pts',(5.07541289028137,-19.4456086698024,-30.1093500091201));
#12244=CARTESIAN_POINT('Origin',(5.09417106803858,-19.8748743365493,-31.3823372510004));
#12245=CARTESIAN_POINT('',(5.09417106803858,-19.8748743365493,-31.3823372510004));
#12246=CARTESIAN_POINT('',(5.0941710680384,-20.5958888008975,-35.4411695635734));
#12247=CARTESIAN_POINT('',(5.09417106803858,-19.6779571904392,-31.4173177822688));
#12248=CARTESIAN_POINT('',(5.09417106803858,-19.8748743365493,-31.3823372510004));
#12249=CARTESIAN_POINT('',(5.09417106803858,-19.6779571904392,-31.4173177822688));
#12250=CARTESIAN_POINT('Origin',(5.40112902816736,-19.8748743365493,-31.3823372510004));
#12251=CARTESIAN_POINT('',(5.40112902816736,-19.8748743365493,-31.3823372510004));
#12252=CARTESIAN_POINT('',(35.4505645140839,-19.8748743365512,-31.3823372510014));
#12253=CARTESIAN_POINT('',(5.40112902816736,-19.6779571904392,-31.4173177822689));
#12254=CARTESIAN_POINT('',(5.40112902816736,-19.8748743365493,-31.3823372510004));
#12255=CARTESIAN_POINT('',(5.40112902816736,-19.6779571904392,-31.4173177822689));
#12256=CARTESIAN_POINT('Origin',(5.40112902816741,-19.678615899835,-30.2775326680944));
#12257=CARTESIAN_POINT('',(5.40112902816741,-19.678615899835,-30.2775326680944));
#12258=CARTESIAN_POINT('',(5.40112902816721,-20.4977595825403,-34.8887672721204));
#12259=CARTESIAN_POINT('',(5.40112902816741,-19.4816987537248,-30.3125131993628));
#12260=CARTESIAN_POINT('',(5.40112902816741,-19.678615899835,-30.2775326680944));
#12261=CARTESIAN_POINT('',(5.40112902816741,-19.4816987537248,-30.3125131993628));
#12262=CARTESIAN_POINT('Ctrl Pts',(5.38237025436371,-19.6285073561473,-29.995454864787));
#12263=CARTESIAN_POINT('Ctrl Pts',(5.38237025436371,-19.4315902100371,-30.0304353960554));
#12264=CARTESIAN_POINT('Ctrl Pts',(5.38779809787865,-19.6353081992908,-30.033739092453));
#12265=CARTESIAN_POINT('Ctrl Pts',(5.38779809787865,-19.4383910531806,-30.0687196237214));
#12266=CARTESIAN_POINT('Ctrl Pts',(5.40105661330986,-19.6519205212037,-30.1272554257601));
#12267=CARTESIAN_POINT('Ctrl Pts',(5.40105661330986,-19.4550033750935,-30.1622359570285));
#12268=CARTESIAN_POINT('Ctrl Pts',(5.40110213964951,-19.668703580868,-30.2217328991506));
#12269=CARTESIAN_POINT('Ctrl Pts',(5.40110213964951,-19.4717864347579,-30.256713430419));
#12270=CARTESIAN_POINT('Ctrl Pts',(5.40112902816741,-19.678615899835,-30.2775326680944));
#12271=CARTESIAN_POINT('Ctrl Pts',(5.40112902816741,-19.4816987537248,-30.3125131993628));
#12272=CARTESIAN_POINT('',(5.38237025436371,-19.6285073561473,-29.995454864787));
#12273=CARTESIAN_POINT('Ctrl Pts',(5.38237025436371,-19.6285073561473,-29.995454864787));
#12274=CARTESIAN_POINT('Ctrl Pts',(5.38779809787865,-19.6353081992908,-30.033739092453));
#12275=CARTESIAN_POINT('Ctrl Pts',(5.40105661330986,-19.6519205212037,-30.1272554257601));
#12276=CARTESIAN_POINT('Ctrl Pts',(5.40110213964951,-19.668703580868,-30.2217328991506));
#12277=CARTESIAN_POINT('Ctrl Pts',(5.40112902816741,-19.678615899835,-30.2775326680944));
#12278=CARTESIAN_POINT('',(5.38237025436371,-19.4315902100371,-30.0304353960554));
#12279=CARTESIAN_POINT('',(5.38237025436371,-19.6285073561473,-29.995454864787));
#12280=CARTESIAN_POINT('Ctrl Pts',(5.38237025436371,-19.4315902100371,-30.0304353960554));
#12281=CARTESIAN_POINT('Ctrl Pts',(5.38779809787865,-19.4383910531806,-30.0687196237214));
#12282=CARTESIAN_POINT('Ctrl Pts',(5.40105661330986,-19.4550033750935,-30.1622359570285));
#12283=CARTESIAN_POINT('Ctrl Pts',(5.40110213964951,-19.4717864347579,-30.256713430419));
#12284=CARTESIAN_POINT('Ctrl Pts',(5.40112902816741,-19.4816987537248,-30.3125131993628));
#12285=CARTESIAN_POINT('Ctrl Pts',(5.28772523101777,-19.5886889756477,-29.771303842307));
#12286=CARTESIAN_POINT('Ctrl Pts',(5.28772523101777,-19.3917718295375,-29.8062843735754));
#12287=CARTESIAN_POINT('Ctrl Pts',(5.30869491788719,-19.5945795795403,-29.8044640278539));
#12288=CARTESIAN_POINT('Ctrl Pts',(5.30869491788719,-19.3976624334301,-29.8394445591223));
#12289=CARTESIAN_POINT('Ctrl Pts',(5.35267945589907,-19.6069352953142,-29.8740184971578));
#12290=CARTESIAN_POINT('Ctrl Pts',(5.35267945589907,-19.410018149204,-29.9089990284262));
#12291=CARTESIAN_POINT('Ctrl Pts',(5.372171216498,-19.621097172634,-29.9537404557522));
#12292=CARTESIAN_POINT('Ctrl Pts',(5.372171216498,-19.4241800265238,-29.9887209870206));
#12293=CARTESIAN_POINT('Ctrl Pts',(5.38237025436371,-19.6285073561473,-29.995454864787));
#12294=CARTESIAN_POINT('Ctrl Pts',(5.38237025436371,-19.4315902100371,-30.0304353960554));
#12295=CARTESIAN_POINT('',(5.28772523101777,-19.5886889756477,-29.771303842307));
#12296=CARTESIAN_POINT('Ctrl Pts',(5.28772523101777,-19.5886889756477,-29.771303842307));
#12297=CARTESIAN_POINT('Ctrl Pts',(5.30869491788719,-19.5945795795403,-29.8044640278539));
#12298=CARTESIAN_POINT('Ctrl Pts',(5.35267945589907,-19.6069352953142,-29.8740184971578));
#12299=CARTESIAN_POINT('Ctrl Pts',(5.372171216498,-19.621097172634,-29.9537404557522));
#12300=CARTESIAN_POINT('Ctrl Pts',(5.38237025436371,-19.6285073561473,-29.995454864787));
#12301=CARTESIAN_POINT('',(5.28772523101777,-19.3917718295375,-29.8062843735754));
#12302=CARTESIAN_POINT('',(5.28772523101777,-19.5886889756477,-29.771303842307));
#12303=CARTESIAN_POINT('Ctrl Pts',(5.28772523101777,-19.3917718295375,-29.8062843735754));
#12304=CARTESIAN_POINT('Ctrl Pts',(5.30869491788719,-19.3976624334301,-29.8394445591223));
#12305=CARTESIAN_POINT('Ctrl Pts',(5.35267945589907,-19.410018149204,-29.9089990284262));
#12306=CARTESIAN_POINT('Ctrl Pts',(5.372171216498,-19.4241800265238,-29.9887209870206));
#12307=CARTESIAN_POINT('Ctrl Pts',(5.38237025436371,-19.4315902100371,-30.0304353960554));
#12308=CARTESIAN_POINT('Ctrl Pts',(5.08138110336275,-19.5616959645637,-29.6193511270437));
#12309=CARTESIAN_POINT('Ctrl Pts',(5.08138110336275,-19.3647788184535,-29.6543316583122));
#12310=CARTESIAN_POINT('Ctrl Pts',(5.12373612080885,-19.5652776058498,-29.639513387446));
#12311=CARTESIAN_POINT('Ctrl Pts',(5.12373612080885,-19.3683604597396,-29.6744939187144));
#12312=CARTESIAN_POINT('Ctrl Pts',(5.20265835102403,-19.5719514578553,-29.6770827393923));
#12313=CARTESIAN_POINT('Ctrl Pts',(5.20265835102403,-19.3750343117451,-29.7120632706607));
#12314=CARTESIAN_POINT('Ctrl Pts',(5.26079065916468,-19.5833894057604,-29.7414707854614));
#12315=CARTESIAN_POINT('Ctrl Pts',(5.26079065916468,-19.3864722596502,-29.7764513167298));
#12316=CARTESIAN_POINT('Ctrl Pts',(5.28772523101777,-19.5886889756477,-29.771303842307));
#12317=CARTESIAN_POINT('Ctrl Pts',(5.28772523101777,-19.3917718295375,-29.8062843735754));
#12318=CARTESIAN_POINT('',(5.08138110336275,-19.5616959645637,-29.6193511270437));
#12319=CARTESIAN_POINT('Ctrl Pts',(5.08138110336275,-19.5616959645637,-29.6193511270437));
#12320=CARTESIAN_POINT('Ctrl Pts',(5.12373612080885,-19.5652776058498,-29.639513387446));
#12321=CARTESIAN_POINT('Ctrl Pts',(5.20265835102403,-19.5719514578553,-29.6770827393923));
#12322=CARTESIAN_POINT('Ctrl Pts',(5.26079065916468,-19.5833894057604,-29.7414707854614));
#12323=CARTESIAN_POINT('Ctrl Pts',(5.28772523101777,-19.5886889756477,-29.771303842307));
#12324=CARTESIAN_POINT('',(5.08138110336275,-19.3647788184535,-29.6543316583122));
#12325=CARTESIAN_POINT('',(5.08138110336275,-19.5616959645637,-29.6193511270437));
#12326=CARTESIAN_POINT('Ctrl Pts',(5.08138110336275,-19.3647788184535,-29.6543316583122));
#12327=CARTESIAN_POINT('Ctrl Pts',(5.12373612080885,-19.3683604597396,-29.6744939187144));
#12328=CARTESIAN_POINT('Ctrl Pts',(5.20265835102403,-19.3750343117451,-29.7120632706607));
#12329=CARTESIAN_POINT('Ctrl Pts',(5.26079065916468,-19.3864722596502,-29.7764513167298));
#12330=CARTESIAN_POINT('Ctrl Pts',(5.28772523101777,-19.3917718295375,-29.8062843735754));
#12331=CARTESIAN_POINT('Ctrl Pts',(4.78209783729525,-19.5509584120413,-29.5589058415594));
#12332=CARTESIAN_POINT('Ctrl Pts',(4.78209783729525,-19.3540412659311,-29.5938863728278));
#12333=CARTESIAN_POINT('Ctrl Pts',(4.83431326641286,-19.5513805351879,-29.5612821143691));
#12334=CARTESIAN_POINT('Ctrl Pts',(4.83431326641286,-19.3544633890777,-29.5962626456375));
#12335=CARTESIAN_POINT('Ctrl Pts',(4.93731932031582,-19.5522132629911,-29.5659698185452));
#12336=CARTESIAN_POINT('Ctrl Pts',(4.93731932031582,-19.3552961168809,-29.6009503498136));
#12337=CARTESIAN_POINT('Ctrl Pts',(5.03380538176038,-19.5585643472776,-29.6017222027157));
#12338=CARTESIAN_POINT('Ctrl Pts',(5.03380538176038,-19.3616472011674,-29.6367027339841));
#12339=CARTESIAN_POINT('Ctrl Pts',(5.08138110336275,-19.5616959645637,-29.6193511270437));
#12340=CARTESIAN_POINT('Ctrl Pts',(5.08138110336275,-19.3647788184535,-29.6543316583122));
#12341=CARTESIAN_POINT('',(4.78209783729525,-19.5509584120413,-29.5589058415594));
#12342=CARTESIAN_POINT('Ctrl Pts',(4.78209783729525,-19.5509584120413,-29.5589058415594));
#12343=CARTESIAN_POINT('Ctrl Pts',(4.83431326641286,-19.5513805351879,-29.5612821143691));
#12344=CARTESIAN_POINT('Ctrl Pts',(4.93731932031582,-19.5522132629911,-29.5659698185452));
#12345=CARTESIAN_POINT('Ctrl Pts',(5.03380538176038,-19.5585643472776,-29.6017222027157));
#12346=CARTESIAN_POINT('Ctrl Pts',(5.08138110336275,-19.5616959645637,-29.6193511270437));
#12347=CARTESIAN_POINT('',(4.78209783729525,-19.3540412659311,-29.5938863728278));
#12348=CARTESIAN_POINT('',(4.78209783729525,-19.5509584120413,-29.5589058415594));
#12349=CARTESIAN_POINT('Ctrl Pts',(4.78209783729525,-19.3540412659311,-29.5938863728278));
#12350=CARTESIAN_POINT('Ctrl Pts',(4.83431326641286,-19.3544633890777,-29.5962626456375));
#12351=CARTESIAN_POINT('Ctrl Pts',(4.93731932031582,-19.3552961168809,-29.6009503498136));
#12352=CARTESIAN_POINT('Ctrl Pts',(5.03380538176038,-19.3616472011674,-29.6367027339841));
#12353=CARTESIAN_POINT('Ctrl Pts',(5.08138110336275,-19.3647788184535,-29.6543316583122));
#12354=CARTESIAN_POINT('Ctrl Pts',(4.20740475353211,-19.6046461746532,-29.8611322689812));
#12355=CARTESIAN_POINT('Ctrl Pts',(4.20740475353211,-19.407729028543,-29.8961128002496));
#12356=CARTESIAN_POINT('Ctrl Pts',(4.28374179633191,-19.5889875121069,-29.7729844041915));
#12357=CARTESIAN_POINT('Ctrl Pts',(4.28374179633191,-19.3920703659967,-29.8079649354599));
#12358=CARTESIAN_POINT('Ctrl Pts',(4.43524734584624,-19.5579098833866,-29.5980380059074));
#12359=CARTESIAN_POINT('Ctrl Pts',(4.43524734584624,-19.3609927372764,-29.6330185371758));
#12360=CARTESIAN_POINT('Ctrl Pts',(4.66707702755115,-19.5532636238913,-29.571882652437));
#12361=CARTESIAN_POINT('Ctrl Pts',(4.66707702755115,-19.3563464777811,-29.6068631837054));
#12362=CARTESIAN_POINT('Ctrl Pts',(4.78209783729525,-19.5509584120413,-29.5589058415594));
#12363=CARTESIAN_POINT('Ctrl Pts',(4.78209783729525,-19.3540412659311,-29.5938863728278));
#12364=CARTESIAN_POINT('',(4.20740475353211,-19.6046461746532,-29.8611322689812));
#12365=CARTESIAN_POINT('Ctrl Pts',(4.20740475353211,-19.6046461746532,-29.8611322689812));
#12366=CARTESIAN_POINT('Ctrl Pts',(4.28374179633191,-19.5889875121069,-29.7729844041915));
#12367=CARTESIAN_POINT('Ctrl Pts',(4.43524734584624,-19.5579098833866,-29.5980380059074));
#12368=CARTESIAN_POINT('Ctrl Pts',(4.66707702755115,-19.5532636238913,-29.571882652437));
#12369=CARTESIAN_POINT('Ctrl Pts',(4.78209783729525,-19.5509584120413,-29.5589058415594));
#12370=CARTESIAN_POINT('',(4.20740475353211,-19.407729028543,-29.8961128002496));
#12371=CARTESIAN_POINT('',(4.20740475353211,-19.6046461746532,-29.8611322689812));
#12372=CARTESIAN_POINT('Ctrl Pts',(4.20740475353211,-19.407729028543,-29.8961128002496));
#12373=CARTESIAN_POINT('Ctrl Pts',(4.28374179633191,-19.3920703659967,-29.8079649354599));
#12374=CARTESIAN_POINT('Ctrl Pts',(4.43524734584624,-19.3609927372764,-29.6330185371758));
#12375=CARTESIAN_POINT('Ctrl Pts',(4.66707702755115,-19.3563464777811,-29.6068631837054));
#12376=CARTESIAN_POINT('Ctrl Pts',(4.78209783729525,-19.3540412659311,-29.5938863728278));
#12377=CARTESIAN_POINT('Origin',(4.20740475353213,-19.5581167977646,-29.5992027963587));
#12378=CARTESIAN_POINT('',(4.20740475353213,-19.5581167977646,-29.5992027963587));
#12379=CARTESIAN_POINT('',(4.2074047535319,-20.437510031505,-34.5496023362526));
#12380=CARTESIAN_POINT('',(4.20740475353213,-19.3611996516544,-29.6341833276271));
#12381=CARTESIAN_POINT('',(4.20740475353213,-19.5581167977646,-29.5992027963587));
#12382=CARTESIAN_POINT('',(4.20740475353213,-19.3611996516544,-29.6341833276271));
#12383=CARTESIAN_POINT('Origin',(3.93284787830324,-19.5581167977646,-29.5992027963587));
#12384=CARTESIAN_POINT('',(34.7164239391518,-19.5581167977664,-29.5992027963598));
#12385=CARTESIAN_POINT('',(3.93284787830324,-19.3611996516544,-29.6341833276271));
#12386=CARTESIAN_POINT('Origin',(-0.209376564609061,-19.5191310317125,-30.5232320502909));
#12387=CARTESIAN_POINT('Ctrl Pts',(8.43148340877505,-19.5509584120413,-29.5589058415595));
#12388=CARTESIAN_POINT('Ctrl Pts',(8.43148340877505,-19.3540412659312,-29.593886372828));
#12389=CARTESIAN_POINT('Ctrl Pts',(8.53784661988778,-19.551483394098,-29.5618611416823));
#12390=CARTESIAN_POINT('Ctrl Pts',(8.53784661988778,-19.3545662479878,-29.5968416729507));
#12391=CARTESIAN_POINT('Ctrl Pts',(8.72988927962718,-19.5524312683622,-29.5671970439174));
#12392=CARTESIAN_POINT('Ctrl Pts',(8.72988927962718,-19.355514122252,-29.6021775751858));
#12393=CARTESIAN_POINT('Ctrl Pts',(8.89558643352191,-19.5691501565772,-29.6613132746909));
#12394=CARTESIAN_POINT('Ctrl Pts',(8.89558643352191,-19.372233010467,-29.6962938059593));
#12395=CARTESIAN_POINT('Ctrl Pts',(8.96951188739748,-19.5766092551226,-29.7033030428519));
#12396=CARTESIAN_POINT('Ctrl Pts',(8.96951188739748,-19.3796921090124,-29.7382835741204));
#12397=CARTESIAN_POINT('',(8.43148340877505,-19.5509584120413,-29.5589058415595));
#12398=CARTESIAN_POINT('',(8.96951188739748,-19.5766092551226,-29.7033030428519));
#12399=CARTESIAN_POINT('Ctrl Pts',(8.43148340877505,-19.5509584120413,-29.5589058415595));
#12400=CARTESIAN_POINT('Ctrl Pts',(8.53784661988778,-19.551483394098,-29.5618611416823));
#12401=CARTESIAN_POINT('Ctrl Pts',(8.72988927962718,-19.5524312683622,-29.5671970439174));
#12402=CARTESIAN_POINT('Ctrl Pts',(8.89558643352191,-19.5691501565772,-29.6613132746909));
#12403=CARTESIAN_POINT('Ctrl Pts',(8.96951188739748,-19.5766092551226,-29.7033030428519));
#12404=CARTESIAN_POINT('',(8.43148340877505,-19.3540412659312,-29.593886372828));
#12405=CARTESIAN_POINT('',(8.43148340877505,-19.5509584120413,-29.5589058415595));
#12406=CARTESIAN_POINT('',(8.96951188739748,-19.3796921090124,-29.7382835741204));
#12407=CARTESIAN_POINT('Ctrl Pts',(8.43148340877505,-19.3540412659312,-29.593886372828));
#12408=CARTESIAN_POINT('Ctrl Pts',(8.53784661988778,-19.3545662479878,-29.5968416729507));
#12409=CARTESIAN_POINT('Ctrl Pts',(8.72988927962718,-19.355514122252,-29.6021775751858));
#12410=CARTESIAN_POINT('Ctrl Pts',(8.89558643352191,-19.372233010467,-29.6962938059593));
#12411=CARTESIAN_POINT('Ctrl Pts',(8.96951188739748,-19.3796921090124,-29.7382835741204));
#12412=CARTESIAN_POINT('',(8.96951188739748,-19.5766092551226,-29.7033030428519));
#12413=CARTESIAN_POINT('Ctrl Pts',(8.04949154552431,-19.56393296336,-29.631943943758));
#12414=CARTESIAN_POINT('Ctrl Pts',(8.04949154552431,-19.3670158172499,-29.6669244750264));
#12415=CARTESIAN_POINT('Ctrl Pts',(8.10885083267192,-19.5601501731005,-29.6106493483007));
#12416=CARTESIAN_POINT('Ctrl Pts',(8.10885083267192,-19.3632330269903,-29.6456298795691));
#12417=CARTESIAN_POINT('Ctrl Pts',(8.23217536264378,-19.5522910687689,-29.5664078133716));
#12418=CARTESIAN_POINT('Ctrl Pts',(8.23217536264378,-19.3553739226588,-29.60138834464));
#12419=CARTESIAN_POINT('Ctrl Pts',(8.36341355436024,-19.5514135554798,-29.5614679966706));
#12420=CARTESIAN_POINT('Ctrl Pts',(8.36341355436024,-19.3544964093696,-29.596448527939));
#12421=CARTESIAN_POINT('Ctrl Pts',(8.43148340877505,-19.5509584120413,-29.5589058415595));
#12422=CARTESIAN_POINT('Ctrl Pts',(8.43148340877505,-19.3540412659312,-29.593886372828));
#12423=CARTESIAN_POINT('',(8.04949154552431,-19.56393296336,-29.631943943758));
#12424=CARTESIAN_POINT('Ctrl Pts',(8.04949154552431,-19.56393296336,-29.631943943758));
#12425=CARTESIAN_POINT('Ctrl Pts',(8.10885083267192,-19.5601501731005,-29.6106493483007));
#12426=CARTESIAN_POINT('Ctrl Pts',(8.23217536264378,-19.5522910687689,-29.5664078133716));
#12427=CARTESIAN_POINT('Ctrl Pts',(8.36341355436024,-19.5514135554798,-29.5614679966706));
#12428=CARTESIAN_POINT('Ctrl Pts',(8.43148340877505,-19.5509584120413,-29.5589058415595));
#12429=CARTESIAN_POINT('',(8.04949154552431,-19.3670158172499,-29.6669244750264));
#12430=CARTESIAN_POINT('',(8.04949154552431,-19.56393296336,-29.631943943758));
#12431=CARTESIAN_POINT('Ctrl Pts',(8.04949154552431,-19.3670158172499,-29.6669244750264));
#12432=CARTESIAN_POINT('Ctrl Pts',(8.10885083267192,-19.3632330269903,-29.6456298795691));
#12433=CARTESIAN_POINT('Ctrl Pts',(8.23217536264378,-19.3553739226588,-29.60138834464));
#12434=CARTESIAN_POINT('Ctrl Pts',(8.36341355436024,-19.3544964093696,-29.596448527939));
#12435=CARTESIAN_POINT('Ctrl Pts',(8.43148340877505,-19.3540412659312,-29.593886372828));
#12436=CARTESIAN_POINT('Ctrl Pts',(7.79113521274537,-19.6006195663948,-29.83846514021));
#12437=CARTESIAN_POINT('Ctrl Pts',(7.79113521274537,-19.4037024202846,-29.8734456714784));
#12438=CARTESIAN_POINT('Ctrl Pts',(7.82517438059314,-19.5930959328927,-29.7961120831271));
#12439=CARTESIAN_POINT('Ctrl Pts',(7.82517438059314,-19.3961787867826,-29.8310926143955));
#12440=CARTESIAN_POINT('Ctrl Pts',(7.89562215840526,-19.5775249511443,-29.7084578029642));
#12441=CARTESIAN_POINT('Ctrl Pts',(7.89562215840526,-19.3806078050341,-29.7434383342327));
#12442=CARTESIAN_POINT('Ctrl Pts',(7.99706444577254,-19.5685640892307,-29.6580141049779));
#12443=CARTESIAN_POINT('Ctrl Pts',(7.99706444577254,-19.3716469431205,-29.6929946362463));
#12444=CARTESIAN_POINT('Ctrl Pts',(8.04949154552431,-19.56393296336,-29.631943943758));
#12445=CARTESIAN_POINT('Ctrl Pts',(8.04949154552431,-19.3670158172499,-29.6669244750264));
#12446=CARTESIAN_POINT('',(7.79113521274537,-19.6006195663948,-29.83846514021));
#12447=CARTESIAN_POINT('Ctrl Pts',(7.79113521274537,-19.6006195663948,-29.83846514021));
#12448=CARTESIAN_POINT('Ctrl Pts',(7.82517438059314,-19.5930959328927,-29.7961120831271));
#12449=CARTESIAN_POINT('Ctrl Pts',(7.89562215840526,-19.5775249511443,-29.7084578029642));
#12450=CARTESIAN_POINT('Ctrl Pts',(7.99706444577254,-19.5685640892307,-29.6580141049779));
#12451=CARTESIAN_POINT('Ctrl Pts',(8.04949154552431,-19.56393296336,-29.631943943758));
#12452=CARTESIAN_POINT('',(7.79113521274537,-19.4037024202846,-29.8734456714784));
#12453=CARTESIAN_POINT('',(7.79113521274537,-19.6006195663948,-29.83846514021));
#12454=CARTESIAN_POINT('Ctrl Pts',(7.79113521274537,-19.4037024202846,-29.8734456714784));
#12455=CARTESIAN_POINT('Ctrl Pts',(7.82517438059314,-19.3961787867826,-29.8310926143955));
#12456=CARTESIAN_POINT('Ctrl Pts',(7.89562215840526,-19.3806078050341,-29.7434383342327));
#12457=CARTESIAN_POINT('Ctrl Pts',(7.99706444577254,-19.3716469431205,-29.6929946362463));
#12458=CARTESIAN_POINT('Ctrl Pts',(8.04949154552431,-19.3670158172499,-29.6669244750264));
#12459=CARTESIAN_POINT('Ctrl Pts',(7.70160605606048,-19.6511754994168,-30.1230614481743));
#12460=CARTESIAN_POINT('Ctrl Pts',(7.70160605606048,-19.4542583533066,-30.1580419794428));
#12461=CARTESIAN_POINT('Ctrl Pts',(7.70555758159553,-19.6422999549635,-30.0730980307949));
#12462=CARTESIAN_POINT('Ctrl Pts',(7.70555758159553,-19.4453828088533,-30.1080785620633));
#12463=CARTESIAN_POINT('Ctrl Pts',(7.71358232985798,-19.6242755212863,-29.9716324466185));
#12464=CARTESIAN_POINT('Ctrl Pts',(7.71358232985798,-19.4273583751761,-30.0066129778869));
#12465=CARTESIAN_POINT('Ctrl Pts',(7.76502420905578,-19.6085842055217,-29.8833007659083));
#12466=CARTESIAN_POINT('Ctrl Pts',(7.76502420905578,-19.4116670594116,-29.9182812971767));
#12467=CARTESIAN_POINT('Ctrl Pts',(7.79113521274537,-19.6006195663948,-29.83846514021));
#12468=CARTESIAN_POINT('Ctrl Pts',(7.79113521274537,-19.4037024202846,-29.8734456714784));
#12469=CARTESIAN_POINT('',(7.70160605606048,-19.6511754994168,-30.1230614481743));
#12470=CARTESIAN_POINT('Ctrl Pts',(7.70160605606048,-19.6511754994168,-30.1230614481743));
#12471=CARTESIAN_POINT('Ctrl Pts',(7.70555758159553,-19.6422999549635,-30.0730980307949));
#12472=CARTESIAN_POINT('Ctrl Pts',(7.71358232985798,-19.6242755212863,-29.9716324466185));
#12473=CARTESIAN_POINT('Ctrl Pts',(7.76502420905578,-19.6085842055217,-29.8833007659083));
#12474=CARTESIAN_POINT('Ctrl Pts',(7.79113521274537,-19.6006195663948,-29.83846514021));
#12475=CARTESIAN_POINT('',(7.70160605606048,-19.4542583533066,-30.1580419794428));
#12476=CARTESIAN_POINT('',(7.70160605606048,-19.6511754994168,-30.1230614481743));
#12477=CARTESIAN_POINT('Ctrl Pts',(7.70160605606048,-19.4542583533066,-30.1580419794428));
#12478=CARTESIAN_POINT('Ctrl Pts',(7.70555758159553,-19.4453828088533,-30.1080785620633));
#12479=CARTESIAN_POINT('Ctrl Pts',(7.71358232985798,-19.4273583751761,-30.0066129778869));
#12480=CARTESIAN_POINT('Ctrl Pts',(7.76502420905578,-19.4116670594116,-29.9182812971767));
#12481=CARTESIAN_POINT('Ctrl Pts',(7.79113521274537,-19.4037024202846,-29.8734456714784));
#12482=CARTESIAN_POINT('Ctrl Pts',(7.7749346702954,-19.697108357193,-30.3816329145875));
#12483=CARTESIAN_POINT('Ctrl Pts',(7.7749346702954,-19.5001912110828,-30.4166134458559));
#12484=CARTESIAN_POINT('Ctrl Pts',(7.75356334102286,-19.6903516750442,-30.3435972839759));
#12485=CARTESIAN_POINT('Ctrl Pts',(7.75356334102286,-19.493434528934,-30.3785778152443));
#12486=CARTESIAN_POINT('Ctrl Pts',(7.70843218256226,-19.6760831712539,-30.2632750892076));
#12487=CARTESIAN_POINT('Ctrl Pts',(7.70843218256226,-19.4791660251437,-30.298255620476));
#12488=CARTESIAN_POINT('Ctrl Pts',(7.70396032046043,-19.6597659123071,-30.1714197643271));
#12489=CARTESIAN_POINT('Ctrl Pts',(7.70396032046043,-19.4628487661969,-30.2064002955955));
#12490=CARTESIAN_POINT('Ctrl Pts',(7.70160605606048,-19.6511754994168,-30.1230614481743));
#12491=CARTESIAN_POINT('Ctrl Pts',(7.70160605606048,-19.4542583533066,-30.1580419794428));
#12492=CARTESIAN_POINT('',(7.7749346702954,-19.697108357193,-30.3816329145875));
#12493=CARTESIAN_POINT('Ctrl Pts',(7.7749346702954,-19.697108357193,-30.3816329145875));
#12494=CARTESIAN_POINT('Ctrl Pts',(7.75356334102286,-19.6903516750442,-30.3435972839759));
#12495=CARTESIAN_POINT('Ctrl Pts',(7.70843218256226,-19.6760831712539,-30.2632750892076));
#12496=CARTESIAN_POINT('Ctrl Pts',(7.70396032046043,-19.6597659123071,-30.1714197643271));
#12497=CARTESIAN_POINT('Ctrl Pts',(7.70160605606048,-19.6511754994168,-30.1230614481743));
#12498=CARTESIAN_POINT('',(7.7749346702954,-19.5001912110828,-30.4166134458559));
#12499=CARTESIAN_POINT('',(7.7749346702954,-19.697108357193,-30.3816329145875));
#12500=CARTESIAN_POINT('Ctrl Pts',(7.7749346702954,-19.5001912110828,-30.4166134458559));
#12501=CARTESIAN_POINT('Ctrl Pts',(7.75356334102286,-19.493434528934,-30.3785778152443));
#12502=CARTESIAN_POINT('Ctrl Pts',(7.70843218256226,-19.4791660251437,-30.298255620476));
#12503=CARTESIAN_POINT('Ctrl Pts',(7.70396032046043,-19.4628487661969,-30.2064002955955));
#12504=CARTESIAN_POINT('Ctrl Pts',(7.70160605606048,-19.4542583533066,-30.1580419794428));
#12505=CARTESIAN_POINT('Ctrl Pts',(7.97701527770964,-19.7252944065017,-30.5403016422693));
#12506=CARTESIAN_POINT('Ctrl Pts',(7.97701527770964,-19.5283772603915,-30.5752821735377));
#12507=CARTESIAN_POINT('Ctrl Pts',(7.93669998214772,-19.7217693487788,-30.5204579097274));
#12508=CARTESIAN_POINT('Ctrl Pts',(7.93669998214772,-19.5248522026686,-30.5554384409958));
#12509=CARTESIAN_POINT('Ctrl Pts',(7.85785766978214,-19.714875595472,-30.4816506595817));
#12510=CARTESIAN_POINT('Ctrl Pts',(7.85785766978214,-19.5179584493618,-30.5166311908501));
#12511=CARTESIAN_POINT('Ctrl Pts',(7.80215452251104,-19.7029405340707,-30.414464194866));
#12512=CARTESIAN_POINT('Ctrl Pts',(7.80215452251104,-19.5060233879605,-30.4494447261344));
#12513=CARTESIAN_POINT('Ctrl Pts',(7.7749346702954,-19.697108357193,-30.3816329145875));
#12514=CARTESIAN_POINT('Ctrl Pts',(7.7749346702954,-19.5001912110828,-30.4166134458559));
#12515=CARTESIAN_POINT('',(7.97701527770964,-19.7252944065017,-30.5403016422693));
#12516=CARTESIAN_POINT('Ctrl Pts',(7.97701527770964,-19.7252944065017,-30.5403016422693));
#12517=CARTESIAN_POINT('Ctrl Pts',(7.93669998214772,-19.7217693487788,-30.5204579097274));
#12518=CARTESIAN_POINT('Ctrl Pts',(7.85785766978214,-19.714875595472,-30.4816506595817));
#12519=CARTESIAN_POINT('Ctrl Pts',(7.80215452251104,-19.7029405340707,-30.414464194866));
#12520=CARTESIAN_POINT('Ctrl Pts',(7.7749346702954,-19.697108357193,-30.3816329145875));
#12521=CARTESIAN_POINT('',(7.97701527770964,-19.5283772603915,-30.5752821735377));
#12522=CARTESIAN_POINT('',(7.97701527770964,-19.7252944065017,-30.5403016422693));
#12523=CARTESIAN_POINT('Ctrl Pts',(7.97701527770964,-19.5283772603915,-30.5752821735377));
#12524=CARTESIAN_POINT('Ctrl Pts',(7.93669998214772,-19.5248522026686,-30.5554384409958));
#12525=CARTESIAN_POINT('Ctrl Pts',(7.85785766978214,-19.5179584493618,-30.5166311908501));
#12526=CARTESIAN_POINT('Ctrl Pts',(7.80215452251104,-19.5060233879605,-30.4494447261344));
#12527=CARTESIAN_POINT('Ctrl Pts',(7.7749346702954,-19.5001912110828,-30.4166134458559));
#12528=CARTESIAN_POINT('Ctrl Pts',(8.431483408775,-19.750199522505,-30.680500895656));
#12529=CARTESIAN_POINT('Ctrl Pts',(8.431483408775,-19.5532823763948,-30.7154814269244));
#12530=CARTESIAN_POINT('Ctrl Pts',(8.33876765087302,-19.7458929279026,-30.6562576298219));
#12531=CARTESIAN_POINT('Ctrl Pts',(8.33876765087302,-19.5489757817924,-30.6912381610903));
#12532=CARTESIAN_POINT('Ctrl Pts',(8.18514178344287,-19.7387570931056,-30.6160876217523));
#12533=CARTESIAN_POINT('Ctrl Pts',(8.18514178344287,-19.5418399469954,-30.6510681530207));
#12534=CARTESIAN_POINT('Ctrl Pts',(8.03610563840186,-19.729116673178,-30.5618184637202));
#12535=CARTESIAN_POINT('Ctrl Pts',(8.03610563840186,-19.5321995270678,-30.5967989949886));
#12536=CARTESIAN_POINT('Ctrl Pts',(7.97701527770964,-19.7252944065017,-30.5403016422693));
#12537=CARTESIAN_POINT('Ctrl Pts',(7.97701527770964,-19.5283772603915,-30.5752821735377));
#12538=CARTESIAN_POINT('',(8.431483408775,-19.750199522505,-30.680500895656));
#12539=CARTESIAN_POINT('Ctrl Pts',(8.431483408775,-19.750199522505,-30.680500895656));
#12540=CARTESIAN_POINT('Ctrl Pts',(8.33876765087302,-19.7458929279026,-30.6562576298219));
#12541=CARTESIAN_POINT('Ctrl Pts',(8.18514178344287,-19.7387570931056,-30.6160876217523));
#12542=CARTESIAN_POINT('Ctrl Pts',(8.03610563840186,-19.729116673178,-30.5618184637202));
#12543=CARTESIAN_POINT('Ctrl Pts',(7.97701527770964,-19.7252944065017,-30.5403016422693));
#12544=CARTESIAN_POINT('',(8.431483408775,-19.5532823763948,-30.7154814269244));
#12545=CARTESIAN_POINT('',(8.431483408775,-19.750199522505,-30.680500895656));
#12546=CARTESIAN_POINT('Ctrl Pts',(8.431483408775,-19.5532823763948,-30.7154814269244));
#12547=CARTESIAN_POINT('Ctrl Pts',(8.33876765087302,-19.5489757817924,-30.6912381610903));
#12548=CARTESIAN_POINT('Ctrl Pts',(8.18514178344287,-19.5418399469954,-30.6510681530207));
#12549=CARTESIAN_POINT('Ctrl Pts',(8.03610563840186,-19.5321995270678,-30.5967989949886));
#12550=CARTESIAN_POINT('Ctrl Pts',(7.97701527770964,-19.5283772603915,-30.5752821735377));
#12551=CARTESIAN_POINT('Ctrl Pts',(8.7026294082066,-19.7639197227141,-30.7577365056161));
#12552=CARTESIAN_POINT('Ctrl Pts',(8.7026294082066,-19.5670025766039,-30.7927170368845));
#12553=CARTESIAN_POINT('Ctrl Pts',(8.67240272082707,-19.7622538154307,-30.7483585546236));
#12554=CARTESIAN_POINT('Ctrl Pts',(8.67240272082707,-19.5653366693205,-30.783339085892));
#12555=CARTESIAN_POINT('Ctrl Pts',(8.58264890367473,-19.7573071424517,-30.720512072868));
#12556=CARTESIAN_POINT('Ctrl Pts',(8.58264890367473,-19.5603899963415,-30.7554926041364));
#12557=CARTESIAN_POINT('Ctrl Pts',(8.4917620191229,-19.7530337503395,-30.6964557149904));
#12558=CARTESIAN_POINT('Ctrl Pts',(8.4917620191229,-19.5561166042293,-30.7314362462588));
#12559=CARTESIAN_POINT('Ctrl Pts',(8.431483408775,-19.750199522505,-30.680500895656));
#12560=CARTESIAN_POINT('Ctrl Pts',(8.431483408775,-19.5532823763948,-30.7154814269244));
#12561=CARTESIAN_POINT('',(8.7026294082066,-19.7639197227141,-30.7577365056161));
#12562=CARTESIAN_POINT('Ctrl Pts',(8.7026294082066,-19.7639197227141,-30.7577365056161));
#12563=CARTESIAN_POINT('Ctrl Pts',(8.67240272082707,-19.7622538154307,-30.7483585546236));
#12564=CARTESIAN_POINT('Ctrl Pts',(8.58264890367473,-19.7573071424517,-30.720512072868));
#12565=CARTESIAN_POINT('Ctrl Pts',(8.4917620191229,-19.7530337503395,-30.6964557149904));
#12566=CARTESIAN_POINT('Ctrl Pts',(8.431483408775,-19.750199522505,-30.680500895656));
#12567=CARTESIAN_POINT('',(8.7026294082066,-19.5670025766039,-30.7927170368845));
#12568=CARTESIAN_POINT('',(8.7026294082066,-19.7639197227141,-30.7577365056161));
#12569=CARTESIAN_POINT('Ctrl Pts',(8.7026294082066,-19.5670025766039,-30.7927170368845));
#12570=CARTESIAN_POINT('Ctrl Pts',(8.67240272082707,-19.5653366693205,-30.783339085892));
#12571=CARTESIAN_POINT('Ctrl Pts',(8.58264890367473,-19.5603899963415,-30.7554926041364));
#12572=CARTESIAN_POINT('Ctrl Pts',(8.4917620191229,-19.5561166042294,-30.7314362462588));
#12573=CARTESIAN_POINT('Ctrl Pts',(8.431483408775,-19.5532823763948,-30.7154814269244));
#12574=CARTESIAN_POINT('Ctrl Pts',(8.82029642757382,-19.7782364420356,-30.8383301217854));
#12575=CARTESIAN_POINT('Ctrl Pts',(8.82029642757382,-19.5813192959254,-30.8733106530539));
#12576=CARTESIAN_POINT('Ctrl Pts',(8.80501785018817,-19.7754104765235,-30.8224218138361));
#12577=CARTESIAN_POINT('Ctrl Pts',(8.80501785018817,-19.5784933304133,-30.8574023451045));
#12578=CARTESIAN_POINT('Ctrl Pts',(8.77156548363095,-19.7692230395781,-30.7875906554505));
#12579=CARTESIAN_POINT('Ctrl Pts',(8.77156548363095,-19.5723058934679,-30.8225711867189));
#12580=CARTESIAN_POINT('Ctrl Pts',(8.72689675260581,-19.7657866322532,-30.7682459657401));
#12581=CARTESIAN_POINT('Ctrl Pts',(8.72689675260581,-19.568869486143,-30.8032264970085));
#12582=CARTESIAN_POINT('Ctrl Pts',(8.7026294082066,-19.7639197227141,-30.7577365056161));
#12583=CARTESIAN_POINT('Ctrl Pts',(8.7026294082066,-19.5670025766039,-30.7927170368845));
#12584=CARTESIAN_POINT('',(8.82029642757382,-19.7782364420356,-30.8383301217854));
#12585=CARTESIAN_POINT('Ctrl Pts',(8.82029642757382,-19.7782364420356,-30.8383301217854));
#12586=CARTESIAN_POINT('Ctrl Pts',(8.80501785018817,-19.7754104765235,-30.8224218138361));
#12587=CARTESIAN_POINT('Ctrl Pts',(8.77156548363095,-19.7692230395781,-30.7875906554505));
#12588=CARTESIAN_POINT('Ctrl Pts',(8.72689675260581,-19.7657866322532,-30.7682459657401));
#12589=CARTESIAN_POINT('Ctrl Pts',(8.7026294082066,-19.7639197227141,-30.7577365056161));
#12590=CARTESIAN_POINT('',(8.82029642757382,-19.5813192959254,-30.8733106530539));
#12591=CARTESIAN_POINT('',(8.82029642757382,-19.7782364420356,-30.8383301217854));
#12592=CARTESIAN_POINT('Ctrl Pts',(8.82029642757382,-19.5813192959254,-30.8733106530539));
#12593=CARTESIAN_POINT('Ctrl Pts',(8.80501785018817,-19.5784933304133,-30.8574023451045));
#12594=CARTESIAN_POINT('Ctrl Pts',(8.77156548363095,-19.5723058934679,-30.8225711867189));
#12595=CARTESIAN_POINT('Ctrl Pts',(8.72689675260581,-19.568869486143,-30.8032264970085));
#12596=CARTESIAN_POINT('Ctrl Pts',(8.7026294082066,-19.5670025766039,-30.7927170368845));
#12597=CARTESIAN_POINT('Ctrl Pts',(8.85781337913479,-19.7970271589497,-30.9441093713831));
#12598=CARTESIAN_POINT('Ctrl Pts',(8.85781337913479,-19.6001100128396,-30.9790899026515));
#12599=CARTESIAN_POINT('Ctrl Pts',(8.85622099194741,-19.7936279354477,-30.9249740018866));
#12600=CARTESIAN_POINT('Ctrl Pts',(8.85622099194741,-19.5967107893376,-30.959954533155));
#12601=CARTESIAN_POINT('Ctrl Pts',(8.85302121779828,-19.7867974688533,-30.886523013877));
#12602=CARTESIAN_POINT('Ctrl Pts',(8.85302121779828,-19.5898803227431,-30.9215035451454));
#12603=CARTESIAN_POINT('Ctrl Pts',(8.83123872801255,-19.7810990219593,-30.8544445445414));
#12604=CARTESIAN_POINT('Ctrl Pts',(8.83123872801255,-19.5841818758491,-30.8894250758098));
#12605=CARTESIAN_POINT('Ctrl Pts',(8.82029642757382,-19.7782364420356,-30.8383301217854));
#12606=CARTESIAN_POINT('Ctrl Pts',(8.82029642757382,-19.5813192959254,-30.8733106530539));
#12607=CARTESIAN_POINT('',(8.85781337913479,-19.7970271589497,-30.9441093713831));
#12608=CARTESIAN_POINT('Ctrl Pts',(8.85781337913479,-19.7970271589497,-30.9441093713831));
#12609=CARTESIAN_POINT('Ctrl Pts',(8.85622099194741,-19.7936279354477,-30.9249740018866));
#12610=CARTESIAN_POINT('Ctrl Pts',(8.85302121779828,-19.7867974688533,-30.886523013877));
#12611=CARTESIAN_POINT('Ctrl Pts',(8.83123872801255,-19.7810990219593,-30.8544445445414));
#12612=CARTESIAN_POINT('Ctrl Pts',(8.82029642757382,-19.7782364420356,-30.8383301217854));
#12613=CARTESIAN_POINT('',(8.85781337913479,-19.6001100128396,-30.9790899026515));
#12614=CARTESIAN_POINT('',(8.85781337913479,-19.7970271589497,-30.9441093713831));
#12615=CARTESIAN_POINT('Ctrl Pts',(8.85781337913479,-19.6001100128396,-30.9790899026515));
#12616=CARTESIAN_POINT('Ctrl Pts',(8.85622099194741,-19.5967107893376,-30.959954533155));
#12617=CARTESIAN_POINT('Ctrl Pts',(8.85302121779828,-19.5898803227431,-30.9215035451454));
#12618=CARTESIAN_POINT('Ctrl Pts',(8.83123872801255,-19.5841818758491,-30.8894250758098));
#12619=CARTESIAN_POINT('Ctrl Pts',(8.82029642757382,-19.5813192959254,-30.8733106530539));
#12620=CARTESIAN_POINT('Ctrl Pts',(8.76743157800639,-19.8256605975927,-31.1052966037218));
#12621=CARTESIAN_POINT('Ctrl Pts',(8.76743157800639,-19.6287434514825,-31.1402771349902));
#12622=CARTESIAN_POINT('Ctrl Pts',(8.79376645486579,-19.8215855611893,-31.0823568566754));
#12623=CARTESIAN_POINT('Ctrl Pts',(8.79376645486579,-19.6246684150792,-31.1173373879438));
#12624=CARTESIAN_POINT('Ctrl Pts',(8.84357128759629,-19.8138788038149,-31.0389729338788));
#12625=CARTESIAN_POINT('Ctrl Pts',(8.84357128759629,-19.6169616577047,-31.0739534651472));
#12626=CARTESIAN_POINT('Ctrl Pts',(8.85325162923008,-19.8024247502481,-30.9744942236364));
#12627=CARTESIAN_POINT('Ctrl Pts',(8.85325162923008,-19.6055076041379,-31.0094747549048));
#12628=CARTESIAN_POINT('Ctrl Pts',(8.85781337913479,-19.7970271589497,-30.9441093713831));
#12629=CARTESIAN_POINT('Ctrl Pts',(8.85781337913479,-19.6001100128396,-30.9790899026515));
#12630=CARTESIAN_POINT('',(8.76743157800639,-19.8256605975927,-31.1052966037218));
#12631=CARTESIAN_POINT('Ctrl Pts',(8.76743157800639,-19.8256605975927,-31.1052966037218));
#12632=CARTESIAN_POINT('Ctrl Pts',(8.79376645486579,-19.8215855611893,-31.0823568566754));
#12633=CARTESIAN_POINT('Ctrl Pts',(8.84357128759629,-19.8138788038149,-31.0389729338788));
#12634=CARTESIAN_POINT('Ctrl Pts',(8.85325162923008,-19.8024247502481,-30.9744942236364));
#12635=CARTESIAN_POINT('Ctrl Pts',(8.85781337913479,-19.7970271589497,-30.9441093713831));
#12636=CARTESIAN_POINT('',(8.76743157800639,-19.6287434514825,-31.1402771349902));
#12637=CARTESIAN_POINT('',(8.76743157800639,-19.8256605975927,-31.1052966037218));
#12638=CARTESIAN_POINT('Ctrl Pts',(8.76743157800639,-19.6287434514825,-31.1402771349902));
#12639=CARTESIAN_POINT('Ctrl Pts',(8.79376645486579,-19.6246684150792,-31.1173373879438));
#12640=CARTESIAN_POINT('Ctrl Pts',(8.84357128759629,-19.6169616577047,-31.0739534651472));
#12641=CARTESIAN_POINT('Ctrl Pts',(8.85325162923008,-19.6055076041379,-31.0094747549048));
#12642=CARTESIAN_POINT('Ctrl Pts',(8.85781337913479,-19.6001100128396,-30.9790899026515));
#12643=CARTESIAN_POINT('Ctrl Pts',(8.4655897825619,-19.8378894739585,-31.174137051444));
#12644=CARTESIAN_POINT('Ctrl Pts',(8.4655897825619,-19.6409723278483,-31.2091175827124));
#12645=CARTESIAN_POINT('Ctrl Pts',(8.52736477174068,-19.8378024267765,-31.1736470336532));
#12646=CARTESIAN_POINT('Ctrl Pts',(8.52736477174068,-19.6408852806663,-31.2086275649216));
#12647=CARTESIAN_POINT('Ctrl Pts',(8.63378464061564,-19.8376524704622,-31.1728028792514));
#12648=CARTESIAN_POINT('Ctrl Pts',(8.63378464061564,-19.640735324352,-31.2077834105198));
#12649=CARTESIAN_POINT('Ctrl Pts',(8.72793426643629,-19.8292046125045,-31.1252470526403));
#12650=CARTESIAN_POINT('Ctrl Pts',(8.72793426643629,-19.6322874663944,-31.1602275839087));
#12651=CARTESIAN_POINT('Ctrl Pts',(8.76743157800639,-19.8256605975927,-31.1052966037218));
#12652=CARTESIAN_POINT('Ctrl Pts',(8.76743157800639,-19.6287434514825,-31.1402771349902));
#12653=CARTESIAN_POINT('',(8.4655897825619,-19.8378894739585,-31.174137051444));
#12654=CARTESIAN_POINT('Ctrl Pts',(8.4655897825619,-19.8378894739585,-31.174137051444));
#12655=CARTESIAN_POINT('Ctrl Pts',(8.52736477174068,-19.8378024267765,-31.1736470336532));
#12656=CARTESIAN_POINT('Ctrl Pts',(8.63378464061564,-19.8376524704622,-31.1728028792514));
#12657=CARTESIAN_POINT('Ctrl Pts',(8.72793426643629,-19.8292046125045,-31.1252470526403));
#12658=CARTESIAN_POINT('Ctrl Pts',(8.76743157800639,-19.8256605975927,-31.1052966037218));
#12659=CARTESIAN_POINT('',(8.4655897825619,-19.6409723278483,-31.2091175827124));
#12660=CARTESIAN_POINT('',(8.4655897825619,-19.8378894739585,-31.174137051444));
#12661=CARTESIAN_POINT('Ctrl Pts',(8.4655897825619,-19.6409723278483,-31.2091175827124));
#12662=CARTESIAN_POINT('Ctrl Pts',(8.52736477174068,-19.6408852806663,-31.2086275649216));
#12663=CARTESIAN_POINT('Ctrl Pts',(8.63378464061564,-19.640735324352,-31.2077834105198));
#12664=CARTESIAN_POINT('Ctrl Pts',(8.72793426643629,-19.6322874663944,-31.1602275839087));
#12665=CARTESIAN_POINT('Ctrl Pts',(8.76743157800639,-19.6287434514825,-31.1402771349902));
#12666=CARTESIAN_POINT('Ctrl Pts',(8.18847527202571,-19.8241692737493,-31.0969014414839));
#12667=CARTESIAN_POINT('Ctrl Pts',(8.18847527202571,-19.6272521276391,-31.1318819727523));
#12668=CARTESIAN_POINT('Ctrl Pts',(8.22694392724991,-19.8281614947811,-31.1193749930198));
#12669=CARTESIAN_POINT('Ctrl Pts',(8.22694392724991,-19.6312443486709,-31.1543555242882));
#12670=CARTESIAN_POINT('Ctrl Pts',(8.31200035890176,-19.8369885274222,-31.1690653211335));
#12671=CARTESIAN_POINT('Ctrl Pts',(8.31200035890176,-19.6400713813121,-31.2040458524019));
#12672=CARTESIAN_POINT('Ctrl Pts',(8.41123577918023,-19.8375706365678,-31.1723422088052));
#12673=CARTESIAN_POINT('Ctrl Pts',(8.41123577918023,-19.6406534904576,-31.2073227400736));
#12674=CARTESIAN_POINT('Ctrl Pts',(8.4655897825619,-19.8378894739585,-31.174137051444));
#12675=CARTESIAN_POINT('Ctrl Pts',(8.4655897825619,-19.6409723278483,-31.2091175827124));
#12676=CARTESIAN_POINT('',(8.18847527202571,-19.8241692737493,-31.0969014414839));
#12677=CARTESIAN_POINT('Ctrl Pts',(8.18847527202571,-19.8241692737493,-31.0969014414839));
#12678=CARTESIAN_POINT('Ctrl Pts',(8.22694392724991,-19.8281614947811,-31.1193749930198));
#12679=CARTESIAN_POINT('Ctrl Pts',(8.31200035890176,-19.8369885274222,-31.1690653211335));
#12680=CARTESIAN_POINT('Ctrl Pts',(8.41123577918023,-19.8375706365678,-31.1723422088052));
#12681=CARTESIAN_POINT('Ctrl Pts',(8.4655897825619,-19.8378894739585,-31.174137051444));
#12682=CARTESIAN_POINT('',(8.18847527202571,-19.6272521276391,-31.1318819727523));
#12683=CARTESIAN_POINT('',(8.18847527202571,-19.8241692737493,-31.0969014414839));
#12684=CARTESIAN_POINT('Ctrl Pts',(8.18847527202571,-19.6272521276391,-31.1318819727523));
#12685=CARTESIAN_POINT('Ctrl Pts',(8.22694392724991,-19.6312443486709,-31.1543555242882));
#12686=CARTESIAN_POINT('Ctrl Pts',(8.31200035890176,-19.6400713813121,-31.2040458524019));
#12687=CARTESIAN_POINT('Ctrl Pts',(8.41123577918023,-19.6406534904576,-31.2073227400736));
#12688=CARTESIAN_POINT('Ctrl Pts',(8.4655897825619,-19.6409723278483,-31.2091175827124));
#12689=CARTESIAN_POINT('Ctrl Pts',(8.06995560821499,-19.7859913468712,-30.881985082794));
#12690=CARTESIAN_POINT('Ctrl Pts',(8.06995560821499,-19.589074200761,-30.9169656140625));
#12691=CARTESIAN_POINT('Ctrl Pts',(8.07944448932894,-19.7936154101478,-30.9249034927712));
#12692=CARTESIAN_POINT('Ctrl Pts',(8.07944448932894,-19.5966982640376,-30.9598840240396));
#12693=CARTESIAN_POINT('Ctrl Pts',(8.09781937696109,-19.8083791430185,-31.0080134981775));
#12694=CARTESIAN_POINT('Ctrl Pts',(8.09781937696109,-19.6114619969083,-31.0429940294459));
#12695=CARTESIAN_POINT('Ctrl Pts',(8.15892492529041,-19.8190222964043,-31.067927379252));
#12696=CARTESIAN_POINT('Ctrl Pts',(8.15892492529041,-19.6221051502941,-31.1029079105204));
#12697=CARTESIAN_POINT('Ctrl Pts',(8.18847527202571,-19.8241692737493,-31.0969014414839));
#12698=CARTESIAN_POINT('Ctrl Pts',(8.18847527202571,-19.6272521276391,-31.1318819727523));
#12699=CARTESIAN_POINT('',(8.06995560821499,-19.7859913468712,-30.881985082794));
#12700=CARTESIAN_POINT('Ctrl Pts',(8.06995560821499,-19.7859913468712,-30.881985082794));
#12701=CARTESIAN_POINT('Ctrl Pts',(8.07944448932894,-19.7936154101478,-30.9249034927712));
#12702=CARTESIAN_POINT('Ctrl Pts',(8.09781937696109,-19.8083791430185,-31.0080134981775));
#12703=CARTESIAN_POINT('Ctrl Pts',(8.15892492529041,-19.8190222964043,-31.067927379252));
#12704=CARTESIAN_POINT('Ctrl Pts',(8.18847527202571,-19.8241692737493,-31.0969014414839));
#12705=CARTESIAN_POINT('',(8.06995560821499,-19.589074200761,-30.9169656140625));
#12706=CARTESIAN_POINT('',(8.06995560821499,-19.7859913468712,-30.881985082794));
#12707=CARTESIAN_POINT('Ctrl Pts',(8.06995560821499,-19.589074200761,-30.9169656140625));
#12708=CARTESIAN_POINT('Ctrl Pts',(8.07944448932894,-19.5966982640376,-30.9598840240396));
#12709=CARTESIAN_POINT('Ctrl Pts',(8.09781937696109,-19.6114619969083,-31.0429940294459));
#12710=CARTESIAN_POINT('Ctrl Pts',(8.15892492529041,-19.6221051502941,-31.1029079105204));
#12711=CARTESIAN_POINT('Ctrl Pts',(8.18847527202571,-19.6272521276391,-31.1318819727523));
#12712=CARTESIAN_POINT('Origin',(7.7698188036343,-19.7931497065319,-30.9222818908787));
#12713=CARTESIAN_POINT('',(7.7698188036343,-19.7931497065319,-30.9222818908787));
#12714=CARTESIAN_POINT('',(35.5248063230403,-19.1311842960574,-27.1958565128773));
#12715=CARTESIAN_POINT('',(7.7698188036343,-19.5962325604217,-30.9572624221471));
#12716=CARTESIAN_POINT('',(7.7698188036343,-19.7931497065319,-30.9222818908787));
#12717=CARTESIAN_POINT('',(7.7698188036343,-19.5962325604217,-30.9572624221471));
#12718=CARTESIAN_POINT('Ctrl Pts',(7.87554909881556,-19.8422143157105,-31.1984830366052));
#12719=CARTESIAN_POINT('Ctrl Pts',(7.87554909881556,-19.6452971696003,-31.2334635678736));
#12720=CARTESIAN_POINT('Ctrl Pts',(7.85164955141641,-19.8352242987626,-31.1591338861284));
#12721=CARTESIAN_POINT('Ctrl Pts',(7.85164955141641,-19.6383071526524,-31.1941144173968));
#12722=CARTESIAN_POINT('Ctrl Pts',(7.79962277081034,-19.8200077730223,-31.073474957752));
#12723=CARTESIAN_POINT('Ctrl Pts',(7.79962277081034,-19.6230906269122,-31.1084554890204));
#12724=CARTESIAN_POINT('Ctrl Pts',(7.78027745810927,-19.8025746007291,-30.9753377822672));
#12725=CARTESIAN_POINT('Ctrl Pts',(7.78027745810927,-19.6056574546189,-31.0103183135356));
#12726=CARTESIAN_POINT('Ctrl Pts',(7.7698188036343,-19.7931497065319,-30.9222818908787));
#12727=CARTESIAN_POINT('Ctrl Pts',(7.7698188036343,-19.5962325604217,-30.9572624221471));
#12728=CARTESIAN_POINT('',(7.87554909881556,-19.8422143157105,-31.1984830366052));
#12729=CARTESIAN_POINT('Ctrl Pts',(7.87554909881556,-19.8422143157105,-31.1984830366052));
#12730=CARTESIAN_POINT('Ctrl Pts',(7.85164955141641,-19.8352242987626,-31.1591338861284));
#12731=CARTESIAN_POINT('Ctrl Pts',(7.79962277081034,-19.8200077730223,-31.073474957752));
#12732=CARTESIAN_POINT('Ctrl Pts',(7.78027745810927,-19.8025746007291,-30.9753377822672));
#12733=CARTESIAN_POINT('Ctrl Pts',(7.7698188036343,-19.7931497065319,-30.9222818908787));
#12734=CARTESIAN_POINT('',(7.87554909881556,-19.6452971696003,-31.2334635678736));
#12735=CARTESIAN_POINT('',(7.87554909881556,-19.8422143157105,-31.1984830366052));
#12736=CARTESIAN_POINT('Ctrl Pts',(7.87554909881556,-19.6452971696003,-31.2334635678736));
#12737=CARTESIAN_POINT('Ctrl Pts',(7.85164955141641,-19.6383071526524,-31.1941144173968));
#12738=CARTESIAN_POINT('Ctrl Pts',(7.79962277081034,-19.6230906269122,-31.1084554890204));
#12739=CARTESIAN_POINT('Ctrl Pts',(7.78027745810927,-19.6056574546189,-31.0103183135356));
#12740=CARTESIAN_POINT('Ctrl Pts',(7.7698188036343,-19.5962325604217,-30.9572624221471));
#12741=CARTESIAN_POINT('Ctrl Pts',(8.1134407728573,-19.8712951697503,-31.3621889203156));
#12742=CARTESIAN_POINT('Ctrl Pts',(8.1134407728573,-19.6743780236401,-31.397169451584));
#12743=CARTESIAN_POINT('Ctrl Pts',(8.06439253833881,-19.8676605254998,-31.341728288445));
#12744=CARTESIAN_POINT('Ctrl Pts',(8.06439253833881,-19.6707433793896,-31.3767088197135));
#12745=CARTESIAN_POINT('Ctrl Pts',(7.97311505210562,-19.8608965472693,-31.3036515857417));
#12746=CARTESIAN_POINT('Ctrl Pts',(7.97311505210562,-19.6639794011591,-31.3386321170101));
#12747=CARTESIAN_POINT('Ctrl Pts',(7.90640999215772,-19.8481236553529,-31.2317486919738));
#12748=CARTESIAN_POINT('Ctrl Pts',(7.90640999215772,-19.6512065092428,-31.2667292232422));
#12749=CARTESIAN_POINT('Ctrl Pts',(7.87554909881556,-19.8422143157105,-31.1984830366052));
#12750=CARTESIAN_POINT('Ctrl Pts',(7.87554909881556,-19.6452971696003,-31.2334635678736));
#12751=CARTESIAN_POINT('',(8.1134407728573,-19.8712951697503,-31.3621889203156));
#12752=CARTESIAN_POINT('Ctrl Pts',(8.1134407728573,-19.8712951697503,-31.3621889203156));
#12753=CARTESIAN_POINT('Ctrl Pts',(8.06439253833881,-19.8676605254998,-31.341728288445));
#12754=CARTESIAN_POINT('Ctrl Pts',(7.97311505210562,-19.8608965472693,-31.3036515857417));
#12755=CARTESIAN_POINT('Ctrl Pts',(7.90640999215772,-19.8481236553529,-31.2317486919738));
#12756=CARTESIAN_POINT('Ctrl Pts',(7.87554909881556,-19.8422143157105,-31.1984830366052));
#12757=CARTESIAN_POINT('',(8.1134407728573,-19.6743780236401,-31.397169451584));
#12758=CARTESIAN_POINT('',(8.1134407728573,-19.8712951697503,-31.3621889203156));
#12759=CARTESIAN_POINT('Ctrl Pts',(8.1134407728573,-19.6743780236401,-31.397169451584));
#12760=CARTESIAN_POINT('Ctrl Pts',(8.06439253833881,-19.6707433793896,-31.3767088197135));
#12761=CARTESIAN_POINT('Ctrl Pts',(7.97311505210562,-19.6639794011591,-31.3386321170101));
#12762=CARTESIAN_POINT('Ctrl Pts',(7.90640999215772,-19.6512065092428,-31.2667292232422));
#12763=CARTESIAN_POINT('Ctrl Pts',(7.87554909881556,-19.6452971696003,-31.2334635678736));
#12764=CARTESIAN_POINT('Ctrl Pts',(8.48775913413965,-19.8820326962101,-31.4226340590852));
#12765=CARTESIAN_POINT('Ctrl Pts',(8.48775913413965,-19.6851155500999,-31.4576145903537));
#12766=CARTESIAN_POINT('Ctrl Pts',(8.42050433885502,-19.8816904496853,-31.420707438577));
#12767=CARTESIAN_POINT('Ctrl Pts',(8.42050433885502,-19.6847733035751,-31.4556879698454));
#12768=CARTESIAN_POINT('Ctrl Pts',(8.29289924661906,-19.8810410922799,-31.4170519878895));
#12769=CARTESIAN_POINT('Ctrl Pts',(8.29289924661906,-19.6841239461697,-31.4520325191579));
#12770=CARTESIAN_POINT('Ctrl Pts',(8.17106280874989,-19.8744244725134,-31.3798048154174));
#12771=CARTESIAN_POINT('Ctrl Pts',(8.17106280874989,-19.6775073264032,-31.4147853466858));
#12772=CARTESIAN_POINT('Ctrl Pts',(8.1134407728573,-19.8712951697503,-31.3621889203156));
#12773=CARTESIAN_POINT('Ctrl Pts',(8.1134407728573,-19.6743780236401,-31.397169451584));
#12774=CARTESIAN_POINT('',(8.48775913413965,-19.8820326962101,-31.4226340590852));
#12775=CARTESIAN_POINT('Ctrl Pts',(8.48775913413965,-19.8820326962101,-31.4226340590852));
#12776=CARTESIAN_POINT('Ctrl Pts',(8.42050433885502,-19.8816904496853,-31.420707438577));
#12777=CARTESIAN_POINT('Ctrl Pts',(8.29289924661906,-19.8810410922799,-31.4170519878895));
#12778=CARTESIAN_POINT('Ctrl Pts',(8.17106280874989,-19.8744244725134,-31.3798048154174));
#12779=CARTESIAN_POINT('Ctrl Pts',(8.1134407728573,-19.8712951697503,-31.3621889203156));
#12780=CARTESIAN_POINT('',(8.48775913413965,-19.6851155500999,-31.4576145903537));
#12781=CARTESIAN_POINT('',(8.48775913413965,-19.8820326962101,-31.4226340590852));
#12782=CARTESIAN_POINT('Ctrl Pts',(8.48775913413965,-19.6851155500999,-31.4576145903537));
#12783=CARTESIAN_POINT('Ctrl Pts',(8.42050433885502,-19.6847733035751,-31.4556879698454));
#12784=CARTESIAN_POINT('Ctrl Pts',(8.29289924661906,-19.6841239461697,-31.4520325191579));
#12785=CARTESIAN_POINT('Ctrl Pts',(8.17106280874989,-19.6775073264032,-31.4147853466858));
#12786=CARTESIAN_POINT('Ctrl Pts',(8.1134407728573,-19.6743780236401,-31.397169451584));
#12787=CARTESIAN_POINT('Ctrl Pts',(8.75293632444345,-19.8756200115023,-31.3865349054769));
#12788=CARTESIAN_POINT('Ctrl Pts',(8.75293632444345,-19.6787028653921,-31.4215154367453));
#12789=CARTESIAN_POINT('Ctrl Pts',(8.71044593167453,-19.8774900800613,-31.3970621487835));
#12790=CARTESIAN_POINT('Ctrl Pts',(8.71044593167453,-19.6805729339511,-31.432042680052));
#12791=CARTESIAN_POINT('Ctrl Pts',(8.62340883158181,-19.8813207187949,-31.4186260993539));
#12792=CARTESIAN_POINT('Ctrl Pts',(8.62340883158181,-19.6844035726847,-31.4536066306223));
#12793=CARTESIAN_POINT('Ctrl Pts',(8.53368231792008,-19.8817916616166,-31.4212771944936));
#12794=CARTESIAN_POINT('Ctrl Pts',(8.53368231792008,-19.6848745155064,-31.456257725762));
#12795=CARTESIAN_POINT('Ctrl Pts',(8.48775913413965,-19.8820326962101,-31.4226340590852));
#12796=CARTESIAN_POINT('Ctrl Pts',(8.48775913413965,-19.6851155500999,-31.4576145903537));
#12797=CARTESIAN_POINT('',(8.75293632444345,-19.8756200115023,-31.3865349054769));
#12798=CARTESIAN_POINT('Ctrl Pts',(8.75293632444345,-19.8756200115023,-31.3865349054769));
#12799=CARTESIAN_POINT('Ctrl Pts',(8.71044593167453,-19.8774900800613,-31.3970621487835));
#12800=CARTESIAN_POINT('Ctrl Pts',(8.62340883158181,-19.8813207187949,-31.4186260993539));
#12801=CARTESIAN_POINT('Ctrl Pts',(8.53368231792008,-19.8817916616166,-31.4212771944936));
#12802=CARTESIAN_POINT('Ctrl Pts',(8.48775913413965,-19.8820326962101,-31.4226340590852));
#12803=CARTESIAN_POINT('',(8.75293632444345,-19.6787028653921,-31.4215154367453));
#12804=CARTESIAN_POINT('',(8.75293632444345,-19.8756200115023,-31.3865349054769));
#12805=CARTESIAN_POINT('Ctrl Pts',(8.75293632444345,-19.6787028653921,-31.4215154367453));
#12806=CARTESIAN_POINT('Ctrl Pts',(8.71044593167453,-19.6805729339511,-31.432042680052));
#12807=CARTESIAN_POINT('Ctrl Pts',(8.62340883158181,-19.6844035726847,-31.4536066306223));
#12808=CARTESIAN_POINT('Ctrl Pts',(8.53368231792008,-19.6848745155064,-31.456257725762));
#12809=CARTESIAN_POINT('Ctrl Pts',(8.48775913413965,-19.6851155500999,-31.4576145903537));
#12810=CARTESIAN_POINT('Ctrl Pts',(8.94819547828638,-19.8599610981155,-31.298385628622));
#12811=CARTESIAN_POINT('Ctrl Pts',(8.94819547828638,-19.6630439520054,-31.3333661598904));
#12812=CARTESIAN_POINT('Ctrl Pts',(8.92051976715162,-19.8630061614349,-31.3155273116332));
#12813=CARTESIAN_POINT('Ctrl Pts',(8.92051976715162,-19.6660890153247,-31.3505078429016));
#12814=CARTESIAN_POINT('Ctrl Pts',(8.85944860985369,-19.8697256108485,-31.3533533466872));
#12815=CARTESIAN_POINT('Ctrl Pts',(8.85944860985369,-19.6728084647383,-31.3883338779557));
#12816=CARTESIAN_POINT('Ctrl Pts',(8.79059011067911,-19.8735362471614,-31.3748046969209));
#12817=CARTESIAN_POINT('Ctrl Pts',(8.79059011067911,-19.6766191010512,-31.4097852281894));
#12818=CARTESIAN_POINT('Ctrl Pts',(8.75293632444345,-19.8756200115023,-31.3865349054769));
#12819=CARTESIAN_POINT('Ctrl Pts',(8.75293632444345,-19.6787028653921,-31.4215154367453));
#12820=CARTESIAN_POINT('',(8.94819547828638,-19.8599610981155,-31.298385628622));
#12821=CARTESIAN_POINT('Ctrl Pts',(8.94819547828638,-19.8599610981155,-31.298385628622));
#12822=CARTESIAN_POINT('Ctrl Pts',(8.92051976715162,-19.8630061614349,-31.3155273116332));
#12823=CARTESIAN_POINT('Ctrl Pts',(8.85944860985369,-19.8697256108485,-31.3533533466872));
#12824=CARTESIAN_POINT('Ctrl Pts',(8.79059011067911,-19.8735362471614,-31.3748046969209));
#12825=CARTESIAN_POINT('Ctrl Pts',(8.75293632444345,-19.8756200115023,-31.3865349054769));
#12826=CARTESIAN_POINT('',(8.94819547828638,-19.6630439520054,-31.3333661598904));
#12827=CARTESIAN_POINT('',(8.94819547828638,-19.8599610981155,-31.298385628622));
#12828=CARTESIAN_POINT('Ctrl Pts',(8.94819547828638,-19.6630439520054,-31.3333661598904));
#12829=CARTESIAN_POINT('Ctrl Pts',(8.92051976715162,-19.6660890153247,-31.3505078429016));
#12830=CARTESIAN_POINT('Ctrl Pts',(8.85944860985369,-19.6728084647383,-31.3883338779557));
#12831=CARTESIAN_POINT('Ctrl Pts',(8.79059011067911,-19.6766191010512,-31.4097852281894));
#12832=CARTESIAN_POINT('Ctrl Pts',(8.75293632444345,-19.6787028653921,-31.4215154367453));
#12833=CARTESIAN_POINT('Ctrl Pts',(9.09911622699702,-19.8299854393448,-31.129642588883));
#12834=CARTESIAN_POINT('Ctrl Pts',(9.09911622699702,-19.6330682932346,-31.1646231201515));
#12835=CARTESIAN_POINT('Ctrl Pts',(9.07896358006868,-19.8357467552986,-31.1620749692479));
#12836=CARTESIAN_POINT('Ctrl Pts',(9.07896358006868,-19.6388296091884,-31.1970555005163));
#12837=CARTESIAN_POINT('Ctrl Pts',(9.0386366983563,-19.8472755588251,-31.226974472091));
#12838=CARTESIAN_POINT('Ctrl Pts',(9.0386366983563,-19.6503584127149,-31.2619550033594));
#12839=CARTESIAN_POINT('Ctrl Pts',(8.97835330864565,-19.8557310762114,-31.2745734161954));
#12840=CARTESIAN_POINT('Ctrl Pts',(8.97835330864565,-19.6588139301012,-31.3095539474639));
#12841=CARTESIAN_POINT('Ctrl Pts',(8.94819547828638,-19.8599610981155,-31.298385628622));
#12842=CARTESIAN_POINT('Ctrl Pts',(8.94819547828638,-19.6630439520054,-31.3333661598904));
#12843=CARTESIAN_POINT('',(9.09911622699702,-19.8299854393448,-31.129642588883));
#12844=CARTESIAN_POINT('Ctrl Pts',(9.09911622699702,-19.8299854393448,-31.129642588883));
#12845=CARTESIAN_POINT('Ctrl Pts',(9.07896358006868,-19.8357467552986,-31.1620749692479));
#12846=CARTESIAN_POINT('Ctrl Pts',(9.0386366983563,-19.8472755588251,-31.226974472091));
#12847=CARTESIAN_POINT('Ctrl Pts',(8.97835330864565,-19.8557310762114,-31.2745734161954));
#12848=CARTESIAN_POINT('Ctrl Pts',(8.94819547828638,-19.8599610981155,-31.298385628622));
#12849=CARTESIAN_POINT('',(9.09911622699702,-19.6330682932346,-31.1646231201515));
#12850=CARTESIAN_POINT('',(9.09911622699702,-19.8299854393448,-31.129642588883));
#12851=CARTESIAN_POINT('Ctrl Pts',(9.09911622699702,-19.6330682932346,-31.1646231201515));
#12852=CARTESIAN_POINT('Ctrl Pts',(9.07896358006868,-19.6388296091884,-31.1970555005163));
#12853=CARTESIAN_POINT('Ctrl Pts',(9.0386366983563,-19.6503584127149,-31.2619550033594));
#12854=CARTESIAN_POINT('Ctrl Pts',(8.97835330864565,-19.6588139301012,-31.3095539474639));
#12855=CARTESIAN_POINT('Ctrl Pts',(8.94819547828638,-19.6630439520054,-31.3333661598904));
#12856=CARTESIAN_POINT('Ctrl Pts',(9.15453930791821,-19.7907635779575,-30.9088495726123));
#12857=CARTESIAN_POINT('Ctrl Pts',(9.15453930791821,-19.5938464318473,-30.9438301038807));
#12858=CARTESIAN_POINT('Ctrl Pts',(9.15231137138213,-19.7976653662493,-30.9477020543841));
#12859=CARTESIAN_POINT('Ctrl Pts',(9.15231137138213,-19.6007482201391,-30.9826825856525));
#12860=CARTESIAN_POINT('Ctrl Pts',(9.14789395291285,-19.8113498166713,-31.0247364167985));
#12861=CARTESIAN_POINT('Ctrl Pts',(9.14789395291285,-19.6144326705611,-31.0597169480669));
#12862=CARTESIAN_POINT('Ctrl Pts',(9.11528083416976,-19.8238097205247,-31.0948773957564));
#12863=CARTESIAN_POINT('Ctrl Pts',(9.11528083416976,-19.6268925744146,-31.1298579270248));
#12864=CARTESIAN_POINT('Ctrl Pts',(9.09911622699702,-19.8299854393448,-31.129642588883));
#12865=CARTESIAN_POINT('Ctrl Pts',(9.09911622699702,-19.6330682932346,-31.1646231201515));
#12866=CARTESIAN_POINT('',(9.15453930791821,-19.7907635779575,-30.9088495726123));
#12867=CARTESIAN_POINT('Ctrl Pts',(9.15453930791821,-19.7907635779575,-30.9088495726123));
#12868=CARTESIAN_POINT('Ctrl Pts',(9.15231137138213,-19.7976653662493,-30.9477020543841));
#12869=CARTESIAN_POINT('Ctrl Pts',(9.14789395291285,-19.8113498166713,-31.0247364167985));
#12870=CARTESIAN_POINT('Ctrl Pts',(9.11528083416976,-19.8238097205247,-31.0948773957564));
#12871=CARTESIAN_POINT('Ctrl Pts',(9.09911622699702,-19.8299854393448,-31.129642588883));
#12872=CARTESIAN_POINT('',(9.15453930791821,-19.5938464318473,-30.9438301038807));
#12873=CARTESIAN_POINT('',(9.15453930791821,-19.7907635779575,-30.9088495726123));
#12874=CARTESIAN_POINT('Ctrl Pts',(9.15453930791821,-19.5938464318473,-30.9438301038807));
#12875=CARTESIAN_POINT('Ctrl Pts',(9.15231137138213,-19.6007482201391,-30.9826825856525));
#12876=CARTESIAN_POINT('Ctrl Pts',(9.14789395291285,-19.6144326705611,-31.0597169480669));
#12877=CARTESIAN_POINT('Ctrl Pts',(9.11528083416976,-19.6268925744146,-31.1298579270248));
#12878=CARTESIAN_POINT('Ctrl Pts',(9.09911622699702,-19.6330682932346,-31.1646231201515));
#12879=CARTESIAN_POINT('Ctrl Pts',(9.08717920478788,-19.7482608093273,-30.6695872287612));
#12880=CARTESIAN_POINT('Ctrl Pts',(9.08717920478788,-19.5513436632171,-30.7045677600296));
#12881=CARTESIAN_POINT('Ctrl Pts',(9.10682564291269,-19.7548723944251,-30.7068060593941));
#12882=CARTESIAN_POINT('Ctrl Pts',(9.10682564291269,-19.557955248315,-30.7417865906625));
#12883=CARTESIAN_POINT('Ctrl Pts',(9.14644136094817,-19.7682042100621,-30.7818553222984));
#12884=CARTESIAN_POINT('Ctrl Pts',(9.14644136094817,-19.5712870639519,-30.8168358535668));
#12885=CARTESIAN_POINT('Ctrl Pts',(9.15182536690419,-19.7832030451449,-30.8662887969309));
#12886=CARTESIAN_POINT('Ctrl Pts',(9.15182536690419,-19.5862858990347,-30.9012693281993));
#12887=CARTESIAN_POINT('Ctrl Pts',(9.15453930791821,-19.7907635779575,-30.9088495726123));
#12888=CARTESIAN_POINT('Ctrl Pts',(9.15453930791821,-19.5938464318473,-30.9438301038807));
#12889=CARTESIAN_POINT('',(9.08717920478788,-19.7482608093273,-30.6695872287612));
#12890=CARTESIAN_POINT('Ctrl Pts',(9.08717920478788,-19.7482608093273,-30.6695872287612));
#12891=CARTESIAN_POINT('Ctrl Pts',(9.10682564291269,-19.7548723944251,-30.7068060593941));
#12892=CARTESIAN_POINT('Ctrl Pts',(9.14644136094817,-19.7682042100621,-30.7818553222984));
#12893=CARTESIAN_POINT('Ctrl Pts',(9.15182536690419,-19.7832030451449,-30.8662887969309));
#12894=CARTESIAN_POINT('Ctrl Pts',(9.15453930791821,-19.7907635779575,-30.9088495726123));
#12895=CARTESIAN_POINT('',(9.08717920478788,-19.5513436632171,-30.7045677600296));
#12896=CARTESIAN_POINT('',(9.08717920478788,-19.7482608093273,-30.6695872287612));
#12897=CARTESIAN_POINT('Ctrl Pts',(9.08717920478788,-19.5513436632171,-30.7045677600296));
#12898=CARTESIAN_POINT('Ctrl Pts',(9.10682564291269,-19.557955248315,-30.7417865906625));
#12899=CARTESIAN_POINT('Ctrl Pts',(9.14644136094817,-19.5712870639519,-30.8168358535668));
#12900=CARTESIAN_POINT('Ctrl Pts',(9.15182536690419,-19.5862858990347,-30.9012693281993));
#12901=CARTESIAN_POINT('Ctrl Pts',(9.15453930791821,-19.5938464318473,-30.9438301038807));
#12902=CARTESIAN_POINT('Ctrl Pts',(8.8893618195912,-19.7181360207785,-30.5000046874699));
#12903=CARTESIAN_POINT('Ctrl Pts',(8.8893618195912,-19.5212188746683,-30.5349852187383));
#12904=CARTESIAN_POINT('Ctrl Pts',(8.92985233107561,-19.7220103861059,-30.521814789707));
#12905=CARTESIAN_POINT('Ctrl Pts',(8.92985233107561,-19.5250932399957,-30.5567953209754));
#12906=CARTESIAN_POINT('Ctrl Pts',(9.00845321842809,-19.7295313716776,-30.5641529407017));
#12907=CARTESIAN_POINT('Ctrl Pts',(9.00845321842809,-19.5326142255674,-30.5991334719701));
#12908=CARTESIAN_POINT('Ctrl Pts',(9.06147237197701,-19.7421449822089,-30.635159186116));
#12909=CARTESIAN_POINT('Ctrl Pts',(9.06147237197701,-19.5452278360987,-30.6701397173844));
#12910=CARTESIAN_POINT('Ctrl Pts',(9.08717920478788,-19.7482608093273,-30.6695872287612));
#12911=CARTESIAN_POINT('Ctrl Pts',(9.08717920478788,-19.5513436632171,-30.7045677600296));
#12912=CARTESIAN_POINT('',(8.8893618195912,-19.7181360207785,-30.5000046874699));
#12913=CARTESIAN_POINT('Ctrl Pts',(8.8893618195912,-19.7181360207785,-30.5000046874699));
#12914=CARTESIAN_POINT('Ctrl Pts',(8.92985233107561,-19.7220103861059,-30.521814789707));
#12915=CARTESIAN_POINT('Ctrl Pts',(9.00845321842809,-19.7295313716776,-30.5641529407017));
#12916=CARTESIAN_POINT('Ctrl Pts',(9.06147237197701,-19.7421449822089,-30.635159186116));
#12917=CARTESIAN_POINT('Ctrl Pts',(9.08717920478788,-19.7482608093273,-30.6695872287612));
#12918=CARTESIAN_POINT('',(8.8893618195912,-19.5212188746683,-30.5349852187383));
#12919=CARTESIAN_POINT('',(8.8893618195912,-19.7181360207785,-30.5000046874699));
#12920=CARTESIAN_POINT('Ctrl Pts',(8.8893618195912,-19.5212188746683,-30.5349852187383));
#12921=CARTESIAN_POINT('Ctrl Pts',(8.92985233107561,-19.5250932399957,-30.5567953209754));
#12922=CARTESIAN_POINT('Ctrl Pts',(9.00845321842809,-19.5326142255674,-30.5991334719701));
#12923=CARTESIAN_POINT('Ctrl Pts',(9.06147237197701,-19.5452278360987,-30.6701397173844));
#12924=CARTESIAN_POINT('Ctrl Pts',(9.08717920478788,-19.5513436632171,-30.7045677600296));
#12925=CARTESIAN_POINT('Ctrl Pts',(8.42125107940642,-19.6923361000442,-30.3547682780546));
#12926=CARTESIAN_POINT('Ctrl Pts',(8.42125107940642,-19.495418953934,-30.389748809323));
#12927=CARTESIAN_POINT('Ctrl Pts',(8.51732783498895,-19.6965454262042,-30.378463987194));
#12928=CARTESIAN_POINT('Ctrl Pts',(8.51732783498895,-19.499628280094,-30.4134445184625));
#12929=CARTESIAN_POINT('Ctrl Pts',(8.67639491344309,-19.7035144918276,-30.4176951956362));
#12930=CARTESIAN_POINT('Ctrl Pts',(8.67639491344309,-19.5065973457174,-30.4526757269046));
#12931=CARTESIAN_POINT('Ctrl Pts',(8.82895016882366,-19.7139883777637,-30.476656213449));
#12932=CARTESIAN_POINT('Ctrl Pts',(8.82895016882366,-19.5170712316535,-30.5116367447174));
#12933=CARTESIAN_POINT('Ctrl Pts',(8.8893618195912,-19.7181360207785,-30.5000046874699));
#12934=CARTESIAN_POINT('Ctrl Pts',(8.8893618195912,-19.5212188746683,-30.5349852187383));
#12935=CARTESIAN_POINT('',(8.42125107940642,-19.6923361000442,-30.3547682780546));
#12936=CARTESIAN_POINT('Ctrl Pts',(8.42125107940642,-19.6923361000442,-30.3547682780546));
#12937=CARTESIAN_POINT('Ctrl Pts',(8.51732783498895,-19.6965454262042,-30.378463987194));
#12938=CARTESIAN_POINT('Ctrl Pts',(8.67639491344309,-19.7035144918276,-30.4176951956362));
#12939=CARTESIAN_POINT('Ctrl Pts',(8.82895016882366,-19.7139883777637,-30.476656213449));
#12940=CARTESIAN_POINT('Ctrl Pts',(8.8893618195912,-19.7181360207785,-30.5000046874699));
#12941=CARTESIAN_POINT('',(8.42125107940642,-19.495418953934,-30.389748809323));
#12942=CARTESIAN_POINT('',(8.42125107940642,-19.6923361000442,-30.3547682780546));
#12943=CARTESIAN_POINT('Ctrl Pts',(8.42125107940642,-19.495418953934,-30.389748809323));
#12944=CARTESIAN_POINT('Ctrl Pts',(8.51732783498895,-19.499628280094,-30.4134445184625));
#12945=CARTESIAN_POINT('Ctrl Pts',(8.67639491344309,-19.5065973457174,-30.4526757269046));
#12946=CARTESIAN_POINT('Ctrl Pts',(8.82895016882366,-19.5170712316535,-30.5116367447174));
#12947=CARTESIAN_POINT('Ctrl Pts',(8.8893618195912,-19.5212188746683,-30.5349852187383));
#12948=CARTESIAN_POINT('Ctrl Pts',(8.10747255977599,-19.6741419283049,-30.2523471813809));
#12949=CARTESIAN_POINT('Ctrl Pts',(8.10747255977599,-19.4772247821947,-30.2873277126494));
#12950=CARTESIAN_POINT('Ctrl Pts',(8.14384119044739,-19.6769984891255,-30.2684277205864));
#12951=CARTESIAN_POINT('Ctrl Pts',(8.14384119044739,-19.4800813430153,-30.3034082518548));
#12952=CARTESIAN_POINT('Ctrl Pts',(8.24470671243159,-19.6849209347313,-30.3130258247987));
#12953=CARTESIAN_POINT('Ctrl Pts',(8.24470671243159,-19.4880037886211,-30.3480063560671));
#12954=CARTESIAN_POINT('Ctrl Pts',(8.35239285085473,-19.6894439366939,-30.3384873202656));
#12955=CARTESIAN_POINT('Ctrl Pts',(8.35239285085473,-19.4925267905837,-30.373467851534));
#12956=CARTESIAN_POINT('Ctrl Pts',(8.42125107940642,-19.6923361000442,-30.3547682780546));
#12957=CARTESIAN_POINT('Ctrl Pts',(8.42125107940642,-19.495418953934,-30.389748809323));
#12958=CARTESIAN_POINT('',(8.10747255977599,-19.6741419283049,-30.2523471813809));
#12959=CARTESIAN_POINT('Ctrl Pts',(8.10747255977599,-19.6741419283049,-30.2523471813809));
#12960=CARTESIAN_POINT('Ctrl Pts',(8.14384119044739,-19.6769984891255,-30.2684277205864));
#12961=CARTESIAN_POINT('Ctrl Pts',(8.24470671243159,-19.6849209347313,-30.3130258247987));
#12962=CARTESIAN_POINT('Ctrl Pts',(8.35239285085473,-19.6894439366939,-30.3384873202656));
#12963=CARTESIAN_POINT('Ctrl Pts',(8.42125107940642,-19.6923361000442,-30.3547682780546));
#12964=CARTESIAN_POINT('',(8.10747255977599,-19.4772247821947,-30.2873277126494));
#12965=CARTESIAN_POINT('',(8.10747255977599,-19.6741419283049,-30.2523471813809));
#12966=CARTESIAN_POINT('Ctrl Pts',(8.10747255977599,-19.4772247821947,-30.2873277126494));
#12967=CARTESIAN_POINT('Ctrl Pts',(8.14384119044739,-19.4800813430153,-30.3034082518548));
#12968=CARTESIAN_POINT('Ctrl Pts',(8.24470671243159,-19.4880037886211,-30.3480063560671));
#12969=CARTESIAN_POINT('Ctrl Pts',(8.35239285085473,-19.4925267905837,-30.373467851534));
#12970=CARTESIAN_POINT('Ctrl Pts',(8.42125107940642,-19.495418953934,-30.389748809323));
#12971=CARTESIAN_POINT('Ctrl Pts',(8.01709046062439,-19.6455084635994,-30.0911598023275));
#12972=CARTESIAN_POINT('Ctrl Pts',(8.01709046062439,-19.4485913174892,-30.126140333596));
#12973=CARTESIAN_POINT('Ctrl Pts',(8.02103592278641,-19.6512705874713,-30.1235967307344));
#12974=CARTESIAN_POINT('Ctrl Pts',(8.02103592278641,-19.4543534413611,-30.1585772620029));
#12975=CARTESIAN_POINT('Ctrl Pts',(8.02902379704105,-19.662936425094,-30.1892676444782));
#12976=CARTESIAN_POINT('Ctrl Pts',(8.02902379704105,-19.4660192789838,-30.2242481757466));
#12977=CARTESIAN_POINT('Ctrl Pts',(8.08111223733836,-19.6703766595177,-30.23115122017));
#12978=CARTESIAN_POINT('Ctrl Pts',(8.08111223733836,-19.4734595134076,-30.2661317514385));
#12979=CARTESIAN_POINT('Ctrl Pts',(8.10747255977599,-19.6741419283049,-30.2523471813809));
#12980=CARTESIAN_POINT('Ctrl Pts',(8.10747255977599,-19.4772247821947,-30.2873277126494));
#12981=CARTESIAN_POINT('',(8.01709046062439,-19.6455084635994,-30.0911598023275));
#12982=CARTESIAN_POINT('Ctrl Pts',(8.01709046062439,-19.6455084635994,-30.0911598023275));
#12983=CARTESIAN_POINT('Ctrl Pts',(8.02103592278641,-19.6512705874713,-30.1235967307344));
#12984=CARTESIAN_POINT('Ctrl Pts',(8.02902379704105,-19.662936425094,-30.1892676444782));
#12985=CARTESIAN_POINT('Ctrl Pts',(8.08111223733836,-19.6703766595177,-30.23115122017));
#12986=CARTESIAN_POINT('Ctrl Pts',(8.10747255977599,-19.6741419283049,-30.2523471813809));
#12987=CARTESIAN_POINT('',(8.01709046062439,-19.4485913174892,-30.126140333596));
#12988=CARTESIAN_POINT('',(8.01709046062439,-19.6455084635994,-30.0911598023275));
#12989=CARTESIAN_POINT('Ctrl Pts',(8.01709046062439,-19.4485913174892,-30.126140333596));
#12990=CARTESIAN_POINT('Ctrl Pts',(8.02103592278641,-19.4543534413611,-30.1585772620029));
#12991=CARTESIAN_POINT('Ctrl Pts',(8.02902379704105,-19.4660192789838,-30.2242481757466));
#12992=CARTESIAN_POINT('Ctrl Pts',(8.08111223733836,-19.4734595134076,-30.2661317514385));
#12993=CARTESIAN_POINT('Ctrl Pts',(8.10747255977599,-19.4772247821947,-30.2873277126494));
#12994=CARTESIAN_POINT('Ctrl Pts',(8.11940958198518,-19.6101640806925,-29.8921944132758));
#12995=CARTESIAN_POINT('Ctrl Pts',(8.11940958198518,-19.4132469345823,-29.9271749445443));
#12996=CARTESIAN_POINT('Ctrl Pts',(8.08958156821939,-19.6152524520874,-29.9208385629531));
#12997=CARTESIAN_POINT('Ctrl Pts',(8.08958156821939,-19.4183353059772,-29.9558190942215));
#12998=CARTESIAN_POINT('Ctrl Pts',(8.03227811039723,-19.6250278691804,-29.9758676653188));
#12999=CARTESIAN_POINT('Ctrl Pts',(8.03227811039723,-19.4281107230702,-30.0108481965872));
#13000=CARTESIAN_POINT('Ctrl Pts',(8.02201252746455,-19.6388710406825,-30.0537955219425));
#13001=CARTESIAN_POINT('Ctrl Pts',(8.02201252746455,-19.4419538945723,-30.0887760532109));
#13002=CARTESIAN_POINT('Ctrl Pts',(8.01709046062439,-19.6455084635994,-30.0911598023275));
#13003=CARTESIAN_POINT('Ctrl Pts',(8.01709046062439,-19.4485913174892,-30.126140333596));
#13004=CARTESIAN_POINT('',(8.11940958198518,-19.6101640806925,-29.8921944132758));
#13005=CARTESIAN_POINT('Ctrl Pts',(8.11940958198518,-19.6101640806925,-29.8921944132758));
#13006=CARTESIAN_POINT('Ctrl Pts',(8.08958156821939,-19.6152524520874,-29.9208385629531));
#13007=CARTESIAN_POINT('Ctrl Pts',(8.03227811039723,-19.6250278691804,-29.9758676653188));
#13008=CARTESIAN_POINT('Ctrl Pts',(8.02201252746455,-19.6388710406825,-30.0537955219425));
#13009=CARTESIAN_POINT('Ctrl Pts',(8.01709046062439,-19.6455084635994,-30.0911598023275));
#13010=CARTESIAN_POINT('',(8.11940958198518,-19.4132469345823,-29.9271749445443));
#13011=CARTESIAN_POINT('',(8.11940958198518,-19.6101640806925,-29.8921944132758));
#13012=CARTESIAN_POINT('Ctrl Pts',(8.11940958198518,-19.4132469345823,-29.9271749445443));
#13013=CARTESIAN_POINT('Ctrl Pts',(8.08958156821939,-19.4183353059772,-29.9558190942215));
#13014=CARTESIAN_POINT('Ctrl Pts',(8.03227811039723,-19.4281107230702,-30.0108481965872));
#13015=CARTESIAN_POINT('Ctrl Pts',(8.02201252746455,-19.4419538945723,-30.0887760532109));
#13016=CARTESIAN_POINT('Ctrl Pts',(8.01709046062439,-19.4485913174892,-30.126140333596));
#13017=CARTESIAN_POINT('Ctrl Pts',(8.43318869766206,-19.5951016603555,-29.8074029959155));
#13018=CARTESIAN_POINT('Ctrl Pts',(8.43318869766206,-19.3981845142453,-29.8423835271839));
#13019=CARTESIAN_POINT('Ctrl Pts',(8.37009264758974,-19.5953554955209,-29.8088319192206));
#13020=CARTESIAN_POINT('Ctrl Pts',(8.37009264758974,-19.3984383494107,-29.843812450489));
#13021=CARTESIAN_POINT('Ctrl Pts',(8.25772303679186,-19.5958075580305,-29.8113767307494));
#13022=CARTESIAN_POINT('Ctrl Pts',(8.25772303679186,-19.3988904119204,-29.8463572620179));
#13023=CARTESIAN_POINT('Ctrl Pts',(8.16157156352976,-19.6057877931913,-29.8675588227332));
#13024=CARTESIAN_POINT('Ctrl Pts',(8.16157156352976,-19.4088706470811,-29.9025393540016));
#13025=CARTESIAN_POINT('Ctrl Pts',(8.11940958198518,-19.6101640806925,-29.8921944132758));
#13026=CARTESIAN_POINT('Ctrl Pts',(8.11940958198518,-19.4132469345823,-29.9271749445443));
#13027=CARTESIAN_POINT('',(8.43318869766206,-19.5951016603555,-29.8074029959155));
#13028=CARTESIAN_POINT('Ctrl Pts',(8.43318869766206,-19.5951016603555,-29.8074029959155));
#13029=CARTESIAN_POINT('Ctrl Pts',(8.37009264758974,-19.5953554955209,-29.8088319192206));
#13030=CARTESIAN_POINT('Ctrl Pts',(8.25772303679186,-19.5958075580305,-29.8113767307494));
#13031=CARTESIAN_POINT('Ctrl Pts',(8.16157156352976,-19.6057877931913,-29.8675588227332));
#13032=CARTESIAN_POINT('Ctrl Pts',(8.11940958198518,-19.6101640806925,-29.8921944132758));
#13033=CARTESIAN_POINT('',(8.43318869766206,-19.3981845142453,-29.8423835271839));
#13034=CARTESIAN_POINT('',(8.43318869766206,-19.5951016603555,-29.8074029959155));
#13035=CARTESIAN_POINT('Ctrl Pts',(8.43318869766206,-19.3981845142453,-29.8423835271839));
#13036=CARTESIAN_POINT('Ctrl Pts',(8.37009264758974,-19.3984383494107,-29.843812450489));
#13037=CARTESIAN_POINT('Ctrl Pts',(8.25772303679186,-19.3988904119204,-29.8463572620179));
#13038=CARTESIAN_POINT('Ctrl Pts',(8.16157156352976,-19.4088706470811,-29.9025393540016));
#13039=CARTESIAN_POINT('Ctrl Pts',(8.11940958198518,-19.4132469345823,-29.9271749445443));
#13040=CARTESIAN_POINT('Ctrl Pts',(8.75975747999161,-19.6121027678076,-29.903107933456));
#13041=CARTESIAN_POINT('Ctrl Pts',(8.75975747999161,-19.4151856216974,-29.9380884647244));
#13042=CARTESIAN_POINT('Ctrl Pts',(8.71433044240167,-19.6071540441574,-29.8752499077846));
#13043=CARTESIAN_POINT('Ctrl Pts',(8.71433044240167,-19.4102368980473,-29.910230439053));
#13044=CARTESIAN_POINT('Ctrl Pts',(8.61478510187441,-19.5963097891264,-29.8142039580814));
#13045=CARTESIAN_POINT('Ctrl Pts',(8.61478510187441,-19.3993926430162,-29.8491844893499));
#13046=CARTESIAN_POINT('Ctrl Pts',(8.49714454950776,-19.5955271473304,-29.8097982048437));
#13047=CARTESIAN_POINT('Ctrl Pts',(8.49714454950776,-19.3986100012202,-29.8447787361121));
#13048=CARTESIAN_POINT('Ctrl Pts',(8.43318869766206,-19.5951016603555,-29.8074029959155));
#13049=CARTESIAN_POINT('Ctrl Pts',(8.43318869766206,-19.3981845142453,-29.8423835271839));
#13050=CARTESIAN_POINT('',(8.75975747999161,-19.6121027678076,-29.903107933456));
#13051=CARTESIAN_POINT('Ctrl Pts',(8.75975747999161,-19.6121027678076,-29.903107933456));
#13052=CARTESIAN_POINT('Ctrl Pts',(8.71433044240167,-19.6071540441574,-29.8752499077846));
#13053=CARTESIAN_POINT('Ctrl Pts',(8.61478510187441,-19.5963097891264,-29.8142039580814));
#13054=CARTESIAN_POINT('Ctrl Pts',(8.49714454950776,-19.5955271473304,-29.8097982048437));
#13055=CARTESIAN_POINT('Ctrl Pts',(8.43318869766206,-19.5951016603555,-29.8074029959155));
#13056=CARTESIAN_POINT('',(8.75975747999161,-19.4151856216974,-29.9380884647244));
#13057=CARTESIAN_POINT('',(8.75975747999161,-19.6121027678076,-29.903107933456));
#13058=CARTESIAN_POINT('Ctrl Pts',(8.75975747999161,-19.4151856216974,-29.9380884647244));
#13059=CARTESIAN_POINT('Ctrl Pts',(8.71433044240167,-19.4102368980473,-29.910230439053));
#13060=CARTESIAN_POINT('Ctrl Pts',(8.61478510187441,-19.3993926430162,-29.8491844893499));
#13061=CARTESIAN_POINT('Ctrl Pts',(8.49714454950776,-19.3986100012202,-29.8447787361121));
#13062=CARTESIAN_POINT('Ctrl Pts',(8.43318869766206,-19.3981845142453,-29.8423835271839));
#13063=CARTESIAN_POINT('Ctrl Pts',(8.90215178426712,-19.6610182732706,-30.1784697243449));
#13064=CARTESIAN_POINT('Ctrl Pts',(8.90215178426712,-19.4641011271604,-30.2134502556133));
#13065=CARTESIAN_POINT('Ctrl Pts',(8.89095233540481,-19.6511727633951,-30.1230460461905));
#13066=CARTESIAN_POINT('Ctrl Pts',(8.89095233540481,-19.4542556172849,-30.1580265774589));
#13067=CARTESIAN_POINT('Ctrl Pts',(8.86968403718207,-19.6324756611749,-30.0177937851122));
#13068=CARTESIAN_POINT('Ctrl Pts',(8.86968403718207,-19.4355585150648,-30.0527743163806));
#13069=CARTESIAN_POINT('Ctrl Pts',(8.79507766802482,-19.6186487239706,-29.9399573167968));
#13070=CARTESIAN_POINT('Ctrl Pts',(8.79507766802482,-19.4217315778604,-29.9749378480652));
#13071=CARTESIAN_POINT('Ctrl Pts',(8.75975747999161,-19.6121027678076,-29.903107933456));
#13072=CARTESIAN_POINT('Ctrl Pts',(8.75975747999161,-19.4151856216974,-29.9380884647244));
#13073=CARTESIAN_POINT('',(8.90215178426712,-19.6610182732706,-30.1784697243449));
#13074=CARTESIAN_POINT('Ctrl Pts',(8.90215178426712,-19.6610182732706,-30.1784697243449));
#13075=CARTESIAN_POINT('Ctrl Pts',(8.89095233540481,-19.6511727633951,-30.1230460461905));
#13076=CARTESIAN_POINT('Ctrl Pts',(8.86968403718207,-19.6324756611749,-30.0177937851122));
#13077=CARTESIAN_POINT('Ctrl Pts',(8.79507766802482,-19.6186487239706,-29.9399573167968));
#13078=CARTESIAN_POINT('Ctrl Pts',(8.75975747999161,-19.6121027678076,-29.903107933456));
#13079=CARTESIAN_POINT('',(8.90215178426712,-19.4641011271604,-30.2134502556133));
#13080=CARTESIAN_POINT('',(8.90215178426712,-19.6610182732706,-30.1784697243449));
#13081=CARTESIAN_POINT('Ctrl Pts',(8.90215178426712,-19.4641011271604,-30.2134502556133));
#13082=CARTESIAN_POINT('Ctrl Pts',(8.89095233540481,-19.4542556172849,-30.1580265774589));
#13083=CARTESIAN_POINT('Ctrl Pts',(8.86968403718207,-19.4355585150648,-30.0527743163806));
#13084=CARTESIAN_POINT('Ctrl Pts',(8.79507766802482,-19.4217315778604,-29.9749378480652));
#13085=CARTESIAN_POINT('Ctrl Pts',(8.75975747999161,-19.4151856216974,-29.9380884647244));
#13086=CARTESIAN_POINT('Origin',(9.20569886859863,-19.6526668493227,-30.131456757127));
#13087=CARTESIAN_POINT('',(9.20569886859863,-19.6526668493227,-30.131456757127));
#13088=CARTESIAN_POINT('',(35.9428676999729,-18.917053023316,-25.9904397398267));
#13089=CARTESIAN_POINT('',(9.20569886859863,-19.4557497032125,-30.1664372883954));
#13090=CARTESIAN_POINT('',(9.20569886859863,-19.6526668493227,-30.131456757127));
#13091=CARTESIAN_POINT('',(9.20569886859863,-19.4557497032125,-30.1664372883954));
#13092=CARTESIAN_POINT('Ctrl Pts',(8.96951188739748,-19.5766092551226,-29.7033030428519));
#13093=CARTESIAN_POINT('Ctrl Pts',(8.96951188739748,-19.3796921090124,-29.7382835741204));
#13094=CARTESIAN_POINT('Ctrl Pts',(9.02602036343711,-19.5866385217691,-29.7597611495184));
#13095=CARTESIAN_POINT('Ctrl Pts',(9.02602036343711,-19.3897213756589,-29.7947416807868));
#13096=CARTESIAN_POINT('Ctrl Pts',(9.14612861341011,-19.6079556364719,-29.8797623398486));
#13097=CARTESIAN_POINT('Ctrl Pts',(9.14612861341011,-19.4110384903618,-29.914742871117));
#13098=CARTESIAN_POINT('Ctrl Pts',(9.18507562807499,-19.6371878137905,-30.0443200730627));
#13099=CARTESIAN_POINT('Ctrl Pts',(9.18507562807499,-19.4402706676803,-30.0793006043311));
#13100=CARTESIAN_POINT('Ctrl Pts',(9.20569886859863,-19.6526668493227,-30.131456757127));
#13101=CARTESIAN_POINT('Ctrl Pts',(9.20569886859863,-19.4557497032125,-30.1664372883954));
#13102=CARTESIAN_POINT('Ctrl Pts',(8.96951188739748,-19.5766092551226,-29.7033030428519));
#13103=CARTESIAN_POINT('Ctrl Pts',(9.02602036343711,-19.5866385217691,-29.7597611495184));
#13104=CARTESIAN_POINT('Ctrl Pts',(9.14612861341011,-19.6079556364719,-29.8797623398486));
#13105=CARTESIAN_POINT('Ctrl Pts',(9.18507562807499,-19.6371878137905,-30.0443200730627));
#13106=CARTESIAN_POINT('Ctrl Pts',(9.20569886859863,-19.6526668493227,-30.131456757127));
#13107=CARTESIAN_POINT('Ctrl Pts',(8.96951188739748,-19.3796921090124,-29.7382835741204));
#13108=CARTESIAN_POINT('Ctrl Pts',(9.02602036343711,-19.3897213756589,-29.7947416807868));
#13109=CARTESIAN_POINT('Ctrl Pts',(9.14612861341011,-19.4110384903618,-29.914742871117));
#13110=CARTESIAN_POINT('Ctrl Pts',(9.18507562807499,-19.4402706676803,-30.0793006043311));
#13111=CARTESIAN_POINT('Ctrl Pts',(9.20569886859863,-19.4557497032125,-30.1664372883954));
#13112=CARTESIAN_POINT('Origin',(-0.209376564609061,-19.5191310317125,-30.5232320502909));
#13113=CARTESIAN_POINT('Ctrl Pts',(12.4594507872721,-19.9494406069061,-31.8020958030379));
#13114=CARTESIAN_POINT('Ctrl Pts',(12.4594507872721,-19.7525234607959,-31.8370763343063));
#13115=CARTESIAN_POINT('Ctrl Pts',(12.4771074368016,-19.9353965319984,-31.7230369937433));
#13116=CARTESIAN_POINT('Ctrl Pts',(12.4771074368016,-19.7384793858883,-31.7580175250117));
#13117=CARTESIAN_POINT('Ctrl Pts',(12.5126845143067,-19.9070985731675,-31.5637382898166));
#13118=CARTESIAN_POINT('Ctrl Pts',(12.5126845143067,-19.7101814270573,-31.598718821085));
#13119=CARTESIAN_POINT('Ctrl Pts',(12.566874955743,-19.8797181221669,-31.4096045452805));
#13120=CARTESIAN_POINT('Ctrl Pts',(12.566874955743,-19.6828009760567,-31.4445850765489));
#13121=CARTESIAN_POINT('Ctrl Pts',(12.5941710680386,-19.8659263934891,-31.3319662775736));
#13122=CARTESIAN_POINT('Ctrl Pts',(12.5941710680386,-19.6690092473789,-31.366946808842));
#13123=CARTESIAN_POINT('',(12.4594507872721,-19.9494406069061,-31.8020958030379));
#13124=CARTESIAN_POINT('',(12.5941710680386,-19.8659263934891,-31.3319662775736));
#13125=CARTESIAN_POINT('Ctrl Pts',(12.4594507872721,-19.9494406069061,-31.8020958030379));
#13126=CARTESIAN_POINT('Ctrl Pts',(12.4771074368016,-19.9353965319984,-31.7230369937433));
#13127=CARTESIAN_POINT('Ctrl Pts',(12.5126845143067,-19.9070985731675,-31.5637382898166));
#13128=CARTESIAN_POINT('Ctrl Pts',(12.566874955743,-19.8797181221669,-31.4096045452805));
#13129=CARTESIAN_POINT('Ctrl Pts',(12.5941710680386,-19.8659263934891,-31.3319662775736));
#13130=CARTESIAN_POINT('',(12.4594507872721,-19.7525234607959,-31.8370763343063));
#13131=CARTESIAN_POINT('',(12.4594507872721,-19.9494406069061,-31.8020958030379));
#13132=CARTESIAN_POINT('',(12.5941710680386,-19.6690092473789,-31.366946808842));
#13133=CARTESIAN_POINT('Ctrl Pts',(12.4594507872721,-19.7525234607959,-31.8370763343063));
#13134=CARTESIAN_POINT('Ctrl Pts',(12.4771074368016,-19.7384793858883,-31.7580175250117));
#13135=CARTESIAN_POINT('Ctrl Pts',(12.5126845143067,-19.7101814270573,-31.598718821085));
#13136=CARTESIAN_POINT('Ctrl Pts',(12.566874955743,-19.6828009760567,-31.4445850765489));
#13137=CARTESIAN_POINT('Ctrl Pts',(12.5941710680386,-19.6690092473789,-31.366946808842));
#13138=CARTESIAN_POINT('',(12.5941710680386,-19.8659263934891,-31.3319662775736));
#13139=CARTESIAN_POINT('Ctrl Pts',(12.282097539272,-19.8587680338284,-31.2916694694889));
#13140=CARTESIAN_POINT('Ctrl Pts',(12.282097539272,-19.6618508877182,-31.3266500007573));
#13141=CARTESIAN_POINT('Ctrl Pts',(12.3178493886712,-19.8754566246712,-31.3856151461899));
#13142=CARTESIAN_POINT('Ctrl Pts',(12.3178493886712,-19.678539478561,-31.4205956774583));
#13143=CARTESIAN_POINT('Ctrl Pts',(12.3819629025875,-19.9053841450435,-31.554087198734));
#13144=CARTESIAN_POINT('Ctrl Pts',(12.3819629025875,-19.7084669989333,-31.5890677300025));
#13145=CARTESIAN_POINT('Ctrl Pts',(12.4356856491367,-19.9359287152577,-31.7260328318518));
#13146=CARTESIAN_POINT('Ctrl Pts',(12.4356856491367,-19.7390115691476,-31.7610133631202));
#13147=CARTESIAN_POINT('Ctrl Pts',(12.4594507872721,-19.9494406069061,-31.8020958030379));
#13148=CARTESIAN_POINT('Ctrl Pts',(12.4594507872721,-19.7525234607959,-31.8370763343063));
#13149=CARTESIAN_POINT('',(12.282097539272,-19.8587680338284,-31.2916694694889));
#13150=CARTESIAN_POINT('Ctrl Pts',(12.282097539272,-19.8587680338284,-31.2916694694889));
#13151=CARTESIAN_POINT('Ctrl Pts',(12.3178493886712,-19.8754566246712,-31.3856151461899));
#13152=CARTESIAN_POINT('Ctrl Pts',(12.3819629025875,-19.9053841450435,-31.554087198734));
#13153=CARTESIAN_POINT('Ctrl Pts',(12.4356856491367,-19.9359287152577,-31.7260328318518));
#13154=CARTESIAN_POINT('Ctrl Pts',(12.4594507872721,-19.9494406069061,-31.8020958030379));
#13155=CARTESIAN_POINT('',(12.282097539272,-19.6618508877182,-31.3266500007573));
#13156=CARTESIAN_POINT('',(12.282097539272,-19.8587680338284,-31.2916694694889));
#13157=CARTESIAN_POINT('Ctrl Pts',(12.282097539272,-19.6618508877182,-31.3266500007573));
#13158=CARTESIAN_POINT('Ctrl Pts',(12.3178493886712,-19.678539478561,-31.4205956774583));
#13159=CARTESIAN_POINT('Ctrl Pts',(12.3819629025875,-19.7084669989333,-31.5890677300025));
#13160=CARTESIAN_POINT('Ctrl Pts',(12.4356856491367,-19.7390115691476,-31.7610133631202));
#13161=CARTESIAN_POINT('Ctrl Pts',(12.4594507872721,-19.7525234607959,-31.8370763343063));
#13162=CARTESIAN_POINT('Origin',(12.0211834221741,-19.7376723865831,-30.6099814448293));
#13163=CARTESIAN_POINT('',(12.0211834221741,-19.7376723865831,-30.6099814448293));
#13164=CARTESIAN_POINT('',(16.8360834638666,-21.9723672488475,-43.1898285411217));
#13165=CARTESIAN_POINT('',(12.0211834221741,-19.5407552404729,-30.6449619760977));
#13166=CARTESIAN_POINT('',(12.0211834221741,-19.7376723865831,-30.6099814448293));
#13167=CARTESIAN_POINT('',(12.0211834221741,-19.5407552404729,-30.6449619760977));
#13168=CARTESIAN_POINT('Origin',(12.8687277197501,-19.7376723865831,-30.6099814448293));
#13169=CARTESIAN_POINT('',(12.8687277197501,-19.7376723865831,-30.6099814448293));
#13170=CARTESIAN_POINT('',(39.1843638598752,-19.7376723865849,-30.6099814448302));
#13171=CARTESIAN_POINT('',(12.8687277197501,-19.5407552404729,-30.6449619760977));
#13172=CARTESIAN_POINT('',(12.8687277197501,-19.7376723865831,-30.6099814448293));
#13173=CARTESIAN_POINT('',(12.8687277197501,-19.5407552404729,-30.6449619760977));
#13174=CARTESIAN_POINT('Origin',(12.5941710680386,-19.8659263934891,-31.3319662775736));
#13175=CARTESIAN_POINT('',(14.4845096255097,-18.9828900769659,-26.3610586024609));
#13176=CARTESIAN_POINT('',(12.5941710680386,-19.6690092473789,-31.366946808842));
#13177=CARTESIAN_POINT('Origin',(12.9642257228157,-19.6905464905821,-30.3446939659976));
#13178=CARTESIAN_POINT('',(12.9642257228157,-19.6905464905821,-30.3446939659976));
#13179=CARTESIAN_POINT('',(13.2387823372743,-19.5581167977646,-29.5992027963591));
#13180=CARTESIAN_POINT('',(14.5267770387618,-18.9368651735613,-26.1019689803258));
#13181=CARTESIAN_POINT('',(12.9642257228157,-19.4936293444719,-30.379674497266));
#13182=CARTESIAN_POINT('',(12.9642257228157,-19.6905464905821,-30.3446939659976));
#13183=CARTESIAN_POINT('',(13.2387823372743,-19.3611996516545,-29.6341833276275));
#13184=CARTESIAN_POINT('',(12.9642257228157,-19.4936293444719,-30.379674497266));
#13185=CARTESIAN_POINT('',(13.2387823372743,-19.5581167977646,-29.5992027963591));
#13186=CARTESIAN_POINT('Origin',(11.9188641518017,-19.6905464905821,-30.3446939659976));
#13187=CARTESIAN_POINT('',(11.9188641518017,-19.6905464905821,-30.3446939659976));
#13188=CARTESIAN_POINT('',(38.7094320759011,-19.6905464905839,-30.3446939659984));
#13189=CARTESIAN_POINT('',(11.9188641518017,-19.4936293444719,-30.379674497266));
#13190=CARTESIAN_POINT('',(11.9188641518017,-19.6905464905821,-30.3446939659976));
#13191=CARTESIAN_POINT('',(11.9188641518017,-19.4936293444719,-30.379674497266));
#13192=CARTESIAN_POINT('Origin',(11.6272543877027,-19.5581167977646,-29.599202796359));
#13193=CARTESIAN_POINT('',(11.6272543877027,-19.5581167977646,-29.599202796359));
#13194=CARTESIAN_POINT('',(16.7929057493563,-21.9040108906464,-42.8050276679687));
#13195=CARTESIAN_POINT('',(11.6272543877027,-19.3611996516544,-29.6341833276275));
#13196=CARTESIAN_POINT('',(11.6272543877027,-19.5581167977646,-29.599202796359));
#13197=CARTESIAN_POINT('',(11.6272543877027,-19.3611996516544,-29.6341833276275));
#13198=CARTESIAN_POINT('Origin',(11.2503785401246,-19.5581167977646,-29.599202796359));
#13199=CARTESIAN_POINT('',(11.2503785401246,-19.5581167977646,-29.599202796359));
#13200=CARTESIAN_POINT('',(38.3751892700625,-19.5581167977664,-29.5992027963599));
#13201=CARTESIAN_POINT('',(11.2503785401246,-19.3611996516544,-29.6341833276274));
#13202=CARTESIAN_POINT('',(11.2503785401246,-19.5581167977646,-29.599202796359));
#13203=CARTESIAN_POINT('',(11.2503785401246,-19.3611996516544,-29.6341833276274));
#13204=CARTESIAN_POINT('Origin',(12.2735709458252,-19.9953734386198,-32.0606671227364));
#13205=CARTESIAN_POINT('',(12.2735709458252,-19.9953734386198,-32.0606671227364));
#13206=CARTESIAN_POINT('',(17.4162562751138,-22.1930767244674,-44.4322762250932));
#13207=CARTESIAN_POINT('',(12.2735709458252,-19.7984562925096,-32.0956476540048));
#13208=CARTESIAN_POINT('',(12.2735709458252,-19.9953734386198,-32.0606671227364));
#13209=CARTESIAN_POINT('',(12.2735709458252,-19.7984562925096,-32.0956476540048));
#13210=CARTESIAN_POINT('Origin',(12.6299828052183,-19.9953734386198,-32.0606671227364));
#13211=CARTESIAN_POINT('',(12.6299828052183,-19.9953734386198,-32.0606671227364));
#13212=CARTESIAN_POINT('',(39.0649914026093,-19.9953734386217,-32.0606671227372));
#13213=CARTESIAN_POINT('',(12.6299828052183,-19.7984562925096,-32.0956476540048));
#13214=CARTESIAN_POINT('',(12.6299828052183,-19.9953734386198,-32.0606671227364));
#13215=CARTESIAN_POINT('',(12.6299828052183,-19.7984562925096,-32.0956476540048));
#13216=CARTESIAN_POINT('Origin',(13.5900783509611,-19.5581167977646,-29.5992027963591));
#13217=CARTESIAN_POINT('',(13.5900783509611,-19.5581167977646,-29.5992027963591));
#13218=CARTESIAN_POINT('',(15.2433198765395,-18.8051804476265,-25.3606714791987));
#13219=CARTESIAN_POINT('',(13.5900783509611,-19.3611996516545,-29.6341833276275));
#13220=CARTESIAN_POINT('',(13.5900783509611,-19.5581167977646,-29.5992027963591));
#13221=CARTESIAN_POINT('',(13.5900783509611,-19.3611996516545,-29.6341833276276));
#13222=CARTESIAN_POINT('Origin',(13.2387823372743,-19.5581167977646,-29.5992027963591));
#13223=CARTESIAN_POINT('',(39.3693911686373,-19.5581167977664,-29.5992027963599));
#13224=CARTESIAN_POINT('',(13.2387823372743,-19.3611996516545,-29.6341833276275));
#13225=CARTESIAN_POINT('Origin',(-0.209376564609061,-19.5191310317125,-30.5232320502909));
#13226=CARTESIAN_POINT('Origin',(65.5,-21.3169032652444,-39.5000018761493));
#13227=CARTESIAN_POINT('',(65.5,-1.,74.8706627112056));
#13228=CARTESIAN_POINT('',(65.4885398182296,-1.,74.8706627112056));
#13229=CARTESIAN_POINT('',(65.5,-1.,74.8706627112056));
#13230=CARTESIAN_POINT('',(59.5,0.,80.5));
#13231=CARTESIAN_POINT('Origin',(59.5,-1.06584484294787,74.5));
#13232=CARTESIAN_POINT('',(-48.5,0.,80.5));
#13233=CARTESIAN_POINT('',(65.5,0.,80.5));
#13234=CARTESIAN_POINT('',(-54.4885398182296,-1.,74.8706627112056));
#13235=CARTESIAN_POINT('Origin',(-48.5,-1.06584484294787,74.5));
#13236=CARTESIAN_POINT('',(-54.5,-1.,74.8706627112056));
#13237=CARTESIAN_POINT('',(65.5,-1.,74.8706627112056));
#13238=CARTESIAN_POINT('',(-54.5,-20.2510577693838,-33.5));
#13239=CARTESIAN_POINT('',(-54.5,0.,80.4999982006848));
#13240=CARTESIAN_POINT('',(-48.5,-21.3169032652444,-39.5000018761493));
#13241=CARTESIAN_POINT('Origin',(-48.5,-20.2510577693838,-33.5));
#13242=CARTESIAN_POINT('',(59.5,-21.3169032652444,-39.5000018761493));
#13243=CARTESIAN_POINT('',(65.5,-21.3169032652444,-39.5000018761493));
#13244=CARTESIAN_POINT('',(65.5,-20.2510577693838,-33.5));
#13245=CARTESIAN_POINT('Origin',(59.5,-20.2510577693838,-33.5));
#13246=CARTESIAN_POINT('',(65.5,0.,80.4999982006848));
#13247=CARTESIAN_POINT('Origin',(65.5,-21.3169032652444,-39.5000018761493));
#13248=CARTESIAN_POINT('Origin',(65.5,-21.3169032652444,-39.5000018761493));
#13249=CARTESIAN_POINT('Origin',(65.5,-21.3169032652444,-39.5000018761493));
#13250=CARTESIAN_POINT('Origin',(65.5,-21.3169032652444,-39.5000018761493));
#13251=CARTESIAN_POINT('Origin',(65.5,-1.,80.4999982006848));
#13252=CARTESIAN_POINT('',(65.5,-1.,74.5));
#13253=CARTESIAN_POINT('',(65.5,-1.,80.4999991003424));
#13254=CARTESIAN_POINT('Origin',(59.5,-1.,74.5));
#13255=CARTESIAN_POINT('Origin',(65.5,0.,80.5));
#13256=CARTESIAN_POINT('',(65.5,13.,74.5));
#13257=CARTESIAN_POINT('',(65.5,0.,74.5));
#13258=CARTESIAN_POINT('',(65.5,13.,-33.5));
#13259=CARTESIAN_POINT('',(65.5,0.,-33.5));
#13260=CARTESIAN_POINT('',(65.5,13.,-39.5));
#13261=CARTESIAN_POINT('Origin',(65.5,-21.3169032652444,-39.5000018761493));
#13262=CARTESIAN_POINT('Origin',(65.5,-1.,80.4999982006848));
#13263=CARTESIAN_POINT('',(-54.5,-1.,74.5));
#13264=CARTESIAN_POINT('Origin',(-48.5,-1.,74.5));
#13265=CARTESIAN_POINT('',(-54.5,-1.,20.4999991003424));
#13266=CARTESIAN_POINT('Origin',(-54.5,0.,-39.5));
#13267=CARTESIAN_POINT('',(-54.5,13.,74.5));
#13268=CARTESIAN_POINT('',(-54.5,0.,74.5));
#13269=CARTESIAN_POINT('',(-54.5,13.,-33.5));
#13270=CARTESIAN_POINT('',(-54.5,13.,80.5));
#13271=CARTESIAN_POINT('',(-54.5,0.,-33.5));
#13272=CARTESIAN_POINT('Origin',(65.5,0.,80.4999982006848));
#13273=CARTESIAN_POINT('',(57.5,0.,-34.5));
#13274=CARTESIAN_POINT('Origin',(60.5,0.,-34.5));
#13275=CARTESIAN_POINT('Origin',(65.5,0.,80.4999982006848));
#13276=CARTESIAN_POINT('',(57.5,0.,75.5));
#13277=CARTESIAN_POINT('Origin',(60.5,0.,75.5));
#13278=CARTESIAN_POINT('Origin',(65.5,0.,80.4999982006848));
#13279=CARTESIAN_POINT('',(-52.5,0.,75.5));
#13280=CARTESIAN_POINT('Origin',(-49.5,0.,75.5));
#13281=CARTESIAN_POINT('Origin',(65.5,0.,80.4999982006848));
#13282=CARTESIAN_POINT('',(-52.5,0.,-34.5));
#13283=CARTESIAN_POINT('Origin',(-49.5,0.,-34.5));
#13284=CARTESIAN_POINT('Origin',(-48.5,0.,-33.5));
#13285=CARTESIAN_POINT('',(-48.5,13.,-39.5));
#13286=CARTESIAN_POINT('Origin',(-48.5,13.,-33.5));
#13287=CARTESIAN_POINT('',(-48.5,0.,-39.5));
#13288=CARTESIAN_POINT('Origin',(65.5,0.,-39.5));
#13289=CARTESIAN_POINT('',(59.5,13.,-39.5));
#13290=CARTESIAN_POINT('',(59.5,0.,-39.5));
#13291=CARTESIAN_POINT('',(-39.3,13.,-39.500000141561));
#13292=CARTESIAN_POINT('',(-54.5,13.,-39.5));
#13293=CARTESIAN_POINT('',(-39.3,5.5,-39.500000141561));
#13294=CARTESIAN_POINT('',(-39.3,6.5,-39.5));
#13295=CARTESIAN_POINT('',(-20.3,5.5,-39.5));
#13296=CARTESIAN_POINT('',(17.85,5.5,-39.5));
#13297=CARTESIAN_POINT('',(-20.3,13.,-39.5));
#13298=CARTESIAN_POINT('',(-20.3,6.5,-39.5));
#13299=CARTESIAN_POINT('',(-54.5,13.,-39.5));
#13300=CARTESIAN_POINT('Origin',(-49.5,13.,-34.5));
#13301=CARTESIAN_POINT('',(-48.5,13.,80.5));
#13302=CARTESIAN_POINT('Origin',(-48.5,13.,74.5));
#13303=CARTESIAN_POINT('',(59.5,13.,80.5));
#13304=CARTESIAN_POINT('',(65.5,13.,80.5));
#13305=CARTESIAN_POINT('Origin',(59.5,13.,74.5));
#13306=CARTESIAN_POINT('Origin',(59.5,13.,-33.5));
#13307=CARTESIAN_POINT('',(-20.3,13.,-30.));
#13308=CARTESIAN_POINT('',(-20.3,13.,-37.));
#13309=CARTESIAN_POINT('',(56.,13.,-30.));
#13310=CARTESIAN_POINT('',(-45.,13.,-30.));
#13311=CARTESIAN_POINT('',(56.,13.,71.));
#13312=CARTESIAN_POINT('',(56.,13.,-30.));
#13313=CARTESIAN_POINT('',(-45.,13.,71.));
#13314=CARTESIAN_POINT('',(56.,13.,71.));
#13315=CARTESIAN_POINT('',(-45.,13.,-30.));
#13316=CARTESIAN_POINT('',(-45.,13.,71.));
#13317=CARTESIAN_POINT('',(-39.3,13.,-30.));
#13318=CARTESIAN_POINT('',(-45.,13.,-30.));
#13319=CARTESIAN_POINT('',(-39.3,13.,-32.25));
#13320=CARTESIAN_POINT('',(-51.2,13.,-34.5));
#13321=CARTESIAN_POINT('Origin',(-49.5,13.,-34.5));
#13322=CARTESIAN_POINT('',(58.8,13.,75.5));
#13323=CARTESIAN_POINT('Origin',(60.5,13.,75.5));
#13324=CARTESIAN_POINT('',(58.8,13.,-34.5));
#13325=CARTESIAN_POINT('Origin',(60.5,13.,-34.5));
#13326=CARTESIAN_POINT('',(-51.2,13.,75.5));
#13327=CARTESIAN_POINT('Origin',(-49.5,13.,75.5));
#13328=CARTESIAN_POINT('Origin',(59.5,0.,-33.5));
#13329=CARTESIAN_POINT('Origin',(59.5,0.,74.5));
#13330=CARTESIAN_POINT('',(59.5,0.,80.5));
#13331=CARTESIAN_POINT('Origin',(-54.5,0.,80.5));
#13332=CARTESIAN_POINT('',(-48.5,0.,80.5));
#13333=CARTESIAN_POINT('Origin',(-48.5,0.,74.5));
#13334=CARTESIAN_POINT('Origin',(-20.3,13.,-39.5));
#13335=CARTESIAN_POINT('',(-20.3,5.5,-30.));
#13336=CARTESIAN_POINT('',(-20.3,5.5,-30.));
#13337=CARTESIAN_POINT('',(-20.3,6.5,-30.));
#13338=CARTESIAN_POINT('Origin',(-39.3,13.,-30.));
#13339=CARTESIAN_POINT('',(-39.3,5.5,-30.));
#13340=CARTESIAN_POINT('',(-39.3,6.5,-30.));
#13341=CARTESIAN_POINT('',(-39.3,5.5,-39.500000141561));
#13342=CARTESIAN_POINT('Origin',(-29.8,5.5,-34.7500000707805));
#13343=CARTESIAN_POINT('',(-37.4,5.5,-30.));
#13344=CARTESIAN_POINT('Origin',(5.50000000000001,3.,20.5));
#13345=CARTESIAN_POINT('',(56.,3.,71.));
#13346=CARTESIAN_POINT('',(-45.,3.,71.));
#13347=CARTESIAN_POINT('',(30.75,3.,71.));
#13348=CARTESIAN_POINT('',(56.,3.,-30.));
#13349=CARTESIAN_POINT('',(56.,3.,-4.75));
#13350=CARTESIAN_POINT('',(-45.,3.,-30.));
#13351=CARTESIAN_POINT('',(-19.75,3.,-30.));
#13352=CARTESIAN_POINT('',(-45.,3.,45.75));
#13353=CARTESIAN_POINT('Origin',(-45.,0.,-30.));
#13354=CARTESIAN_POINT('',(-45.,0.,-30.));
#13355=CARTESIAN_POINT('',(56.,0.,-30.));
#13356=CARTESIAN_POINT('Origin',(56.,0.,-30.));
#13357=CARTESIAN_POINT('',(56.,0.,71.));
#13358=CARTESIAN_POINT('Origin',(-49.5,0.,-34.5));
#13359=CARTESIAN_POINT('',(-52.5,3.1,-34.5));
#13360=CARTESIAN_POINT('Origin',(-49.5,3.1,-34.5));
#13361=CARTESIAN_POINT('',(-52.5,0.,-34.5));
#13362=CARTESIAN_POINT('Origin',(-49.5,0.,75.5));
#13363=CARTESIAN_POINT('',(-52.5,3.1,75.5));
#13364=CARTESIAN_POINT('Origin',(-49.5,3.1,75.5));
#13365=CARTESIAN_POINT('',(-52.5,0.,75.5));
#13366=CARTESIAN_POINT('Origin',(60.5,0.,75.5));
#13367=CARTESIAN_POINT('',(57.5,3.1,75.5));
#13368=CARTESIAN_POINT('Origin',(60.5,3.1,75.5));
#13369=CARTESIAN_POINT('',(57.5,0.,75.5));
#13370=CARTESIAN_POINT('Origin',(60.5,0.,-34.5));
#13371=CARTESIAN_POINT('',(57.5,3.1,-34.5));
#13372=CARTESIAN_POINT('Origin',(60.5,3.1,-34.5));
#13373=CARTESIAN_POINT('',(57.5,0.,-34.5));
#13374=CARTESIAN_POINT('Origin',(-45.,0.,71.));
#13375=CARTESIAN_POINT('',(-45.,0.,71.));
#13376=CARTESIAN_POINT('Origin',(56.,0.,71.));
#13377=CARTESIAN_POINT('Origin',(60.5,3.1,-34.5));
#13378=CARTESIAN_POINT('',(58.8,3.1,-34.5));
#13379=CARTESIAN_POINT('',(58.8,3.1,-34.5));
#13380=CARTESIAN_POINT('Origin',(60.5,3.1,-34.5));
#13381=CARTESIAN_POINT('Origin',(60.5,3.1,-34.5));
#13382=CARTESIAN_POINT('Origin',(60.5,3.1,75.5));
#13383=CARTESIAN_POINT('',(58.8,3.1,75.5));
#13384=CARTESIAN_POINT('',(58.8,3.1,75.5));
#13385=CARTESIAN_POINT('Origin',(60.5,3.1,75.5));
#13386=CARTESIAN_POINT('Origin',(60.5,3.1,75.5));
#13387=CARTESIAN_POINT('Origin',(-49.5,3.1,75.5));
#13388=CARTESIAN_POINT('',(-51.2,3.1,75.5));
#13389=CARTESIAN_POINT('',(-51.2,3.1,75.5));
#13390=CARTESIAN_POINT('Origin',(-49.5,3.1,75.5));
#13391=CARTESIAN_POINT('Origin',(-49.5,3.1,75.5));
#13392=CARTESIAN_POINT('Origin',(-49.5,3.1,-34.5));
#13393=CARTESIAN_POINT('',(-51.2,3.1,-34.5));
#13394=CARTESIAN_POINT('',(-51.2,3.1,-34.5));
#13395=CARTESIAN_POINT('Origin',(-49.5,3.1,-34.5));
#13396=CARTESIAN_POINT('Origin',(-49.5,3.1,-34.5));
#13397=UNCERTAINTY_MEASURE_WITH_UNIT(LENGTH_MEASURE(0.01),#13401,
'DISTANCE_ACCURACY_VALUE',
'Maximum model space distance between geometric entities at asserted c
onnectivities');
#13398=UNCERTAINTY_MEASURE_WITH_UNIT(LENGTH_MEASURE(0.01),#13401,
'DISTANCE_ACCURACY_VALUE',
'Maximum model space distance between geometric entities at asserted c
onnectivities');
#13399=(
GEOMETRIC_REPRESENTATION_CONTEXT(3)
GLOBAL_UNCERTAINTY_ASSIGNED_CONTEXT((#13397))
GLOBAL_UNIT_ASSIGNED_CONTEXT((#13401,#13403,#13404))
REPRESENTATION_CONTEXT('','3D')
);
#13400=(
GEOMETRIC_REPRESENTATION_CONTEXT(3)
GLOBAL_UNCERTAINTY_ASSIGNED_CONTEXT((#13398))
GLOBAL_UNIT_ASSIGNED_CONTEXT((#13401,#13403,#13404))
REPRESENTATION_CONTEXT('','3D')
);
#13401=(
LENGTH_UNIT()
NAMED_UNIT(*)
SI_UNIT(.MILLI.,.METRE.)
);
#13402=(
LENGTH_UNIT()
NAMED_UNIT(*)
SI_UNIT($,.METRE.)
);
#13403=(
NAMED_UNIT(*)
PLANE_ANGLE_UNIT()
SI_UNIT($,.RADIAN.)
);
#13404=(
NAMED_UNIT(*)
SI_UNIT($,.STERADIAN.)
SOLID_ANGLE_UNIT()
);
#13405=SHAPE_DEFINITION_REPRESENTATION(#13406,#13407);
#13406=PRODUCT_DEFINITION_SHAPE('',$,#13409);
#13407=SHAPE_REPRESENTATION('',(#6705),#13399);
#13408=PRODUCT_DEFINITION_CONTEXT('part definition',#13413,'design');
#13409=PRODUCT_DEFINITION('2026-02-07-22-51-15-523','CaseBase',#13410,#13408);
#13410=PRODUCT_DEFINITION_FORMATION('',$,#13415);
#13411=PRODUCT_RELATED_PRODUCT_CATEGORY('CaseBase','CaseBase',(#13415));
#13412=APPLICATION_PROTOCOL_DEFINITION('international standard',
'automotive_design',2009,#13413);
#13413=APPLICATION_CONTEXT(
'Core Data for Automotive Mechanical Design Process');
#13414=PRODUCT_CONTEXT('part definition',#13413,'mechanical');
#13415=PRODUCT('2026-02-07-22-51-15-523','CaseBase',$,(#13414));
#13416=PRESENTATION_STYLE_ASSIGNMENT((#13417));
#13417=SURFACE_STYLE_USAGE(.BOTH.,#13418);
#13418=SURFACE_SIDE_STYLE('',(#13419));
#13419=SURFACE_STYLE_FILL_AREA(#13420);
#13420=FILL_AREA_STYLE('Steel - Satin',(#13421));
#13421=FILL_AREA_STYLE_COLOUR('Steel - Satin',#13422);
#13422=COLOUR_RGB('Steel - Satin',0.627450980392157,0.627450980392157,0.627450980392157);
ENDSEC;
END-ISO-10303-21;
